investor_id,date,wealth_change,market_gap,utility_score
INV_01,2020-01-01,0.0,0.0,0.0
INV_01,2020-01-02,0.0,0.0,0.0
INV_01,2020-01-03,0.0,-0.0201,0.0071958
INV_01,2020-01-06,0.0,-1.1852,0.4243016
INV_01,2020-01-07,0.0,-1.2371,0.4428818
INV_01,2020-01-08,-2878.15,-2.3549,0.19721538185519027
INV_01,2020-01-09,1279.19,1.6078,-0.421666783864612
INV_01,2020-01-10,0.0,0.0,0.0
INV_01,2020-01-13,-3358.86,-0.1494,-0.6898172425579225
INV_01,2020-01-14,995.61,0.3604,-0.006487900237122771
INV_01,2020-01-15,0.0,0.0,0.0
INV_01,2020-01-16,-363.63,-0.7669,0.17625523755153666
INV_01,2020-01-17,-3724.06,-0.2003,-0.7447924286087403
INV_01,2020-01-20,89.87,-0.2384,0.09908095877272147
INV_01,2020-01-21,2554.11,1.2343,-0.15308548802974958
INV_01,2020-01-22,4087.78,0.4028,0.2988485153794521
INV_01,2020-01-23,634.91,0.9051,-0.24265509620758804
INV_01,2020-01-24,0.0,0.2124,-0.0760392
INV_01,2020-01-27,-2472.96,-1.124,-0.16015457147471185
INV_01,2020-01-28,0.0,-0.9038,0.3235604
INV_01,2020-01-29,545.61,0.3875,-0.06783860138342802
INV_01,2020-01-30,-2560.96,0.3808,-0.7170606929608092
INV_01,2020-01-31,-720.27,0.1216,-0.2266173410259743
INV_01,2020-02-03,-2008.68,0.348,-0.5901483486538265
INV_01,2020-02-04,0.0,0.0,0.0
INV_01,2020-02-05,-1700.24,0.2384,-0.48537966402790766
INV_01,2020-02-06,-4379.2,0.3957,-1.0878981503771339
INV_01,2020-02-07,855.72,-0.2358,0.19117966113982346
INV_01,2020-02-10,-885.38,-0.3076,-0.11079102446510894
INV_01,2020-02-11,321.82,-0.8195,0.33722678578883175
INV_01,2020-02-12,-1437.67,-0.46,-0.17872041061035343
INV_01,2020-02-13,-8323.33,0.2473,-1.7860002519586946
INV_01,2020-02-14,-2297.38,0.4317,-0.6806298330171308
INV_01,2020-02-17,-5.57,-0.1584,0.05451409635708923
INV_01,2020-02-18,5601.39,-0.0475,0.6071370322118433
INV_01,2020-02-19,8214.05,-0.0067,0.838477342130148
INV_01,2020-02-20,-6473.96,-0.0057,-1.3484626677628693
INV_01,2020-02-21,0.0,0.0,0.0
INV_01,2020-02-24,1472.73,-0.7622,0.4478490663478937
INV_01,2020-02-25,-9868.59,-0.4215,-1.8311003765394716
INV_01,2020-02-26,-10441.77,-1.1232,-1.6843799456783581
INV_01,2020-02-27,-2750.25,0.4563,-0.7830241660909789
INV_01,2020-02-28,-8711.31,-0.7012,-1.5182924311868868
INV_01,2020-03-02,-95.05,0.5793,-0.23638067790215597
INV_01,2020-03-03,5952.17,-0.2668,0.7191839594868865
INV_01,2020-03-04,-11965.69,-1.3796,-1.8679638936453387
INV_01,2020-03-05,-9333.77,-0.4643,-1.7177892180697274
INV_01,2020-03-06,-17369.33,-0.8062,-3.026761971438061
INV_01,2020-03-09,0.0,0.0,0.0
INV_01,2020-03-10,-13760.65,-3.2269,-1.5269772970371114
INV_01,2020-03-11,6336.58,1.1512,0.24808934041916497
INV_01,2020-03-12,-28265.03,-1.4958,-4.628285951307237
INV_01,2020-03-13,-17401.03,-1.8123,-2.672083908436335
INV_01,2020-03-16,0.0,0.0,0.0
INV_01,2020-03-17,0.0,0.0,0.0
INV_01,2020-03-18,0.0,0.0,0.0
INV_01,2020-03-19,0.0,0.0,0.0
INV_01,2020-03-20,-63912.38,-4.1637,-9.358983979171612
INV_01,2020-03-23,0.0,0.0,0.0
INV_01,2020-03-24,0.0,0.0,0.0
INV_01,2020-03-25,0.0,0.0,0.0
INV_01,2020-03-26,0.0,0.0,0.0
INV_01,2020-03-27,0.0,0.0,0.0
INV_01,2020-03-30,0.0,0.0,0.0
INV_01,2020-03-31,2248.64,-0.288,0.3602898898816443
INV_01,2020-04-01,0.0,0.0,0.0
INV_01,2020-04-02,0.0,0.0,0.0
INV_01,2020-04-03,0.0,0.0,0.0
INV_01,2020-04-06,0.0,0.0,0.0
INV_01,2020-04-07,0.0,0.0,0.0
INV_01,2020-04-08,0.0,0.0,0.0
INV_01,2020-04-09,0.0,0.0,0.0
INV_01,2020-04-10,0.0,0.0,0.0
INV_01,2020-04-13,0.0,0.0,0.0
INV_01,2020-04-14,0.0,0.0,0.0
INV_01,2020-04-15,0.0,0.0,0.0
INV_01,2020-04-16,0.0,0.0,0.0
INV_01,2020-04-17,0.0,0.0,0.0
INV_01,2020-04-20,0.0,0.0,0.0
INV_01,2020-04-21,0.0,0.0,0.0
INV_01,2020-04-22,0.0,0.0,0.0
INV_01,2020-04-23,0.0,0.0,0.0
INV_01,2020-04-24,0.0,0.0,0.0
INV_01,2020-04-27,0.0,0.0,0.0
INV_01,2020-04-28,0.0,0.0,0.0
INV_01,2020-04-29,0.0,0.0,0.0
INV_01,2020-04-30,0.0,0.0,0.0
INV_01,2020-05-01,0.0,0.0,0.0
INV_01,2020-05-04,0.0,0.0,0.0
INV_01,2020-05-05,0.0,0.0,0.0
INV_01,2020-05-06,0.0,0.0,0.0
INV_01,2020-05-07,0.0,0.0,0.0
INV_01,2020-05-08,0.0,0.0,0.0
INV_01,2020-05-11,-27946.11,-6.0088,-2.9595846873240133
INV_01,2020-05-12,-27349.62,-0.622,-4.788695612549077
INV_01,2020-05-13,48339.34,-4.0903,5.6591505105586535
INV_01,2020-05-14,2335.05,-1.5825,0.8326991306862194
INV_01,2020-05-15,21984.66,-0.0007,2.04824599457216
INV_01,2020-05-18,31028.67,1.3517,2.3183259031234122
INV_01,2020-05-19,14356.03,0.3703,1.2570692675286081
INV_01,2020-05-20,-10585.75,2.1863,-2.8953456961817055
INV_01,2020-05-21,33074.12,2.9943,1.897889480442073
INV_01,2020-05-22,-10502.37,1.0864,-2.4864332060443655
INV_01,2020-05-25,0.0,0.0,0.0
INV_01,2020-05-26,-9837.71,-0.6733,-1.735311445421609
INV_01,2020-05-27,7798.86,-0.0665,0.8213393772761727
INV_01,2020-05-28,3401.13,1.7514,-0.2522205662782816
INV_01,2020-05-29,-8634.35,-1.0106,-1.3932972919770246
INV_01,2020-06-01,-6082.99,-1.9521,-0.5772269951482814
INV_01,2020-06-02,-2473.92,0.8343,-0.8614246936946834
INV_01,2020-06-03,365.45,-1.0798,0.43579200865050727
INV_01,2020-06-04,3172.77,-0.2654,0.44682395937615754
INV_01,2020-06-05,0.0,0.0,0.0
INV_01,2020-06-08,14594.06,0.7025,1.1590932955976525
INV_01,2020-06-09,14929.84,0.2273,1.3587184404692778
INV_01,2020-06-10,-1526.21,0.0373,-0.3759468352673226
INV_01,2020-06-11,10119.72,-0.3839,1.1483248760582616
INV_01,2020-06-12,-1261.91,0.1391,-0.35477456700212406
INV_01,2020-06-15,-5751.42,0.2806,-1.3130790653705395
INV_01,2020-06-16,3298.31,1.1788,-0.05755428696930992
INV_01,2020-06-17,12397.86,0.5986,1.00173465258005
INV_01,2020-06-18,8492.1,-0.0453,0.8780119448025934
INV_01,2020-06-19,966.03,0.6402,-0.10997370251484055
INV_01,2020-06-22,17958.1,0.9969,1.3467463578485115
INV_01,2020-06-23,10830.54,0.4427,0.9168182402726153
INV_01,2020-06-24,-5233.36,1.3592,-1.5994042782277902
INV_01,2020-06-25,12780.15,-0.8611,1.5583823213275365
INV_01,2020-06-26,4054.53,-0.2922,0.5443778754008548
INV_01,2020-06-29,-1297.43,-0.4517,-0.15107020079290234
INV_01,2020-06-30,1309.79,-0.5159,0.34196496422736233
INV_01,2020-07-01,-1486.39,-0.2847,-0.25205171810029914
INV_01,2020-07-02,-15147.9,0.3233,-3.0429362976452934
INV_01,2020-07-03,-12273.79,-0.3931,-2.2764086960713996
INV_01,2020-07-06,-1136.41,0.0298,-0.28791601648740084
INV_01,2020-07-07,4234.42,0.6323,0.23112751943912385
INV_01,2020-07-08,-839.7,-0.6758,0.03142098232624496
INV_01,2020-07-09,2675.6,0.1602,0.24391659150976985
INV_01,2020-07-10,-20766.54,-0.6845,-3.6555569247171023
INV_01,2020-07-13,-28428.56,0.0196,-5.197978838873885
INV_01,2020-07-14,15285.04,0.2194,1.3926916273127121
INV_01,2020-07-15,-5184.57,-0.2399,-1.0174816151721024
INV_01,2020-07-16,9668.67,0.3524,0.8436442645217419
INV_01,2020-07-17,9075.41,0.2321,0.8324080793364546
INV_01,2020-07-20,11145.5,0.0259,1.094452079423966
INV_01,2020-07-21,-2596.48,-0.0549,-0.5684052887646254
INV_01,2020-07-22,1755.31,-0.886,0.5224752526359042
INV_01,2020-07-23,3035.07,-0.2918,0.4423529910560742
INV_01,2020-07-24,-1329.18,0.2541,-0.4107042765275904
INV_01,2020-07-27,8217.76,-0.1599,0.8936665762789335
INV_01,2020-07-28,-5704.77,0.3166,-1.3170133524069816
INV_01,2020-07-29,-3877.07,0.0479,-0.8641205702377501
INV_01,2020-07-30,-1863.28,-0.2408,-0.34858807824891613
INV_01,2020-07-31,8997.98,0.2118,0.8325648192940177
INV_01,2020-08-03,0.0,0.0,0.0
INV_01,2020-08-04,6576.73,0.9014,0.3602491180597979
INV_01,2020-08-05,-204.73,-0.2213,0.020947206468231998
INV_01,2020-08-06,2419.64,0.1777,0.21130773763586372
INV_01,2020-08-07,1264.06,0.2084,0.07766078362229249
INV_01,2020-08-10,-6077.29,-0.085,-1.244560629639513
INV_01,2020-08-11,7990.9,0.0835,0.7854908085402549
INV_01,2020-08-12,11932.75,0.7313,0.9126428717467708
INV_01,2020-08-13,12556.9,-0.4796,1.401917460763399
INV_01,2020-08-14,6901.8,0.2673,0.6179081042677659
INV_01,2020-08-17,-6883.3,0.5931,-1.6403222918525875
INV_01,2020-08-18,4105.24,0.1719,0.3832324586816396
INV_01,2020-08-19,15119.61,0.0804,1.4279564326285703
INV_01,2020-08-20,-383.09,0.1074,-0.14151976834281177
INV_01,2020-08-21,9759.34,-0.0775,1.0058210128629514
INV_01,2020-08-24,-1076.93,0.3117,-0.37559930156040006
INV_01,2020-08-25,590.22,-0.8655,0.38599071750131303
INV_01,2020-08-26,-5020.68,-0.1031,-1.0346707983019339
INV_01,2020-08-27,-3486.06,-0.1284,-0.722907639108006
INV_01,2020-08-28,142.68,0.2868,-0.08175879547171286
INV_01,2020-08-31,-4929.99,0.4885,-1.2288349788324249
INV_01,2020-09-01,0.0,0.0,0.0
INV_01,2020-09-02,525.52,-0.5382,0.2611827998261173
INV_01,2020-09-03,132.38,-0.2097,0.09460962187838334
INV_01,2020-09-04,-7310.86,-0.1813,-1.4435839001686492
INV_01,2020-09-07,-4795.62,-0.0839,-0.9977426178271552
INV_01,2020-09-08,2481.24,-0.2764,0.3802375024048622
INV_01,2020-09-09,8054.83,0.3258,0.7046815317032293
INV_01,2020-09-10,7272.08,-0.4166,0.8975007378540428
INV_01,2020-09-11,7195.68,-0.0541,0.7605677405267296
INV_01,2020-09-14,21317.02,-1.205,2.4227102415512087
INV_01,2020-09-15,2610.12,0.0085,0.29150835962326294
INV_01,2020-09-16,20596.08,-1.3642,2.418324272530508
INV_01,2020-09-17,24411.39,0.6473,2.0209968108094536
INV_01,2020-09-18,9702.18,0.3649,0.8422274594235858
INV_01,2020-09-21,13294.89,-1.3005,1.7614241900463892
INV_01,2020-09-22,4351.11,-1.1797,0.8912820783962749
INV_01,2020-09-23,296.4,-0.2847,0.14260524315973738
INV_01,2020-09-24,4195.86,-0.5599,0.6541424456894644
INV_01,2020-09-25,3185.51,-0.2906,0.45713085485545546
INV_01,2020-09-28,13026.86,-0.6699,1.5118741600882633
INV_01,2020-09-29,-6600.41,-0.1757,-1.311585841254861
INV_01,2020-09-30,-4848.18,-0.0664,-1.0142532379745464
INV_01,2020-10-01,0.0,0.0,0.0
INV_01,2020-10-02,5120.02,-0.838,0.8438015019932952
INV_01,2020-10-05,-92196.54,1.8054,-15.789657936593748
INV_01,2020-10-06,-11042.09,0.4103,-2.342256745981504
INV_01,2020-10-07,6671.51,-0.6562,0.9268206164469361
INV_01,2020-10-08,23335.24,-0.4348,2.3178350225018174
INV_01,2020-10-09,14270.59,-0.0699,1.4071327552412074
INV_01,2020-10-12,550.85,-0.6413,0.3010910488653589
INV_01,2020-10-13,-9187.64,-0.4206,-1.7065733124939015
INV_01,2020-10-14,33358.27,-1.4415,3.5091154824462287
INV_01,2020-10-15,28757.26,-1.9386,3.3089497696793124
INV_01,2020-10-16,-1299.23,0.3027,-0.4215402580926202
INV_01,2020-10-19,-2286.01,0.7323,-0.7858747947071993
INV_01,2020-10-20,3595.76,-0.134,0.4422200320875342
INV_01,2020-10-21,-58134.63,1.2467,-10.399609548066946
INV_01,2020-10-22,11940.89,-0.8616,1.483630102451525
INV_01,2020-10-23,-1716.33,0.298,-0.5101599482159821
INV_01,2020-10-26,-19700.91,0.053,-3.737008795828202
INV_01,2020-10-27,3679.0,-0.0931,0.4358744943789328
INV_01,2020-10-28,-15625.2,0.5809,-3.2189722909542273
INV_01,2020-10-29,29579.18,-1.0576,3.06147689633855
INV_01,2020-10-30,0.0,0.0,0.0
INV_01,2020-11-02,-12271.1,0.36,-2.5455364141973726
INV_01,2020-11-03,24837.22,-1.0767,2.673920653994731
INV_01,2020-11-04,10143.86,0.0385,0.9992998290784852
INV_01,2020-11-05,27814.3,-1.3936,3.035695794222006
INV_01,2020-11-06,29417.8,-1.7746,3.304839677055085
INV_01,2020-11-09,5511.17,-0.1053,0.6191734947102508
INV_01,2020-11-10,-13237.92,2.5395,-3.4984680195145605
INV_01,2020-11-11,2303.49,0.6576,0.02746768365785207
INV_01,2020-11-12,-11083.05,-0.1774,-2.1392695836763407
INV_01,2020-11-13,-2841.02,0.171,-0.6994705131537189
INV_01,2020-11-16,-3713.88,-0.2671,-0.7188466911762578
INV_01,2020-11-17,4448.91,-0.036,0.4914197901110977
INV_01,2020-11-18,49.21,0.0601,-0.013576749542098423
INV_01,2020-11-19,-3038.54,-0.1096,-0.6392728681501298
INV_01,2020-11-20,2721.43,-0.1529,0.3606987428912809
INV_01,2020-11-23,-685.26,-0.0088,-0.1718178814725992
INV_01,2020-11-24,564.58,0.4265,-0.07956127324023327
INV_01,2020-11-25,15977.87,-0.8074,1.8208496183897847
INV_01,2020-11-26,4609.33,-0.1119,0.5342689153451543
INV_01,2020-11-27,2775.36,0.1587,0.25465852882588924
INV_01,2020-11-30,14572.8,-0.4918,1.5847826280877568
INV_01,2020-12-01,15295.96,0.4238,1.320472885699708
INV_01,2020-12-02,-1034.24,0.6772,-0.49690745325879127
INV_01,2020-12-03,1015.28,0.1601,0.06742057142762028
INV_01,2020-12-04,10183.72,-0.2693,1.1131141895182266
INV_01,2020-12-07,10322.13,0.989,0.6752098262431189
INV_01,2020-12-08,17826.33,0.7643,1.4186377866412472
INV_01,2020-12-09,2841.22,-0.2727,0.4158187238469362
INV_01,2020-12-10,-5850.13,-0.0013,-1.2310831837146705
INV_01,2020-12-11,16592.28,-1.4498,2.104339578038187
INV_01,2020-12-14,8975.67,-0.492,1.0824753960764333
INV_01,2020-12-15,-9518.73,-0.2241,-1.8377246067783721
INV_01,2020-12-16,1458.8,-0.3222,0.2888222966494969
INV_01,2020-12-17,-8050.55,-0.0753,-1.619809695605525
INV_01,2020-12-18,-3747.47,-0.0703,-0.7960018131911903
INV_01,2020-12-21,2795.63,0.0433,0.298041174454675
INV_01,2020-12-22,6626.67,-0.3936,0.8285767169356584
INV_01,2020-12-23,-4794.6,0.0234,-1.0359570876720932
INV_01,2020-12-24,15110.99,-0.3178,1.5697562426147778
INV_01,2020-12-25,0.0,0.0,0.0
INV_01,2020-12-28,8966.86,-0.1701,0.9664256147715138
INV_01,2020-12-29,0.0,0.0,0.0
INV_01,2020-12-30,327.47,0.611,-0.17419226973072688
INV_01,2020-12-31,-2354.16,0.4461,-0.6976039520779883
INV_01,2021-01-01,0.0,0.0,0.0
INV_01,2021-01-04,12859.79,0.7954,0.9724423286483297
INV_01,2021-01-05,10803.43,-0.1426,1.1239060053738625
INV_01,2021-01-06,-1197.22,-0.0662,-0.2670166013399358
INV_01,2021-01-07,-3780.07,-0.0829,-0.7979890770857264
INV_01,2021-01-08,6186.29,-0.0523,0.664677337967113
INV_01,2021-01-11,1231.23,0.8596,-0.15907182508370563
INV_01,2021-01-12,22231.32,-1.3966,2.5688774544857362
INV_01,2021-01-13,25983.78,-0.6397,2.613412641629051
INV_01,2021-01-14,0.0,0.0,0.0
INV_01,2021-01-15,53258.51,0.1458,4.5293701679253076
INV_01,2021-01-18,56476.23,-0.8157,5.124809056622143
INV_01,2021-01-19,-3758.14,2.1283,-1.5852279914418945
INV_01,2021-01-20,53811.17,-2.6949,5.589584416404773
INV_01,2021-01-21,101555.05,-3.8691,9.628386203191543
INV_01,2021-01-22,39498.81,1.0344,3.1202154075597175
INV_01,2021-01-25,59583.01,1.8922,4.396720411265173
INV_01,2021-01-26,-15755.6,1.0598,-3.413276740710143
INV_01,2021-01-27,23297.91,-1.4082,2.6631644049059515
INV_01,2021-01-28,0.0,0.0,0.0
INV_01,2021-01-29,-40041.49,2.7005,-8.05627297586139
INV_01,2021-02-01,-37836.96,0.2366,-6.818107275577525
INV_01,2021-02-02,-95047.56,-1.2154,-15.13376114780141
INV_01,2021-02-03,44809.48,0.262,3.8213378363072454
INV_01,2021-02-04,0.0,0.0,0.0
INV_01,2021-02-05,9720.6,-0.316,1.0876703033059931
INV_01,2021-02-08,0.0,-2.3194,0.8303451999999999
INV_01,2021-02-09,11.01,-1.7896,0.6427092808401447
INV_01,2021-02-10,-129301.75,5.9374,-22.726714102214792
INV_01,2021-02-11,-6928.19,-1.0684,-1.0539774304726537
INV_01,2021-02-12,69406.64,-0.3944,5.971280765014581
INV_01,2021-02-15,-43376.63,2.4713,-8.50961770312785
INV_01,2021-02-16,-40384.49,-1.2781,-6.687176710576747
INV_01,2021-02-17,7489.17,-0.699,1.0189026643557626
INV_01,2021-02-18,34232.0,-0.5676,3.267515530300538
INV_01,2021-02-19,-8579.09,1.0018,-2.1035118553149266
INV_01,2021-02-22,-29870.69,-0.0673,-5.40596012456343
INV_01,2021-02-23,-53160.7,-0.4466,-9.015378841593918
INV_01,2021-02-24,-1021.61,0.0975,-0.28654542028136043
INV_01,2021-02-25,20907.47,0.7397,1.6916626075134238
INV_01,2021-02-26,0.0,0.0,0.0
INV_01,2021-03-01,2292.21,-0.2505,0.35139574277242663
INV_01,2021-03-02,-27434.07,0.2154,-5.102564275070794
INV_01,2021-03-03,-31488.73,-0.1007,-5.661026680840339
INV_01,2021-03-04,-25074.72,-0.4267,-4.477825460620993
INV_01,2021-03-05,11492.51,-0.0996,1.1706089455247375
INV_01,2021-03-08,49884.16,0.17,4.255781918502349
INV_01,2021-03-09,2959.93,-0.1125,0.37054270670163697
INV_01,2021-03-10,-18119.08,-0.0702,-3.4202300742073724
INV_01,2021-03-11,0.0,0.0,0.0
INV_01,2021-03-12,8256.31,0.2563,0.7482367972094937
INV_01,2021-03-15,-15603.58,0.1379,-3.056586793558664
INV_01,2021-03-16,-12222.71,0.3445,-2.531313690182578
INV_01,2021-03-17,-15902.7,0.2417,-3.146162167142814
INV_01,2021-03-18,-22448.3,0.286,-4.289435378242939
INV_01,2021-03-19,-7449.45,-0.0224,-1.5264704354476786
INV_01,2021-03-22,13709.41,-0.0754,1.3595541305301413
INV_01,2021-03-23,3081.49,0.3146,0.22996131628499822
INV_01,2021-03-24,26481.84,0.3481,2.3013356604020156
INV_01,2021-03-25,-10808.65,0.2631,-2.2472836071022866
INV_01,2021-03-26,2431.21,0.2421,0.18944857262605722
INV_01,2021-03-29,2747.57,0.3923,0.16819032240562554
INV_01,2021-03-30,-3087.03,0.1582,-0.7449915998953911
INV_01,2021-03-31,15122.28,-2.2923,2.2776171267725704
INV_01,2021-04-01,14896.39,-0.5481,1.6333752326603657
INV_01,2021-04-02,0.0,0.0,0.0
INV_01,2021-04-05,13975.82,-0.8517,1.661013676398297
INV_01,2021-04-06,34778.71,-0.5684,3.312304908007768
INV_01,2021-04-07,8411.77,0.07,0.8293130178965499
INV_01,2021-04-08,16516.05,0.3924,1.4382027082359827
INV_01,2021-04-09,18425.34,-0.7547,2.014108849166632
INV_01,2021-04-12,34755.91,-1.0528,3.483865420093444
INV_01,2021-04-13,0.0,0.0,0.0
INV_01,2021-04-14,0.0,0.0,0.0
INV_01,2021-04-15,17364.24,-0.7282,1.9129874459671024
INV_01,2021-04-16,-3334.35,-0.0391,-0.7243672082949463
INV_01,2021-04-19,-19984.55,0.4402,-3.9243070081575664
INV_01,2021-04-20,-56041.76,1.1233,-10.028823615984015
INV_01,2021-04-21,20766.33,-0.7956,2.2292774570904843
INV_01,2021-04-22,-32490.11,0.8247,-6.156954969145018
INV_01,2021-04-23,-20262.61,-0.2801,-3.7141022056209594
INV_01,2021-04-26,0.0,0.0,0.0
INV_01,2021-04-27,-27153.96,-0.6262,-4.754556614906862
INV_01,2021-04-28,41251.29,-0.4441,3.7901709642800663
INV_01,2021-04-29,-4259.57,-0.2539,-0.8317894577295635
INV_01,2021-04-30,311.65,0.2187,-0.03571151813626209
INV_01,2021-05-03,-6138.43,-0.2073,-1.2124444638647092
INV_01,2021-05-04,-18636.09,0.2064,-3.6086012597891197
INV_01,2021-05-05,11480.82,-0.2836,1.23543034297774
INV_01,2021-05-06,8952.37,-0.4565,1.0676251229238318
INV_01,2021-05-07,20913.54,-0.2826,2.0581628964975316
INV_01,2021-05-10,-24200.47,0.4916,-4.659424799563944
INV_01,2021-05-11,10137.54,-0.5817,1.2207570318216632
INV_01,2021-05-12,3691.46,-0.0293,0.41427453974521655
INV_01,2021-05-13,8121.86,0.0628,0.8050528537485462
INV_01,2021-05-14,0.0,0.0,0.0
INV_01,2021-05-17,23728.04,0.7308,1.933645396479235
INV_01,2021-05-18,-1517.01,0.6197,-0.5824564941849029
INV_01,2021-05-19,-4071.75,0.2178,-0.9635604228298145
INV_01,2021-05-20,-5971.33,-0.4729,-1.085447178814179
INV_01,2021-05-21,-14455.88,0.1612,-2.8629588505999197
INV_01,2021-05-24,-5163.55,0.3937,-1.2402388608774035
INV_01,2021-05-25,9430.5,0.166,0.888611853843645
INV_01,2021-05-26,0.0,0.0,0.0
INV_01,2021-05-27,0.0,0.0,0.0
INV_01,2021-05-28,7848.72,0.4371,0.6456891694609084
INV_01,2021-05-31,4386.29,0.4577,0.3085419772561703
INV_01,2021-06-01,17471.83,-0.4974,1.8396747716661586
INV_01,2021-06-02,262.69,-0.0654,0.05986287177232598
INV_01,2021-06-03,12956.35,-0.1138,1.3065233195116388
INV_01,2021-06-04,-1598.09,0.7995,-0.6643221963877212
INV_01,2021-06-07,8396.48,-0.3208,0.9678060847049846
INV_01,2021-06-08,-6586.65,-0.2522,-1.2815910660969685
INV_01,2021-06-09,10251.95,-0.4265,1.1755886903048005
INV_01,2021-06-10,8365.86,0.4414,0.6921074239864548
INV_01,2021-06-11,-2069.01,-0.0829,-0.4485937219046808
INV_01,2021-06-14,3686.65,-0.6567,0.638404928755301
INV_01,2021-06-15,6300.06,-0.5594,0.8570206174276653
INV_01,2021-06-16,10702.49,-0.0637,1.0865340814439177
INV_01,2021-06-17,990.74,0.1557,0.06624914534615516
INV_01,2021-06-18,5520.46,-0.2641,0.6769157866499937
INV_01,2021-06-21,-1255.98,-0.5262,-0.11529271998022422
INV_01,2021-06-22,-20113.76,0.1546,-3.8442176224057834
INV_01,2021-06-23,312.22,0.0942,0.008930349913969293
INV_01,2021-06-24,0.0,0.0,0.0
INV_01,2021-06-25,4066.53,0.1416,0.39026174398536784
INV_01,2021-06-28,-11896.62,0.6822,-2.5936786185081133
INV_01,2021-06-29,-10839.9,-0.3729,-2.025259649087236
INV_01,2021-06-30,-12723.82,-0.2407,-2.4114868129208187
INV_01,2021-07-01,-3818.77,-0.1319,-0.7881544950835031
INV_01,2021-07-02,7967.69,-0.085,0.8436583496667651
INV_01,2021-07-05,-7240.67,-0.0748,-1.468525945258665
INV_01,2021-07-06,8347.38,-1.3409,1.3284617510029866
INV_01,2021-07-07,-6522.13,0.6461,-1.5909481711428177
INV_01,2021-07-08,1881.44,0.5262,0.03028890685853386
INV_01,2021-07-09,10063.65,0.0514,0.9873892948073959
INV_01,2021-07-12,7074.75,-0.2168,0.8074702595129216
INV_01,2021-07-13,6178.19,0.0427,0.6298976347765766
INV_01,2021-07-14,5754.38,-0.0814,0.6339229390044772
INV_01,2021-07-15,6509.37,0.1726,0.6147912191839016
INV_01,2021-07-16,-4610.42,0.2919,-1.0960962202829942
INV_01,2021-07-19,14343.23,0.6858,1.1429927178121178
INV_01,2021-07-20,-2893.54,0.6303,-0.8746280751936238
INV_01,2021-07-21,0.0,0.0,0.0
INV_01,2021-07-22,14030.43,-1.0793,1.747315656427929
INV_01,2021-07-23,0.0,0.0,0.0
INV_01,2021-07-26,-14411.26,-0.0379,-2.7838004690917306
INV_01,2021-07-27,-5107.59,-0.0249,-1.0795333701111647
INV_01,2021-07-28,-143.93,0.1011,-0.07848486624960219
INV_01,2021-07-29,13431.92,-0.2779,1.4074819470253916
INV_01,2021-07-30,-8478.92,0.2899,-1.8301022758177512
INV_01,2021-08-02,-1861.06,0.4648,-0.6007214413637585
INV_01,2021-08-03,4553.01,0.94,0.1521905672950426
INV_01,2021-08-04,-505.8,-0.0023,-0.1319012716000611
INV_01,2021-08-05,-21301.9,-0.825,-3.696659990893304
INV_01,2021-08-06,1705.24,0.484,0.02667956854613948
INV_01,2021-08-09,-13382.08,0.4017,-2.758782897431636
INV_01,2021-08-10,-8969.19,0.423,-1.9683563305464264
INV_01,2021-08-11,1095.97,0.2149,0.05679208702891046
INV_01,2021-08-12,-17033.05,-0.478,-3.085795557267845
INV_01,2021-08-13,3982.95,-0.2296,0.5148963241715284
INV_01,2021-08-16,-527.48,-0.416,0.01103621726177445
INV_01,2021-08-17,19937.16,0.259,1.7809501334568443
INV_01,2021-08-18,32800.43,-0.8902,3.2661682875803795
INV_01,2021-08-19,-10471.86,-0.1178,-2.0497839171711862
INV_01,2021-08-20,-7821.25,0.7065,-1.8569560949817383
INV_01,2021-08-23,21302.53,1.6316,1.4059756486956658
INV_01,2021-08-24,50883.69,-2.7057,5.363920370987762
INV_01,2021-08-25,9601.97,-0.4018,1.1075578355530151
INV_01,2021-08-26,60422.7,0.4155,4.990410732477503
INV_01,2021-08-27,21805.3,-0.871,2.3446031535154424
INV_01,2021-08-30,-29834.06,0.8693,-5.735203084774361
INV_01,2021-08-31,-3201.61,1.8472,-1.3728652539901693
INV_01,2021-09-01,23586.53,0.3605,2.0542956645943478
INV_01,2021-09-02,32886.98,-0.0175,2.96081833867874
INV_01,2021-09-03,7901.57,-0.6745,1.0485558341531307
INV_01,2021-09-06,2929.58,-1.3961,0.8269884191964231
INV_01,2021-09-07,-49687.99,2.0492,-9.36180417330739
INV_01,2021-09-08,-58680.86,0.8039,-10.326155042894442
INV_01,2021-09-09,44633.4,-1.1058,4.297007754107165
INV_01,2021-09-10,-18904.05,0.0364,-3.593961342850972
INV_01,2021-09-13,-21237.1,-2.5333,-3.0740363793700105
INV_01,2021-09-14,3887.1,1.3694,-0.06703181055047808
INV_01,2021-09-15,16114.34,1.2516,1.0956289469681495
INV_01,2021-09-16,-2475.37,-0.5041,-0.38257763389102595
INV_01,2021-09-17,-25881.93,1.1723,-5.185725647388066
INV_01,2021-09-20,0.0,0.0,0.0
INV_01,2021-09-21,-12856.03,0.1075,-2.559748211446469
INV_01,2021-09-22,748.49,0.4604,-0.0703063450111117
INV_01,2021-09-23,12786.88,0.0393,1.2366381642360647
INV_01,2021-09-24,8375.1,0.4717,0.6821144330231216
INV_01,2021-09-27,32152.07,-0.1214,2.9378717614888585
INV_01,2021-09-28,-1184.01,0.8958,-0.6084921099132541
INV_01,2021-09-29,7354.07,1.2599,0.30498794467650325
INV_01,2021-09-30,4794.23,0.5611,0.3113434112622747
INV_01,2021-10-01,-2604.54,0.3041,-0.6985882217586281
INV_01,2021-10-04,13950.74,-0.8942,1.6740139501134084
INV_01,2021-10-05,-7596.38,0.4789,-1.733453319461527
INV_01,2021-10-06,6970.46,1.3171,0.24853691284792673
INV_01,2021-10-07,17090.91,-0.6379,1.8569752871248495
INV_01,2021-10-08,7890.29,-0.6817,1.050084896092267
INV_01,2021-10-11,2105.46,-1.3264,0.7170911484836039
INV_01,2021-10-12,-1359.47,0.0675,-0.35052527500256836
INV_01,2021-10-13,-11249.88,-1.0316,-1.8636192562265483
INV_01,2021-10-14,1014.77,1.0807,-0.2622112487626742
INV_01,2021-10-15,-4467.83,0.2736,-1.0615977910580332
INV_01,2021-10-18,9907.41,-0.4464,1.1513819875266282
INV_01,2021-10-19,0.0,0.0,0.0
INV_01,2021-10-20,0.0,0.0,0.0
INV_01,2021-10-21,-4616.37,0.8378,-1.292692887943991
INV_01,2021-10-22,4938.21,0.6066,0.3090341115028412
INV_01,2021-10-25,-132.51,1.0904,-0.42958948720503254
INV_01,2021-10-26,12273.64,-0.3755,1.339369984263644
INV_01,2021-10-27,11315.96,0.3453,0.995457557590098
INV_01,2021-10-28,13019.8,-1.1244,1.6739577938985433
INV_01,2021-10-29,-8474.73,1.0995,-2.1191627476307886
INV_01,2021-11-01,-16423.3,0.2214,-3.2299094267158437
INV_01,2021-11-02,-481.24,-0.2355,-0.04253796839590454
INV_01,2021-11-03,1858.68,-0.4444,0.375355205396292
INV_01,2021-11-04,0.0,0.0,0.0
INV_01,2021-11-05,-1926.79,-0.4626,-0.28264943845959256
INV_01,2021-11-08,33929.9,-1.7571,3.6687377685872296
INV_01,2021-11-09,-29391.41,0.5768,-5.55720561131335
INV_01,2021-11-10,26720.13,-0.9121,2.7723439367623337
INV_01,2021-11-11,20661.39,-1.4851,2.467174720407522
INV_01,2021-11-12,23259.03,-1.6953,2.76266720235449
INV_01,2021-11-15,-4087.02,-0.2372,-0.8036921681655392
INV_01,2021-11-16,29594.66,-1.5699,3.2461579506681195
INV_01,2021-11-17,13105.14,0.4848,1.1054456361117815
INV_01,2021-11-18,0.0,0.0,0.0
INV_01,2021-11-19,-63670.81,4.3874,-12.382953912078927
INV_01,2021-11-22,24113.02,-0.8501,2.531996082561781
INV_01,2021-11-23,-21648.97,2.655,-5.00164458874627
INV_01,2021-11-24,-20514.53,1.3608,-4.344675495320491
INV_01,2021-11-25,23408.43,-1.0281,2.5364067867760434
INV_01,2021-11-26,19051.48,0.2908,1.6936677623227494
INV_01,2021-11-29,1533.14,0.0907,0.14903057935100472
INV_01,2021-11-30,20986.86,-0.0684,1.9877217732655523
INV_01,2021-12-01,-12784.07,1.5346,-3.0578044391748334
INV_01,2021-12-02,2054.09,0.0607,0.21512503212376888
INV_01,2021-12-03,-11420.71,-0.0323,-2.2522032272380894
INV_01,2021-12-06,12286.61,0.8583,0.8988282365407952
INV_01,2021-12-07,22719.05,-0.9332,2.4442439768931163
INV_01,2021-12-08,-293.53,-0.098,-0.04580597454444415
INV_01,2021-12-09,14492.24,-0.2076,1.4759505953811702
INV_01,2021-12-10,7364.3,1.7903,0.11606172355951061
INV_01,2021-12-13,2502.41,2.7644,-0.7061857866852741
INV_01,2021-12-14,41256.36,-1.1108,4.0292556872670495
INV_01,2021-12-15,-803.17,-0.3191,-0.08792709006656858
INV_01,2021-12-16,-6946.12,-0.0903,-1.4075197966078536
INV_01,2021-12-17,25164.58,-0.4706,2.4843684641926838
INV_01,2021-12-20,-2242.16,-1.3605,-0.027502791946537708
INV_01,2021-12-21,990.44,-0.4786,0.2932949304175919
INV_01,2021-12-22,109790.82,-5.133,10.687039677233459
INV_01,2021-12-23,17852.13,-0.245,1.782195812947618
INV_01,2021-12-24,26423.34,-1.3038,2.8878386091484294
INV_01,2021-12-27,5066.68,-1.1212,0.9400293045623815
INV_01,2021-12-28,-5746.91,-0.0504,-1.1937157300427128
INV_01,2021-12-29,-1141.59,0.0339,-0.29053359710245136
INV_01,2021-12-30,-22349.62,1.3732,-4.661900425674431
INV_01,2021-12-31,17045.48,-0.3523,1.7507905684447822
INV_01,2022-01-03,50620.37,-0.0623,4.396880113936665
INV_01,2022-01-04,8711.08,-0.4464,1.0418049791553605
INV_01,2022-01-05,-5003.46,1.0314,-1.4374767380284879
INV_01,2022-01-06,13434.67,1.668,0.7110934369965398
INV_01,2022-01-07,51955.12,-1.8597,5.145192763046916
INV_01,2022-01-10,-15058.97,1.6292,-3.494806080651205
INV_01,2022-01-11,-7969.79,0.1657,-1.6910479304190469
INV_01,2022-01-12,-1762.77,-0.4726,-0.24420777084525472
INV_01,2022-01-13,-16305.67,0.1953,-3.200023788761511
INV_01,2022-01-14,0.0,0.0,0.0
INV_01,2022-01-17,0.0,0.0,0.0
INV_01,2022-01-18,77193.58,-2.4751,7.308508357697717
INV_01,2022-01-19,-4436.31,1.606,-1.5324084533685354
INV_01,2022-01-20,-9667.48,0.5947,-2.1581104591369615
INV_01,2022-01-21,-3908.46,-0.2226,-0.7735195005017301
INV_01,2022-01-24,-11785.77,0.5829,-2.538199435231997
INV_01,2022-01-25,-40270.45,2.4681,-8.009954079181917
INV_01,2022-01-26,-28358.66,-0.5605,-4.9786869573224575
INV_01,2022-01-27,-23287.95,-0.0568,-4.308992454092772
INV_01,2022-01-28,-27401.98,-0.3103,-4.9090141061708
INV_01,2022-01-31,35272.94,-2.316,3.978122559146671
INV_01,2022-02-01,38188.68,-1.582,3.951370465265255
INV_01,2022-02-02,-35334.97,0.5798,-6.534559596713136
INV_01,2022-02-03,30645.25,-4.4168,4.3519206441297875
INV_01,2022-02-04,0.0,0.0,0.0
INV_01,2022-02-07,-26411.07,4.0081,-6.289530358153619
INV_01,2022-02-08,-41173.83,0.8116,-7.562258296996122
INV_01,2022-02-09,-58501.95,0.4681,-10.17808372381387
INV_01,2022-02-10,3376.94,-2.8963,1.4092295884165935
INV_01,2022-02-11,28463.22,-0.0079,2.593416900599085
INV_01,2022-02-14,13608.44,1.8191,0.6723891220831953
INV_01,2022-02-15,3581.4,0.1879,0.3255468101999641
INV_01,2022-02-16,0.0,0.0,0.0
INV_01,2022-02-17,-2205.06,-0.3113,-0.39536264810674315
INV_01,2022-02-18,-35232.78,2.0404,-7.040801151753787
INV_01,2022-02-21,-85028.66,2.5986,-14.998396749936784
INV_01,2022-02-22,6940.81,-5.4127,2.6550175500918796
INV_01,2022-02-23,-59970.84,3.4844,-11.486389402263612
INV_01,2022-02-24,-98626.08,2.0582,-16.838228260807245
INV_01,2022-02-25,61356.04,-9.2558,8.524925453137381
INV_01,2022-02-28,73567.27,0.0142,6.1421967887252915
INV_01,2022-03-01,0.0,0.0,0.0
INV_01,2022-03-02,18244.48,4.1543,0.24110248811719104
INV_01,2022-03-03,-56807.95,1.2678,-10.200249830422456
INV_01,2022-03-04,12916.91,-3.222,2.4157520919519984
INV_01,2022-03-07,-57677.34,4.7911,-11.597232735049623
INV_01,2022-03-08,-98630.41,3.1657,-17.23535654088246
INV_01,2022-03-09,-54305.44,0.0357,-9.367663707436577
INV_01,2022-03-10,125891.33,-12.4667,14.4860432301856
INV_01,2022-03-11,-9077.79,9.0726,-5.0849218223448025
INV_01,2022-03-14,-37900.97,0.2906,-6.847804402968102
INV_01,2022-03-15,-66727.38,3.1431,-12.408828576412837
INV_01,2022-03-16,-10256.65,-2.1459,-1.284564620066658
INV_01,2022-03-17,0.0,0.0,0.0
INV_01,2022-03-18,6788.56,-0.1858,0.7694554519925727
INV_01,2022-03-21,14291.31,0.8025,1.0966395646385747
INV_01,2022-03-22,-17675.89,2.0552,-4.104349643120894
INV_01,2022-03-23,-5572.4,-0.3111,-1.0668543828612138
INV_01,2022-03-24,-9671.77,0.658,-2.181557352910223
INV_01,2022-03-25,-2401.54,0.6542,-0.7819463893681999
INV_01,2022-03-28,-51663.63,4.2073,-10.446042230590603
INV_01,2022-03-29,-73141.89,1.3771,-12.759543823949027
INV_01,2022-03-30,-32125.68,-2.4274,-4.932841490902788
INV_01,2022-03-31,-9984.77,-3.5043,-0.7486802337751461
INV_01,2022-04-01,-64466.64,-6.5822,-8.578749244698507
INV_01,2022-04-04,-3797.69,-4.8611,0.9090964811261004
INV_01,2022-04-05,73579.71,1.1498,5.736597914045235
INV_01,2022-04-06,-30556.79,-0.3129,-5.431416838559346
INV_01,2022-04-07,-48809.45,-0.8739,-8.17639706514213
INV_01,2022-04-08,-13503.05,-0.5908,-2.424970288309546
INV_01,2022-04-11,0.0,0.0,0.0
INV_01,2022-04-12,0.0,0.0,0.0
INV_01,2022-04-13,0.0,0.0,0.0
INV_01,2022-04-14,0.0,0.0,0.0
INV_01,2022-04-15,0.0,0.0,0.0
INV_01,2022-04-18,0.0,0.0,0.0
INV_01,2022-04-19,0.0,0.0,0.0
INV_01,2022-04-20,0.0,0.0,0.0
INV_01,2022-04-21,0.0,0.0,0.0
INV_01,2022-04-22,0.0,0.0,0.0
INV_01,2022-04-25,-84633.96,-3.4008,-12.79117283242899
INV_01,2022-04-26,-89445.27,-2.0014,-14.015038616322068
INV_01,2022-04-27,61132.68,5.1158,3.36262589253067
INV_01,2022-04-28,35174.57,3.1148,2.0259035446038016
INV_01,2022-04-29,-11623.25,1.2213,-2.737496512978955
INV_01,2022-05-02,0.0,0.0,0.0
INV_01,2022-05-03,0.0,0.0,0.0
INV_01,2022-05-04,40627.85,-3.4665,4.822216226435642
INV_01,2022-05-05,-8959.91,-0.5002,-1.6361399561786403
INV_01,2022-05-06,-21841.28,-1.3065,-3.6161625443271515
INV_01,2022-05-09,12194.65,0.689,0.9512201667583531
INV_01,2022-05-10,0.0,0.0,0.0
INV_01,2022-05-11,0.0,0.0,0.0
INV_01,2022-05-12,24786.59,1.4459,1.7665843435151243
INV_01,2022-05-13,48765.83,1.1366,3.8215862912321343
INV_01,2022-05-16,0.0,0.0,0.0
INV_01,2022-05-17,35169.55,2.7084,2.170986813043039
INV_01,2022-05-18,-11199.44,0.3689,-2.3558858757014103
INV_01,2022-05-19,-24054.12,-1.3839,-3.963316130262957
INV_01,2022-05-20,10706.38,0.8836,0.7477525093279911
INV_01,2022-05-23,45523.54,-0.2177,4.049804390478863
INV_01,2022-05-24,6976.03,-1.5403,1.2720096981485418
INV_01,2022-05-25,4515.97,-1.6394,1.071996464414899
INV_01,2022-05-26,-8937.47,-0.5935,-1.598601067360877
INV_01,2022-05-27,-21344.72,1.2239,-4.437467858778204
INV_01,2022-05-30,-8637.91,0.1653,-1.8149279886633811
INV_01,2022-05-31,-16001.95,-0.2008,-3.005119124160468
INV_01,2022-06-01,7050.51,-1.4567,1.2490784868163685
INV_01,2022-06-02,11325.95,-0.2838,1.2215743528589185
INV_01,2022-06-03,-769.86,-0.8396,0.10605618854276957
INV_01,2022-06-06,-32356.35,-1.554,-5.283415857768349
INV_01,2022-06-07,-3560.3,-3.0434,0.30577605504382965
INV_01,2022-06-08,25927.39,0.9383,2.0437792726219133
INV_01,2022-06-09,11537.55,0.6122,0.919831477875271
INV_01,2022-06-10,18524.72,-1.7367,2.3742223662026714
INV_01,2022-06-13,1226.91,-0.6739,0.3894464267833769
INV_01,2022-06-14,0.0,0.0,0.0
INV_01,2022-06-15,-24498.96,-0.4793,-4.362136801864584
INV_01,2022-06-16,-15236.68,0.3142,-3.0552862882732805
INV_01,2022-06-17,-30568.19,-1.3882,-5.048341397683966
INV_01,2022-06-20,1916.03,-0.3147,0.33498647187775243
INV_01,2022-06-21,14775.69,0.2969,1.3202646396647815
INV_01,2022-06-22,2143.02,0.2114,0.17048808485730552
INV_01,2022-06-23,2929.66,0.6608,0.09062634971718309
INV_01,2022-06-24,21818.05,-0.1654,2.093079960706676
INV_01,2022-06-27,-20494.23,-1.9826,-3.144264516500557
INV_01,2022-06-28,-17844.05,-0.4374,-3.2411493008342434
INV_01,2022-06-29,4830.26,0.1975,0.4450140364185332
INV_01,2022-06-30,2747.64,-0.9011,0.631234677799511
INV_01,2022-07-01,30855.61,-0.5409,2.9816505127521244
INV_01,2022-07-04,7143.34,-2.0444,1.468187404982642
INV_01,2022-07-05,-22639.63,-0.4251,-4.067324140328624
INV_01,2022-07-06,-31716.0,0.5322,-5.92501075100838
INV_01,2022-07-07,-10679.24,0.0767,-2.157081186470242
INV_01,2022-07-08,-227.4,0.7295,-0.32528347067328256
INV_01,2022-07-11,20697.37,2.4141,1.0743280526444403
INV_01,2022-07-12,872.9,1.1071,-0.28762974907382977
INV_01,2022-07-13,0.0,0.0,0.0
INV_01,2022-07-14,-2303.99,-0.9955,-0.17106946357635916
INV_01,2022-07-15,28157.0,0.3868,2.4267396300649615
INV_01,2022-07-18,13314.99,-0.1119,1.3376880819454393
INV_01,2022-07-19,8044.6,0.8633,0.5113072463425312
INV_01,2022-07-20,17070.39,-0.5983,1.8410190061223481
INV_01,2022-07-21,12619.75,-0.9867,1.5890613445937727
INV_01,2022-07-22,2758.17,-0.8456,0.6124418668752575
INV_01,2022-07-25,-8344.83,-0.4841,-1.5281486909797037
INV_01,2022-07-26,-7324.72,-0.0733,-1.4848501043048437
INV_01,2022-07-27,-5630.29,0.0413,-1.2041470325557204
INV_01,2022-07-28,10522.01,0.0399,1.0331091839901616
INV_01,2022-07-29,0.0,0.7605,-0.272259
INV_01,2022-08-01,21325.26,-1.7861,2.6314444891749957
INV_01,2022-08-02,45066.89,-1.1167,4.33537365360817
INV_01,2022-08-03,23948.11,1.6022,1.6402044949186727
INV_01,2022-08-04,33723.47,1.0997,2.6291696167135363
INV_01,2022-08-05,55085.67,-2.011,5.44432166060682
INV_01,2022-08-08,54050.44,-1.26,5.09459981006991
INV_01,2022-08-09,33311.95,-1.8392,3.647709845121332
INV_01,2022-08-10,59362.81,0.6464,4.825649307619747
INV_01,2022-08-11,0.0,0.0,0.0
INV_01,2022-08-12,113601.11,-2.1491,9.897850964140124
INV_01,2022-08-15,-15020.93,1.6921,-3.5106306666360907
INV_01,2022-08-16,6459.81,-2.3048,1.4970111694038315
INV_01,2022-08-17,-4786.7,-2.704,-0.058007025060678785
INV_01,2022-08-18,-3189.15,0.7061,-0.9618309733603383
INV_01,2022-08-19,-17939.75,1.1026,-3.809047800618634
INV_01,2022-08-22,-277.51,1.4925,-0.6111774969366925
INV_01,2022-08-23,4639.93,-0.8699,0.8086176516436226
INV_01,2022-08-24,-1963.83,-1.3988,0.0446752346398272
INV_01,2022-08-25,-51720.51,0.3924,-9.089264230065481
INV_01,2022-08-26,-11214.14,0.5958,-2.439772126321621
INV_01,2022-08-29,-18812.69,-0.0025,-3.5642832379974725
INV_01,2022-08-30,19097.78,-0.0505,1.819828566985566
INV_01,2022-08-31,62880.08,-1.5395,5.880155572761501
INV_01,2022-09-01,57846.71,-0.8064,5.228084223465328
INV_01,2022-09-02,27086.49,-1.4029,2.9785480486577045
INV_01,2022-09-05,24213.08,-0.6646,2.473997513782624
INV_01,2022-09-06,37594.24,-3.1525,4.465627157262965
INV_01,2022-09-07,13813.54,-0.0906,1.3742031411921065
INV_01,2022-09-08,7931.23,1.2643,0.35722185209558316
INV_01,2022-09-09,39029.62,-0.0669,3.476729615449769
INV_01,2022-09-12,57788.73,-2.2297,5.73312021554087
INV_01,2022-09-13,24145.54,-1.9766,2.938016858645505
INV_01,2022-09-14,35941.87,-0.3238,3.31921298790161
INV_01,2022-09-15,27286.13,0.9267,2.1611546675666697
INV_01,2022-09-16,-1688.62,-0.3759,-0.26297159922481195
INV_01,2022-09-19,2078.85,-0.7065,0.4923793314669551
INV_01,2022-09-20,20436.63,-1.9978,2.631551879486916
INV_01,2022-09-21,30074.77,-1.0047,3.083412926688718
INV_01,2022-09-22,15760.83,0.2258,1.4320174229161091
INV_01,2022-09-23,-9522.2,-0.4223,-1.767405249110823
INV_01,2022-09-26,-29243.18,-0.0489,-5.308642807867159
INV_01,2022-09-27,7765.87,-0.1335,0.8422547740905406
INV_01,2022-09-28,515.91,0.6063,-0.14968916268958976
INV_01,2022-09-29,-1427.0,-0.4207,-0.190469784756748
INV_01,2022-09-30,18175.04,-0.9864,2.0754858883307543
INV_01,2022-10-03,-72061.82,-0.2448,-12.013958560380738
INV_01,2022-10-04,-146540.84,1.5371,-23.636528086839476
INV_01,2022-10-05,23169.57,-0.7996,2.434459985361213
INV_01,2022-10-06,-48000.17,0.1948,-8.430808303138228
INV_01,2022-10-07,-27404.78,-0.2451,-4.932822503089242
INV_01,2022-10-10,0.0,0.0,0.0
INV_01,2022-10-11,-76454.8,-0.1017,-12.734719384596808
INV_01,2022-10-12,6827.11,0.9223,0.37638722700918725
INV_01,2022-10-13,98535.93,-1.2453,8.4657571214589
INV_01,2022-10-14,-10302.24,-0.2424,-1.974319275010472
INV_01,2022-10-17,-43687.6,0.1404,-7.7248831634392205
INV_01,2022-10-18,-37543.07,0.3794,-6.821619819361407
INV_01,2022-10-19,1155.5,0.0481,0.12310054840097091
INV_01,2022-10-20,-52931.83,0.5983,-9.353499449183321
INV_01,2022-10-21,-35480.45,1.4921,-6.884863460124989
INV_01,2022-10-24,0.0,0.0,0.0
INV_01,2022-10-25,-49352.19,1.2578,-9.0254039691608
INV_01,2022-10-26,54736.54,-1.2471,5.143589642893735
INV_01,2022-10-27,39721.98,0.2768,3.4093783556329034
INV_01,2022-10-28,-39783.51,1.0211,-7.413470251207348
INV_01,2022-10-31,-23585.38,-0.5575,-4.180030130980188
INV_01,2022-11-01,-22125.01,2.1085,-4.886981708075219
INV_01,2022-11-02,1652.07,-0.441,0.35214806472142723
INV_01,2022-11-03,4560.72,-0.9702,0.8367952034372932
INV_01,2022-11-04,1281.38,-0.0132,0.15889100439368503
INV_01,2022-11-07,0.0,0.0,0.0
INV_01,2022-11-08,-34895.71,-0.4471,-6.095315132036306
INV_01,2022-11-09,12618.06,0.1165,1.1939651407186702
INV_01,2022-11-10,12182.09,-0.0181,1.2032391835035283
INV_01,2022-11-11,19126.21,-0.3974,1.9464593900653058
INV_01,2022-11-14,1539.49,-0.619,0.4037871412722352
INV_01,2022-11-15,-27329.06,0.8264,-5.303794467621936
INV_01,2022-11-16,-16590.18,-2.1621,-2.4057361521369764
INV_01,2022-11-17,809.76,-0.214,0.17814430627654193
INV_01,2022-11-18,-40313.32,-0.6845,-6.888226570863352
INV_01,2022-11-21,-21020.06,0.7147,-4.199780124942612
INV_01,2022-11-22,70785.53,-0.8512,6.240122655297711
INV_01,2022-11-23,26961.78,0.7164,2.209461332525301
INV_01,2022-11-24,-27871.95,-0.4887,-4.923437365146388
INV_01,2022-11-25,20761.71,1.9499,1.2459947934190787
INV_01,2022-11-28,24582.5,1.4329,1.7541167186285276
INV_01,2022-11-29,2415.64,0.9087,-0.050803877232002026
INV_01,2022-11-30,26513.65,1.8019,1.7835269107802907
INV_01,2022-12-01,25756.8,-1.1746,2.785945153297442
INV_01,2022-12-02,31080.68,-0.5446,3.001475325800455
INV_01,2022-12-05,10661.37,0.6456,0.8288849117727008
INV_01,2022-12-06,3693.73,0.7203,0.14614368717175208
INV_01,2022-12-07,0.0,0.0,0.0
INV_01,2022-12-08,7425.95,-0.1121,0.8028855278400291
INV_01,2022-12-09,1662.71,-0.6835,0.4401013074095778
INV_01,2022-12-12,6937.26,-0.3243,0.8330364989785842
INV_01,2022-12-13,2042.5,-0.4638,0.4016795672870385
INV_01,2022-12-14,45832.13,-1.8495,4.658482232821054
INV_01,2022-12-15,-16339.11,-0.1872,-3.0689298002397782
INV_01,2022-12-16,-13170.03,0.2323,-2.6604035243799142
INV_01,2022-12-19,-40574.45,0.6172,-7.396270301914641
INV_01,2022-12-20,-38362.7,0.1915,-6.887047965180712
INV_01,2022-12-21,-7015.05,-1.0965,-1.060296819234114
INV_01,2022-12-22,-5769.29,-0.0764,-1.1887011888623147
INV_01,2022-12-23,-8105.83,-0.2448,-1.5694155400547851
INV_01,2022-12-26,0.0,0.0,0.0
INV_01,2022-12-27,15111.86,0.319,1.3418581248055415
INV_01,2022-12-28,-3542.3,-0.7165,-0.5236474450446404
INV_01,2022-12-29,-9704.82,0.3842,-2.0895873174714668
INV_01,2022-12-30,4860.44,0.0752,0.491728879275382
INV_01,2023-01-02,-335.47,0.2065,-0.1652701081590011
INV_01,2023-01-03,13153.95,-0.3184,1.3973254241945485
INV_01,2023-01-04,-15671.86,0.1761,-3.0822350427736387
INV_01,2023-01-05,-2658.56,-0.6029,-0.3850023194496278
INV_01,2023-01-06,0.0,0.0,0.0
INV_01,2023-01-09,-11918.25,-0.5201,-2.167142134967595
INV_01,2023-01-10,-3885.63,-0.3698,-0.7162854925236432
INV_01,2023-01-11,-4050.88,0.072,-0.9072324556752105
INV_01,2023-01-12,-12211.76,0.3028,-2.514421915800915
INV_01,2023-01-13,0.0,-0.8565,0.306627
INV_01,2023-01-16,0.0,0.0,0.0
INV_01,2023-01-17,14831.8,2.2445,0.627952719643259
INV_01,2023-01-18,-5986.68,0.354,-1.384412216654579
INV_01,2023-01-19,14972.77,0.1877,1.376662982642511
INV_01,2023-01-20,36681.92,1.1665,2.845650719400368
INV_01,2023-01-23,29897.1,1.7301,2.0897080564514523
INV_01,2023-01-24,-19774.33,-0.0711,-3.705187950613019
INV_01,2023-01-25,17093.09,-0.1924,1.6976753239985838
INV_01,2023-01-26,10637.16,-0.9406,1.3945538394373242
INV_01,2023-01-27,26618.44,-0.9156,2.76512507926649
INV_01,2023-01-30,-8034.45,-0.7105,-1.3894109143496705
INV_01,2023-01-31,1359.56,-0.7146,0.41852866251936527
INV_01,2023-02-01,7466.05,0.8442,0.46427737848960576
INV_01,2023-02-02,22371.53,-0.7889,2.3631913955989403
INV_01,2023-02-03,27320.34,0.2884,2.392510104288547
INV_01,2023-02-06,-3005.98,-0.7787,-0.3931155396069361
INV_01,2023-02-07,-16462.25,-0.9087,-2.8321325796177175
INV_01,2023-02-08,7975.32,-0.5367,1.0060755923426117
INV_01,2023-02-09,-911.08,-0.4916,-0.050746789287280464
INV_01,2023-02-10,-12527.45,0.2921,-2.5671269512091466
INV_01,2023-02-13,-32844.76,-0.3875,-5.781184575973095
INV_01,2023-02-14,-32061.19,0.0967,-5.825869745319653
INV_01,2023-02-15,3739.49,-0.3763,0.5432786149899296
INV_01,2023-02-16,32013.72,0.9377,2.5473780624494062
INV_01,2023-02-17,15653.18,-1.0904,1.8938109767609013
INV_01,2023-02-20,59336.37,-0.9303,5.388058184270326
INV_01,2023-02-21,32667.09,-1.2086,3.3692498203402206
INV_01,2023-02-22,15178.67,-0.9536,1.8033056922492334
INV_01,2023-02-23,9927.66,0.7169,0.7367647114017417
INV_01,2023-02-24,9134.57,-0.1498,0.9745574623296878
INV_01,2023-02-27,-30760.72,0.5871,-5.787272924845717
INV_01,2023-02-28,-8883.2,0.1982,-1.8720194906195957
INV_01,2023-03-01,16582.2,-0.582,1.7927907379103654
INV_01,2023-03-02,15301.73,0.0157,1.4670780422830898
INV_01,2023-03-03,43574.17,-1.9508,4.515178479525241
INV_01,2023-03-06,0.0,0.0,0.0
INV_01,2023-03-07,75465.7,-2.7934,7.291507349180144
INV_01,2023-03-08,8627.76,-1.041,1.2469915935852496
INV_01,2023-03-09,-7536.87,0.8765,-1.8646547352881253
INV_01,2023-03-10,-30792.09,0.0326,-5.59393736429171
INV_01,2023-03-13,-33817.09,0.6991,-6.3294563763802785
INV_01,2023-03-14,16252.65,-0.9575,1.898539287334236
INV_01,2023-03-15,22649.3,-0.4814,2.2766033993540344
INV_01,2023-03-16,3013.91,0.0131,0.33105442734631757
INV_01,2023-03-17,16886.42,0.0597,1.5894926171654622
INV_01,2023-03-20,7424.22,0.0374,0.7492028224981626
INV_01,2023-03-21,-24939.24,-0.5498,-4.410982566091585
INV_01,2023-03-22,-21335.25,-0.0897,-3.965584347679244
INV_01,2023-03-23,-34731.79,0.1233,-6.272773077639893
INV_01,2023-03-24,6341.81,-0.2325,0.7439498014882091
INV_01,2023-03-27,-32233.05,-0.0857,-5.788813126955846
INV_01,2023-03-28,-10665.34,-0.2514,-2.0370988123338254
INV_01,2023-03-29,16749.74,-0.2435,1.6861688762922735
INV_01,2023-03-30,-9053.03,0.1362,-1.8811306930984077
INV_01,2023-03-31,19736.18,-0.3381,1.977516139714188
INV_01,2023-04-03,-16328.61,0.6111,-3.352887266560387
INV_01,2023-04-04,-12651.57,0.2063,-2.5586034210479
INV_01,2023-04-05,0.0,0.0,0.0
INV_01,2023-04-06,13459.97,0.1026,1.273748374219911
INV_01,2023-04-07,0.0,0.0,0.0
INV_01,2023-04-10,-1380.86,1.6397,-0.9180424137120013
INV_01,2023-04-11,22867.64,0.3255,2.006184712462706
INV_01,2023-04-12,-6574.39,-0.2138,-1.293014355704291
INV_01,2023-04-13,0.0,0.0,0.0
INV_01,2023-04-14,0.0,0.0,0.0
INV_01,2023-04-17,5320.59,0.2191,0.4847113233858732
INV_01,2023-04-18,-6031.77,-1.0939,-0.8746810742231468
INV_01,2023-04-19,-8692.89,-0.2267,-1.6847585983983886
INV_01,2023-04-20,9279.45,-0.1974,1.004880755273355
INV_01,2023-04-21,-6117.97,0.0562,-1.302874289017623
INV_01,2023-04-24,-16475.2,-0.1494,-3.1062221578739724
INV_01,2023-04-25,-6677.75,-0.6498,-1.156506334261388
INV_01,2023-04-26,-7486.01,0.0039,-1.5427374287467435
INV_01,2023-04-27,-15408.24,0.0129,-2.9775585127020308
INV_01,2023-04-28,-5864.47,0.0313,-1.245500794290312
INV_01,2023-05-01,0.0,0.0,0.0
INV_01,2023-05-02,-58883.71,-0.7918,-9.786467393663738
INV_01,2023-05-03,25153.57,-0.6115,2.53388858931138
INV_01,2023-05-04,-3072.15,1.1402,-1.0935275721520972
INV_01,2023-05-05,0.0,0.0,0.0
INV_01,2023-05-08,15946.64,0.4859,1.355123416691225
INV_01,2023-05-09,-3530.01,0.6169,-0.9985411232491833
INV_01,2023-05-10,-2390.05,-0.4782,-0.37416189533581445
INV_01,2023-05-11,18627.27,-0.4237,1.9129945186301338
INV_01,2023-05-12,-5779.33,-0.304,-1.10914601082466
INV_01,2023-05-15,-1888.84,-0.6135,-0.22058574819771418
INV_01,2023-05-16,-27512.41,0.4509,-5.199930594042721
INV_01,2023-05-17,1536.84,-0.2225,0.26155473927479983
INV_01,2023-05-18,-10626.44,-0.6554,-1.885405660203556
INV_01,2023-05-19,-2232.06,-1.0455,-0.13816308627473822
INV_01,2023-05-22,-23207.58,-0.4948,-4.138589922896079
INV_01,2023-05-23,8285.63,0.1344,0.7945910938064192
INV_01,2023-05-24,23853.53,0.6148,1.9857360679331806
INV_01,2023-05-25,-7807.07,0.1606,-1.6588772898469932
INV_01,2023-05-26,6732.17,-0.7364,0.9612547253728438
INV_01,2023-05-29,-29846.54,-0.4443,-5.2669989736602965
INV_01,2023-05-30,-12986.36,0.3907,-2.6843825640253742
INV_01,2023-05-31,6792.2,-0.3522,0.8293696347672448
INV_01,2023-06-01,44872.2,-0.5043,4.100659747622954
INV_01,2023-06-02,1545.52,0.598,-0.03124959918832776
INV_01,2023-06-05,-3604.89,0.3019,-0.9007688946018195
INV_01,2023-06-06,2924.21,-0.6234,0.549816012271914
INV_01,2023-06-07,1109.27,-0.6476,0.36704304830617496
INV_01,2023-06-08,9147.29,-0.0438,0.9377763777330165
INV_01,2023-06-09,6602.11,0.4301,0.5313724496513449
INV_01,2023-06-12,28388.9,0.6058,2.3675561022331415
INV_01,2023-06-13,16433.81,-0.0412,1.5862764954169306
INV_01,2023-06-14,34505.48,0.6982,2.8366287269446975
INV_01,2023-06-15,8812.2,-0.1712,0.9525954442519604
INV_01,2023-06-16,-1179.54,-0.0749,-0.2599926113687585
INV_01,2023-06-19,-14352.77,-0.3885,-2.647952103621602
INV_01,2023-06-20,-7378.89,0.2825,-1.6223926374852748
INV_01,2023-06-21,25143.14,0.6325,2.087663055260629
INV_01,2023-06-22,7093.29,0.0061,0.7294123668622156
INV_01,2023-06-23,6464.31,-0.089,0.7041806820332308
INV_01,2023-06-26,25678.98,0.2182,2.2808182901873124
INV_01,2023-06-27,-1598.98,-0.6531,-0.1444830104308428
INV_01,2023-06-28,17659.85,-0.205,1.751259499590964
INV_01,2023-06-29,0.0,0.0,0.0
INV_01,2023-06-30,6822.85,-0.3447,0.8295720076613674
INV_01,2023-07-03,0.0,0.0,0.0
INV_01,2023-07-04,174141.24,0.794,13.181186033364014
INV_01,2023-07-05,28586.11,0.0305,2.5898459588471185
INV_01,2023-07-06,-6773.39,-0.0502,-1.3892563861223153
INV_01,2023-07-07,8127.25,0.2886,0.7247161984472524
INV_01,2023-07-10,2449.6,-0.7213,0.5362457640943896
INV_01,2023-07-11,15648.48,-0.7291,1.7640547763335248
INV_01,2023-07-12,30507.47,0.5161,2.574604276114799
INV_01,2023-07-13,11430.36,-0.5819,1.3376857006196605
INV_01,2023-07-14,36687.79,-0.0465,3.2803799185786624
INV_01,2023-07-17,43033.92,-0.2679,3.869613019036275
INV_01,2023-07-18,19148.49,-0.6402,2.0352942274256844
INV_01,2023-07-19,49575.81,-1.4191,4.800391829816956
INV_01,2023-07-20,11437.78,0.1706,1.068957825629394
INV_01,2023-07-21,6283.43,0.5713,0.4506522453941093
INV_01,2023-07-24,-16134.18,0.2498,-3.189563396062909
INV_01,2023-07-25,-31339.22,0.7053,-5.924953915877242
INV_01,2023-07-26,-8206.25,-0.6415,-1.4460675998644021
INV_01,2023-07-27,69892.68,0.3962,5.7253867245498995
INV_01,2023-07-28,12777.47,-0.4109,1.396972164390904
INV_01,2023-07-31,24860.63,-0.0397,2.3046374046142817
INV_01,2023-08-01,0.0,0.0,0.0
INV_01,2023-08-02,36985.73,-1.1534,3.700760550674508
INV_01,2023-08-03,35437.93,0.6502,2.9296239835136775
INV_01,2023-08-04,12962.75,0.1204,1.2232486880780984
INV_01,2023-08-07,12258.93,0.586,0.9938387587532712
INV_01,2023-08-08,9971.9,0.2691,0.9011047763240946
INV_01,2023-08-09,310.3,-0.6509,0.27543738990288025
INV_01,2023-08-10,5739.11,-0.2048,0.6766395350621521
INV_01,2023-08-11,-4239.85,-0.6484,-0.6866704516683366
INV_01,2023-08-14,-36812.93,-1.7707,-5.933456289300952
INV_01,2023-08-15,-46402.27,0.2061,-8.181184256115818
INV_01,2023-08-16,47557.04,-0.1509,4.187022934076432
INV_01,2023-08-17,23881.22,-1.3826,2.7031353001789364
INV_01,2023-08-18,-16013.32,-0.3843,-2.941415621400537
INV_01,2023-08-21,-30313.57,0.3253,-5.619725577890483
INV_01,2023-08-22,-22485.16,-0.1599,-4.13605906773858
INV_01,2023-08-23,18872.31,0.6441,1.5517942760777461
INV_01,2023-08-24,-41273.98,-0.0029,-7.286761143820078
INV_01,2023-08-25,3084.6,-0.9339,0.6772389415507727
INV_01,2023-08-28,-13924.36,0.0285,-2.721433240015006
INV_01,2023-08-29,-847.73,-0.0473,-0.1954131950232756
INV_01,2023-08-30,0.0,0.0,0.0
INV_01,2023-08-31,-12401.06,-0.1041,-2.4026682549866694
INV_01,2023-09-01,25300.14,-0.3146,2.439870488594082
INV_01,2023-09-04,53216.59,0.3995,4.435263836453848
INV_01,2023-09-05,25068.19,0.069,2.2831178777674235
INV_01,2023-09-06,-32353.22,-0.2532,-5.748588187849083
INV_01,2023-09-07,-3441.31,-0.0302,-0.7490763951283974
INV_01,2023-09-08,20098.97,0.2847,1.7855826131083987
INV_01,2023-09-11,-17447.37,-0.1268,-3.2835397343670114
INV_01,2023-09-12,-8075.6,-0.1031,-1.614519539677156
INV_01,2023-09-13,28575.89,-0.2336,2.6835476128182556
INV_01,2023-09-14,17207.24,0.1578,1.5821991213837967
INV_01,2023-09-15,-9597.36,-0.233,-1.8489505145293599
INV_01,2023-09-18,-24223.21,-0.0034,-4.486048342055002
INV_01,2023-09-19,-24169.81,-0.4622,-4.312795178565367
INV_01,2023-09-20,-6539.65,0.4258,-1.5154039898382157
INV_01,2023-09-21,-18735.61,0.1759,-3.614855276062504
INV_01,2023-09-22,15186.63,0.149,1.4092725351485595
INV_01,2023-09-25,-5531.37,-0.2193,-1.0918215618309497
INV_01,2023-09-26,3835.45,-0.1097,0.4573655613780477
INV_01,2023-09-27,15203.42,0.3887,1.3249313629686124
INV_01,2023-09-28,0.0,0.0,0.0
INV_01,2023-09-29,0.0,0.0,0.0
INV_01,2023-10-02,-39235.82,0.1059,-6.997479135690956
INV_01,2023-10-03,-29658.44,-0.0186,-5.388272084618855
INV_01,2023-10-04,15841.79,-0.3556,1.64722878809105
INV_01,2023-10-05,-5771.13,-0.0343,-1.2041259142483942
INV_01,2023-10-06,-18019.36,0.3559,-3.5555142991692574
INV_01,2023-10-09,-39619.91,-0.0683,-6.997085778273715
INV_01,2023-10-10,-3062.33,-0.0801,-0.654666395395678
INV_01,2023-10-11,-32822.72,-0.0423,-5.901151119550132
INV_01,2023-10-12,30723.08,0.1083,2.738337588255165
INV_01,2023-10-13,-9647.52,0.4585,-2.1056957946724806
INV_01,2023-10-16,-16693.23,-0.6779,-2.955048283477444
INV_01,2023-10-17,-20902.55,0.0019,-3.9245290104504527
INV_01,2023-10-18,-22930.69,-0.0873,-4.237592825788558
INV_01,2023-10-19,6599.77,0.0861,0.6543033985264596
INV_01,2023-10-20,50760.62,1.1147,3.986542218822762
INV_01,2023-10-23,5678.22,-0.0582,0.6183290045858423
INV_01,2023-10-24,-31251.89,0.0587,-5.679085039695519
INV_01,2023-10-25,-26535.07,-0.1712,-4.814077754254431
INV_01,2023-10-26,-21532.09,0.093,-4.0645405316034315
INV_01,2023-10-27,37455.42,0.4916,3.1498242154199505
INV_01,2023-10-30,8964.99,-0.3857,1.0434385648097733
INV_01,2023-10-31,-20534.6,0.1862,-3.9276028119347752
INV_01,2023-11-01,37491.16,-0.2923,3.4333481746320023
INV_01,2023-11-02,18914.87,-0.2265,1.8671264950787974
INV_01,2023-11-03,-19246.83,0.1338,-3.6878704489247927
INV_01,2023-11-06,-3179.98,0.6387,-0.9358462468619267
INV_01,2023-11-07,26030.46,-0.3124,2.500136991284937
INV_01,2023-11-08,27224.87,-0.0426,2.5030704360981444
INV_01,2023-11-09,-23026.44,0.4425,-4.44347903074747
INV_01,2023-11-10,-8977.52,0.1467,-1.8709764360857315
INV_01,2023-11-13,7751.63,-0.1516,0.847408798162416
INV_01,2023-11-14,-28924.07,-0.2841,-5.171525503625755
INV_01,2023-11-15,-11379.74,0.0335,-2.2683684077390773
INV_01,2023-11-16,-17772.09,0.1274,-3.430876508192595
INV_01,2023-11-17,-4494.11,-0.1537,-0.9137811194764667
INV_01,2023-11-20,-4589.45,-0.4326,-0.8326201260030551
INV_01,2023-11-21,-14332.25,0.4404,-2.941072089736207
INV_01,2023-11-22,6441.46,0.0274,0.660346515669911
INV_01,2023-11-23,6750.7,-0.3523,0.8254940710315586
INV_01,2023-11-24,-3537.78,0.2221,-0.858760303818121
INV_01,2023-11-27,-7056.34,-0.0754,-1.4336302616343195
INV_01,2023-11-28,-2313.9,0.1084,-0.5683298018432748
INV_01,2023-11-29,12625.04,-0.3165,1.349601149725188
INV_01,2023-11-30,22317.9,0.1076,2.0377047341527645
INV_01,2023-12-01,38623.59,-0.4409,3.577919333242591
INV_01,2023-12-04,13164.16,0.1155,1.242895659707522
INV_01,2023-12-05,-15333.29,0.2156,-3.0369625210887845
INV_01,2023-12-06,-1258.54,0.1165,-0.3459425217810754
INV_01,2023-12-07,-3953.61,0.4671,-1.0293965719406295
INV_01,2023-12-08,24377.48,0.1824,2.1845831876548982
INV_01,2023-12-11,12532.99,0.5444,1.0331936002463946
INV_01,2023-12-12,17760.79,-0.6367,1.9145330782554082
INV_01,2023-12-13,-14446.22,0.5234,-2.9909205312243246
INV_01,2023-12-14,-7680.2,-0.2546,-1.4865368711375389
INV_01,2023-12-15,-16430.07,0.1628,-3.2101124743669054
INV_01,2023-12-18,-18163.08,-0.1061,-3.4149906900731866
INV_01,2023-12-19,-14818.19,-0.1073,-2.8307449871077663
INV_01,2023-12-20,5954.38,-0.4964,0.8015914794255748
INV_01,2023-12-21,2209.84,0.148,0.200160418189019
INV_01,2023-12-22,-5568.83,-0.1697,-1.1167886579680515
INV_01,2023-12-25,0.0,0.0,0.0
INV_01,2023-12-26,0.0,0.0,0.0
INV_01,2023-12-27,13040.5,-0.2749,1.3716761520227572
INV_01,2023-12-28,14065.54,-0.4307,1.5182156094957815
INV_01,2023-12-29,8422.82,0.1071,0.8170524821810004
INV_01,2024-01-01,0.0,0.0,0.0
INV_01,2024-01-02,-2170.52,0.6135,-0.7192117756998838
INV_01,2024-01-03,23625.03,-0.7157,2.4428181415799246
INV_01,2024-01-04,-12050.99,0.3025,-2.4854724912593738
INV_01,2024-01-05,17444.72,-0.4866,1.833462032476445
INV_01,2024-01-08,-10805.87,0.0576,-2.1732106625984104
INV_01,2024-01-09,-12624.88,0.2066,-2.553940263323391
INV_01,2024-01-10,-19440.4,0.1547,-3.72865095655379
INV_01,2024-01-11,-14499.07,-0.1145,-2.7718841871363242
INV_01,2024-01-12,-5656.71,0.0324,-1.2060385181417967
INV_01,2024-01-15,0.0,0.0,0.0
INV_01,2024-01-16,-16632.24,-0.0734,-3.1608258428065743
INV_01,2024-01-17,-17847.45,-0.0601,-3.3768118335025417
INV_01,2024-01-18,-3257.39,-0.4232,-0.5713347860524037
INV_01,2024-01-19,-13921.53,0.378,-2.846052795417177
INV_01,2024-01-22,-10038.65,-0.368,-1.8813101775087901
INV_01,2024-01-23,-17982.57,-0.06,-3.4002523035858463
INV_01,2024-01-24,324.96,0.0575,0.02364991677527213
INV_01,2024-01-25,0.0,0.0,0.0
INV_01,2024-01-26,11332.93,0.3755,0.9861730373296366
INV_01,2024-01-29,-7693.49,-0.1942,-1.510644233492001
INV_01,2024-01-30,1705.5,-0.579,0.40726131139555793
INV_01,2024-01-31,4499.97,-0.2752,0.5820486254287125
INV_01,2024-02-01,16456.08,0.5386,1.3806459388891261
INV_01,2024-02-02,10155.2,-0.1172,1.0560709915307882
INV_01,2024-02-06,25718.8,0.5619,2.161102203968222
INV_01,2024-02-07,-5229.34,0.3626,-1.241843579367513
INV_01,2024-02-08,21847.06,-0.3445,2.1596585232843983
INV_01,2024-02-09,-1369.68,0.4443,-0.4876493850740169
INV_01,2024-02-12,5393.85,-0.0509,0.5884231899391268
INV_01,2024-02-13,-2505.56,-0.2137,-0.492786380518825
INV_01,2024-02-14,4051.91,-0.1178,0.4816840681672969
INV_01,2024-02-15,3782.83,0.2035,0.3400169839292163
INV_01,2024-02-16,5152.48,0.2156,0.4697491047350137
INV_01,2024-02-19,19688.61,-0.2305,1.9349229624072166
INV_01,2024-02-20,8749.81,-0.3244,1.0016967393023253
INV_01,2024-02-21,2618.18,-0.063,0.31793295242704034
INV_01,2024-02-22,-1284.67,-0.1223,-0.2661948832776766
INV_01,2024-02-23,-1697352.08,72.091,-240.30664919383042
INV_01,2024-02-26,1683226.73,-256.4074,197.912026894299
INV_01,2024-02-27,-2464.94,0.038,-0.5744901413598605
INV_01,2024-02-28,4144.6,-0.1207,0.4918621645995359
INV_01,2024-02-29,-7124.26,-0.3365,-1.3529446889121328
INV_01,2024-03-01,14747.96,-0.5655,1.6265673270544778
INV_01,2024-03-04,23429.59,0.4954,1.992777380310052
INV_01,2024-03-05,15113.46,-0.3956,1.5978252128601762
INV_01,2024-03-06,10799.36,-0.1923,1.1413307961506358
INV_01,2024-03-07,42750.07,-0.2632,3.845272683339808
INV_01,2024-03-08,-2084721.04,85.4858,-289.2253785711861
INV_01,2024-03-11,2102332.45,-593.0811,342.2377258949582
INV_01,2024-03-12,2585.3,0.0925,0.258886418390478
INV_01,2024-03-13,40724.46,-0.5014,3.7684590202231187
INV_01,2024-03-14,-3942.44,0.5434,-1.0544950453226432
INV_01,2024-03-15,8735.34,0.1064,0.8461375472776014
INV_01,2024-03-18,-10943.43,0.187,-2.2444581210961436
INV_01,2024-03-19,-15784.44,-0.2147,-2.9620588964207015
INV_01,2024-03-20,-3224.39,0.1016,-0.7525462443313
INV_01,2024-03-21,-21327.65,0.0447,-4.012403639951851
INV_01,2024-03-22,26690.75,0.2865,2.3407977691438386
INV_01,2024-03-26,9717.02,0.9236,0.6435668859634492
INV_01,2024-03-27,23349.55,0.2159,2.086090979768207
INV_01,2024-03-28,8913.48,0.1703,0.8396556085741913
INV_01,2024-03-29,0.0,0.0,0.0
INV_01,2024-04-01,-15371.38,0.9624,-3.311006944000601
INV_01,2024-04-02,56704.66,-1.6415,5.438230203202796
INV_01,2024-04-03,35942.44,-0.1181,3.245618616622586
INV_01,2024-04-04,18198.04,0.5958,1.5110416034553436
INV_01,2024-04-05,33276.4,0.0112,2.9823635059462528
INV_01,2024-04-08,28064.06,0.7236,2.298458930862093
INV_01,2024-04-09,25825.37,-0.8792,2.6859218037767874
INV_01,2024-04-10,0.0,0.7289,-0.26094619999999996
INV_01,2024-04-11,0.0,0.0,0.0
INV_01,2024-04-15,1360.19,-0.2606,0.25606526929881374
INV_01,2024-04-16,-59308.88,-0.4632,-9.970250825446266
INV_01,2024-04-17,10716.49,0.2008,0.9931092462561916
INV_01,2024-04-18,-10644.97,-0.0539,-2.1041065269235313
INV_01,2024-04-19,-5165.88,-0.5515,-0.9023086530978063
INV_01,2024-04-22,40572.17,-0.601,3.7919006654349117
INV_01,2024-04-24,21370.15,-0.4219,2.1468763710798275
INV_01,2024-04-25,30946.77,1.6765,2.1953159040743753
INV_01,2024-04-26,29438.08,0.0571,2.6507657151109583
INV_01,2024-04-29,36986.57,0.0604,3.2662881018786267
INV_01,2024-04-30,20447.07,-0.6192,2.138903909978381
INV_01,2024-05-02,11377.36,-0.79,1.4074191868227706
INV_01,2024-05-03,15472.43,-0.6497,1.7202340109424141
INV_01,2024-05-06,7473.81,-0.9148,1.094724322769764
INV_01,2024-05-07,-11562.35,0.2046,-2.3625477592963287
INV_01,2024-05-08,-20661.86,0.7191,-4.140149066448642
INV_01,2024-05-09,16385.9,0.3069,1.4574869633324021
INV_01,2024-05-10,34419.16,0.3435,2.95658397298232
INV_01,2024-05-13,0.0,-0.1943,0.0695594
INV_01,2024-05-14,-55852.66,0.5657,-9.799638773949848
INV_01,2024-05-15,-25348.18,-0.0377,-4.66302021989395
INV_01,2024-05-16,-5571.92,0.1218,-1.2217402255169374
INV_01,2024-05-17,15135.05,-0.4423,1.6164366941526334
INV_01,2024-05-20,-34315.42,0.5901,-6.371901154023264
INV_01,2024-05-21,-6660.83,0.089,-1.4177933758940897
INV_01,2024-05-22,45599.95,-0.0488,3.995404402224082
INV_01,2024-05-27,-18119.2,0.2012,-3.517412038693356
INV_01,2024-05-28,-25145.02,0.0534,-4.66151375617767
INV_01,2024-05-29,-32172.25,-0.8168,-5.517089322969143
INV_01,2024-05-30,15627.88,0.5085,1.3191933157536684
INV_01,2024-05-31,-13056.95,0.0104,-2.5608184943798338
INV_01,2024-06-03,16.11,-0.4229,0.15427200265571636
INV_01,2024-06-04,7963.01,0.1247,0.7681510605086505
INV_01,2024-06-05,18325.14,0.0134,1.7304967159772573
INV_01,2024-06-06,41320.29,0.0954,3.6025566966443376
INV_01,2024-06-07,808.74,0.1003,0.06550851669060118
INV_01,2024-06-10,19156.86,0.0682,1.7824054272229881
INV_01,2024-06-11,-9744.26,0.4762,-2.1297410542596777
INV_01,2024-06-12,0.0,-0.0456,0.0163248
INV_01,2024-06-13,-13648.83,0.0508,-2.6805524402703576
INV_01,2024-06-14,-10722.47,-0.2919,-2.0329658868583844
INV_01,2024-06-18,-2655.07,-0.5461,-0.40461891650976123
INV_01,2024-06-19,-7360.14,-0.2081,-1.4432397705114135
INV_01,2024-06-20,1549.82,0.0914,0.15057604925647666
INV_01,2024-06-24,5095.57,0.4984,0.36300667312738677
INV_01,2024-06-25,-3176.84,-0.0299,-0.695851965118786
INV_01,2024-06-26,7502.31,-0.2939,0.875104030758635
INV_01,2024-06-27,-20447.02,-0.0124,-3.841516243554674
INV_01,2024-06-28,-1482.63,-0.3021,-0.2450075929976586
INV_01,2024-07-01,-15148.45,-0.0812,-2.898222014593026
INV_01,2024-07-02,-2507.45,0.3213,-0.6847071475851226
INV_01,2024-07-03,-23651.7,0.0178,-4.397192846198432
INV_01,2024-07-04,-25746.09,-0.1307,-4.696483219192043
INV_01,2024-07-05,-2038.47,0.0874,-0.5031325774021661
INV_01,2024-07-08,-39602.19,0.4428,-7.177201773436571
INV_01,2024-07-09,-11427.06,-0.4703,-2.096544589323826
INV_01,2024-07-10,14199.17,-0.2367,1.4605512317769302
INV_01,2024-07-11,7670.78,-0.6643,1.0234239132692484
INV_01,2024-07-12,17657.14,-0.109,1.7166571928132708
INV_01,2024-07-15,14024.19,0.0246,1.3515686509043214
INV_01,2024-07-16,-9034.49,0.3698,-1.9613443363183225
INV_01,2024-07-17,-7622.16,-0.2293,-1.4847409096222202
INV_01,2024-07-18,-23031.79,0.3613,-4.415315416046712
INV_01,2024-07-19,-7552.64,-0.0175,-1.5475554124121427
INV_01,2024-07-22,-47839.59,-0.2874,-8.23272310775975
INV_01,2024-07-23,15599.8,-0.2481,1.5876012789468328
INV_01,2024-07-24,26839.86,0.2995,2.3485621998956168
INV_01,2024-07-25,-21866.76,0.0358,-4.10104119213022
INV_01,2024-07-26,2500.05,-0.1172,0.32518372594098865
INV_01,2024-07-29,-7099.33,-0.2132,-1.3923934569893976
INV_01,2024-07-30,-32860.02,0.2184,-6.000599631766858
INV_01,2024-07-31,-16730.88,-1.3939,-2.705282712564378
INV_01,2024-08-01,12839.99,-0.013,1.260087935388667
INV_01,2024-08-02,-2141.54,0.3439,-0.6166214329751227
INV_01,2024-08-05,-56497.86,-0.0895,-9.665911373639327
INV_01,2024-08-06,6877.5,0.1114,0.671433600309066
INV_01,2024-08-07,2069.31,-0.1727,0.30027875758536565
INV_01,2024-08-08,-9998.49,-0.0268,-1.996129953666893
INV_01,2024-08-09,20044.37,-0.3435,2.005811602838879
INV_01,2024-08-12,2081.28,0.1934,0.17046982665901375
INV_01,2024-08-13,5042.63,0.1315,0.4892355551023046
INV_01,2024-08-14,9674.78,0.2784,0.8706939473197937
INV_01,2024-08-15,32669.51,0.0182,2.9302533839526284
INV_01,2024-08-16,-7735.04,0.0589,-1.6090180578780635
INV_01,2024-08-20,-21489.38,0.8211,-4.3179231547928145
INV_01,2024-08-21,-3617.67,0.2229,-0.8750437943030669
INV_01,2024-08-22,-2912.59,-0.3176,-0.5391668369627098
INV_01,2024-08-23,-18556.44,-0.3119,-3.4092996343587187
INV_01,2024-08-26,-39441.59,-0.4205,-6.842234245985528
INV_01,2024-08-27,-38313.41,0.2958,-6.9164146833061935
INV_01,2024-08-28,-21617.18,-0.7891,-3.7632429887217445
INV_01,2024-08-29,-1416.77,-0.7736,-0.061905763713078765
INV_01,2024-08-30,-10116.53,0.0414,-2.0420821775604123
INV_01,2024-09-02,-23295.52,-0.7152,-4.07456587337021
INV_01,2024-09-03,-11876.99,-0.0501,-2.3279871520039457
INV_01,2024-09-04,35932.38,0.3153,3.0896455105537646
INV_01,2024-09-05,-8058.53,0.0171,-1.6543742549996703
INV_01,2024-09-06,-9210.03,-0.3432,-1.7384005516379868
INV_01,2024-09-09,-23284.83,-0.787,-4.047053031810711
INV_01,2024-09-10,-24074.52,-0.23,-4.379853284258184
INV_01,2024-09-11,3518.68,-0.1352,0.4349515246752513
INV_01,2024-09-12,10410.14,-0.3862,1.1755144610681774
INV_01,2024-09-13,26935.11,0.7099,2.2095685196000265
INV_01,2024-09-18,29226.36,0.6897,2.406806827267315
INV_01,2024-09-19,11671.66,0.3238,1.0351203295210236
INV_01,2024-09-20,16022.32,0.6547,1.3012952320929785
INV_01,2024-09-23,24145.08,0.8866,1.9129525913076302
INV_01,2024-09-24,48439.95,0.3788,4.06715699580998
INV_01,2024-09-25,92145.66,0.3913,7.4051387374279525
INV_01,2024-09-26,-2031.96,0.5788,-0.6776823323840977
INV_01,2024-09-27,31318.75,-0.4557,2.9892047918033127
INV_01,2024-09-30,27709.26,0.216,2.450739608841946
INV_01,2024-10-01,42306.48,0.3533,3.589129875861228
INV_01,2024-10-02,-23732.39,0.575,-4.610299880409894
INV_01,2024-10-03,-13265.65,-0.2478,-2.505549964367895
INV_01,2024-10-04,30529.74,0.5508,2.5640146268365482
INV_01,2024-10-07,13561.14,0.8363,1.0200442826917002
INV_01,2024-10-08,11066.93,-0.2741,1.1947694048566007
INV_01,2024-10-09,-8596.26,0.2575,-1.8402300157496123
INV_01,2024-10-10,10329.79,-0.1799,1.0943710768445594
INV_01,2024-10-11,28446.57,0.0516,2.5707368458699866
INV_01,2024-10-14,-24168.26,0.1747,-4.540544035680247
INV_01,2024-10-15,-1511.68,-0.1487,-0.30621616140611474
INV_01,2024-10-16,3823.42,0.0289,0.4065532545334405
INV_01,2024-10-18,19500.48,-0.4598,2.0008982108130335
INV_01,2024-10-21,-10141.39,0.4218,-2.182798240828621
INV_01,2024-10-22,-1641.2,0.1723,-0.4490551104380766
INV_01,2024-10-23,16122.5,0.3594,1.415747879268024
INV_01,2024-10-24,39734.32,0.0977,3.474487986685957
INV_01,2024-10-25,29973.23,-0.0339,2.727496893938612
INV_01,2024-10-28,9274.74,0.5094,0.751414840946396
INV_01,2024-10-29,20864.66,0.967,1.6066433513457956
INV_01,2024-10-30,30198.16,-0.8445,3.036228566765079
INV_01,2024-10-31,-148723.45,5.2021,-25.261294259786844
INV_01,2024-11-01,14177.27,-0.1349,1.4221756996047992
INV_01,2024-11-04,-11909.56,0.3314,-2.4704176161347418
INV_01,2024-11-05,-18910.02,0.1142,-3.6228428261824077
INV_01,2024-11-06,-18330.91,-0.0445,-3.4660659916846144
INV_01,2024-11-07,6373.44,-0.2621,0.7575446874886331
INV_01,2024-11-08,12305.53,-0.2629,1.3019078243007594
INV_01,2024-11-11,13794.16,0.0921,1.3070833921501805
INV_01,2024-11-12,18933.51,0.1495,1.7341201012926
INV_01,2024-11-13,20671.93,0.5558,1.737430998882593
INV_01,2024-11-14,11656.16,0.5635,0.9479166334652911
INV_01,2024-11-18,-1784.25,0.1418,-0.4687445145173485
INV_01,2024-11-19,-31390.8,-0.5189,-5.49518551523339
INV_01,2024-11-20,9002.05,-0.2015,0.9809001179559192
INV_01,2024-11-21,-20153.91,-0.7513,-3.526787261153671
INV_01,2024-11-22,8892.59,-0.0609,0.9205042348926633
INV_01,2024-11-25,-42866.43,-0.4006,-7.399821042953439
INV_01,2024-11-26,26685.94,0.3049,2.3338098708244903
INV_01,2024-11-27,16322.51,0.2414,1.475417279404322
INV_01,2024-11-28,22755.26,0.2213,2.0339932745560394
INV_01,2024-11-29,-4918.65,-0.1385,-1.0021626297778312
INV_01,2024-12-02,26173.3,-0.8327,2.698327536298128
INV_01,2024-12-03,25095.11,-0.0949,2.3440492224013534
INV_01,2024-12-04,45597.88,0.2623,3.8838662763950595
INV_01,2024-12-05,25785.77,-0.003,2.36893331346024
INV_01,2024-12-06,23733.95,-0.6076,2.41329016218342
INV_01,2024-12-09,27759.72,-0.2522,2.62254427122429
INV_01,2024-12-10,1629.74,0.494,0.015027101285415179
INV_01,2024-12-11,-5485.41,0.9144,-1.4888337778565677
INV_01,2024-12-12,10688.46,0.6742,0.8210968538677587
INV_01,2024-12-13,54812.36,-0.495,4.88025827157016
INV_01,2024-12-16,76875.04,-0.1064,6.436392284930733
INV_01,2024-12-17,9609.22,0.4835,0.791282579198392
INV_01,2024-12-18,16112.79,-0.0813,1.5726720250370532
INV_01,2024-12-19,8391.75,-0.5913,1.0642078196296862
INV_01,2024-12-20,46597.97,-0.815,4.348853701181347
INV_01,2024-12-23,40556.68,0.4583,3.4114285842262424
INV_01,2024-12-24,48052.46,-0.6993,4.4225119411279765
INV_01,2024-12-26,38744.5,0.275,3.33136863160034
INV_01,2024-12-27,6567.18,1.1941,0.2545600075762606
INV_01,2024-12-30,95478.21,0.2144,7.716392085780157
INV_01,2024-12-31,58833.76,-0.742,5.281666980246262
INV_01,2025-01-01,0.0,0.0,0.0
INV_01,2025-01-02,78806.12,-0.0516,6.5628684988730255
INV_01,2025-01-03,-71892.86,-0.1841,-12.009866046512363
INV_01,2025-01-06,-29490.34,-0.2768,-5.268003635187305
INV_01,2025-01-07,-24915.94,0.4033,-4.748274703612481
INV_01,2025-01-08,10953.44,0.2404,1.0003398735759566
INV_01,2025-01-09,-37587.08,-0.1463,-6.640550920060928
INV_01,2025-01-10,22274.98,0.4447,1.9133891434046806
INV_01,2025-01-13,0.0,0.0,0.0
INV_01,2025-01-14,0.0,0.0,0.0
INV_01,2025-01-15,59307.28,0.2484,4.963828328468807
INV_01,2025-01-16,26824.03,-0.5235,2.6418781143003836
INV_01,2025-01-17,9141.4,0.0112,0.9175460553563495
INV_01,2025-01-20,21070.19,0.0052,1.9684653208092346
INV_01,2025-01-21,51440.83,0.2392,4.353418581935837
INV_01,2025-01-22,58506.1,0.3235,4.874790257154972
INV_01,2025-01-23,54676.54,-0.8214,4.9865034008003075
INV_01,2025-01-24,-34541.58,-0.2811,-6.096948889510214
INV_01,2025-01-27,59397.68,-1.1569,5.47393382908754
INV_01,2025-01-28,16611.69,-0.1726,1.6487895120263325
INV_01,2025-01-29,7007.71,-0.8407,1.024530133729769
INV_01,2025-01-30,12867.27,-0.3481,1.382480755889603
INV_01,2025-01-31,-3592.77,-0.1375,-0.7410380875805671
INV_01,2025-02-03,-35578.76,0.0033,-6.367884002577767
INV_01,2025-02-05,-119666.46,-0.0262,-19.18994063850415
INV_01,2025-02-06,15134.54,0.0873,1.4267951832250885
INV_01,2025-02-07,52076.1,-0.0685,4.513433965841364
INV_01,2025-02-10,-37848.2,0.396,-6.876992680841511
INV_01,2025-02-11,-47254.52,-0.0247,-8.233950193018163
INV_01,2025-02-13,49635.09,-0.3458,4.420820806876035
INV_01,2025-02-14,84923.88,-0.5494,7.201830429951774
INV_01,2025-02-17,68670.6,-0.4676,5.941197210997788
INV_01,2025-02-18,37796.64,-0.4253,3.5056345961491235
INV_01,2025-02-19,-38547.12,0.1954,-6.9182660245299274
INV_01,2025-02-20,-50711.32,0.1677,-8.849784143131794
INV_01,2025-02-21,13944.56,0.2221,1.2738327611189681
INV_01,2025-02-24,-56097.55,0.2667,-9.730881351890604
INV_01,2025-02-25,-72250.18,-0.0509,-12.112156463845904
INV_01,2025-02-26,0.0,0.0,0.0
INV_01,2025-02-27,13175.85,-0.3512,1.411012010730818
INV_01,2025-02-28,10765.77,0.3691,0.9373135635843224
INV_01,2025-03-03,-89079.18,0.3847,-14.814384182834402
INV_01,2025-03-04,-36925.18,-0.5603,-6.384999939628463
INV_01,2025-03-05,58074.07,-0.1246,5.001663197409428
INV_01,2025-03-06,4898.07,-0.2593,0.6151326625012207
INV_01,2025-03-07,11683.08,-0.5202,1.338297146811767
INV_01,2025-03-10,-25882.3,0.0445,-4.782035249155028
INV_01,2025-03-11,-51286.99,-0.5058,-8.699425080606265
INV_01,2025-03-12,50060.15,-0.3866,4.468900910055883
INV_01,2025-03-14,-6096.69,0.2507,-1.3684444353376246
INV_01,2025-03-17,-48918.19,-0.1112,-8.466652552467277
INV_01,2025-03-18,-55656.18,-0.0174,-9.560161592250996
INV_01,2025-03-19,13588.66,0.0108,1.318009654309877
INV_01,2025-03-20,61538.41,0.2465,5.137195901720201
INV_01,2025-03-21,49682.66,-0.0258,4.310008248069922
INV_01,2025-03-24,-9060.63,0.1012,-1.870000467525853
INV_01,2025-03-25,6182.83,-0.2034,0.7184423622762588
INV_01,2025-03-26,-14246.86,0.0729,-2.7944122775229783
INV_01,2025-03-27,7961.64,0.1503,0.7588590074093652
INV_01,2025-03-28,-2210.48,-0.4649,-0.3415073330975976
INV_01,2025-03-31,0.0,0.0,0.0
INV_01,2025-04-01,73606.53,-1.7502,6.776837231407306
INV_01,2025-04-02,24239.83,-0.4526,2.4003494246794874
INV_01,2025-04-03,-98253.84,0.236,-16.130569858602108
INV_01,2025-04-04,-72627.79,-0.2846,-12.086170946429203
INV_01,2025-04-07,-158913.91,-1.2659,-24.40034859581345
INV_01,2025-04-08,130636.13,0.5251,10.178167060277945
INV_01,2025-04-09,-70793.69,-0.2806,-11.80719267693565
INV_01,2025-04-10,169741.52,1.5587,12.59747934549289
INV_01,2025-04-11,-21515.84,-0.0083,-4.02550651587115
INV_01,2025-04-14,0.0,0.0,0.0
INV_01,2025-04-15,0.0,0.0,0.0
INV_01,2025-04-16,24191.7,-0.0505,2.252352905041686
INV_01,2025-04-17,727.27,-0.4569,0.25564548305759904
INV_01,2025-04-21,7180.76,-0.2715,0.8369982736157553
INV_01,2025-04-22,-28469.45,0.1312,-5.244725605323547
INV_01,2025-04-23,-4475.21,0.1838,-1.0308977884084491
INV_01,2025-04-24,12797.11,-0.0952,1.2856996907189584
INV_01,2025-04-25,25235.96,-0.124,2.366262777416853
INV_01,2025-04-28,-101734.53,3.3632,-17.7665738799169
INV_01,2025-04-29,8676.21,0.1281,0.8329205761385663
INV_01,2025-04-30,-19755.86,-0.0097,-3.723998062450449
INV_01,2025-05-01,-2773006.29,82.0673,-364.66670081489224
INV_01,2025-05-02,2771358.53,-457.4851,330.8311619899112
INV_01,2025-05-05,15414.0,0.1156,1.4411434329683743
INV_01,2025-05-06,5247.62,0.0618,0.5339920791577383
INV_01,2025-05-07,-26096.85,-0.1038,-4.764883101231253
INV_01,2025-05-08,14683.42,0.0174,1.4122166841816888
INV_01,2025-05-09,-113.43,0.0603,-0.055638672554257786
INV_01,2025-05-12,0.0,0.0,0.0
INV_01,2025-05-13,0.0,0.0,0.0
INV_01,2025-05-14,64323.43,-0.265,5.535083793590686
INV_01,2025-05-15,32411.44,0.3607,2.7865199905492855
INV_01,2025-05-16,5885.17,0.3528,0.4909754614244479
INV_01,2025-05-19,-5455.97,0.4547,-1.3185872163052004
INV_01,2025-05-20,-12925.77,-0.1216,-2.4901735181243123
INV_01,2025-05-21,9921.77,-0.179,1.0569605567349538
INV_01,2025-05-22,28648.3,-0.2817,2.706761878551221
INV_01,2025-05-23,8234.77,-0.244,0.9253497277792928
INV_01,2025-05-26,10572.89,-0.366,1.183029307523111
INV_01,2025-05-27,24645.83,0.7491,2.0042313961755425
INV_01,2025-05-28,16554.95,-0.2724,1.6795843531967638
INV_01,2025-05-29,36899.48,-0.1284,3.3268326781820083
INV_01,2025-05-30,31580.9,-0.509,3.0298043817449876
INV_01,2025-06-02,54102.27,-0.4196,4.797788446789091
INV_01,2025-06-03,86824.82,-0.4432,7.306359431100178
INV_01,2025-06-04,28711.37,-0.2085,2.685776420750242
INV_01,2025-06-05,25978.23,-0.1581,2.4405363783389498
INV_01,2025-06-06,-16281.78,0.2169,-3.203583028965399
INV_01,2025-06-09,38029.2,-0.361,3.501386119088159
INV_01,2025-06-11,54019.08,0.0779,4.6131798562731605
INV_01,2025-06-12,8444.08,-0.4275,1.010403837168304
INV_01,2025-06-13,-39917.61,-0.555,-6.870841788678329
INV_01,2025-06-16,-23810.33,-0.0853,-4.3870734497963815
INV_01,2025-06-17,-1644.47,-0.0297,-0.3774414006660953
INV_01,2025-06-18,-52869.17,0.2617,-9.223150841826191
INV_01,2025-06-19,-50505.7,-0.1423,-8.706365880512342
INV_01,2025-06-20,65103.93,-0.1457,5.552412212868951
INV_01,2025-06-23,-78810.81,-0.0465,-13.112121745753461
INV_01,2025-06-24,102309.27,0.1107,8.259309637665345
INV_01,2025-06-25,0.0,1.6577,-0.5934566
INV_01,2025-06-26,113608.54,-2.083,9.874730470133827
INV_01,2025-06-27,3204.47,0.255,0.2637180092659512
INV_01,2025-06-30,61769.34,-0.2534,5.334001354185183
INV_01,2025-07-01,2611.52,-0.2436,0.3819039267207064
INV_01,2025-07-02,21144.68,-0.2275,2.0581097451375454
INV_01,2025-07-03,-12605.27,0.0961,-2.510875602997785
INV_01,2025-07-04,8566.91,0.1348,0.8204420090845631
INV_01,2025-07-07,-12550.38,-0.1729,-2.404758359315134
INV_01,2025-07-08,218.78,-0.3471,0.1551225824022079
INV_01,2025-07-09,39800.91,-0.3003,3.622323698920818
INV_01,2025-07-10,0.0,0.0,0.0
INV_01,2025-07-11,80440.7,0.3977,6.525430320595177
INV_01,2025-07-14,86977.22,0.484,6.9858378354641575
INV_01,2025-07-15,47066.42,0.1588,4.037331754782673
INV_01,2025-07-16,-34083.99,0.2315,-6.205701611997577
INV_01,2025-07-17,-10080.72,-0.4529,-1.858591576369242
INV_01,2025-07-18,25836.09,-0.1422,2.4229714652155776
INV_01,2025-07-21,831.52,-0.1688,0.16444256985486191
INV_01,2025-07-22,4085.31,0.092,0.40987129350491874
INV_01,2025-07-23,26610.78,-0.0614,2.4586832020351808
INV_01,2025-07-24,28352.43,-0.0004,2.5815542279500225
INV_01,2025-07-25,28390.18,-0.1773,2.6480119415960903
INV_01,2025-07-28,15912.87,-0.0293,1.5366180607545745
INV_01,2025-07-29,-4836.09,-0.2705,-0.9388296005724256
INV_01,2025-07-30,-2197.28,0.037,-0.5184265776354272
INV_01,2025-07-31,10778.63,-0.0662,1.0943134154175176
INV_01,2025-08-01,91137.68,0.204,7.397046261238392
INV_01,2025-08-04,-41147.25,0.2972,-7.37383116822669
INV_01,2025-08-05,-16436.94,-0.0925,-3.119914334344132
INV_01,2025-08-06,-5388.47,0.0812,-1.1718545328086218
INV_01,2025-08-07,-5613.15,0.0861,-1.2168901328004373
INV_01,2025-08-11,1954.06,-0.053,0.24530992068087815
INV_01,2025-08-12,14141.21,-0.2953,1.4764185597524655
INV_01,2025-08-13,61.1,-0.1887,0.07722172871911687
INV_01,2025-08-14,-29689.74,0.0745,-5.426782754603301
INV_01,2025-08-15,64281.71,0.4998,5.25807435782409
INV_01,2025-08-18,69029.01,0.1778,5.737560403850868
INV_01,2025-08-19,26773.83,0.3779,2.314996546009914
INV_01,2025-08-20,39513.91,-0.0653,3.5151222860677698
INV_01,2025-08-21,12995.26,-0.2283,1.3509730804941549
INV_01,2025-08-22,-12748.77,-0.026,-2.492805862506956
INV_01,2025-08-25,-38876.69,0.077,-6.929140412766641
INV_01,2025-08-26,7374.34,-0.0594,0.779193412316378
INV_01,2025-08-27,16010.74,-0.1288,1.5807781915799763
INV_01,2025-08-28,-4343.13,-0.1791,-0.875024718384014
INV_01,2025-08-29,42308.1,-0.4207,3.8663513488096837
INV_01,2025-09-01,6443.47,-0.2303,0.7527934086484036
INV_01,2025-09-02,-31761.73,-0.0269,-5.7323766307500845
INV_01,2025-09-03,-18803.33,0.0333,-3.5754854381053427
INV_01,2025-09-04,-688.29,0.0136,-0.18054096642514886
INV_01,2025-09-08,-25587.12,-0.255,-4.625324785415157
INV_01,2025-09-09,-58183.12,0.2813,-10.061550906184838
INV_01,2025-09-10,31280.83,-0.1177,2.8650868463883414
INV_01,2025-09-11,-26858.11,-0.1339,-4.8814130163346166
INV_01,2025-09-12,-10583.94,0.0166,-2.118264373788041
INV_01,2025-09-15,-43262.14,-0.2888,-7.503185572120777
INV_01,2025-09-16,42041.21,0.2365,3.609737447951431
INV_01,2025-09-17,26199.32,0.0031,2.401282447129784
INV_01,2025-09-18,50026.23,0.0341,4.315620033837138
INV_01,2025-09-19,20034.07,-0.0284,1.8921253434188963
INV_01,2025-09-22,32950.06,0.2884,2.856462738822423
INV_01,2025-09-23,18015.32,-0.1312,1.7555452099535909
INV_01,2025-09-24,30238.51,-0.5307,2.9272121634861934
INV_01,2025-09-25,32727.82,-0.357,3.0693445266107933
INV_01,2025-09-26,11831.44,-0.1078,1.203963439131955
INV_01,2025-09-29,2274.31,0.076,0.23264826472805805
INV_01,2025-09-30,-2907.67,0.1822,-0.7170915799723823
INV_01,2025-10-01,5857.91,0.0741,0.5881476281692888
INV_01,2025-10-02,7915.2,-0.0167,0.8143302379346127
INV_01,2025-10-03,9968.28,0.4252,0.8448914675024943
INV_01,2025-10-07,239.85,0.06,0.012074065482988255
INV_01,2025-10-08,-11733.22,-0.2061,-2.2462835549937727
INV_01,2025-10-09,5283.87,-0.1272,0.6051488451682832
INV_01,2025-10-10,48495.26,-0.0075,4.209819106433474
INV_01,2025-10-13,-5610.69,-0.1806,-1.1209385042043403
INV_01,2025-10-14,30018.61,-0.346,2.842969543911539
INV_01,2025-10-15,-4892.3,-0.3254,-0.9301239140022376
INV_01,2025-10-16,24597.81,-0.0716,2.2940125557322695
INV_01,2025-10-17,25784.67,0.0417,2.3528387933150245
INV_01,2025-10-21,32445.87,-0.3432,3.0413345398177554
INV_01,2025-10-22,-15220.59,0.2017,-3.012183226580825
INV_01,2025-10-23,6457.45,-0.262,0.7654653912182354
INV_01,2025-10-24,5073.29,-0.1465,0.5917261334522517
INV_01,2025-10-27,-14858.93,0.1389,-2.9260620028172957
INV_01,2025-10-28,-28830.25,-0.2378,-5.172533439799692
INV_01,2025-10-29,3197.37,0.0543,0.33485275434298073
INV_01,2025-10-30,-6640.24,0.012,-1.3863282110859896
INV_01,2025-10-31,4119.85,0.0938,0.4126324549157743
INV_01,2025-11-03,36316.65,-0.1439,3.2851903901857757
INV_01,2025-11-04,-9427.76,0.1468,-1.9538195176705242
INV_01,2025-11-05,-4283033.35,89.5395,-530.0498788098339
INV_01,2025-11-06,4329862.18,-864.3591,560.1619590612524
INV_01,2025-11-07,42405.73,0.2504,3.6338994689775195
INV_01,2025-11-10,81997.01,0.1748,6.722520694201826
INV_01,2025-11-11,26772.66,-0.1012,2.486416906708203
INV_01,2025-11-12,13225.47,0.1787,1.2257117829351052
INV_01,2025-11-13,-69964.02,-0.1152,-11.739346080058224
INV_01,2025-11-14,-3650.62,-0.2699,-0.7052099721736703
INV_01,2025-11-17,-13751.75,-0.1232,-2.6365232048303517
INV_01,2025-11-18,-36053.58,0.2132,-6.520302401904864
INV_01,2025-11-19,-21131.97,0.1994,-4.034405668913052
INV_01,2025-11-20,12343.14,0.0691,1.1864105615268732
INV_01,2025-11-21,-14070.2,0.0144,-2.7422143001672468
INV_01,2025-11-24,-64732.11,0.003,-10.977220966241843
INV_01,2025-11-25,18719.28,-0.0887,1.8009798048136167
INV_01,2025-11-26,6495.95,0.0637,0.6525079688285843
INV_01,2025-11-27,-32975.68,0.0081,-5.944278710103547
INV_01,2025-11-28,-5754.77,0.098,-1.2483509915494604
INV_01,2025-12-01,-122195.56,-0.3236,-19.45237318204033
INV_01,2025-12-02,31992.6,0.1631,2.8229539785055766
INV_01,2025-12-03,-80101.92,-0.0294,-13.313823550457858
INV_01,2025-12-05,-55295.06,-0.5362,-9.317930373248279
INV_01,2025-12-08,-17935.71,0.4129,-3.5614354962060046
INV_01,2025-12-09,59567.49,-0.0127,5.077471856238153
INV_01,2025-12-10,58625.12,0.0494,4.982155962440204
INV_01,2025-12-11,34833.12,-0.57,3.317303299745084
INV_01,2025-12-12,2503.19,-0.0125,0.28802481731234053
INV_01,2025-12-15,-17391.38,-0.3713,-3.1862859674256634
INV_01,2025-12-16,-133.18,0.3139,-0.15178293272319107
INV_01,2025-12-17,7808.84,-0.181,0.8632590530884618
INV_01,2025-12-18,-17563.25,0.313,-3.4611020026957053
INV_01,2025-12-19,-21772.07,0.3065,-4.181838636871884
INV_01,2025-12-22,-27629.08,-0.0978,-5.022935766872689
INV_01,2025-12-23,-1018.09,-0.0285,-0.24064829358012144
INV_01,2025-12-24,-2362.1,0.1208,-0.582797227734943
INV_01,2025-12-25,-2652170.33,57.8812,-342.68613646644724
INV_01,2025-12-26,2681775.27,-138.5248,211.7222459561636
INV_01,2025-12-29,-11860.86,0.1954,-2.4129767417734262
INV_01,2025-12-30,49187.24,0.1486,4.208529251917272
INV_01,2025-12-31,37175.16,-0.047,3.3199896465778718
INV_01,2026-01-02,35778.51,-0.2978,3.2966532749140427
INV_01,2026-01-05,-2823.56,0.7283,-0.8954134526513365
INV_01,2026-01-06,98042.48,0.1111,7.943609887982588
INV_01,2026-01-07,0.0,0.0,0.0
INV_01,2026-01-08,0.0,1.4799,-0.5298042
INV_01,2026-01-09,104893.57,-1.4836,9.020616211079533
INV_01,2026-01-12,-4492.95,0.0826,-0.9981489586919892
INV_01,2026-01-13,7298.51,-0.2669,0.84638281379462
INV_01,2026-01-14,46246.14,-0.2135,4.1056317961301225
INV_01,2026-01-16,1602.4,0.2445,0.10141667488030784
INV_01,2026-01-19,-25373.49,0.195,-4.750575849416101
INV_01,2026-01-20,12447.86,-0.1687,1.2808900722682193
INV_01,2026-01-21,58162.64,-0.0359,4.976787827615875
INV_01,2026-01-22,-22088.61,0.4187,-4.275846504007646
INV_01,2026-01-23,35386.27,-0.2313,3.2410055953697765
INV_01,2026-01-26,3229.8,0.1405,0.30726173676300006
INV_01,2026-01-27,3855.66,0.0621,0.39786545545208485
INV_01,2026-01-28,-2415.55,0.0157,-0.5562704399439006
INV_01,2026-01-29,-14684.19,0.074,-2.872030227347437
INV_01,2026-01-30,5459.12,-0.3269,0.6935066935994519
INV_01,2026-02-02,-31761.76,-0.0287,-5.731737166148119
INV_01,2026-02-03,1670.73,-0.0314,0.20750703512123
INV_01,2026-02-05,4281.94,-0.003,0.46323460764684965
INV_01,2026-02-06,7496.2,0.0302,0.7585056318024901
INV_01,2026-02-09,-12112.24,0.1511,-2.4422635567813606
INV_01,2026-02-10,-6311.73,0.0771,-1.3472737450744836
INV_01,2026-02-11,8475.9,-0.0777,0.8881149699396096
INV_01,2026-02-12,-9090.66,0.0008,-1.8395871856049104
INV_01,2026-02-13,9261.8,0.105,0.8950044201971392
INV_01,2026-02-16,54316.76,0.2945,4.558904801972121
INV_01,2026-02-17,1657.81,-0.057,0.21529019838433888
INV_01,2026-02-18,22753.04,0.1715,2.0516340632912473
INV_01,2026-02-19,0.0,-0.1083,0.0387714
INV_01,2026-02-20,0.0,-0.3221,0.11531179999999999
INV_01,2026-02-23,0.0,0.1077,-0.038556599999999996
INV_01,2026-02-24,0.0,-0.7073,0.2532134
INV_01,2026-02-25,0.0,0.0621,-0.0222318
INV_01,2026-02-26,0.0,0.3725,-0.133355
INV_01,2026-02-27,0.0,-1.1058,0.39587639999999996
INV_01,2026-03-02,-3430.28,0.0678,-0.7819437028940154
INV_01,2026-03-03,0.0,-4.8572,1.7388776
INV_01,2026-03-04,-1004471.24,20.5637,-140.4360645453665
INV_02,2020-01-01,0.0,0.0,0.0
INV_02,2020-01-02,0.0,0.0,0.0
INV_02,2020-01-03,0.0,-0.0201,0.0063717
INV_02,2020-01-06,-1694.88,-1.0155,-1.153653171389662
INV_02,2020-01-07,2353.98,-1.4733,0.8609859895100209
INV_02,2020-01-08,-4237.16,-2.219,-1.9587088570339608
INV_02,2020-01-09,1506.55,1.5848,-0.20683810416539927
INV_02,2020-01-10,0.0,0.0,0.0
INV_02,2020-01-13,-120.68,-0.4747,-0.11865280997105887
INV_02,2020-01-14,-1639.12,0.6256,-1.6424331723913221
INV_02,2020-01-15,0.0,0.0,0.0
INV_02,2020-01-16,21.86,-0.8057,0.27475929418512923
INV_02,2020-01-17,-2229.37,-0.3506,-1.649305591430674
INV_02,2020-01-20,-1371.68,-0.0905,-1.258920956518657
INV_02,2020-01-21,1615.77,1.3289,-0.11209195635733044
INV_02,2020-01-22,2186.45,0.5944,0.18723287856846083
INV_02,2020-01-23,822.37,0.8858,-0.08067269230026766
INV_02,2020-01-24,4410.75,-0.2337,0.6643736980952264
INV_02,2020-01-27,-4006.11,-0.9694,-2.2604155571685305
INV_02,2020-01-28,-1946.03,-0.707,-1.3887743387806082
INV_02,2020-01-29,303.37,0.4118,-0.025249812302263697
INV_02,2020-01-30,-578.67,0.1809,-0.7959275964345932
INV_02,2020-01-31,334.63,0.0147,0.10749539408592297
INV_02,2020-02-03,-3374.5,0.4866,-2.4533647113342765
INV_02,2020-02-04,0.0,0.0,0.0
INV_02,2020-02-05,-2221.12,0.2918,-1.8487481561170123
INV_02,2020-02-06,-3730.07,0.3306,-2.5571311921237325
INV_02,2020-02-07,2148.9,-0.3686,0.48833629318759547
INV_02,2020-02-10,-589.61,-0.3379,-0.6404302983662621
INV_02,2020-02-11,1364.43,-0.9262,0.570879057549722
INV_02,2020-02-12,-2224.65,-0.3798,-1.6376479702583981
INV_02,2020-02-13,-3537.22,-0.2449,-2.2922759965730273
INV_02,2020-02-14,2089.83,-0.0216,0.3717283750154322
INV_02,2020-02-17,-2088.7,0.0558,-1.7057705931539704
INV_02,2020-02-18,-1165.06,0.655,-1.3667369868126784
INV_02,2020-02-19,13487.93,-0.5504,1.3869852541307337
INV_02,2020-02-20,-10637.51,0.4143,-4.947242391075935
INV_02,2020-02-21,0.0,0.0,0.0
INV_02,2020-02-24,3255.1,-0.9455,0.785114178452946
INV_02,2020-02-25,-7692.7,-0.6495,-3.702770305472521
INV_02,2020-02-26,-8220.69,-1.36,-3.6482610774622257
INV_02,2020-02-27,767.16,0.086,0.16410478121589936
INV_02,2020-02-28,-977.19,-1.5208,-0.5529051738702415
INV_02,2020-03-02,1589.68,0.4028,0.17825746584087826
INV_02,2020-03-03,-179.15,0.3882,-0.47016768317826835
INV_02,2020-03-04,-15593.93,-1.0222,-5.8370411247642675
INV_02,2020-03-05,-1253.78,-1.3361,-0.7916566664551679
INV_02,2020-03-06,-17366.13,-0.8481,-6.334468789786526
INV_02,2020-03-09,0.0,0.0,0.0
INV_02,2020-03-10,-17099.46,-2.8978,-5.619233262154767
INV_02,2020-03-11,8412.7,0.9349,0.5982974794210708
INV_02,2020-03-12,-29913.05,-1.3811,-8.934522753907869
INV_02,2020-03-13,-17723.7,-1.8156,-6.115013381360251
INV_02,2020-03-16,0.0,0.0,0.0
INV_02,2020-03-17,0.0,0.0,0.0
INV_02,2020-03-18,0.0,0.0,0.0
INV_02,2020-03-19,0.0,0.0,0.0
INV_02,2020-03-20,-50683.41,-5.8562,-11.305737837568923
INV_02,2020-03-23,0.0,0.0,0.0
INV_02,2020-03-24,0.0,0.0,0.0
INV_02,2020-03-25,0.0,0.0,0.0
INV_02,2020-03-26,0.0,0.0,0.0
INV_02,2020-03-27,0.0,0.0,0.0
INV_02,2020-03-30,0.0,0.0,0.0
INV_02,2020-03-31,0.0,0.0,0.0
INV_02,2020-04-01,0.0,0.0,0.0
INV_02,2020-04-02,0.0,0.0,0.0
INV_02,2020-04-03,0.0,0.0,0.0
INV_02,2020-04-06,0.0,0.0,0.0
INV_02,2020-04-07,0.0,0.0,0.0
INV_02,2020-04-08,0.0,0.0,0.0
INV_02,2020-04-09,0.0,0.0,0.0
INV_02,2020-04-10,0.0,0.0,0.0
INV_02,2020-04-13,0.0,0.0,0.0
INV_02,2020-04-14,0.0,0.0,0.0
INV_02,2020-04-15,0.0,0.0,0.0
INV_02,2020-04-16,0.0,0.0,0.0
INV_02,2020-04-17,0.0,0.0,0.0
INV_02,2020-04-20,0.0,0.0,0.0
INV_02,2020-04-21,0.0,0.0,0.0
INV_02,2020-04-22,0.0,0.0,0.0
INV_02,2020-04-23,0.0,0.0,0.0
INV_02,2020-04-24,0.0,0.0,0.0
INV_02,2020-04-27,0.0,0.0,0.0
INV_02,2020-04-28,0.0,0.0,0.0
INV_02,2020-04-29,0.0,0.0,0.0
INV_02,2020-04-30,0.0,0.0,0.0
INV_02,2020-05-01,0.0,0.0,0.0
INV_02,2020-05-04,0.0,0.0,0.0
INV_02,2020-05-05,0.0,0.0,0.0
INV_02,2020-05-06,0.0,0.0,0.0
INV_02,2020-05-07,0.0,0.0,0.0
INV_02,2020-05-08,0.0,0.0,0.0
INV_02,2020-05-11,-29568.84,-5.9411,-7.419405905264599
INV_02,2020-05-12,-39677.16,0.8273,-11.504510424436775
INV_02,2020-05-13,31270.23,-1.6361,2.6024839038360326
INV_02,2020-05-14,-4330.39,-0.7178,-2.472165101665307
INV_02,2020-05-15,28552.77,-0.886,2.2462009942358945
INV_02,2020-05-18,37678.61,0.5102,2.1879270030789373
INV_02,2020-05-19,4225.62,1.5997,0.06710865850164527
INV_02,2020-05-20,912.0,0.818,-0.045393247554484956
INV_02,2020-05-21,35240.71,2.7702,1.3724385148769906
INV_02,2020-05-22,-296.77,-0.0966,-0.4498096910665327
INV_02,2020-05-25,0.0,0.0,0.0
INV_02,2020-05-26,-9473.21,-0.7407,-4.234683514717891
INV_02,2020-05-27,1791.98,0.6513,0.12401894400030158
INV_02,2020-05-28,10429.74,0.9435,0.7283780685803107
INV_02,2020-05-29,-7790.91,-1.1308,-3.582261526345308
INV_02,2020-06-01,-12828.51,-1.1907,-5.05578740844698
INV_02,2020-06-02,-521.28,0.6003,-0.8808323558815707
INV_02,2020-06-03,2452.5,-1.3239,0.8241666884733663
INV_02,2020-06-04,1166.78,-0.0224,0.25779304564302846
INV_02,2020-06-05,0.0,0.0,0.0
INV_02,2020-06-08,6982.98,1.626,0.2780860335915123
INV_02,2020-06-09,9176.01,0.9129,0.6567369620405306
INV_02,2020-06-10,936.63,-0.2461,0.295629203905299
INV_02,2020-06-11,2702.4,0.4743,0.280219870431885
INV_02,2020-06-12,-3253.16,0.367,-2.361864768337225
INV_02,2020-06-15,-2729.39,-0.0635,-1.9853563131899694
INV_02,2020-06-16,5035.69,0.9785,0.33268968613780664
INV_02,2020-06-17,8152.33,1.0863,0.5323720527065727
INV_02,2020-06-18,13677.33,-0.637,1.4253751358816018
INV_02,2020-06-19,5833.54,0.0966,0.6761188607520769
INV_02,2020-06-22,16083.18,1.2202,0.9712083201992554
INV_02,2020-06-23,4865.71,1.0998,0.280177347947198
INV_02,2020-06-24,535.18,0.7339,-0.08088748747797722
INV_02,2020-06-25,15495.24,-1.1482,1.6898089974874402
INV_02,2020-06-26,756.59,0.0631,0.16966187594610016
INV_02,2020-06-29,-2519.9,-0.322,-1.8028787135015096
INV_02,2020-06-30,-3650.52,0.0147,-2.423180538366306
INV_02,2020-07-01,-1085.41,-0.3274,-1.0036428870485912
INV_02,2020-07-02,-10140.37,-0.2121,-4.602496750122831
INV_02,2020-07-03,-14392.38,-0.1678,-5.797816259270272
INV_02,2020-07-06,-2894.16,0.2236,-2.15351956311899
INV_02,2020-07-07,8190.85,0.1942,0.8178333295174572
INV_02,2020-07-08,-6243.18,-0.0831,-3.390576599866148
INV_02,2020-07-09,1297.29,0.3121,0.16947255792758087
INV_02,2020-07-10,-22989.99,-0.4322,-7.773864027147961
INV_02,2020-07-13,-20887.73,-0.8164,-7.178295908500561
INV_02,2020-07-14,17446.16,-0.0268,1.4395452576583805
INV_02,2020-07-15,-5235.88,-0.237,-2.975734008062132
INV_02,2020-07-16,7253.35,0.6345,0.6120438589975381
INV_02,2020-07-17,9772.64,0.1553,0.9360680425354293
INV_02,2020-07-20,7761.98,0.4098,0.7195521661275222
INV_02,2020-07-21,-299.27,-0.3105,-0.3846058775040948
INV_02,2020-07-22,-483.51,-0.6362,-0.45621033087448143
INV_02,2020-07-23,5019.57,-0.5133,0.804264218560359
INV_02,2020-07-24,1275.15,-0.0349,0.2765125247116343
INV_02,2020-07-27,1217.56,0.6192,0.061378819224787745
INV_02,2020-07-28,-7468.4,0.5138,-3.9977557202107565
INV_02,2020-07-29,-4788.24,0.1517,-2.9283153646402877
INV_02,2020-07-30,-3855.07,-0.0162,-2.499809233153336
INV_02,2020-07-31,5894.18,0.5528,0.5362259680212762
INV_02,2020-08-03,0.0,0.0,0.0
INV_02,2020-08-04,7189.67,0.8242,0.5473040820720105
INV_02,2020-08-05,3250.68,-0.6047,0.676656017299526
INV_02,2020-08-06,4978.89,-0.1073,0.6722090307395541
INV_02,2020-08-07,1322.36,0.2014,0.20789347080802922
INV_02,2020-08-10,-8292.42,0.1613,-4.153400780218804
INV_02,2020-08-11,6809.08,0.2086,0.7146183355256928
INV_02,2020-08-12,10271.98,0.9037,0.730958841181879
INV_02,2020-08-13,9440.79,-0.1536,1.0123102326249047
INV_02,2020-08-14,15302.41,-0.6472,1.5203428152593925
INV_02,2020-08-17,-6747.92,0.5815,-3.776686650104193
INV_02,2020-08-18,3774.73,0.2056,0.4687919194383602
INV_02,2020-08-19,18410.61,-0.2762,1.5690630787346345
INV_02,2020-08-20,5951.73,-0.5533,0.8913255612724149
INV_02,2020-08-21,18048.28,-0.9306,1.757664522200352
INV_02,2020-08-24,1089.23,0.0897,0.21139593458761438
INV_02,2020-08-25,-4472.12,-0.35,-2.645334298289067
INV_02,2020-08-26,-8132.48,0.2084,-4.117200122166301
INV_02,2020-08-27,-1259.11,-0.3609,-1.1041194529101024
INV_02,2020-08-28,2113.65,0.0837,0.3410212237307009
INV_02,2020-08-31,-2683.6,0.2507,-2.0632249279662354
INV_02,2020-09-01,0.0,0.0,0.0
INV_02,2020-09-02,-1967.74,-0.2799,-1.5357299650395557
INV_02,2020-09-03,-2590.06,0.0722,-1.9618296649765312
INV_02,2020-09-04,-3746.03,-0.5583,-2.282102174658131
INV_02,2020-09-07,-6172.14,0.0532,-3.4086936817925286
INV_02,2020-09-08,2566.16,-0.2822,0.5059226051893909
INV_02,2020-09-09,9302.66,0.2054,0.8894037404774175
INV_02,2020-09-10,5093.82,-0.181,0.7050205947956975
INV_02,2020-09-11,4273.34,0.2551,0.49751459125341074
INV_02,2020-09-14,14357.26,-0.4738,1.4124699113687795
INV_02,2020-09-15,7628.53,-0.4991,0.9982391227497454
INV_02,2020-09-16,18564.33,-1.1483,1.8534731977279262
INV_02,2020-09-17,24688.32,0.6287,1.5903374532153474
INV_02,2020-09-18,13751.63,-0.0216,1.2345693496065602
INV_02,2020-09-21,17596.08,-1.6998,1.9777937368337095
INV_02,2020-09-22,8430.81,-1.5563,1.3892477062541382
INV_02,2020-09-23,-56.82,-0.2515,-0.08596291445338067
INV_02,2020-09-24,5403.38,-0.6662,0.8839088846066363
INV_02,2020-09-25,5014.16,-0.4549,0.7853060401067748
INV_02,2020-09-28,14898.02,-0.8214,1.553074987351181
INV_02,2020-09-29,-3244.75,-0.4911,-2.086106871004763
INV_02,2020-09-30,-7667.39,0.1806,-3.9576252989681087
INV_02,2020-10-01,0.0,0.0,0.0
INV_02,2020-10-02,3032.1,-0.6379,0.6659204193512063
INV_02,2020-10-05,-79398.15,0.4975,-17.731732390284897
INV_02,2020-10-06,-11008.82,0.3733,-5.041841365300008
INV_02,2020-10-07,8740.0,-0.8415,1.1836795471033947
INV_02,2020-10-08,19820.9,-0.0114,1.5572432700432297
INV_02,2020-10-09,12211.13,0.1694,1.0835890215609725
INV_02,2020-10-12,-144.22,-0.5734,-0.12009233826045138
INV_02,2020-10-13,-8608.03,-0.4985,-4.04412384011988
INV_02,2020-10-14,31905.18,-1.2163,2.4965592204032228
INV_02,2020-10-15,24972.18,-1.5194,2.284509612949802
INV_02,2020-10-16,-3433.45,0.4961,-2.482161886193766
INV_02,2020-10-19,-5393.35,1.0145,-3.431237771454889
INV_02,2020-10-20,1836.18,0.0334,0.3251199928435419
INV_02,2020-10-21,-49531.37,0.3846,-13.09061358636189
INV_02,2020-10-22,8108.97,-0.4658,1.0213818785503028
INV_02,2020-10-23,-435.86,0.1721,-0.669920751436679
INV_02,2020-10-26,-15034.93,-0.4309,-5.881328143576543
INV_02,2020-10-27,675.62,0.2082,0.11033149352984518
INV_02,2020-10-28,-12511.1,0.246,-5.424261372687454
INV_02,2020-10-29,21759.42,-0.2159,1.7182918566554828
INV_02,2020-10-30,0.0,0.0,0.0
INV_02,2020-11-02,-7333.65,-0.1356,-3.7471922705257046
INV_02,2020-11-03,16798.63,-0.2444,1.4740887279722723
INV_02,2020-11-04,4460.79,0.5945,0.40613840757121866
INV_02,2020-11-05,18159.74,-0.4563,1.6131222421009879
INV_02,2020-11-06,19791.89,-0.8805,1.8312831951759436
INV_02,2020-11-09,1112.97,0.2937,0.1500812956348726
INV_02,2020-11-10,75.96,1.3339,-0.3796847818812634
INV_02,2020-11-11,4340.03,0.4694,0.43537836355085235
INV_02,2020-11-12,-11141.54,-0.17,-4.907759417155168
INV_02,2020-11-13,204.01,-0.1104,0.11654521747659452
INV_02,2020-11-16,-644.7,-0.5516,-0.6169504437104596
INV_02,2020-11-17,2613.62,0.1357,0.3783924181562194
INV_02,2020-11-18,-1600.26,0.2127,-1.4894012381757475
INV_02,2020-11-19,-4245.67,0.0019,-2.666176189635704
INV_02,2020-11-20,971.93,0.0097,0.21978756609597389
INV_02,2020-11-23,-1655.22,0.0814,-1.479040768898191
INV_02,2020-11-24,909.4,0.3943,0.08852671658403996
INV_02,2020-11-25,9253.31,-0.1855,1.0100549682038726
INV_02,2020-11-26,2583.25,0.0714,0.39561546468509884
INV_02,2020-11-27,5275.46,-0.074,0.6858813846730645
INV_02,2020-11-30,11724.44,-0.242,1.1846006211400644
INV_02,2020-12-01,12177.43,0.6915,0.9160610278048884
INV_02,2020-12-02,947.68,0.5007,0.060543519729420875
INV_02,2020-12-03,853.36,0.1735,0.14995109792106415
INV_02,2020-12-04,8903.18,-0.1653,0.9803127150963211
INV_02,2020-12-07,15634.62,0.5054,1.173285806856277
INV_02,2020-12-08,21584.91,0.4225,1.507385589249769
INV_02,2020-12-09,2246.97,-0.2227,0.45291733227230346
INV_02,2020-12-10,-8426.21,0.2224,-4.215271771480269
INV_02,2020-12-11,8197.74,-0.7347,1.1127709452953571
INV_02,2020-12-14,2518.27,0.0513,0.3951810875496683
INV_02,2020-12-15,-9213.97,-0.234,-4.316151193763247
INV_02,2020-12-16,-1039.57,-0.1088,-1.0425884058936152
INV_02,2020-12-17,-8864.0,0.0106,-4.285559810077868
INV_02,2020-12-18,-4069.59,-0.0347,-2.582844820640484
INV_02,2020-12-21,-32.32,0.285,-0.2055557227357273
INV_02,2020-12-22,3487.16,-0.1339,0.5498479639711664
INV_02,2020-12-23,-3109.68,-0.1116,-2.1458568138231873
INV_02,2020-12-24,8144.45,0.2559,0.7950630062068813
INV_02,2020-12-25,0.0,0.0,0.0
INV_02,2020-12-28,9417.3,-0.235,1.0365692818058454
INV_02,2020-12-29,0.0,0.0,0.0
INV_02,2020-12-30,3807.29,0.31,0.4386587722986782
INV_02,2020-12-31,-1940.8,0.4165,-1.7421309629106347
INV_02,2021-01-01,0.0,0.0,0.0
INV_02,2021-01-04,7468.68,1.2275,0.4395285048568728
INV_02,2021-01-05,10460.95,-0.144,1.0750945567643386
INV_02,2021-01-06,-131.46,-0.1532,-0.2358138954025794
INV_02,2021-01-07,3499.94,-0.6902,0.7273918425279667
INV_02,2021-01-08,10634.77,-0.4427,1.1807659749688273
INV_02,2021-01-11,-278.72,0.9839,-0.7733005899976213
INV_02,2021-01-12,16167.71,-0.9335,1.658523441494872
INV_02,2021-01-13,24041.74,-0.5413,1.9309007464538936
INV_02,2021-01-14,0.0,0.0,0.0
INV_02,2021-01-15,48633.7,0.3923,2.6450532756279794
INV_02,2021-01-18,55488.51,-0.8805,3.293975882081351
INV_02,2021-01-19,422.72,1.824,-0.44783789942030694
INV_02,2021-01-20,27896.23,-0.8694,2.211715522425696
INV_02,2021-01-21,42041.71,0.157,2.47167983355132
INV_02,2021-01-22,39741.53,0.788,2.1819236902169576
INV_02,2021-01-25,40096.74,2.914,1.5219566724124842
INV_02,2021-01-26,-15401.39,1.1298,-6.470126786730335
INV_02,2021-01-27,5680.77,-0.3502,0.8057788939671442
INV_02,2021-01-28,0.0,0.0,0.0
INV_02,2021-01-29,-20960.98,1.6745,-7.984696729023952
INV_02,2021-02-01,-32633.41,0.1112,-9.947950629091816
INV_02,2021-02-02,-85712.75,-1.2842,-18.05473261009177
INV_02,2021-02-03,46095.09,-0.1275,2.7158475810070866
INV_02,2021-02-04,0.0,0.0,0.0
INV_02,2021-02-05,9490.84,-0.3584,1.080518667912977
INV_02,2021-02-08,0.0,-2.3194,0.7352498
INV_02,2021-02-09,6.95,-1.7894,0.5764918551774982
INV_02,2021-02-10,-90980.79,3.9565,-20.43899650974021
INV_02,2021-02-11,-16825.1,-0.2719,-6.383894090594115
INV_02,2021-02-12,55501.93,0.3047,2.9187370337607086
INV_02,2021-02-15,-22901.82,1.1906,-8.268739719403905
INV_02,2021-02-16,-32184.87,-1.7019,-9.285238087786137
INV_02,2021-02-17,2658.37,-0.3576,0.5394011218955574
INV_02,2021-02-18,26760.92,-0.1571,1.9347977270688574
INV_02,2021-02-19,1408.19,0.2839,0.19297204113993113
INV_02,2021-02-22,-23509.97,-0.4123,-7.894941112946525
INV_02,2021-02-23,-43690.39,-0.9419,-11.663364970992749
INV_02,2021-02-24,-4648.22,0.3934,-2.950407262339461
INV_02,2021-02-25,19827.26,0.7323,1.321811397561238
INV_02,2021-02-26,0.0,0.0,0.0
INV_02,2021-03-01,377.31,-0.1085,0.15556411145379223
INV_02,2021-03-02,-23409.18,0.0206,-8.009995452481066
INV_02,2021-03-03,-23197.93,-0.6308,-7.756913621289477
INV_02,2021-03-04,-19581.95,-0.7758,-6.888325506771158
INV_02,2021-03-05,6835.26,0.2457,0.7047895113821437
INV_02,2021-03-08,34574.07,1.2384,1.8305084025530451
INV_02,2021-03-09,3641.61,-0.1822,0.5795200303095521
INV_02,2021-03-10,-15360.33,-0.2062,-6.036116144782765
INV_02,2021-03-11,0.0,0.0,0.0
INV_02,2021-03-12,5366.05,0.4536,0.5259355357516908
INV_02,2021-03-15,-9859.38,-0.254,-4.505465588538084
INV_02,2021-03-16,-6189.79,-0.095,-3.3679574920514246
INV_02,2021-03-17,-11868.9,-0.023,-5.160604145881714
INV_02,2021-03-18,-16453.18,-0.1214,-6.339130532501851
INV_02,2021-03-19,-4313.08,-0.2591,-2.6106182419445103
INV_02,2021-03-22,8232.36,0.3397,0.7745773229901575
INV_02,2021-03-23,935.39,0.4834,0.06419212367304519
INV_02,2021-03-24,24042.9,0.4431,1.6189006123243332
INV_02,2021-03-25,-11240.81,0.3443,-5.0992173672025904
INV_02,2021-03-26,546.48,0.3891,0.030469995964590574
INV_02,2021-03-29,671.66,0.5537,0.0001417069983014052
INV_02,2021-03-30,-1636.83,0.051,-1.458985337598853
INV_02,2021-03-31,5022.49,-1.5147,1.1219483366589529
INV_02,2021-04-01,10695.94,-0.2728,1.130757716575122
INV_02,2021-04-02,0.0,0.0,0.0
INV_02,2021-04-05,4927.25,-0.1772,0.6900966437625138
INV_02,2021-04-06,12907.75,1.0325,0.8513553450596558
INV_02,2021-04-07,10498.84,-0.1571,1.0816469930547392
INV_02,2021-04-08,14650.41,0.4344,1.1411088332347885
INV_02,2021-04-09,22201.57,-1.1761,2.0441878958164637
INV_02,2021-04-12,21112.49,-0.1956,1.6800979434038106
INV_02,2021-04-13,0.0,0.0,0.0
INV_02,2021-04-14,0.0,0.0,0.0
INV_02,2021-04-15,15771.95,-0.7202,1.5693324696149618
INV_02,2021-04-16,-6651.78,0.2355,-3.633959634153183
INV_02,2021-04-19,-11607.8,-0.0662,-5.073405859843625
INV_02,2021-04-20,-39339.96,0.1951,-11.242479667563826
INV_02,2021-04-21,14427.44,-0.4144,1.3976102397394528
INV_02,2021-04-22,-24313.1,0.3811,-8.321954387301377
INV_02,2021-04-23,-12355.04,-0.7948,-5.051284796412926
INV_02,2021-04-26,0.0,0.0,0.0
INV_02,2021-04-27,-22173.42,-0.8776,-7.450556829727857
INV_02,2021-04-28,24981.84,0.6727,1.5900630083384324
INV_02,2021-04-29,259.53,-0.5935,0.2833613890602469
INV_02,2021-04-30,-3346.12,0.5132,-2.4493259140327375
INV_02,2021-05-03,-1613.3,-0.5367,-1.259292821401703
INV_02,2021-05-04,-10907.36,-0.311,-4.795647827837065
INV_02,2021-05-05,7303.06,-0.0052,0.8184134307446321
INV_02,2021-05-06,5113.5,-0.1952,0.711132288866628
INV_02,2021-05-07,7264.95,0.7016,0.5916104348085377
INV_02,2021-05-10,-20514.78,0.3555,-7.463997975344805
INV_02,2021-05-11,5840.54,-0.2965,0.8012775943041952
INV_02,2021-05-12,623.26,0.1962,0.10520905079852802
INV_02,2021-05-13,6300.17,0.1544,0.6937029349727402
INV_02,2021-05-14,0.0,0.0,0.0
INV_02,2021-05-17,19732.85,0.8878,1.2677486806436986
INV_02,2021-05-18,-569.46,0.5546,-0.906798588101577
INV_02,2021-05-19,743.7,-0.1394,0.23176705290978564
INV_02,2021-05-20,-4211.12,-0.5733,-2.4698480588688794
INV_02,2021-05-21,-6903.51,-0.3483,-3.535066243124901
INV_02,2021-05-24,-2438.11,0.2065,-1.9303610315680761
INV_02,2021-05-25,9735.81,0.0818,0.9569745844872032
INV_02,2021-05-26,0.0,0.0,0.0
INV_02,2021-05-27,0.0,0.0,0.0
INV_02,2021-05-28,7888.93,0.3853,0.7362400341371802
INV_02,2021-05-31,8922.98,0.0682,0.9076216528277246
INV_02,2021-06-01,16498.53,-0.5208,1.5455882932663043
INV_02,2021-06-02,8442.31,-0.7079,1.1210917143894434
INV_02,2021-06-03,6658.93,0.3092,0.6715967248829248
INV_02,2021-06-04,1459.18,0.5714,0.10839122732718909
INV_02,2021-06-07,19256.13,-1.2059,1.9072443094683158
INV_02,2021-06-08,-5137.43,-0.3325,-2.9083925907989583
INV_02,2021-06-09,8058.35,-0.3053,0.9669869654532719
INV_02,2021-06-10,6796.8,0.5222,0.6143000583094607
INV_02,2021-06-11,2138.95,-0.392,0.4946454328197635
INV_02,2021-06-14,9074.63,-1.0804,1.2818679229783048
INV_02,2021-06-15,1618.0,-0.2335,0.38346357041006784
INV_02,2021-06-16,344.81,0.6672,-0.09716154772962074
INV_02,2021-06-17,-5944.4,0.6711,-3.523431762063435
INV_02,2021-06-18,6957.99,-0.4013,0.9189101356178377
INV_02,2021-06-21,-548.39,-0.5728,-0.5318780893122227
INV_02,2021-06-22,-11279.63,-0.4061,-4.872431910935048
INV_02,2021-06-23,2611.0,-0.0812,0.4468776195171166
INV_02,2021-06-24,0.0,0.0,0.0
INV_02,2021-06-25,3384.7,0.1745,0.4424331884019027
INV_02,2021-06-28,-8581.48,0.4869,-4.348144289834014
INV_02,2021-06-29,-8635.2,-0.4916,-4.054848024354327
INV_02,2021-06-30,-14653.53,-0.0373,-5.907337055890705
INV_02,2021-07-01,-1005.24,-0.3314,-0.9489813079985477
INV_02,2021-07-02,-1395.65,0.6027,-1.4931111982730991
INV_02,2021-07-05,-5413.88,-0.1801,-3.0601674254948263
INV_02,2021-07-06,9259.29,-1.4524,1.4120581224728532
INV_02,2021-07-07,-8872.95,0.8583,-4.557064702424526
INV_02,2021-07-08,807.71,0.6003,0.007525956104946524
INV_02,2021-07-09,6328.21,0.2914,0.6524008540513194
INV_02,2021-07-12,471.09,0.257,0.058321900398995916
INV_02,2021-07-13,3111.09,0.2457,0.39356316313459144
INV_02,2021-07-14,10567.22,-0.4846,1.1897875041448014
INV_02,2021-07-15,4367.16,0.3018,0.4908566884234386
INV_02,2021-07-16,-4415.89,0.302,-2.8296495870158145
INV_02,2021-07-19,8168.0,1.0803,0.5353589536160615
INV_02,2021-07-20,-3555.78,0.697,-2.598859008647363
INV_02,2021-07-21,0.0,0.0,0.0
INV_02,2021-07-22,-7509.48,0.4827,-4.001468158326826
INV_02,2021-07-23,0.0,0.0,0.0
INV_02,2021-07-26,-8490.5,-0.3932,-4.0404646240036435
INV_02,2021-07-27,-2372.54,-0.2021,-1.7683789781829171
INV_02,2021-07-28,940.79,0.0181,0.2124997577765205
INV_02,2021-07-29,9518.18,-0.0625,0.988511207632796
INV_02,2021-07-30,-5101.13,0.0866,-3.027516108936815
INV_02,2021-08-02,-1369.6,0.439,-1.4255146963370144
INV_02,2021-08-03,-3622.16,1.5415,-2.895059297075142
INV_02,2021-08-04,-1274.63,0.0607,-1.247418260028708
INV_02,2021-08-05,-10430.29,-1.5185,-4.273916892494967
INV_02,2021-08-06,1893.61,0.4581,0.19721490267605823
INV_02,2021-08-09,-9256.86,0.1674,-4.456545212243695
INV_02,2021-08-10,-7633.77,0.3758,-4.008481153398103
INV_02,2021-08-11,2543.82,0.0932,0.38458229564318946
INV_02,2021-08-12,-10499.64,-0.8856,-4.494883779174344
INV_02,2021-08-13,5013.13,-0.3361,0.7475616259364507
INV_02,2021-08-16,1325.97,-0.5599,0.4497030800097654
INV_02,2021-08-17,20432.07,0.1017,1.5520747532315509
INV_02,2021-08-18,28692.2,-0.757,2.2114832434665996
INV_02,2021-08-19,3147.94,-1.0976,0.8229779432259068
INV_02,2021-08-20,-14963.79,1.2892,-6.408246661059898
INV_02,2021-08-23,21258.58,1.519,1.1437714717038368
INV_02,2021-08-24,33605.38,-1.6645,2.710412970969815
INV_02,2021-08-25,-9000.71,0.9172,-4.615368786505797
INV_02,2021-08-26,15128.92,3.3767,0.23514450365900208
INV_02,2021-08-27,-6460.66,1.0216,-3.816952398808593
INV_02,2021-08-30,-18950.63,0.3589,-7.099037840874774
INV_02,2021-08-31,-4030.77,1.9403,-3.1929582842796678
INV_02,2021-09-01,-4293.81,2.2291,-3.391623700446664
INV_02,2021-09-02,26322.82,0.1175,1.8278179400410506
INV_02,2021-09-03,-1454.11,-0.0675,-1.3155242428652734
INV_02,2021-09-06,732.68,-1.2661,0.5871362129001182
INV_02,2021-09-07,-37221.04,1.6874,-11.323904645912515
INV_02,2021-09-08,-34093.5,-0.4013,-10.068882418504248
INV_02,2021-09-09,30606.11,-0.4926,2.211384238557657
INV_02,2021-09-10,-13021.35,-0.2052,-5.420648681024363
INV_02,2021-09-13,-6767.44,-3.418,-2.5155339953818343
INV_02,2021-09-14,-5613.5,2.0666,-3.8459143091794212
INV_02,2021-09-15,11748.39,1.4158,0.6605349448079476
INV_02,2021-09-16,-2425.26,-0.4808,-1.7061511589184304
INV_02,2021-09-17,-12913.71,0.4529,-5.600019717844903
INV_02,2021-09-20,0.0,0.0,0.0
INV_02,2021-09-21,-7977.83,-0.1375,-3.9577680843805556
INV_02,2021-09-22,-1983.31,0.6677,-1.8443853552060776
INV_02,2021-09-23,6581.32,0.392,0.6395604869287014
INV_02,2021-09-24,6123.71,0.5573,0.5525203732076577
INV_02,2021-09-27,35266.04,-0.714,2.477971554789023
INV_02,2021-09-28,-2711.58,1.0241,-2.32168809808723
INV_02,2021-09-29,-1967.5,1.8944,-2.2248554660068294
INV_02,2021-09-30,6461.8,0.3823,0.633673070898868
INV_02,2021-10-01,-2881.07,0.3526,-2.1883414677270623
INV_02,2021-10-04,11612.55,-0.8644,1.3750808513075685
INV_02,2021-10-05,3082.79,-0.2468,0.5469193524218658
INV_02,2021-10-06,6463.62,1.2851,0.347622385458565
INV_02,2021-10-07,21631.36,-1.1495,2.007983366268789
INV_02,2021-10-08,3096.52,-0.4034,0.5979047769742697
INV_02,2021-10-11,3689.81,-1.4634,0.9900974783488823
INV_02,2021-10-12,-533.16,0.0198,-0.7069080345081353
INV_02,2021-10-13,-15713.9,-0.5958,-6.0026935498596545
INV_02,2021-10-14,8948.87,0.4807,0.7785946036989466
INV_02,2021-10-15,-4921.98,0.3498,-3.042666818654134
INV_02,2021-10-18,14156.28,-0.8568,1.5224729269788688
INV_02,2021-10-19,0.0,0.0,0.0
INV_02,2021-10-20,0.0,0.0,0.0
INV_02,2021-10-21,8591.54,-0.0889,0.9350444075635647
INV_02,2021-10-22,-6099.13,1.3692,-3.7999725360850674
INV_02,2021-10-25,-9485.51,1.777,-5.036530794503155
INV_02,2021-10-26,4674.55,0.0666,0.5916788833249026
INV_02,2021-10-27,12932.07,0.1143,1.1438544324640825
INV_02,2021-10-28,9698.87,-1.0083,1.3001329400815194
INV_02,2021-10-29,-4525.23,0.8958,-3.0612886778979713
INV_02,2021-11-01,-11953.22,0.0542,-5.208690673527686
INV_02,2021-11-02,8216.2,-0.8678,1.1562391102056686
INV_02,2021-11-03,20229.38,-1.7987,2.144362050933061
INV_02,2021-11-04,0.0,0.0,0.0
INV_02,2021-11-05,33739.04,-3.0061,3.1412871721695037
INV_02,2021-11-08,185209.41,-12.5706,10.53689701135712
INV_02,2021-11-09,-45011.65,1.5346,-12.680142968851214
INV_02,2021-11-10,27372.51,-0.9603,2.2170435752686486
INV_02,2021-11-11,106538.75,-6.8758,6.768595154416352
INV_02,2021-11-12,40547.05,-2.6438,3.3014325754194345
INV_02,2021-11-15,74215.7,-4.7481,5.140941858214051
INV_02,2021-11-16,158682.16,-8.5056,8.627441466728696
INV_02,2021-11-17,2626.55,1.137,0.06232173677314157
INV_02,2021-11-18,0.0,0.0,0.0
INV_02,2021-11-19,-263424.29,13.9267,-42.45959822362866
INV_02,2021-11-22,45726.18,-2.0286,3.3046871698826656
INV_02,2021-11-23,-36234.33,3.3963,-11.680555382547679
INV_02,2021-11-24,-46042.43,2.7674,-13.250044767724244
INV_02,2021-11-25,19608.77,-0.734,1.7755788809892867
INV_02,2021-11-26,47654.9,-1.3452,3.1598163170239175
INV_02,2021-11-29,-2456.99,0.3251,-1.9772446131111403
INV_02,2021-11-30,32648.81,-0.6664,2.353796885318493
INV_02,2021-12-01,-37342.16,2.872,-11.722019446794928
INV_02,2021-12-02,-2033.05,0.3023,-1.7548073821970862
INV_02,2021-12-03,-30247.32,1.0229,-9.763905442141478
INV_02,2021-12-06,12003.41,0.9017,0.838953021532718
INV_02,2021-12-07,975.99,0.3844,0.1016067551899979
INV_02,2021-12-08,-41269.1,2.2926,-12.257458869338391
INV_02,2021-12-09,56408.84,-2.7152,3.9076841801953175
INV_02,2021-12-10,15162.55,1.3493,0.8796985296587227
INV_02,2021-12-13,-16870.3,3.8795,-7.7110763233074175
INV_02,2021-12-14,22984.93,-0.0134,1.7133554237988706
INV_02,2021-12-15,-7010.42,0.0355,-3.692988368097398
INV_02,2021-12-16,-22334.16,0.7923,-8.015950402891136
INV_02,2021-12-17,20962.55,-0.237,1.6858117510351889
INV_02,2021-12-20,-16392.75,-0.5459,-6.189469100110938
INV_02,2021-12-21,-8379.31,0.0642,-4.150250757125324
INV_02,2021-12-22,69555.21,-2.9349,4.417430405064356
INV_02,2021-12-23,-6900.29,1.0993,-3.992860321771142
INV_02,2021-12-24,23219.93,-1.2071,2.1029912396498744
INV_02,2021-12-27,-7873.29,-0.4181,-3.8349717894554067
INV_02,2021-12-28,-13390.16,0.3969,-5.711077159451366
INV_02,2021-12-29,-6790.83,0.356,-3.71989792004189
INV_02,2021-12-30,-9701.19,0.7488,-4.7758311139847205
INV_02,2021-12-31,12466.77,-0.1556,1.2018905047054251
INV_02,2022-01-03,125117.14,-4.4553,6.501793841016351
INV_02,2022-01-04,58872.48,-3.102,4.1153468921445
INV_02,2022-01-05,-23883.56,1.9969,-8.740558158645715
INV_02,2022-01-06,6056.75,2.0418,0.07678902254551834
INV_02,2022-01-07,17738.8,-0.1352,1.489320999411429
INV_02,2022-01-10,-2937.84,1.0339,-2.430572949205576
INV_02,2022-01-11,8523.34,-0.6683,1.1140716597877272
INV_02,2022-01-12,-14232.85,0.1648,-5.861401302862514
INV_02,2022-01-13,4366.5,-0.8463,0.8547473022929951
INV_02,2022-01-14,0.0,0.0,0.0
INV_02,2022-01-17,0.0,0.0,0.0
INV_02,2022-01-18,53007.44,-1.2899,3.3362366263207948
INV_02,2022-01-19,-1640.9,1.472,-1.9117517224279599
INV_02,2022-01-20,-7298.4,0.4878,-3.9330676784473146
INV_02,2022-01-21,-7350.16,-0.0456,-3.7812151290869904
INV_02,2022-01-24,-12491.22,0.6329,-5.541436228913795
INV_02,2022-01-25,-38319.08,2.42,-11.760049627810844
INV_02,2022-01-26,-24543.98,-0.722,-8.022341365198407
INV_02,2022-01-27,-34993.96,0.5835,-10.55368362932245
INV_02,2022-01-28,-14161.98,-0.9738,-5.481820404340546
INV_02,2022-01-31,26371.35,-1.8798,2.4631757228502944
INV_02,2022-02-01,14729.97,-0.392,1.4075456947015748
INV_02,2022-02-02,-9424.57,-0.713,-4.228672055216314
INV_02,2022-02-03,28236.9,-4.33,3.3239194965945487
INV_02,2022-02-04,0.0,0.0,0.0
INV_02,2022-02-07,375.43,2.6479,-0.7186038456789603
INV_02,2022-02-08,-36698.6,0.6052,-10.883077258750863
INV_02,2022-02-09,-61128.6,0.6402,-15.053227962763168
INV_02,2022-02-10,5148.03,-2.9959,1.6017742466385236
INV_02,2022-02-11,19618.67,0.4584,1.3980896950647623
INV_02,2022-02-14,11407.43,1.9265,0.4778007979290946
INV_02,2022-02-15,12843.29,-0.3143,1.2744969205984682
INV_02,2022-02-16,0.0,0.0,0.0
INV_02,2022-02-17,11528.46,-1.0448,1.4271263002701333
INV_02,2022-02-18,-57780.75,3.2496,-15.351399208297474
INV_02,2022-02-21,-80166.33,2.413,-18.448257026128932
INV_02,2022-02-22,3924.99,-5.2457,2.210447296321429
INV_02,2022-02-23,-77799.37,4.5658,-18.792663801370065
INV_02,2022-02-24,-77331.46,0.9493,-17.578979008382483
INV_02,2022-02-25,70953.59,-9.9268,6.678850919438986
INV_02,2022-02-28,65773.0,0.4352,3.225783672954694
INV_02,2022-03-01,0.0,0.0,0.0
INV_02,2022-03-02,-9981.17,5.7757,-6.4532828638933095
INV_02,2022-03-03,-38228.81,0.2857,-11.0667921828982
INV_02,2022-03-04,2039.56,-2.5889,1.1798855752176312
INV_02,2022-03-07,-55019.67,4.726,-15.374865350706466
INV_02,2022-03-08,-83782.32,2.4113,-18.957347115785552
INV_02,2022-03-09,-54503.17,0.1146,-13.829017881461429
INV_02,2022-03-10,106274.86,-11.3085,8.166437738881584
INV_02,2022-03-11,-25830.92,10.1438,-11.742882384425377
INV_02,2022-03-14,-15177.61,-1.065,-5.717035099456499
INV_02,2022-03-15,-42597.62,1.7015,-12.307777794845506
INV_02,2022-03-16,-7499.89,-2.3205,-3.1096879874431305
INV_02,2022-03-17,0.0,0.0,0.0
INV_02,2022-03-18,26275.2,-1.4924,2.3359826538786366
INV_02,2022-03-21,12146.48,0.945,0.833842502207692
INV_02,2022-03-22,-18391.95,2.1017,-7.51818028373834
INV_02,2022-03-23,-3780.16,-0.4293,-2.3374004690990873
INV_02,2022-03-24,-13424.18,0.9055,-5.881437791928899
INV_02,2022-03-25,-10644.65,1.2044,-5.199785562827136
INV_02,2022-03-28,-47266.86,3.9357,-13.831303655311489
INV_02,2022-03-29,-71161.21,1.259,-16.77624259909479
INV_02,2022-03-30,209.88,-4.7832,1.599326259341663
INV_02,2022-03-31,20246.41,-5.7286,3.390993658626113
INV_02,2022-04-01,-99907.1,-4.2314,-19.035325088098563
INV_02,2022-04-04,-13043.74,-4.1484,-4.176726996448966
INV_02,2022-04-05,69401.39,1.5371,2.9948381897653578
INV_02,2022-04-06,-45467.09,0.782,-12.520882317693127
INV_02,2022-04-07,-54129.0,-0.4466,-13.59006348957939
INV_02,2022-04-08,-18702.84,-0.1627,-6.874732388319942
INV_02,2022-04-11,0.0,0.0,0.0
INV_02,2022-04-12,0.0,0.0,0.0
INV_02,2022-04-13,0.0,0.0,0.0
INV_02,2022-04-14,0.0,0.0,0.0
INV_02,2022-04-15,0.0,0.0,0.0
INV_02,2022-04-18,0.0,0.0,0.0
INV_02,2022-04-19,0.0,0.0,0.0
INV_02,2022-04-20,0.0,0.0,0.0
INV_02,2022-04-21,0.0,0.0,0.0
INV_02,2022-04-22,0.0,0.0,0.0
INV_02,2022-04-25,-76854.55,-3.9433,-15.959327669466873
INV_02,2022-04-26,-79822.64,-2.7792,-16.753469239597454
INV_02,2022-04-27,45516.84,6.5832,0.5668928777331561
INV_02,2022-04-28,25182.81,3.9722,0.5534506723256931
INV_02,2022-04-29,-553.97,0.2688,-0.8033320318694213
INV_02,2022-05-02,0.0,0.0,0.0
INV_02,2022-05-03,0.0,0.0,0.0
INV_02,2022-05-04,10043.85,-0.8151,1.2612084401875703
INV_02,2022-05-05,-15144.13,0.0687,-6.067813474045619
INV_02,2022-05-06,-20789.27,-1.318,-6.996693165297018
INV_02,2022-05-09,15612.27,0.3346,1.2262014619812216
INV_02,2022-05-10,0.0,0.0,0.0
INV_02,2022-05-11,0.0,0.0,0.0
INV_02,2022-05-12,24533.96,1.3832,1.343946920878843
INV_02,2022-05-13,40885.96,1.6612,1.9499877149167641
INV_02,2022-05-16,0.0,0.0,0.0
INV_02,2022-05-17,48751.71,1.4384,2.3177653870213732
INV_02,2022-05-18,-4116.39,-0.1754,-2.5574136982612874
INV_02,2022-05-19,-26479.4,-1.1369,-8.304156297403114
INV_02,2022-05-20,6885.85,1.1751,0.4138954049209967
INV_02,2022-05-23,33203.17,0.6807,1.9501242255433602
INV_02,2022-05-24,1854.32,-1.1513,0.7028019966136658
INV_02,2022-05-25,-6547.2,-0.7683,-3.2796153497861185
INV_02,2022-05-26,-1897.35,-1.1237,-1.2305802212166619
INV_02,2022-05-27,-21636.99,1.3279,-8.028762361587736
INV_02,2022-05-30,-14712.65,0.6982,-6.155858889116386
INV_02,2022-05-31,-18072.3,0.0415,-6.788166387044383
INV_02,2022-06-01,2957.43,-1.1437,0.8188722878876047
INV_02,2022-06-02,12205.01,-0.4132,1.2679061160063123
INV_02,2022-06-03,763.23,-0.9638,0.49625947042432894
INV_02,2022-06-06,-30361.0,-1.5706,-8.964598186531976
INV_02,2022-06-07,-7785.3,-2.665,-3.0940924791542086
INV_02,2022-06-08,18983.31,1.4042,1.0658931806011693
INV_02,2022-06-09,9803.67,0.6972,0.7662993658564795
INV_02,2022-06-10,10406.67,-1.1545,1.3919798725241783
INV_02,2022-06-13,-3317.56,-0.3022,-2.178255946634569
INV_02,2022-06-14,0.0,0.0,0.0
INV_02,2022-06-15,-18090.44,-0.8653,-6.505089456427778
INV_02,2022-06-16,-10552.46,0.006,-4.79297890937296
INV_02,2022-06-17,-25729.83,-1.6295,-7.989239841665542
INV_02,2022-06-20,-3576.41,0.1559,-2.436205915617188
INV_02,2022-06-21,12119.33,0.4421,0.9916296363936378
INV_02,2022-06-22,2175.84,0.1957,0.3124458004943345
INV_02,2022-06-23,417.22,0.8613,-0.1437569243689361
INV_02,2022-06-24,18210.04,0.0126,1.4670991065276737
INV_02,2022-06-27,-22584.33,-1.6759,-7.289431910050345
INV_02,2022-06-28,-11554.39,-0.8676,-4.8042540550065445
INV_02,2022-06-29,3049.12,0.3237,0.3627678216408635
INV_02,2022-06-30,-1330.84,-0.5604,-1.085141050650794
INV_02,2022-07-01,28871.64,-0.5741,2.161435507455281
INV_02,2022-07-04,2669.94,-1.7071,0.9683858410412889
INV_02,2022-07-05,-19635.07,-0.5292,-6.9789550971051755
INV_02,2022-07-06,-18530.27,-0.4006,-6.7580930459905515
INV_02,2022-07-07,-7651.3,-0.1258,-3.855223434520463
INV_02,2022-07-08,-450.81,0.7508,-0.8668798459409129
INV_02,2022-07-11,21029.03,2.2594,0.8977406942888938
INV_02,2022-07-12,2757.56,0.937,0.13918347459472646
INV_02,2022-07-13,0.0,0.0,0.0
INV_02,2022-07-14,-5306.68,-0.7201,-2.8490953386877824
INV_02,2022-07-15,25287.95,0.4732,1.6675037791282505
INV_02,2022-07-18,8807.44,0.1978,0.8587716474880942
INV_02,2022-07-19,4473.27,1.1195,0.24078417167492705
INV_02,2022-07-20,10096.81,-0.1113,1.0415059672323503
INV_02,2022-07-21,5428.72,-0.4629,0.8214928107941128
INV_02,2022-07-22,3364.9,-0.9154,0.7860543553532587
INV_02,2022-07-25,-10393.74,-0.256,-4.663391369662399
INV_02,2022-07-26,-4980.68,-0.2195,-2.884668433451666
INV_02,2022-07-27,-2251.99,-0.2057,-1.7067214187204325
INV_02,2022-07-28,6762.24,0.2876,0.6861123044870494
INV_02,2022-07-29,0.0,0.7605,-0.2410785
INV_02,2022-08-01,12225.31,-1.1659,1.507729451133423
INV_02,2022-08-02,27227.76,0.0431,1.8924460391485711
INV_02,2022-08-03,16022.28,2.0579,0.7023436081180545
INV_02,2022-08-04,31273.71,1.0196,1.7607763485466519
INV_02,2022-08-05,29894.3,-0.4681,2.172706564069018
INV_02,2022-08-08,40271.99,-0.6778,2.6674358672434755
INV_02,2022-08-09,28304.63,-1.7636,2.513383638942038
INV_02,2022-08-10,33181.66,2.0364,1.519463600223472
INV_02,2022-08-11,0.0,0.0,0.0
INV_02,2022-08-12,80767.03,-0.8789,4.1179707070030025
INV_02,2022-08-15,-586.61,0.8628,-1.0186004637955972
INV_02,2022-08-16,7361.4,-2.4247,1.5895908662179838
INV_02,2022-08-17,-9880.84,-2.3186,-3.8574132350406214
INV_02,2022-08-18,-184.91,0.5327,-0.5231207844365997
INV_02,2022-08-19,-10043.09,0.7341,-4.8735425502622975
INV_02,2022-08-22,-7076.55,1.9581,-4.3247814063060295
INV_02,2022-08-23,-2163.72,-0.4477,-1.5849617753864405
INV_02,2022-08-24,-1459.29,-1.4144,-0.8916220758736948
INV_02,2022-08-25,-39634.23,0.0621,-11.254106946244585
INV_02,2022-08-26,-2070.19,0.0595,-1.6972941657891305
INV_02,2022-08-29,-18353.05,0.1418,-6.887555465305298
INV_02,2022-08-30,18285.67,-0.176,1.530817082003084
INV_02,2022-08-31,44103.08,-0.8039,2.8552232898944894
INV_02,2022-09-01,45396.85,-0.5051,2.809376582568465
INV_02,2022-09-02,20722.04,-1.235,1.9902522795812971
INV_02,2022-09-05,19668.18,-0.5938,1.7341443212873284
INV_02,2022-09-06,24202.33,-2.6352,2.6022260646159454
INV_02,2022-09-07,12430.76,-0.1328,1.192517821660422
INV_02,2022-09-08,10070.62,1.0549,0.6701389292637432
INV_02,2022-09-09,41176.8,-0.5596,2.6653123896045794
INV_02,2022-09-12,46196.19,-2.0211,3.319896299029846
INV_02,2022-09-13,11014.2,-1.4005,1.5081449016690933
INV_02,2022-09-14,32301.86,-0.4237,2.2621703472069603
INV_02,2022-09-15,37386.32,0.1063,2.304208606291174
INV_02,2022-09-16,-4798.39,-0.1856,-2.825321684030322
INV_02,2022-09-19,-3842.0,-0.3858,-2.3771734832674847
INV_02,2022-09-20,18099.42,-2.0335,2.109951519942263
INV_02,2022-09-21,24752.96,-0.9498,2.0937381385087437
INV_02,2022-09-22,16347.55,0.0655,1.3515821886723147
INV_02,2022-09-23,-10730.87,-0.2798,-4.754390141810024
INV_02,2022-09-26,-29789.97,0.2173,-9.41636255221505
INV_02,2022-09-27,247.62,0.2271,0.02039356398914917
INV_02,2022-09-28,-3934.57,0.8536,-2.8086822413655876
INV_02,2022-09-29,-56.0,-0.4861,-0.010050839418939667
INV_02,2022-09-30,11466.24,-0.7626,1.333856106370411
INV_02,2022-10-03,-54574.92,-0.6056,-13.61240498608072
INV_02,2022-10-04,-113193.6,0.8818,-22.362355869629265
INV_02,2022-10-05,15755.62,-0.5474,1.513660524946326
INV_02,2022-10-06,-32519.83,-0.3238,-9.787823213897445
INV_02,2022-10-07,-19983.59,-0.4659,-7.0804586126922375
INV_02,2022-10-10,0.0,0.0,0.0
INV_02,2022-10-11,-48425.68,-1.2019,-12.40050637190937
INV_02,2022-10-12,9533.81,0.6856,0.7523876322005614
INV_02,2022-10-13,58765.72,0.5221,2.9628483310705316
INV_02,2022-10-14,-3806.52,-0.5581,-2.3076650002347647
INV_02,2022-10-17,-27274.26,-0.5057,-8.670863546445037
INV_02,2022-10-18,-26954.97,0.0266,-8.772884292902415
INV_02,2022-10-19,828.8,0.0595,0.18227071395341682
INV_02,2022-10-20,-33994.76,-0.1802,-10.119944335005076
INV_02,2022-10-21,-23511.6,0.9904,-8.339955353304994
INV_02,2022-10-24,0.0,0.0,0.0
INV_02,2022-10-25,-28956.31,0.2789,-9.266578865137571
INV_02,2022-10-26,31751.22,-0.081,2.13010324141459
INV_02,2022-10-27,31555.05,0.5009,1.9372585016932242
INV_02,2022-10-28,-24967.7,0.3662,-8.4587566152896
INV_02,2022-10-31,-11837.81,-1.1619,-4.790850917825392
INV_02,2022-11-01,-15465.37,1.8246,-6.706717612355052
INV_02,2022-11-02,3157.35,-0.557,0.6525217454312018
INV_02,2022-11-03,-6939.5,-0.2144,-3.5897403876839324
INV_02,2022-11-04,-468.25,0.0973,-0.6752819565644846
INV_02,2022-11-07,0.0,0.0,0.0
INV_02,2022-11-08,-21872.68,-1.0648,-7.323542639680409
INV_02,2022-11-09,19602.93,-0.472,1.692228937074289
INV_02,2022-11-10,13002.57,-0.164,1.2362145814020078
INV_02,2022-11-11,13658.08,-0.1595,1.2728984381157085
INV_02,2022-11-14,410.25,-0.5534,0.3033079955719753
INV_02,2022-11-15,-14158.93,0.1304,-5.831048656360794
INV_02,2022-11-16,-24986.42,-1.4713,-7.880296845366132
INV_02,2022-11-17,-4485.52,0.1496,-2.809023313180646
INV_02,2022-11-18,-32590.1,-0.914,-9.61448788270104
INV_02,2022-11-21,-9274.52,0.0358,-4.420236320834639
INV_02,2022-11-22,52896.69,-0.0819,2.949360344112937
INV_02,2022-11-23,12920.26,1.489,0.7073803836904229
INV_02,2022-11-24,-10983.86,-1.4307,-4.462781533878283
INV_02,2022-11-25,12533.4,2.3672,0.4061261861396621
INV_02,2022-11-28,11012.24,2.1799,0.37303614081897096
INV_02,2022-11-29,2637.56,0.8741,0.14680141346809655
INV_02,2022-11-30,19499.85,2.0693,0.881408046102847
INV_02,2022-12-01,19105.21,-0.9328,1.8129637515356358
INV_02,2022-12-02,20193.35,-0.0704,1.5946847830828188
INV_02,2022-12-05,16422.06,0.1801,1.3192789296552394
INV_02,2022-12-06,13586.65,0.0489,1.2027149204153649
INV_02,2022-12-07,0.0,0.0,0.0
INV_02,2022-12-08,6207.79,-0.0886,0.7637026609825746
INV_02,2022-12-09,-12005.42,0.1807,-5.263380257879717
INV_02,2022-12-12,-1319.65,0.1543,-1.3048528128798003
INV_02,2022-12-13,-10397.73,0.3242,-4.848487644484108
INV_02,2022-12-14,35889.72,-1.6019,2.784999940547481
INV_02,2022-12-15,-11753.56,-0.3376,-5.028477592907472
INV_02,2022-12-16,-7338.63,-0.0279,-3.782990474206989
INV_02,2022-12-19,-27488.94,0.1203,-8.914008477605373
INV_02,2022-12-20,-21524.73,-0.5911,-7.394995910487698
INV_02,2022-12-21,-1927.25,-1.3788,-1.1657725248611883
INV_02,2022-12-22,-10662.42,0.2955,-4.916842463769046
INV_02,2022-12-23,-9390.08,-0.0924,-4.4148967103777945
INV_02,2022-12-26,0.0,0.0,0.0
INV_02,2022-12-27,19188.98,-0.0817,1.5474460583627943
INV_02,2022-12-28,-9051.71,-0.3206,-4.238751032710923
INV_02,2022-12-29,-4931.99,0.1435,-2.9811081555900483
INV_02,2022-12-30,924.63,0.301,0.1203988709535932
INV_02,2023-01-02,422.88,0.1582,0.08025247676788325
INV_02,2023-01-03,15065.55,-0.5556,1.478159227550161
INV_02,2023-01-04,-11536.95,0.0262,-5.082650047590492
INV_02,2023-01-05,-3907.51,-0.4977,-2.3690648543851345
INV_02,2023-01-06,0.0,0.0,0.0
INV_02,2023-01-09,-24387.36,0.4171,-8.349489138482802
INV_02,2023-01-10,-5784.76,-0.2053,-3.18807757113943
INV_02,2023-01-11,-3177.8,0.0481,-2.2271342886666248
INV_02,2023-01-12,-15576.44,0.6447,-6.360997363420367
INV_02,2023-01-13,0.0,-0.8565,0.27151050000000004
INV_02,2023-01-16,0.0,0.0,0.0
INV_02,2023-01-17,24735.83,1.415,1.3432975041039572
INV_02,2023-01-18,-14988.24,1.0236,-6.330362735035823
INV_02,2023-01-19,8705.66,0.4851,0.7608256142004413
INV_02,2023-01-20,35633.38,0.8995,1.9815682902109324
INV_02,2023-01-23,23378.33,1.9034,1.1245113761646164
INV_02,2023-01-24,-23076.32,0.3228,-8.0323170624905
INV_02,2023-01-25,18721.47,-0.4595,1.6432307894118852
INV_02,2023-01-26,12061.92,-1.1305,1.4866882492013125
INV_02,2023-01-27,20326.48,-0.7335,1.8115555382494755
INV_02,2023-01-30,-3539.36,-0.9329,-2.075103253415251
INV_02,2023-01-31,2712.11,-0.8147,0.6898285619947473
INV_02,2023-02-01,-147.59,1.2764,-0.711002752847453
INV_02,2023-02-02,4012.91,0.2107,0.48863622382793837
INV_02,2023-02-03,25628.81,0.143,1.7879165627519114
INV_02,2023-02-06,-2557.51,-0.78,-1.6759544684783512
INV_02,2023-02-07,-17935.26,-0.664,-6.531393179856354
INV_02,2023-02-08,11436.39,-0.8359,1.3552604076405164
INV_02,2023-02-09,567.0,-0.5784,0.3408625673132484
INV_02,2023-02-10,-14338.84,0.5226,-6.0026465263219775
INV_02,2023-02-13,-19448.63,-0.9517,-6.801246672615043
INV_02,2023-02-14,-27716.37,0.1031,-8.955778586473443
INV_02,2023-02-15,-4012.39,0.1085,-2.6047013404161117
INV_02,2023-02-16,47391.65,-0.403,2.851405264233135
INV_02,2023-02-17,13890.77,-1.1097,1.587482592819617
INV_02,2023-02-20,50325.93,-0.8513,3.100953725602961
INV_02,2023-02-21,32146.13,-1.4455,2.5794687393825577
INV_02,2023-02-22,1881.6,-0.2593,0.42323045496953354
INV_02,2023-02-23,13873.34,0.3925,1.1102864130676322
INV_02,2023-02-24,7476.19,-0.1229,0.868141809258303
INV_02,2023-02-27,-25878.51,0.5399,-8.708560267240824
INV_02,2023-02-28,-4791.81,0.0194,-2.8877590258532435
INV_02,2023-03-01,6145.64,-0.073,0.7540060981914187
INV_02,2023-03-02,12501.34,0.0601,1.1355708339725776
INV_02,2023-03-03,42098.74,-2.2224,3.2281518206490123
INV_02,2023-03-06,0.0,0.0,0.0
INV_02,2023-03-07,66188.2,-2.8427,4.278537364976398
INV_02,2023-03-08,-1441.68,-0.531,-1.1612237058222439
INV_02,2023-03-09,-8367.67,0.9837,-4.438036720602944
INV_02,2023-03-10,-28554.18,0.1499,-9.143396422230023
INV_02,2023-03-13,-33839.95,0.9773,-10.457000943361965
INV_02,2023-03-14,3520.15,-0.3357,0.6169047305373032
INV_02,2023-03-15,24717.66,-0.8042,2.045936143237601
INV_02,2023-03-16,-1375.4,0.2452,-1.3675856205364099
INV_02,2023-03-17,21540.31,-0.3601,1.7532849318812398
INV_02,2023-03-20,-628.78,0.4428,-0.9195273786751504
INV_02,2023-03-21,-23887.46,-0.3972,-7.982481024502557
INV_02,2023-03-22,-20347.11,0.0393,-7.325012506320639
INV_02,2023-03-23,-28209.21,0.0452,-9.039284649986197
INV_02,2023-03-24,4013.39,-0.1488,0.602640508312577
INV_02,2023-03-27,-28257.82,-0.0332,-9.024444119749026
INV_02,2023-03-28,-9244.17,-0.24,-4.323510879219849
INV_02,2023-03-29,23229.85,-0.8016,1.9749210195232363
INV_02,2023-03-30,-13952.69,0.5164,-5.898958221291337
INV_02,2023-03-31,12126.32,-0.0508,1.1482992757747141
INV_02,2023-04-03,-16428.57,0.769,-6.615242336894745
INV_02,2023-04-04,-11089.67,0.2296,-5.019544373409672
INV_02,2023-04-05,0.0,0.0,0.0
INV_02,2023-04-06,10101.16,0.1829,0.9485237266316113
INV_02,2023-04-07,0.0,0.0,0.0
INV_02,2023-04-10,-223.24,1.5813,-0.9012191770795746
INV_02,2023-04-11,17190.91,0.4588,1.2720910894819966
INV_02,2023-04-12,-2524.39,-0.3995,-1.7804964349180308
INV_02,2023-04-13,0.0,0.0,0.0
INV_02,2023-04-14,0.0,0.0,0.0
INV_02,2023-04-17,519.53,0.4637,0.0018928888072901051
INV_02,2023-04-18,-10446.08,-0.7647,-4.517506291139521
INV_02,2023-04-19,-4218.2,-0.4178,-2.5220116589026036
INV_02,2023-04-20,147.41,0.2783,-0.022070870790737523
INV_02,2023-04-21,-3615.45,-0.0376,-2.3916128078404535
INV_02,2023-04-24,-17569.86,0.0839,-6.679697600713915
INV_02,2023-04-25,-2587.39,-0.8385,-1.671850310440983
INV_02,2023-04-26,-6558.84,0.0217,-3.5340778932204526
INV_02,2023-04-27,-10056.26,-0.1678,-4.591558561136907
INV_02,2023-04-28,-11483.89,0.449,-5.20163590362138
INV_02,2023-05-01,0.0,0.0,0.0
INV_02,2023-05-02,-42239.38,-1.2398,-11.31155284595292
INV_02,2023-05-03,13661.01,-0.1194,1.260355602549867
INV_02,2023-05-04,706.56,0.9262,-0.11211569843256064
INV_02,2023-05-05,0.0,0.0,0.0
INV_02,2023-05-08,9020.01,0.7693,0.6918678614429385
INV_02,2023-05-09,2165.9,0.2845,0.28319356797677586
INV_02,2023-05-10,-6327.32,-0.1974,-3.3839291052726117
INV_02,2023-05-11,29888.88,-1.358,2.4545684955118383
INV_02,2023-05-12,426.52,-0.6429,0.33492293310840887
INV_02,2023-05-15,-13373.89,0.14,-5.625268414542544
INV_02,2023-05-16,-16067.15,-0.0016,-6.280336246655326
INV_02,2023-05-17,341.18,-0.1603,0.16437929212833574
INV_02,2023-05-18,-10920.06,-0.5268,-4.730908371973441
INV_02,2023-05-19,-7849.99,-0.6532,-3.7528796783429774
INV_02,2023-05-22,-20079.97,-0.4528,-7.107042599323884
INV_02,2023-05-23,2799.99,0.4115,0.3100776878159186
INV_02,2023-05-24,18241.22,0.7273,1.2421608635841646
INV_02,2023-05-25,-6654.83,0.1698,-3.6141836736949737
INV_02,2023-05-26,8004.23,-0.8947,1.1500585087333484
INV_02,2023-05-29,-15954.36,-1.0372,-5.92362086446738
INV_02,2023-05-30,-10753.09,0.3798,-4.969939249095583
INV_02,2023-05-31,3010.96,-0.1708,0.515765082082338
INV_02,2023-06-01,31624.09,-0.0998,2.130632624490084
INV_02,2023-06-02,11283.42,-0.0583,1.0993470747397058
INV_02,2023-06-05,-3890.67,0.3578,-2.633239947421577
INV_02,2023-06-06,-3161.32,-0.256,-2.1233405617842576
INV_02,2023-06-07,-538.36,-0.5514,-0.5302307231098629
INV_02,2023-06-08,6491.22,0.0325,0.7467711931105384
INV_02,2023-06-09,10787.88,0.0861,1.022758412148692
INV_02,2023-06-12,36102.99,-0.1911,2.3464817240409404
INV_02,2023-06-13,15866.2,-0.1659,1.3987747304751998
INV_02,2023-06-14,35159.66,0.3257,2.144010221486307
INV_02,2023-06-15,-2280.81,0.4289,-1.9224601299774742
INV_02,2023-06-16,-3946.83,0.1065,-2.5769418680043454
INV_02,2023-06-19,-16378.12,-0.1251,-6.319205265996283
INV_02,2023-06-20,-9628.23,0.4955,-4.673524138432107
INV_02,2023-06-21,20555.57,0.6671,1.3790034450279471
INV_02,2023-06-22,3122.39,0.1813,0.4150800276550496
INV_02,2023-06-23,3695.91,0.0174,0.521243938346149
INV_02,2023-06-26,18428.93,0.4071,1.3534062059229772
INV_02,2023-06-27,815.45,-0.7842,0.44763118095599264
INV_02,2023-06-28,13492.55,-0.127,1.253034903045041
INV_02,2023-06-29,0.0,0.0,0.0
INV_02,2023-06-30,5951.16,-0.3597,0.8299102047218179
INV_02,2023-07-03,0.0,0.0,0.0
INV_02,2023-07-04,156650.05,0.1242,5.842767374123246
INV_02,2023-07-05,15583.11,0.4958,1.1734980234689085
INV_02,2023-07-06,-13627.9,0.3843,-5.770745208668749
INV_02,2023-07-07,18603.13,-0.3623,1.6063152374399077
INV_02,2023-07-10,2085.23,-0.723,0.5935547415767459
INV_02,2023-07-11,316.37,-0.0325,0.11847721748967444
INV_02,2023-07-12,19740.49,0.8237,1.2884546246259196
INV_02,2023-07-13,-2951.91,0.0877,-2.137107708928302
INV_02,2023-07-14,24370.6,0.2701,1.6891473507971109
INV_02,2023-07-17,35651.46,-0.2834,2.357288190672571
INV_02,2023-07-18,40995.44,-1.9598,3.1021133933963134
INV_02,2023-07-19,76333.62,-3.2125,4.7206403857251305
INV_02,2023-07-20,14639.62,-0.0731,1.3013797062286336
INV_02,2023-07-21,12085.48,0.2414,1.053214764985322
INV_02,2023-07-24,-9294.88,0.0336,-4.425769546641081
INV_02,2023-07-25,-22563.4,0.5009,-7.974809145691497
INV_02,2023-07-26,1392.0,-1.0569,0.6159062091399814
INV_02,2023-07-27,51784.32,0.8034,2.6289797936783503
INV_02,2023-07-28,24940.31,-1.0849,2.1452910312819045
INV_02,2023-07-31,17476.95,0.1474,1.3859498334123592
INV_02,2023-08-01,0.0,0.0,0.0
INV_02,2023-08-02,56487.23,-2.318,3.7844979918226924
INV_02,2023-08-03,29076.44,0.73,1.7570669153827168
INV_02,2023-08-04,-9912.44,1.0805,-4.944381002175985
INV_02,2023-08-07,14652.77,0.399,1.1524632941218633
INV_02,2023-08-08,14430.78,0.005,1.2648492141213274
INV_02,2023-08-09,-3170.61,-0.4963,-2.0513352580099955
INV_02,2023-08-10,207.82,0.0089,0.07970467182371994
INV_02,2023-08-11,-2391.28,-0.7051,-1.6182361399245655
INV_02,2023-08-14,-39108.59,-1.4372,-10.682648849822268
INV_02,2023-08-15,-51931.01,0.7612,-13.611201344571501
INV_02,2023-08-16,58559.19,-0.9957,3.436906044895012
INV_02,2023-08-17,47217.09,-2.6033,3.5424354038193284
INV_02,2023-08-18,-22330.13,-0.0086,-7.761162773657662
INV_02,2023-08-21,-25582.92,0.2926,-8.56723739656933
INV_02,2023-08-22,-20297.61,-0.1243,-7.26168969506379
INV_02,2023-08-23,10873.93,0.8987,0.770550587866518
INV_02,2023-08-24,-38096.77,0.1061,-10.985429124143913
INV_02,2023-08-25,868.43,-0.8496,0.4765973880908322
INV_02,2023-08-28,-7336.64,-0.1914,-3.730498766361938
INV_02,2023-08-29,-3032.82,0.0608,-2.1656336856639036
INV_02,2023-08-30,0.0,0.0,0.0
INV_02,2023-08-31,-12395.9,-0.0252,-5.306536222765666
INV_02,2023-09-01,22015.71,-0.3222,1.7644774036357194
INV_02,2023-09-04,65191.9,-0.5022,3.503770583219967
INV_02,2023-09-05,21854.02,0.0685,1.6327527718609016
INV_02,2023-09-06,-30276.16,-0.1593,-9.394943346574054
INV_02,2023-09-07,-3030.57,-0.0286,-2.136268276955196
INV_02,2023-09-08,4557.99,0.8774,0.32477081514371503
INV_02,2023-09-11,-22144.55,0.1948,-7.784025611246584
INV_02,2023-09-12,-10956.21,0.0808,-4.933953325355442
INV_02,2023-09-13,19543.31,0.0022,1.5388844758748739
INV_02,2023-09-14,2625.04,0.7174,0.19517840375224255
INV_02,2023-09-15,-9905.44,-0.155,-4.550634394457115
INV_02,2023-09-18,-21739.97,0.0447,-7.645286825069738
INV_02,2023-09-19,-24674.87,-0.2743,-8.192573173974424
INV_02,2023-09-20,3701.03,-0.0116,0.5309067675164907
INV_02,2023-09-21,-13251.17,0.0445,-5.561961114687349
INV_02,2023-09-22,4211.18,0.5664,0.3934003117036407
INV_02,2023-09-25,-9958.56,0.0282,-4.624579362259003
INV_02,2023-09-26,3921.62,-0.1408,0.5918911825395964
INV_02,2023-09-27,15881.83,0.25,1.2677883173891111
INV_02,2023-09-28,0.0,0.0,0.0
INV_02,2023-09-29,0.0,0.0,0.0
INV_02,2023-10-02,-31176.53,-0.0017,-9.624853376380283
INV_02,2023-10-03,-18684.08,-0.3361,-6.815289614181924
INV_02,2023-10-04,17978.77,-0.5681,1.6391217420052313
INV_02,2023-10-05,-9532.58,0.1846,-4.546022581979293
INV_02,2023-10-06,-21845.07,0.6638,-7.865279555568781
INV_02,2023-10-09,-30665.93,-0.2227,-9.45297686627774
INV_02,2023-10-10,-7940.82,0.1825,-4.047243804863975
INV_02,2023-10-11,-23708.54,-0.2544,-7.988584339971915
INV_02,2023-10-12,25042.13,0.1691,1.7525057072442285
INV_02,2023-10-13,-3327.81,0.2152,-2.346793980535204
INV_02,2023-10-16,-21987.48,-0.2958,-7.5931865093550375
INV_02,2023-10-17,-15072.71,-0.1362,-5.984482215094844
INV_02,2023-10-18,-17373.63,-0.1989,-6.542101613175647
INV_02,2023-10-19,17346.18,-0.5111,1.5877814978863714
INV_02,2023-10-20,42828.42,1.1566,2.185092045545595
INV_02,2023-10-23,-684.76,0.2175,-0.8920995594701333
INV_02,2023-10-24,-18662.45,-0.3444,-6.80749694995155
INV_02,2023-10-25,-24876.46,-0.0696,-8.300961722793133
INV_02,2023-10-26,-10891.16,-0.2934,-4.796544494101574
INV_02,2023-10-27,21259.72,1.0563,1.290503500325781
INV_02,2023-10-30,6247.09,-0.3124,0.8376430040650722
INV_02,2023-10-31,-17546.47,0.182,-6.705090048001471
INV_02,2023-11-01,29788.48,-0.1705,2.0737497444658923
INV_02,2023-11-02,23122.12,-0.5712,1.8967405966803703
INV_02,2023-11-03,-16367.08,0.124,-6.395409245681595
INV_02,2023-11-06,-1186.12,0.5615,-1.3505477038891902
INV_02,2023-11-07,6085.41,0.5014,0.5673003705893169
INV_02,2023-11-08,18919.16,0.1731,1.4528615186678844
INV_02,2023-11-09,-6071.51,-0.2248,-3.2848503139428833
INV_02,2023-11-10,-6022.29,0.0636,-3.358726402515261
INV_02,2023-11-13,2626.99,0.0481,0.40754864301595245
INV_02,2023-11-14,-22906.6,-0.3775,-7.772712682019382
INV_02,2023-11-15,-21151.55,0.6033,-7.688698651677348
INV_02,2023-11-16,-15315.57,0.1352,-6.132883860376044
INV_02,2023-11-17,-12696.77,0.2983,-5.4918020263226
INV_02,2023-11-20,-4188.82,-0.4177,-2.5101220062963505
INV_02,2023-11-21,-11248.58,0.3929,-5.116844640375104
INV_02,2023-11-22,8098.66,-0.1085,0.9074022102742386
INV_02,2023-11-23,-5230.88,0.2132,-3.1165708468226314
INV_02,2023-11-24,30.56,0.0659,0.0031222762720554513
INV_02,2023-11-27,-7928.18,0.0254,-3.9933524075199553
INV_02,2023-11-28,-5051.55,0.2689,-3.0664942678472302
INV_02,2023-11-29,17785.48,-0.6868,1.666628370732768
INV_02,2023-11-30,6899.95,0.7279,0.5566944591230324
INV_02,2023-12-01,44273.06,-1.0435,2.9376264232854967
INV_02,2023-12-04,-5584.94,0.9571,-3.483738652186786
INV_02,2023-12-05,-13102.52,0.2262,-5.579400137945628
INV_02,2023-12-06,598.78,0.0325,0.1528373776044348
INV_02,2023-12-07,-377.26,0.3175,-0.6613726037727891
INV_02,2023-12-08,12917.91,0.569,0.9988822323112337
INV_02,2023-12-11,1767.75,0.9856,0.015161127717123912
INV_02,2023-12-12,5209.01,-0.1515,0.7050632810390645
INV_02,2023-12-13,-10509.09,0.448,-4.920402579563538
INV_02,2023-12-14,-9180.9,-0.1134,-4.3442271363059906
INV_02,2023-12-15,-2706.27,-0.3928,-1.8700113927388529
INV_02,2023-12-18,-13299.03,-0.2011,-5.497001782363455
INV_02,2023-12-19,-12823.6,-0.0846,-5.4050818032064125
INV_02,2023-12-20,1692.04,-0.3271,0.42218117084251017
INV_02,2023-12-21,4711.89,-0.0,0.6159389555017792
INV_02,2023-12-22,-4382.92,-0.1832,-2.662678322495707
INV_02,2023-12-25,0.0,0.0,0.0
INV_02,2023-12-26,0.0,0.0,0.0
INV_02,2023-12-27,10184.03,-0.239,1.0875760290073029
INV_02,2023-12-28,5945.23,-0.1337,0.7578087323110781
INV_02,2023-12-29,5571.41,0.1803,0.6289672033073156
INV_02,2024-01-01,0.0,0.0,0.0
INV_02,2024-01-02,-1742.91,0.6105,-1.6958899305085047
INV_02,2024-01-03,4550.33,0.0549,0.5848506035717081
INV_02,2024-01-04,-7257.96,0.166,-3.81756090906291
INV_02,2024-01-05,6986.72,-0.1071,0.8277524101186367
INV_02,2024-01-08,-7678.01,-0.004,-3.9025853601149616
INV_02,2024-01-09,-3243.84,-0.1595,-2.1908191579578755
INV_02,2024-01-10,-5186.92,-0.4032,-2.904645735092205
INV_02,2024-01-11,-12777.92,-0.0765,-5.395180564350273
INV_02,2024-01-12,162.59,-0.2194,0.14001009014385676
INV_02,2024-01-15,0.0,0.0,0.0
INV_02,2024-01-16,-8167.69,-0.3673,-3.9459900443884637
INV_02,2024-01-17,-10569.72,-0.2853,-4.705682024853323
INV_02,2024-01-18,-2883.85,-0.4149,-1.946334141742188
INV_02,2024-01-19,1016.53,-0.286,0.32005777186302414
INV_02,2024-01-22,-10330.49,-0.2697,-4.640434438366151
INV_02,2024-01-23,-12736.29,-0.1862,-5.349028397007804
INV_02,2024-01-24,3864.04,-0.133,0.5842302841774459
INV_02,2024-01-25,0.0,0.0,0.0
INV_02,2024-01-26,4304.89,0.654,0.3738096850262501
INV_02,2024-01-29,-5565.75,-0.242,-3.0965821867564416
INV_02,2024-01-30,-3112.36,-0.3378,-2.0753618464466905
INV_02,2024-01-31,2152.01,-0.1889,0.43171754408896656
INV_02,2024-02-01,12485.02,0.6083,0.9608204983176281
INV_02,2024-02-02,4400.2,0.0995,0.5578396425710165
INV_02,2024-02-06,21253.78,0.5746,1.442909928908847
INV_02,2024-02-07,-382.81,0.1549,-0.6151269516606337
INV_02,2024-02-08,15881.55,-0.219,1.4164460232629523
INV_02,2024-02-09,6365.71,0.056,0.7298619066307324
INV_02,2024-02-12,2286.11,0.0646,0.36611886042098113
INV_02,2024-02-13,-4671.46,-0.0814,-2.8089859050866766
INV_02,2024-02-14,2169.7,-0.0547,0.3911417097807422
INV_02,2024-02-15,3670.84,0.1775,0.4681883732099691
INV_02,2024-02-16,9188.73,-0.0353,0.9581607870564773
INV_02,2024-02-19,8394.28,0.1857,0.8345318546294755
INV_02,2024-02-20,-2277.84,0.1648,-1.8372419302945548
INV_02,2024-02-21,-9072.3,0.5116,-4.50891413812403
INV_02,2024-02-22,4740.31,-0.4201,0.7515005967346713
INV_02,2024-02-23,-1363034.22,69.7743,-131.77023743796036
INV_02,2024-02-26,1348495.12,-228.6311,96.00611683469006
INV_02,2024-02-27,-13171.25,0.612,-5.720287159240224
INV_02,2024-02-28,-1822.83,0.1513,-1.5943337610954704
INV_02,2024-02-29,-5877.23,-0.3352,-3.1802939969481456
INV_02,2024-03-01,7043.33,-0.301,0.893354830665004
INV_02,2024-03-04,26048.42,0.139,1.8084583097835454
INV_02,2024-03-05,12531.54,-0.4011,1.2835667516638725
INV_02,2024-03-06,17522.24,-0.633,1.6357264814106238
INV_02,2024-03-07,54658.72,-1.2413,3.3792369398739135
INV_02,2024-03-08,-1804773.98,88.7524,-159.51462861806627
INV_02,2024-03-11,1824184.03,-796.688,281.13443871009395
INV_02,2024-03-12,7987.83,-0.1913,0.92593702364037
INV_02,2024-03-13,29324.26,-0.2681,2.0843625626193787
INV_02,2024-03-14,-6941.51,0.7178,-3.8859300322014154
INV_02,2024-03-15,1198.54,0.399,0.12858280005402595
INV_02,2024-03-18,-12161.94,0.3337,-5.355491410013053
INV_02,2024-03-19,-14160.17,-0.1644,-5.737923589526036
INV_02,2024-03-20,-2551.24,0.0954,-1.9504185083754664
INV_02,2024-03-21,-20623.36,0.1862,-7.435363565970866
INV_02,2024-03-22,25122.67,0.14,1.7654691207501516
INV_02,2024-03-26,18001.18,0.4411,1.320376287980388
INV_02,2024-03-27,28872.31,-0.2359,2.0542556896940813
INV_02,2024-03-28,551.53,0.4995,-0.0036129247742948123
INV_02,2024-03-29,0.0,0.0,0.0
INV_02,2024-04-01,-23195.74,1.454,-8.417311460456405
INV_02,2024-04-02,57315.2,-2.1291,3.753329723491179
INV_02,2024-04-03,28663.61,-0.0534,1.987176686241383
INV_02,2024-04-04,18125.21,0.4607,1.320634427055093
INV_02,2024-04-05,24492.4,0.1643,1.7283931512419515
INV_02,2024-04-08,28199.71,0.5081,1.7885863199724845
INV_02,2024-04-09,4158.6,-0.098,0.5993978094233424
INV_02,2024-04-10,0.0,0.7289,-0.2310613
INV_02,2024-04-11,0.0,0.0,0.0
INV_02,2024-04-15,24304.33,-1.2958,2.182428162821813
INV_02,2024-04-16,-46148.1,-0.6231,-12.19353597860394
INV_02,2024-04-17,11659.1,0.0811,1.078197766952526
INV_02,2024-04-18,-8624.28,-0.0689,-4.185413983076674
INV_02,2024-04-19,-9418.0,-0.3231,-4.350270210676241
INV_02,2024-04-22,34291.74,-0.6108,2.4049968525744285
INV_02,2024-04-24,14028.32,-0.2471,1.321904740553184
INV_02,2024-04-25,25513.14,1.6958,1.2903462431682875
INV_02,2024-04-26,21963.64,0.1761,1.603983254598224
INV_02,2024-04-29,15880.31,0.7151,1.1202685909789092
INV_02,2024-04-30,7991.2,-0.2305,0.938598505166538
INV_02,2024-05-02,-675.56,-0.356,-0.7031607025218398
INV_02,2024-05-03,3816.45,-0.2651,0.6217970373613517
INV_02,2024-05-06,3524.11,-0.8024,0.7652183891924063
INV_02,2024-05-07,-8407.7,0.1581,-4.189022827644222
INV_02,2024-05-08,-14511.59,0.6134,-6.076621026209222
INV_02,2024-05-09,15067.16,0.2379,1.2267093343207316
INV_02,2024-05-10,28466.15,0.3372,1.8546048535549555
INV_02,2024-05-13,0.0,-0.1943,0.0615931
INV_02,2024-05-14,-37433.58,0.2036,-10.893175028724624
INV_02,2024-05-15,-20477.86,-0.0574,-7.324585835639329
INV_02,2024-05-16,1229.53,-0.1324,0.3012645206868977
INV_02,2024-05-17,9608.31,-0.3152,1.0745145069330826
INV_02,2024-05-20,-20428.96,0.2458,-7.409403433327111
INV_02,2024-05-21,-7450.25,0.1734,-3.883844447627035
INV_02,2024-05-22,36695.54,-0.0009,2.3102798447357475
INV_02,2024-05-27,-13655.92,0.1427,-5.701635085122236
INV_02,2024-05-28,-22433.65,0.123,-7.826040073236519
INV_02,2024-05-29,-26970.26,-0.8023,-8.513324359653716
INV_02,2024-05-30,13473.21,0.4848,1.0579745049487708
INV_02,2024-05-31,-11784.67,0.0534,-5.161174319743186
INV_02,2024-06-03,39.79,-0.4241,0.16290097927462635
INV_02,2024-06-04,8067.53,0.059,0.8521421537764062
INV_02,2024-06-05,12384.24,0.1373,1.1041216896206434
INV_02,2024-06-06,36727.28,-0.0168,2.316606685694596
INV_02,2024-06-07,2798.73,0.0079,0.4378912135121369
INV_02,2024-06-10,11899.9,0.2406,1.0422656105274173
INV_02,2024-06-11,-7485.99,0.4513,-3.9837574758904206
INV_02,2024-06-12,0.0,-0.0456,0.014455200000000001
INV_02,2024-06-13,-14336.58,0.1825,-5.894242336558921
INV_02,2024-06-14,-4715.94,-0.4723,-2.702424034912574
INV_02,2024-06-18,819.38,-0.6778,0.41451961383615965
INV_02,2024-06-19,-6441.31,-0.1931,-3.4251513580089834
INV_02,2024-06-20,-2193.57,0.2436,-1.819408786430969
INV_02,2024-06-24,10427.43,0.2262,0.9556156105530625
INV_02,2024-06-25,-5623.77,0.1005,-3.226418819825208
INV_02,2024-06-26,771.99,-0.0559,0.20986212815179925
INV_02,2024-06-27,-14589.3,-0.1135,-5.8664599307539325
INV_02,2024-06-28,-7119.68,-0.0429,-3.704987263910904
INV_02,2024-07-01,-9624.78,-0.2083,-4.449377260655807
INV_02,2024-07-02,1513.39,0.1624,0.24492613039261069
INV_02,2024-07-03,-20980.37,0.0799,-7.483648325031681
INV_02,2024-07-04,-18091.37,-0.2742,-6.692692599550187
INV_02,2024-07-05,-1765.12,0.0908,-1.5434463959633884
INV_02,2024-07-08,-36033.87,0.5887,-10.75272904315832
INV_02,2024-07-09,-12473.04,-0.3315,-5.230714235845172
INV_02,2024-07-10,13018.73,-0.2964,1.2791330070254983
INV_02,2024-07-11,-1899.55,-0.2861,-1.4972840759881236
INV_02,2024-07-12,15489.76,-0.1527,1.3739335140173945
INV_02,2024-07-15,14243.55,-0.0983,1.2869890639779744
INV_02,2024-07-16,-1790.64,0.1132,-1.5646140317416954
INV_02,2024-07-17,-10680.1,-0.0306,-4.818617690508516
INV_02,2024-07-18,-5886.6,-0.237,-3.21479681494689
INV_02,2024-07-19,-11696.2,0.2307,-5.1924744735210275
INV_02,2024-07-22,-30551.71,-0.704,-9.27754561456569
INV_02,2024-07-23,11364.67,-0.1733,1.1408080087685057
INV_02,2024-07-24,20722.34,0.3725,1.4806896854067104
INV_02,2024-07-25,-17269.08,-0.0048,-6.578006044359947
INV_02,2024-07-26,3391.24,-0.1782,0.5548582516448912
INV_02,2024-07-29,-10435.77,-0.003,-4.755939205825455
INV_02,2024-07-30,-27026.46,0.2086,-8.845541071623062
INV_02,2024-07-31,-34386.72,-0.427,-10.117122511328413
INV_02,2024-08-01,14676.75,-0.2111,1.3472125326271116
INV_02,2024-08-02,4142.42,0.0629,0.5469674912728392
INV_02,2024-08-05,-37461.23,-0.5234,-10.667866372555368
INV_02,2024-08-06,1597.14,0.3097,0.20869400482073264
INV_02,2024-08-07,1050.38,-0.1407,0.2788883165720244
INV_02,2024-08-08,-4601.52,-0.2038,-2.7427792452154254
INV_02,2024-08-09,7790.55,0.0831,0.8251283151779145
INV_02,2024-08-12,-3615.02,0.4507,-2.5462198089938375
INV_02,2024-08-13,3810.45,0.1478,0.4903631244774216
INV_02,2024-08-14,8426.8,0.2556,0.8146009598508263
INV_02,2024-08-15,29560.33,-0.1114,2.0450394483413823
INV_02,2024-08-16,-10613.82,0.2603,-4.891514653666491
INV_02,2024-08-20,-17346.77,0.8062,-6.854140163286323
INV_02,2024-08-21,-881.95,0.1223,-1.0076251676468773
INV_02,2024-08-22,-5387.38,-0.1737,-3.052361209133098
INV_02,2024-08-23,-13263.21,-0.4075,-5.421922849134173
INV_02,2024-08-26,-33429.35,-0.3723,-9.949715042259756
INV_02,2024-08-27,-26960.99,0.072,-8.788536616597519
INV_02,2024-08-28,-24808.4,-0.439,-8.169190165389763
INV_02,2024-08-29,-2817.65,-0.6898,-1.8283464317958498
INV_02,2024-08-30,-4583.71,-0.1472,-2.7537189971862968
INV_02,2024-09-02,-17464.18,-0.801,-6.373385441663664
INV_02,2024-09-03,-8012.32,-0.1404,-3.9679806447340424
INV_02,2024-09-04,31634.69,0.21,2.03287908833158
INV_02,2024-09-05,-10639.11,0.22,-4.886115770551457
INV_02,2024-09-06,-5969.41,-0.425,-3.1849317288414807
INV_02,2024-09-09,-17933.05,-0.8501,-6.471864470860702
INV_02,2024-09-10,-19048.8,-0.2704,-6.922831954997672
INV_02,2024-09-11,-4923.42,0.273,-3.0188735724092495
INV_02,2024-09-12,9275.28,-0.4245,1.0872718555866967
INV_02,2024-09-13,22564.69,0.6864,1.4713290090563713
INV_02,2024-09-18,21740.69,0.8055,1.3935933375224892
INV_02,2024-09-19,13742.33,0.1112,1.1919369796250567
INV_02,2024-09-20,17408.63,0.44,1.2895863699913233
INV_02,2024-09-23,17065.05,1.0276,1.0850892006240915
INV_02,2024-09-24,40423.49,0.3486,2.34800488663006
INV_02,2024-09-25,86926.16,-0.1533,4.074032030392763
INV_02,2024-09-26,-436.78,0.5206,-0.7812314250543423
INV_02,2024-09-27,19091.44,-0.1369,1.5599591064437464
INV_02,2024-09-30,18750.8,0.4059,1.3704095003318164
INV_02,2024-10-01,31501.25,0.5053,1.9335615628813383
INV_02,2024-10-02,-16192.7,0.4253,-6.4472266246160945
INV_02,2024-10-03,-14450.55,-0.086,-5.838965332482199
INV_02,2024-10-04,28548.74,0.3909,1.8412450491603822
INV_02,2024-10-07,7523.16,1.0013,0.5151215422258324
INV_02,2024-10-08,5995.27,-0.134,0.7617759669147073
INV_02,2024-10-09,-3268.73,0.0867,-2.2799250754555076
INV_02,2024-10-10,2943.54,0.0709,0.43246272987122725
INV_02,2024-10-11,27311.18,-0.1286,1.9506337911844405
INV_02,2024-10-14,-18942.81,0.1344,-7.0260148883177305
INV_02,2024-10-15,4843.47,-0.4225,0.7608939807630632
INV_02,2024-10-16,7562.27,-0.1693,0.8889864142872919
INV_02,2024-10-18,9142.06,-0.1486,0.9909766273751424
INV_02,2024-10-21,-1371.77,0.1109,-1.3228191635031687
INV_02,2024-10-22,70.41,0.1087,0.006645383617613153
INV_02,2024-10-23,11740.01,0.4295,0.9726823939656324
INV_02,2024-10-24,28685.35,0.2795,1.8826096120383387
INV_02,2024-10-25,23568.37,0.0149,1.7321983504780651
INV_02,2024-10-28,10025.11,0.4056,0.8730411620504805
INV_02,2024-10-29,8035.75,1.3627,0.4366584761123347
INV_02,2024-10-30,16220.54,-0.4758,1.516298271728657
INV_02,2024-10-31,-182609.81,7.8118,-32.52429237994586
INV_02,2024-11-01,12206.94,-0.1782,1.1935268932950527
INV_02,2024-11-04,-10005.49,0.3559,-4.7424563973093425
INV_02,2024-11-05,-11152.95,-0.0661,-4.943967415277093
INV_02,2024-11-06,-14768.45,-0.037,-5.937285628172194
INV_02,2024-11-07,7285.73,-0.3658,0.9314749244622476
INV_02,2024-11-08,9900.73,-0.267,1.0782346645662806
INV_02,2024-11-11,6717.54,0.2915,0.6815632185425828
INV_02,2024-11-12,17601.45,0.0317,1.429191029728454
INV_02,2024-11-13,14528.59,0.645,1.0674904878694411
INV_02,2024-11-14,17921.53,0.1676,1.402911630926192
INV_02,2024-11-18,-229.03,0.0875,-0.4343343769751671
INV_02,2024-11-19,-19788.83,-0.7595,-6.94194145060703
INV_02,2024-11-20,-911.62,0.1708,-1.0438661517734096
INV_02,2024-11-21,-13231.61,-0.8822,-5.262922004922495
INV_02,2024-11-22,3514.18,0.1049,0.4766768113225394
INV_02,2024-11-25,-34042.33,-0.4081,-10.056869026811547
INV_02,2024-11-26,20798.82,0.3282,1.4985302751488976
INV_02,2024-11-27,7729.5,0.4868,0.6928523214533011
INV_02,2024-11-28,16223.55,0.3083,1.2679017471598555
INV_02,2024-11-29,-6236.93,-0.0317,-3.4046671073104924
INV_02,2024-12-02,18071.41,-0.7081,1.688338922301887
INV_02,2024-12-03,15950.0,0.0852,1.3237506397820742
INV_02,2024-12-04,29092.54,0.5787,1.8057380187027905
INV_02,2024-12-05,21924.98,-0.0742,1.6814462786827313
INV_02,2024-12-06,16847.53,-0.5243,1.5654338394660834
INV_02,2024-12-09,19173.34,-0.1328,1.5628459931015886
INV_02,2024-12-10,15292.02,-0.1173,1.351789367522856
INV_02,2024-12-11,-4152.26,0.906,-2.914858514065812
INV_02,2024-12-12,2666.58,0.9263,0.1332517127750853
INV_02,2024-12-13,45648.1,-0.5956,2.847498385812979
INV_02,2024-12-16,56354.7,0.0843,3.0183590365375843
INV_02,2024-12-17,639.35,0.7724,-0.07467582198642439
INV_02,2024-12-18,10429.97,0.0128,1.023424560305404
INV_02,2024-12-19,4655.78,-0.5106,0.7730655373186411
INV_02,2024-12-20,31113.06,-0.5863,2.2629461482799735
INV_02,2024-12-23,30816.66,0.4996,1.905951005795777
INV_02,2024-12-24,30097.46,-0.3932,2.157812189593663
INV_02,2024-12-26,35360.14,0.0737,2.2321379777003663
INV_02,2024-12-27,-1040.0,1.4369,-1.5328621961321767
INV_02,2024-12-30,68685.69,0.4472,3.317168411199232
INV_02,2024-12-31,36909.47,-0.3993,2.4452363866449995
INV_02,2025-01-01,0.0,0.0,0.0
INV_02,2025-01-02,69960.2,-0.3806,3.6207793641528125
INV_02,2025-01-03,-53277.38,-0.2859,-13.501481929883344
INV_02,2025-01-06,-22683.82,-0.2892,-7.7511856867662505
INV_02,2025-01-07,-24259.28,0.5852,-8.37495815053251
INV_02,2025-01-08,8162.14,0.2547,0.7966685276401013
INV_02,2025-01-09,-30930.79,-0.0837,-9.549930700374297
INV_02,2025-01-10,21264.77,0.2937,1.532496327388887
INV_02,2025-01-13,0.0,0.0,0.0
INV_02,2025-01-14,0.0,0.0,0.0
INV_02,2025-01-15,40199.23,0.4794,2.2977489201234382
INV_02,2025-01-16,17192.67,-0.3851,1.539700849147975
INV_02,2025-01-17,13400.23,-0.2243,1.2785284528267888
INV_02,2025-01-20,17358.44,-0.03,1.435921679015171
INV_02,2025-01-21,35255.75,0.4177,2.11879953355866
INV_02,2025-01-22,37373.51,0.6206,2.1406595941363036
INV_02,2025-01-23,58127.23,-1.3872,3.5461645922004723
INV_02,2025-01-24,-31920.12,-0.1057,-9.73911054024806
INV_02,2025-01-27,44586.11,-1.0974,2.9665684638110665
INV_02,2025-01-28,27541.23,-0.6857,2.137579282259384
INV_02,2025-01-29,18111.0,-1.28,1.8716957132488243
INV_02,2025-01-30,6003.21,-0.2061,0.7852450109200828
INV_02,2025-01-31,3293.28,-0.3484,0.599492340192598
INV_02,2025-02-03,-29115.33,0.0426,-9.224100252459603
INV_02,2025-02-05,-99327.35,0.1573,-20.350315218904857
INV_02,2025-02-06,7587.64,0.2418,0.7604713429659548
INV_02,2025-02-07,50652.92,-0.4234,2.977142057489832
INV_02,2025-02-10,-29246.57,0.3783,-9.35723307774468
INV_02,2025-02-11,-39050.48,0.0433,-11.141306394325081
INV_02,2025-02-13,41953.16,-0.4536,2.6618186074294146
INV_02,2025-02-14,71058.68,-0.7029,3.758242726962363
INV_02,2025-02-17,51698.43,-0.3854,3.002748319329049
INV_02,2025-02-18,26843.49,-0.3265,1.9922410416416712
INV_02,2025-02-19,-28605.79,0.1383,-9.150303349037024
INV_02,2025-02-20,-41237.16,0.2141,-11.592826439261124
INV_02,2025-02-21,3597.82,0.4776,0.366314185700835
INV_02,2025-02-24,-47005.0,0.3715,-12.656512023297989
INV_02,2025-02-25,-46121.72,-0.4198,-12.253420034847737
INV_02,2025-02-26,0.0,0.0,0.0
INV_02,2025-02-27,11036.11,-0.3755,1.1845827242624933
INV_02,2025-02-28,6002.61,0.457,0.5749959725978171
INV_02,2025-03-03,-63694.08,0.1607,-15.299653502659156
INV_02,2025-03-04,-28783.43,-0.5708,-8.961897032850672
INV_02,2025-03-05,49999.22,-0.2821,2.9086674593412996
INV_02,2025-03-06,440.73,-0.1354,0.176842331129487
INV_02,2025-03-07,9650.54,-0.5365,1.147423026920538
INV_02,2025-03-10,-20331.5,0.0425,-7.322413519376053
INV_02,2025-03-11,-33171.06,-0.7689,-9.773828371294156
INV_02,2025-03-12,32939.28,-0.1436,2.2003257388101907
INV_02,2025-03-14,-3809.77,0.2145,-2.5539451306871475
INV_02,2025-03-17,-37379.44,-0.1545,-10.769568789486458
INV_02,2025-03-18,-41369.82,-0.1105,-11.513791402817148
INV_02,2025-03-19,301.35,0.4018,-0.022531846157676727
INV_02,2025-03-20,53241.21,0.0642,2.9152944263997274
INV_02,2025-03-21,25560.14,0.4734,1.6800149142813448
INV_02,2025-03-24,-2402.88,-0.0701,-1.8252798503294754
INV_02,2025-03-25,13330.73,-0.5126,1.3658829092460552
INV_02,2025-03-26,-9655.66,0.0162,-4.529868176775408
INV_02,2025-03-27,4497.3,0.215,0.5295694170346125
INV_02,2025-03-28,-6947.93,-0.2754,-3.573264270659103
INV_02,2025-03-31,0.0,0.0,0.0
INV_02,2025-04-01,45452.42,-1.2982,3.0628772827030866
INV_02,2025-04-02,16550.23,-0.3658,1.4992376439577701
INV_02,2025-04-03,-66500.72,-0.132,-15.63625917043395
INV_02,2025-04-04,-51029.29,-0.5028,-13.060541466519116
INV_02,2025-04-07,-99206.4,-2.2265,-19.57872769738244
INV_02,2025-04-08,86011.86,1.2124,3.6137868580359487
INV_02,2025-04-09,-52416.98,-0.4102,-13.320308233016014
INV_02,2025-04-10,97446.2,2.9609,3.39415437601052
INV_02,2025-04-11,-11600.56,-0.199,-5.0292617443326035
INV_02,2025-04-14,0.0,0.0,0.0
INV_02,2025-04-15,0.0,0.0,0.0
INV_02,2025-04-16,18292.9,-0.0282,1.4843400444249621
INV_02,2025-04-17,3300.71,-0.5575,0.6664873120622646
INV_02,2025-04-21,13886.65,-0.5757,1.4179685474724195
INV_02,2025-04-22,-14382.17,-0.1587,-5.798027555217043
INV_02,2025-04-23,-2202.91,0.1355,-1.7899147027967373
INV_02,2025-04-24,14067.89,-0.2427,1.3227678164625347
INV_02,2025-04-25,16370.37,0.0041,1.3722793902471955
INV_02,2025-04-28,-186641.02,7.2487,-32.77130875821937
INV_02,2025-04-29,3752.07,0.2373,0.4566765000982782
INV_02,2025-04-30,-16061.06,0.0361,-6.29075390155554
INV_02,2025-05-01,-2094405.93,82.2801,-170.67887968551778
INV_02,2025-05-02,2101467.48,-466.0171,179.0389732284792
INV_02,2025-05-05,8036.15,0.2572,0.7871298214575391
INV_02,2025-05-06,6542.19,-0.0391,0.7732914172950459
INV_02,2025-05-07,-23450.22,0.0417,-8.025717519204504
INV_02,2025-05-08,10630.21,0.035,1.0290477531164353
INV_02,2025-05-09,-4875.39,0.248,-2.992494100824177
INV_02,2025-05-12,0.0,0.0,0.0
INV_02,2025-05-13,0.0,0.0,0.0
INV_02,2025-05-14,37595.31,0.1607,2.295371838892644
INV_02,2025-05-15,15275.65,0.7101,1.0885971091944266
INV_02,2025-05-16,1780.81,0.4535,0.18539342988032628
INV_02,2025-05-19,299.72,0.2866,0.013621006956407347
INV_02,2025-05-20,-12182.07,-0.0249,-5.247409359932071
INV_02,2025-05-21,18160.21,-0.5942,1.6568610180025354
INV_02,2025-05-22,29612.51,-0.5933,2.2000856692925583
INV_02,2025-05-23,6723.87,-0.264,0.858126320506657
INV_02,2025-05-26,23747.59,-0.9636,2.050877330408275
INV_02,2025-05-27,4244.81,1.29,0.16696156391255557
INV_02,2025-05-28,21967.07,-0.6284,1.8591766795190552
INV_02,2025-05-29,17394.39,0.2613,1.3454813533200607
INV_02,2025-05-30,15964.53,-0.2207,1.4215132555119505
INV_02,2025-06-02,51568.71,-0.8223,3.136588804000808
INV_02,2025-06-03,62201.47,-0.3282,3.3489864730132437
INV_02,2025-06-04,3307.57,0.4364,0.3520762895017028
INV_02,2025-06-05,23927.26,-0.317,1.8543980616196591
INV_02,2025-06-06,-13513.99,0.2633,-5.701935039658925
INV_02,2025-06-09,13599.25,0.1603,1.168128559674678
INV_02,2025-06-11,27860.92,0.5092,1.7731207399561484
INV_02,2025-06-12,9255.83,-0.5312,1.1198086941458174
INV_02,2025-06-13,-22908.97,-0.7862,-7.643680646189073
INV_02,2025-06-16,-6192.12,-0.4856,-3.244960992718069
INV_02,2025-06-17,-16625.59,0.5068,-6.581228493752381
INV_02,2025-06-18,-31961.05,0.0055,-9.782429107942244
INV_02,2025-06-19,-30198.46,-0.4051,-9.301406692150744
INV_02,2025-06-20,41971.1,0.0925,2.4893982869794766
INV_02,2025-06-23,-55739.08,-0.1516,-13.945246474260504
INV_02,2025-06-24,60980.38,0.6625,2.993765695965648
INV_02,2025-06-25,0.0,1.6577,-0.5254909
INV_02,2025-06-26,74355.78,-1.7343,4.18998519695735
INV_02,2025-06-27,-2837.73,0.4339,-2.193942157463769
INV_02,2025-06-30,28649.81,0.3288,1.8654083549319116
INV_02,2025-07-01,697.52,-0.2021,0.2440565765791882
INV_02,2025-07-02,17617.38,-0.2996,1.5350518486787814
INV_02,2025-07-03,-12436.76,0.2042,-5.390531010515928
INV_02,2025-07-04,4771.0,0.1861,0.5619103094194359
INV_02,2025-07-07,-5297.71,-0.3052,-2.9772677078982346
INV_02,2025-07-08,4023.09,-0.4786,0.7080513214856157
INV_02,2025-07-09,21794.7,-0.0479,1.6667580691455974
INV_02,2025-07-10,0.0,0.0,0.0
INV_02,2025-07-11,54013.88,0.5624,2.784731550074593
INV_02,2025-07-14,56206.29,0.7281,2.8091076362180942
INV_02,2025-07-15,24170.78,0.489,1.6103710097108677
INV_02,2025-07-16,-26111.66,0.2749,-8.6740107058685
INV_02,2025-07-17,7322.99,-0.9301,1.1130414756069653
INV_02,2025-07-18,16306.46,-0.0594,1.38895306251071
INV_02,2025-07-21,11091.28,-0.508,1.230012591170359
INV_02,2025-07-22,19417.71,-0.4375,1.6718900005376534
INV_02,2025-07-23,26882.82,-0.2956,1.9842274225819088
INV_02,2025-07-24,18897.67,0.0631,1.486628372477765
INV_02,2025-07-25,26674.04,-0.3593,1.9949517657097786
INV_02,2025-07-28,15990.65,-0.1624,1.4044558245833445
INV_02,2025-07-29,1909.71,-0.4414,0.4842285545082411
INV_02,2025-07-30,-1940.98,0.0468,-1.625032229318594
INV_02,2025-07-31,15121.56,-0.289,1.396762341153545
INV_02,2025-08-01,59199.67,0.4637,2.9962187108513256
INV_02,2025-08-04,-24088.33,0.1041,-8.18523788561765
INV_02,2025-08-05,-10752.49,-0.1362,-4.806192984591952
INV_02,2025-08-06,-3064.14,0.0526,-2.17728275527433
INV_02,2025-08-07,-6618.95,0.1619,-3.599305305569336
INV_02,2025-08-11,5418.27,-0.1758,0.7296453549016934
INV_02,2025-08-12,19697.63,-0.5798,1.731196627226262
INV_02,2025-08-13,7520.04,-0.4181,0.9648489733402216
INV_02,2025-08-14,-10936.5,-0.268,-4.8176953804937765
INV_02,2025-08-15,44661.91,0.6043,2.4299957782444377
INV_02,2025-08-18,43386.93,0.4254,2.4382628959362727
INV_02,2025-08-19,10897.26,0.6487,0.8512583319013493
INV_02,2025-08-20,23309.34,0.115,1.6881486662380172
INV_02,2025-08-21,5908.3,-0.1179,0.7499350149893632
INV_02,2025-08-22,-14155.73,0.1135,-5.824848643088478
INV_02,2025-08-25,-22745.08,-0.1014,-7.82435195374038
INV_02,2025-08-26,15803.74,-0.3688,1.459678766760798
INV_02,2025-08-27,22355.73,-0.4402,1.8183722475319135
INV_02,2025-08-28,-2593.43,-0.1981,-1.8777688800905874
INV_02,2025-08-29,31640.26,-0.4238,2.2340317388966255
INV_02,2025-09-01,7114.63,-0.2981,0.8976281527893128
INV_02,2025-09-02,-20207.86,-0.1289,-7.239424677641263
INV_02,2025-09-03,-11918.58,-0.0291,-5.172590713746868
INV_02,2025-09-04,-5371.97,0.1572,-3.1515294353542767
INV_02,2025-09-08,-15277.34,-0.3677,-5.963670354070627
INV_02,2025-09-09,-39596.72,0.1669,-11.280480189165212
INV_02,2025-09-10,19395.93,0.0025,1.5313022754407764
INV_02,2025-09-11,-21890.87,-0.0789,-7.640175382491625
INV_02,2025-09-12,604.84,-0.2398,0.2402178598800031
INV_02,2025-09-15,-36386.82,-0.1679,-10.579421635522387
INV_02,2025-09-16,33706.84,0.1671,2.134037530553685
INV_02,2025-09-17,23008.59,-0.0998,1.7418770082743438
INV_02,2025-09-18,40850.32,-0.0672,2.49650001632049
INV_02,2025-09-19,16365.43,-0.0683,1.3949632393884677
INV_02,2025-09-22,20694.48,0.4068,1.4684320031861653
INV_02,2025-09-23,17418.98,-0.2462,1.5076588717001427
INV_02,2025-09-24,34423.14,-0.8732,2.493630934577203
INV_02,2025-09-25,22502.66,-0.2956,1.7796315744507374
INV_02,2025-09-26,15646.68,-0.3014,1.4297037430262571
INV_02,2025-09-29,2580.76,0.0512,0.4017591906643848
INV_02,2025-09-30,-5861.01,0.2869,-3.371655590066154
INV_02,2025-10-01,8949.85,-0.0557,0.9486990596352084
INV_02,2025-10-02,16190.87,-0.3084,1.4616234509215054
INV_02,2025-10-03,10708.29,0.3351,0.9388297738987882
INV_02,2025-10-07,5420.7,-0.0883,0.7021024819015402
INV_02,2025-10-08,-9834.89,-0.1795,-4.52174287142816
INV_02,2025-10-09,7567.44,-0.2282,0.9080254394917113
INV_02,2025-10-10,36178.45,0.0095,2.2859673081254632
INV_02,2025-10-13,-4700.41,-0.1681,-2.7928032074216684
INV_02,2025-10-14,25610.97,-0.4258,1.9674042471644957
INV_02,2025-10-15,1598.94,-0.4733,0.4571276848048423
INV_02,2025-10-16,18111.88,-0.0553,1.483511684150613
INV_02,2025-10-17,22700.84,-0.0443,1.70951658139075
INV_02,2025-10-21,25648.88,-0.3699,1.9514302743688838
INV_02,2025-10-22,-11893.64,0.2103,-5.241494947364188
INV_02,2025-10-23,1940.48,-0.1805,0.4050857196558597
INV_02,2025-10-24,-2960.72,0.0403,-2.1261338950756605
INV_02,2025-10-27,-7633.14,0.039,-3.9015088388521497
INV_02,2025-10-28,-16868.62,-0.376,-6.361667161157969
INV_02,2025-10-29,2555.98,0.0509,0.39926518436684294
INV_02,2025-10-30,-7223.1,0.072,-3.77610747221231
INV_02,2025-10-31,2897.43,0.1003,0.41854056343038165
INV_02,2025-11-03,30695.5,-0.2293,2.1317818222762908
INV_02,2025-11-04,-5556.09,0.1024,-3.2022089822402062
INV_02,2025-11-05,-3226472.79,88.6016,-219.07827191082563
INV_02,2025-11-06,3255620.61,-783.3653,289.8352160624469
INV_02,2025-11-07,30060.03,0.3094,1.9334592740144283
INV_02,2025-11-10,47761.78,0.5672,2.557531932299671
INV_02,2025-11-11,25390.68,-0.2381,1.8977373965414945
INV_02,2025-11-12,-1437.78,0.4824,-1.480154133404853
INV_02,2025-11-13,-43172.98,-0.372,-11.752600138476907
INV_02,2025-11-14,-5198.9,-0.2046,-2.9721106195168563
INV_02,2025-11-17,-12625.49,-0.0637,-5.357515114617117
INV_02,2025-11-18,-35529.14,0.4357,-10.608676520536006
INV_02,2025-11-19,-18941.13,0.2808,-7.072024824035081
INV_02,2025-11-20,7777.54,0.1111,0.8153363181004867
INV_02,2025-11-21,-11930.35,0.0505,-5.201118822859614
INV_02,2025-11-24,-41494.53,-0.1972,-11.508715773568824
INV_02,2025-11-25,12578.01,-0.0454,1.1735696838741791
INV_02,2025-11-26,4657.42,0.0706,0.5889637800724601
INV_02,2025-11-27,-26060.72,0.0402,-8.588818953414146
INV_02,2025-11-28,-1097.29,0.0077,-1.1176603769136466
INV_02,2025-12-01,-100136.82,-0.1059,-20.37326947603079
INV_02,2025-12-02,25572.77,0.1214,1.7921812300051527
INV_02,2025-12-03,-60202.44,-0.0354,-14.693771349304331
INV_02,2025-12-05,-38380.0,-0.6324,-10.80369058930461
INV_02,2025-12-08,-1885.71,0.0722,-1.6034044622179056
INV_02,2025-12-09,46301.51,-0.0473,2.6981337653031567
INV_02,2025-12-10,47961.21,-0.0526,2.761363849383735
INV_02,2025-12-11,27108.54,-0.5895,2.0876011372741172
INV_02,2025-12-12,1477.16,-0.0005,0.2919760016809081
INV_02,2025-12-15,-15204.07,-0.3146,-5.9617074706537405
INV_02,2025-12-16,2313.9,0.2454,0.311825213835972
INV_02,2025-12-17,6047.23,-0.1844,0.7817613160330346
INV_02,2025-12-18,-13307.39,0.3124,-5.6620321865217464
INV_02,2025-12-19,-15473.3,0.2767,-6.218056799742754
INV_02,2025-12-22,-18293.79,-0.1742,-6.773146722832402
INV_02,2025-12-23,-2897.99,0.0324,-2.0946836537734463
INV_02,2025-12-24,-3315.01,0.1646,-2.3251057308177323
INV_02,2025-12-25,-1615225.83,46.4515,-137.04458798113635
INV_02,2025-12-26,1633972.94,-87.3205,54.30805536456141
INV_02,2025-12-29,-7451.04,0.1513,-3.877100207647545
INV_02,2025-12-30,31186.27,0.3239,1.9775589525710158
INV_02,2025-12-31,19773.78,0.1909,1.4907345963285148
INV_02,2026-01-02,32274.82,-0.4464,2.268218959645201
INV_02,2026-01-05,1541.21,0.6252,0.10171611977759626
INV_02,2026-01-06,59481.21,0.5245,2.98656374262044
INV_02,2026-01-07,0.0,0.0,0.0
INV_02,2026-01-08,0.0,1.4799,-0.4691283
INV_02,2026-01-09,71547.66,-1.2752,3.955310251791729
INV_02,2026-01-12,-5112.09,0.1294,-3.0452331975189213
INV_02,2026-01-13,6639.17,-0.298,0.8626075903184232
INV_02,2026-01-14,25476.27,0.0383,1.8140721222083567
INV_02,2026-01-16,13058.81,-0.0737,1.2108856008602389
INV_02,2026-01-19,-18021.5,0.1661,-6.815394047219425
INV_02,2026-01-20,14464.32,-0.3055,1.3651725091443763
INV_02,2026-01-21,53211.13,-0.2863,3.0253347004472593
INV_02,2026-01-22,-16827.59,0.4222,-6.604540422794806
INV_02,2026-01-23,28730.19,-0.284,2.0632229385302434
INV_02,2026-01-26,-2011.24,0.2578,-1.7292175818823114
INV_02,2026-01-27,-2399.89,0.2021,-1.9100864175442522
INV_02,2026-01-28,-3151.85,0.0508,-2.2163410806115573
INV_02,2026-01-29,-6476.81,-0.0472,-3.483763624358449
INV_02,2026-01-30,1708.72,-0.2632,0.40394327616383563
INV_02,2026-02-02,-21637.98,-0.0897,-7.5796073332946285
INV_02,2026-02-03,5606.44,-0.147,0.7354963959086998
INV_02,2026-02-05,-1695.88,0.128,-1.5167032804971394
INV_02,2026-02-06,1572.09,0.1386,0.2598244048731955
INV_02,2026-02-09,-1273.27,-0.0575,-1.2091047794892935
INV_02,2026-02-10,-6927.52,0.1346,-3.6963056143808477
INV_02,2026-02-11,6990.28,-0.0936,0.8237333666031756
INV_02,2026-02-12,-5669.9,-0.0308,-3.2016475243387577
INV_02,2026-02-13,11077.97,-0.0038,1.0693548806967001
INV_02,2026-02-16,41819.23,0.2738,2.426053083878517
INV_02,2026-02-17,-3202.85,0.0599,-2.2420878997738196
INV_02,2026-02-18,9861.01,0.3638,0.8757021588665501
INV_02,2026-02-19,0.0,-0.1083,0.034331099999999996
INV_02,2026-02-20,0.0,-0.3221,0.1021057
INV_02,2026-02-23,0.0,0.1077,-0.0341409
INV_02,2026-02-24,0.0,-0.7073,0.22421410000000003
INV_02,2026-02-25,0.0,0.0621,-0.0196857
INV_02,2026-02-26,0.0,0.3725,-0.1180825
INV_02,2026-02-27,0.0,-1.1058,0.3505386
INV_02,2026-03-02,-772.98,0.0203,-0.8964016995986986
INV_02,2026-03-03,0.0,-4.8572,1.5397324
INV_02,2026-03-04,-1373597.09,36.7518,-121.84859132952606
INV_03,2020-01-01,0.0,0.0,0.0
INV_03,2020-01-02,0.0,0.0,0.0
INV_03,2020-01-03,0.0,-0.0201,0.0911535
INV_03,2020-01-06,-2077.82,-0.9772,4.2158348465420605
INV_03,2020-01-07,-1191.36,-1.1174,4.942031968738134
INV_03,2020-01-08,-3603.28,-2.2802,9.971442754219156
INV_03,2020-01-09,6009.66,1.1282,-4.50803140779945
INV_03,2020-01-10,0.0,0.0,0.0
INV_03,2020-01-13,-468.16,-0.4397,1.9436540848659551
INV_03,2020-01-14,-3862.37,0.8496,-4.248092729317847
INV_03,2020-01-15,0.0,0.0,0.0
INV_03,2020-01-16,-656.94,-0.7371,3.2726182980999816
INV_03,2020-01-17,-4834.47,-0.0857,-0.1033045007008217
INV_03,2020-01-20,-3182.74,0.0951,-0.7584187147160614
INV_03,2020-01-21,1844.51,1.3042,-5.722459161431591
INV_03,2020-01-22,3683.81,0.4398,-1.6171762464091382
INV_03,2020-01-23,-0.92,0.9691,-4.394983489164777
INV_03,2020-01-24,751.21,0.1359,-0.5363703756583642
INV_03,2020-01-27,-7854.84,-0.5734,1.8103199652227984
INV_03,2020-01-28,-2407.16,-0.6569,2.729955774957435
INV_03,2020-01-29,11162.07,-0.7056,4.313161800998495
INV_03,2020-01-30,-4894.39,0.6203,-3.310964719323354
INV_03,2020-01-31,573.97,-0.01,0.10682178905114724
INV_03,2020-02-03,-2425.48,0.3923,-2.0300162585988515
INV_03,2020-02-04,0.0,0.0,0.0
INV_03,2020-02-05,-799.59,0.1475,-0.7538693766239619
INV_03,2020-02-06,-1296.8,0.0827,-0.5112404049837397
INV_03,2020-02-07,47.16,-0.1531,0.6996715028197896
INV_03,2020-02-10,-1969.18,-0.1956,0.682296633735116
INV_03,2020-02-11,-803.55,-0.7036,3.1054584936176637
INV_03,2020-02-12,-4350.01,-0.1584,0.27456526362827294
INV_03,2020-02-13,-1239.66,-0.4794,2.0437433188456127
INV_03,2020-02-14,1348.09,0.0536,-0.10162512644563529
INV_03,2020-02-17,-1336.18,-0.0204,-0.047717057049527334
INV_03,2020-02-18,2833.93,0.2404,-0.7981138501124424
INV_03,2020-02-19,1809.28,0.6549,-2.7814652978730576
INV_03,2020-02-20,-2509.75,-0.4101,1.6003620685897535
INV_03,2020-02-21,0.0,0.0,0.0
INV_03,2020-02-24,-4682.87,-0.124,0.0854482480701454
INV_03,2020-02-25,-11860.62,-0.2027,-0.26197012223964933
INV_03,2020-02-26,-10389.59,-1.1142,4.014890560677547
INV_03,2020-02-27,-1627.9,0.3402,-1.7128460452597947
INV_03,2020-02-28,-12488.01,-0.286,0.05485040008349196
INV_03,2020-03-02,7217.8,-0.214,1.6979399655572973
INV_03,2020-03-03,1417.89,0.2168,-0.8345933687372076
INV_03,2020-03-04,-17853.31,-0.7313,1.5557773983286678
INV_03,2020-03-05,-12097.97,-0.1427,-0.5571353038271856
INV_03,2020-03-06,-28066.68,0.4237,-4.65948589440837
INV_03,2020-03-09,0.0,0.0,0.0
INV_03,2020-03-10,-29963.41,-1.3143,3.0418951910028014
INV_03,2020-03-11,16310.51,-0.0738,1.94669518355841
INV_03,2020-03-12,-39963.53,0.0004,-3.867476287762689
INV_03,2020-03-13,-22157.06,-1.1138,2.8772817080454396
INV_03,2020-03-16,0.0,0.0,0.0
INV_03,2020-03-17,0.0,0.0,0.0
INV_03,2020-03-18,0.0,0.0,0.0
INV_03,2020-03-19,0.0,0.0,0.0
INV_03,2020-03-20,-70364.36,-2.8676,6.290025834174019
INV_03,2020-03-23,0.0,0.0,0.0
INV_03,2020-03-24,0.0,0.0,0.0
INV_03,2020-03-25,0.0,0.0,0.0
INV_03,2020-03-26,0.0,0.0,0.0
INV_03,2020-03-27,0.0,0.0,0.0
INV_03,2020-03-30,0.0,0.0,0.0
INV_03,2020-03-31,652.92,-0.0902,0.47876832422889953
INV_03,2020-04-01,0.0,0.0,0.0
INV_03,2020-04-02,0.0,0.0,0.0
INV_03,2020-04-03,0.0,0.0,0.0
INV_03,2020-04-06,0.0,0.0,0.0
INV_03,2020-04-07,0.0,0.0,0.0
INV_03,2020-04-08,0.0,0.0,0.0
INV_03,2020-04-09,0.0,0.0,0.0
INV_03,2020-04-10,0.0,0.0,0.0
INV_03,2020-04-13,0.0,0.0,0.0
INV_03,2020-04-14,0.0,0.0,0.0
INV_03,2020-04-15,0.0,0.0,0.0
INV_03,2020-04-16,0.0,0.0,0.0
INV_03,2020-04-17,0.0,0.0,0.0
INV_03,2020-04-20,0.0,0.0,0.0
INV_03,2020-04-21,0.0,0.0,0.0
INV_03,2020-04-22,0.0,0.0,0.0
INV_03,2020-04-23,0.0,0.0,0.0
INV_03,2020-04-24,0.0,0.0,0.0
INV_03,2020-04-27,0.0,0.0,0.0
INV_03,2020-04-28,0.0,0.0,0.0
INV_03,2020-04-29,0.0,0.0,0.0
INV_03,2020-04-30,0.0,0.0,0.0
INV_03,2020-05-01,0.0,0.0,0.0
INV_03,2020-05-04,0.0,0.0,0.0
INV_03,2020-05-05,0.0,0.0,0.0
INV_03,2020-05-06,0.0,0.0,0.0
INV_03,2020-05-07,0.0,0.0,0.0
INV_03,2020-05-08,0.0,0.0,0.0
INV_03,2020-05-11,-22610.14,-6.4689,27.119286497861925
INV_03,2020-05-12,-32540.13,0.383,-4.900065442358506
INV_03,2020-05-13,41590.11,-3.638,20.517480855279942
INV_03,2020-05-14,242.06,-1.314,5.9854572534538715
INV_03,2020-05-15,16483.12,0.5163,-0.7127603346736764
INV_03,2020-05-18,29901.78,1.1311,-2.2169420699156976
INV_03,2020-05-19,11051.0,0.6447,-1.8212618619559635
INV_03,2020-05-20,-3843.21,1.4285,-6.871490913220883
INV_03,2020-05-21,30587.23,2.9682,-10.483044186447822
INV_03,2020-05-22,-6608.48,0.7027,-3.854195121914599
INV_03,2020-05-25,0.0,0.0,0.0
INV_03,2020-05-26,-4941.08,-1.1991,4.935379049822265
INV_03,2020-05-27,3058.07,0.4677,-1.8063919965708035
INV_03,2020-05-28,13344.41,0.45,-0.7155171523048358
INV_03,2020-05-29,-9000.02,-0.8941,3.152462876155595
INV_03,2020-06-01,-9405.13,-1.4797,5.768541125113957
INV_03,2020-06-02,-2163.52,0.8169,-3.9290901782883414
INV_03,2020-06-03,-1759.37,-0.8096,3.4881067417257503
INV_03,2020-06-04,4780.78,-0.5026,2.7659119348889782
INV_03,2020-06-05,0.0,0.0,0.0
INV_03,2020-06-08,7313.55,1.5046,-6.086493915532098
INV_03,2020-06-09,9874.84,0.7223,-2.2878479585758376
INV_03,2020-06-10,-2360.91,0.1578,-0.960036688628047
INV_03,2020-06-11,8584.66,-0.2966,2.206696979926352
INV_03,2020-06-12,-2910.64,0.3577,-1.9219840943513242
INV_03,2020-06-15,-2070.99,-0.1176,0.31824109991575567
INV_03,2020-06-16,5080.02,0.9212,-3.6613152187425024
INV_03,2020-06-17,6909.35,1.1587,-4.557611534463617
INV_03,2020-06-18,7997.18,-0.0735,1.137341637895405
INV_03,2020-06-19,5192.3,0.113,0.015006957855375203
INV_03,2020-06-22,13882.77,1.3172,-4.596112710715826
INV_03,2020-06-23,6049.67,0.907,-3.5009367305668144
INV_03,2020-06-24,2669.2,0.475,-1.878608273770146
INV_03,2020-06-25,12229.25,-0.9157,5.369732144616012
INV_03,2020-06-26,4473.29,-0.3782,2.1711865218997537
INV_03,2020-06-29,-1134.2,-0.4589,1.9616089722987717
INV_03,2020-06-30,-547.02,-0.3118,1.35535987874559
INV_03,2020-07-01,-1137.73,-0.3114,1.2923334813729395
INV_03,2020-07-02,-10561.73,-0.0702,-0.7364315809907862
INV_03,2020-07-03,-9943.15,-0.5576,1.5342649392593994
INV_03,2020-07-06,-2359.83,0.1861,-1.0882680641822295
INV_03,2020-07-07,4623.44,0.5471,-2.010114601062024
INV_03,2020-07-08,-3662.51,-0.3318,1.1295257014720261
INV_03,2020-07-09,5429.6,-0.1946,1.4334879214519822
INV_03,2020-07-10,-20493.88,-0.5318,0.39731533952636466
INV_03,2020-07-13,-23819.34,-0.2774,-1.0748227113719087
INV_03,2020-07-14,13409.29,0.3138,-0.09156192580061773
INV_03,2020-07-15,-3986.28,-0.3403,1.1357355775327775
INV_03,2020-07-16,9192.3,0.3235,-0.545982623694407
INV_03,2020-07-17,7936.23,0.2906,-0.5198331246218462
INV_03,2020-07-20,7686.8,0.347,-0.8000962520661049
INV_03,2020-07-21,-1311.69,-0.1858,0.7048810197519824
INV_03,2020-07-22,-2400.83,-0.4004,1.567367584409332
INV_03,2020-07-23,2766.16,-0.2885,1.5936281016831495
INV_03,2020-07-24,514.94,0.0444,-0.1460604505296398
INV_03,2020-07-27,4372.86,0.2268,-0.5824842451493888
INV_03,2020-07-28,-7835.57,0.6276,-3.634323296584959
INV_03,2020-07-29,-3645.0,0.0592,-0.6419085239661986
INV_03,2020-07-30,-4099.7,0.0503,-0.6469484526710632
INV_03,2020-07-31,8817.43,0.1383,0.2572198412708967
INV_03,2020-08-03,0.0,0.0,0.0
INV_03,2020-08-04,7750.36,0.691,-2.3538941216437497
INV_03,2020-08-05,-143.48,-0.2266,1.0117444945832772
INV_03,2020-08-06,4230.93,-0.0638,0.7212510760208325
INV_03,2020-08-07,-1359.5,0.5092,-2.451841237707837
INV_03,2020-08-10,-5835.48,-0.0522,-0.3544135439735536
INV_03,2020-08-11,7649.71,0.0427,0.576261124010818
INV_03,2020-08-12,7362.48,1.1558,-4.499874740389746
INV_03,2020-08-13,6288.11,0.1301,0.04584792252461434
INV_03,2020-08-14,4330.1,0.4928,-1.7930518001725635
INV_03,2020-08-17,-5075.25,0.4594,-2.599232594783773
INV_03,2020-08-18,284.65,0.5751,-2.5770752144981173
INV_03,2020-08-19,16225.14,-0.2251,2.624605311898499
INV_03,2020-08-20,-587.93,0.1353,-0.6765160904215171
INV_03,2020-08-21,11051.8,-0.3355,2.6240230309290276
INV_03,2020-08-24,-936.21,0.3072,-1.4922489566300168
INV_03,2020-08-25,-1154.81,-0.6727,2.9290730202493824
INV_03,2020-08-26,-3199.05,-0.2564,0.8339976851130524
INV_03,2020-08-27,-3770.65,-0.058,-0.12296549213967983
INV_03,2020-08-28,1780.47,0.0966,-0.2525049918378841
INV_03,2020-08-31,-4741.74,0.5198,-2.8400351621821636
INV_03,2020-09-01,0.0,0.0,0.0
INV_03,2020-09-02,41.89,-0.4879,2.217403769168821
INV_03,2020-09-03,-837.89,-0.099,0.3600386393302294
INV_03,2020-09-04,-4678.94,-0.4054,1.3619878680492978
INV_03,2020-09-07,-5225.86,0.0184,-0.614233085965888
INV_03,2020-09-08,22.74,-0.0157,0.07383114612263192
INV_03,2020-09-09,6665.46,0.3974,-1.1291421463550595
INV_03,2020-09-10,6921.16,-0.4581,2.775739370755919
INV_03,2020-09-11,5266.46,0.0881,0.1352799724440903
INV_03,2020-09-14,20031.73,-1.2971,7.852398346529705
INV_03,2020-09-15,2271.02,0.0181,0.15324344447255883
INV_03,2020-09-16,17257.39,-1.215,7.213311526792709
INV_03,2020-09-17,22003.48,0.6471,-0.7755043538278801
INV_03,2020-09-18,14169.11,-0.2167,2.38784458268996
INV_03,2020-09-21,17136.01,-1.8377,10.025562479128693
INV_03,2020-09-22,-82.6,-0.7598,3.4364252880676003
INV_03,2020-09-23,1920.67,-0.4561,2.2682385300147287
INV_03,2020-09-24,3233.47,-0.4998,2.5988214223523465
INV_03,2020-09-25,4361.4,-0.4422,2.4502897966571124
INV_03,2020-09-28,14201.5,-0.9117,5.542804431785461
INV_03,2020-09-29,-6071.4,-0.1702,0.15740223850563295
INV_03,2020-09-30,-5731.98,0.0674,-0.8865643207774168
INV_03,2020-10-01,0.0,0.0,0.0
INV_03,2020-10-02,5533.64,-0.9278,4.76885180193638
INV_03,2020-10-05,-79962.08,1.3976,-13.945141369294564
INV_03,2020-10-06,-9786.65,0.3757,-2.6829711696583054
INV_03,2020-10-07,5714.45,-0.6125,3.356858823638861
INV_03,2020-10-08,19562.24,-0.2368,2.9988605318239596
INV_03,2020-10-09,13557.62,-0.1284,1.9281886108150292
INV_03,2020-10-12,-3580.36,-0.2017,0.5477378996786681
INV_03,2020-10-13,-10547.6,-0.1833,-0.2221457785617167
INV_03,2020-10-14,17945.78,-0.0953,2.2017534474161256
INV_03,2020-10-15,17477.19,-1.0517,6.493916180323701
INV_03,2020-10-16,2443.47,-0.076,0.5974121409675905
INV_03,2020-10-19,2730.8,0.2316,-0.7685851846033156
INV_03,2020-10-20,2313.59,-0.0392,0.41740328957308204
INV_03,2020-10-21,-43881.59,0.3985,-6.042335623358547
INV_03,2020-10-22,5274.15,-0.2591,1.7105941428829294
INV_03,2020-10-23,-1548.56,0.299,-1.5179108279388522
INV_03,2020-10-26,-14455.0,-0.2977,-0.0827044002533619
INV_03,2020-10-27,2583.16,-0.0123,0.3226258723743202
INV_03,2020-10-28,-12851.08,0.448,-3.3090746005521314
INV_03,2020-10-29,21709.29,-0.5044,4.4183689938569835
INV_03,2020-10-30,0.0,0.0,0.0
INV_03,2020-11-02,-7371.88,-0.0365,-0.5770749521133045
INV_03,2020-11-03,18257.21,-0.6264,4.640257704071468
INV_03,2020-11-04,5755.38,0.3986,-1.2244312435377978
INV_03,2020-11-05,17272.05,-0.5823,4.345429212980125
INV_03,2020-11-06,14429.8,-0.5485,3.917783482696709
INV_03,2020-11-09,1609.54,0.2287,-0.8689874400233832
INV_03,2020-11-10,3011.11,1.0282,-4.352975863786741
INV_03,2020-11-11,2467.64,0.6132,-2.5256700102004377
INV_03,2020-11-12,-8337.67,-0.3303,0.6604976338750786
INV_03,2020-11-13,385.99,-0.1317,0.6389942895696028
INV_03,2020-11-16,3351.45,-0.9603,4.699014933618796
INV_03,2020-11-17,3890.83,-0.0258,0.5150013225752108
INV_03,2020-11-18,2902.02,-0.2352,1.3655799581845578
INV_03,2020-11-19,-2254.17,-0.159,0.4874423286061532
INV_03,2020-11-20,2729.57,-0.1818,1.1060599681604444
INV_03,2020-11-23,578.34,-0.1319,0.6600950388199331
INV_03,2020-11-24,-670.21,0.5479,-2.5562389804158108
INV_03,2020-11-25,13428.14,-0.7084,4.545941895684997
INV_03,2020-11-26,3885.09,-0.0852,0.7838072516327685
INV_03,2020-11-27,5841.94,-0.18,1.4080792348765905
INV_03,2020-11-30,18049.33,-0.9846,6.244693890244848
INV_03,2020-12-01,12962.65,0.5139,-1.0423191504702765
INV_03,2020-12-02,-2388.94,0.8189,-3.9609569547373438
INV_03,2020-12-03,368.03,0.2139,-0.9301980874790554
INV_03,2020-12-04,10090.04,-0.3555,2.6209794573895326
INV_03,2020-12-07,9823.62,0.9424,-3.291002353725909
INV_03,2020-12-08,16598.45,0.7204,-1.6272327592922582
INV_03,2020-12-09,4683.41,-0.472,2.6174654242891457
INV_03,2020-12-10,-5344.46,0.002,-0.5516129682063481
INV_03,2020-12-11,16607.93,-1.5967,8.881729798295673
INV_03,2020-12-14,5926.57,-0.2845,1.89035242271183
INV_03,2020-12-15,-7855.61,-0.2958,0.5513283765472556
INV_03,2020-12-16,1961.03,-0.3816,1.934478250733849
INV_03,2020-12-17,-7368.61,-0.0696,-0.4266449543141833
INV_03,2020-12-18,-4483.98,0.0312,-0.5986051750466772
INV_03,2020-12-21,1923.95,0.1009,-0.25742341809685243
INV_03,2020-12-22,6466.69,-0.437,2.635265028264248
INV_03,2020-12-23,-4417.16,0.03,-0.5865135920053016
INV_03,2020-12-24,10245.8,0.0064,0.9949590625268164
INV_03,2020-12-25,0.0,0.0,0.0
INV_03,2020-12-28,5624.9,0.0602,0.29730439706231904
INV_03,2020-12-29,0.0,0.0,0.0
INV_03,2020-12-30,2465.21,0.41,-1.6044032813472806
INV_03,2020-12-31,-2272.95,0.4596,-2.3198081325992472
INV_03,2021-01-01,0.0,0.0,0.0
INV_03,2021-01-04,12557.25,0.7079,-1.9614454620783555
INV_03,2021-01-05,9873.96,-0.1527,1.6801911273661672
INV_03,2021-01-06,-2904.68,0.0992,-0.7490873954169337
INV_03,2021-01-07,-2125.1,-0.1999,0.6859887786035457
INV_03,2021-01-08,7092.72,-0.1894,1.574072684880725
INV_03,2021-01-11,-621.87,1.0168,-4.677661847390628
INV_03,2021-01-12,14646.06,-0.9041,5.55134776660077
INV_03,2021-01-13,22307.1,-0.5459,4.663823577240335
INV_03,2021-01-14,0.0,0.0,0.0
INV_03,2021-01-15,49578.38,-0.008,4.807234951824608
INV_03,2021-01-18,60419.33,-1.6255,13.158298735879026
INV_03,2021-01-19,-934.14,1.9304,-8.853247101961255
INV_03,2021-01-20,32197.0,-1.3594,9.295480851881152
INV_03,2021-01-21,52414.14,-0.8519,8.900479587325295
INV_03,2021-01-22,44902.35,0.2473,3.2097580742652743
INV_03,2021-01-25,46444.36,2.3181,-6.036207164904929
INV_03,2021-01-26,-17660.42,1.3328,-7.786347688455834
INV_03,2021-01-27,17240.06,-1.1899,7.097813604483481
INV_03,2021-01-28,0.0,0.0,0.0
INV_03,2021-01-29,-34154.77,2.6532,-15.348521692824939
INV_03,2021-02-01,-28693.44,-0.0684,-2.4874718089322747
INV_03,2021-02-02,-87530.48,-0.8824,-4.307291657198818
INV_03,2021-02-03,42757.85,-0.0339,4.28298936476403
INV_03,2021-02-04,0.0,0.0,0.0
INV_03,2021-02-05,4408.39,-0.0059,0.47634716821452444
INV_03,2021-02-08,0.0,-2.3194,10.518479
INV_03,2021-02-09,18.45,-1.7903,8.121156414713903
INV_03,2021-02-10,-112892.4,5.9699,-37.724750782806595
INV_03,2021-02-11,-8492.99,-0.8635,3.0633374962751354
INV_03,2021-02-12,69068.53,-1.134,11.736516078311546
INV_03,2021-02-15,-46388.1,3.1418,-18.719146973985243
INV_03,2021-02-16,-39275.12,-0.9311,0.4218813005393103
INV_03,2021-02-17,5327.73,-0.6017,3.269594819886669
INV_03,2021-02-18,32059.13,-0.7775,6.643479935027434
INV_03,2021-02-19,-4611.54,0.7704,-3.963564718341404
INV_03,2021-02-22,-26122.33,-0.0503,-2.3246121137112272
INV_03,2021-02-23,-48991.65,-0.2045,-3.788433314006216
INV_03,2021-02-24,193.16,0.0027,0.00899064271049583
INV_03,2021-02-25,20528.19,0.5273,-0.3736164230778507
INV_03,2021-02-26,0.0,0.0,0.0
INV_03,2021-03-01,166.5,-0.0929,0.4396711252319558
INV_03,2021-03-02,-26863.15,0.4812,-4.8055976407808245
INV_03,2021-03-03,-30395.79,0.1792,-3.7722235767850734
INV_03,2021-03-04,-27035.93,0.0652,-2.93550447347644
INV_03,2021-03-05,11138.92,-0.2188,2.1032702584856606
INV_03,2021-03-08,43335.51,0.1256,3.614095551741033
INV_03,2021-03-09,4474.59,-0.2838,1.743211874929777
INV_03,2021-03-10,-17242.77,0.0751,-2.04245666509971
INV_03,2021-03-11,0.0,0.0,0.0
INV_03,2021-03-12,6880.72,0.2757,-0.5560258669651192
INV_03,2021-03-15,-13575.11,0.1526,-2.0396301846794067
INV_03,2021-03-16,-10842.23,0.3751,-2.7831993602624063
INV_03,2021-03-17,-14170.61,0.2881,-2.711788763195151
INV_03,2021-03-18,-21035.07,0.4485,-4.100247170835509
INV_03,2021-03-19,-7596.67,0.0918,-1.1810080919471078
INV_03,2021-03-22,13677.38,-0.2596,2.53478288974683
INV_03,2021-03-23,1497.8,0.4219,-1.756553727993796
INV_03,2021-03-24,24803.3,0.1494,1.7493115278366178
INV_03,2021-03-25,-9391.57,0.2737,-2.1818024464940358
INV_03,2021-03-26,-1437.93,0.5676,-2.7247100693473882
INV_03,2021-03-29,4192.03,0.2219,-0.5782746850811822
INV_03,2021-03-30,-3175.97,0.2071,-1.265659538683305
INV_03,2021-03-31,6442.71,-1.6906,8.317975860359098
INV_03,2021-04-01,14153.95,-0.6838,4.504675771007819
INV_03,2021-04-02,0.0,0.0,0.0
INV_03,2021-04-05,11732.01,-0.8357,4.958611454321371
INV_03,2021-04-06,20035.0,0.2936,0.6388877206269714
INV_03,2021-04-07,5599.58,0.2029,-0.35234583285573073
INV_03,2021-04-08,12564.64,0.5129,-1.0764031341817988
INV_03,2021-04-09,21601.19,-1.2826,7.937149279206588
INV_03,2021-04-12,21643.27,-0.3872,3.880541976702446
INV_03,2021-04-13,0.0,0.0,0.0
INV_03,2021-04-14,0.0,0.0,0.0
INV_03,2021-04-15,17018.26,-0.9297,5.896436739982443
INV_03,2021-04-16,-5953.46,0.2204,-1.6023164010184632
INV_03,2021-04-19,-13570.27,0.1713,-2.1239657512466015
INV_03,2021-04-20,-44907.05,0.9255,-8.5288485532739
INV_03,2021-04-21,14969.86,-0.5705,4.069778300626579
INV_03,2021-04-22,-27746.12,0.8549,-6.584452427590806
INV_03,2021-04-23,-15035.24,-0.4605,0.599487431283267
INV_03,2021-04-26,0.0,0.0,0.0
INV_03,2021-04-27,-22851.12,-0.6325,0.6281518134559998
INV_03,2021-04-28,31347.08,-0.1268,3.6249573972345464
INV_03,2021-04-29,-4166.38,-0.2022,0.49149159771794737
INV_03,2021-04-30,-1148.27,0.3445,-1.6832566893910432
INV_03,2021-05-03,-5309.92,-0.1935,0.33840197470950717
INV_03,2021-05-04,-13576.83,0.0202,-1.4393628294783585
INV_03,2021-05-05,6400.13,0.0127,0.5893101373616533
INV_03,2021-05-06,6244.35,-0.342,2.1825022654259327
INV_03,2021-05-07,11861.8,0.2265,0.15415181941670086
INV_03,2021-05-10,-18075.44,0.3045,-3.1629528209253177
INV_03,2021-05-11,6768.74,-0.4281,2.6246772133738396
INV_03,2021-05-12,4482.19,-0.1554,1.1616740746030012
INV_03,2021-05-13,4866.67,0.2342,-0.5669452332864812
INV_03,2021-05-14,0.0,0.0,0.0
INV_03,2021-05-17,20769.57,0.6427,-0.8738031495130163
INV_03,2021-05-18,530.36,0.4626,-2.040981985669537
INV_03,2021-05-19,-1876.9,0.0843,-0.5776797990096444
INV_03,2021-05-20,-4404.55,-0.5248,1.9307595601064949
INV_03,2021-05-21,-10927.7,0.0579,-1.3530222731967982
INV_03,2021-05-24,-4112.65,0.3746,-2.1189401632976157
INV_03,2021-05-25,6688.41,0.2744,-0.5690754064466228
INV_03,2021-05-26,0.0,0.0,0.0
INV_03,2021-05-27,0.0,0.0,0.0
INV_03,2021-05-28,7481.11,0.3564,-0.8629342986530361
INV_03,2021-05-31,7093.29,0.1565,0.0054722773743112185
INV_03,2021-06-01,13756.27,-0.416,3.251698373640897
INV_03,2021-06-02,3271.6,-0.3295,1.8303340901243348
INV_03,2021-06-03,7690.81,0.1638,0.03110960040810884
INV_03,2021-06-04,-1781.49,0.8372,-3.982381769167834
INV_03,2021-06-07,13489.59,-0.8745,5.305160309929437
INV_03,2021-06-08,-4742.2,-0.3215,0.9752146306156627
INV_03,2021-06-09,8565.35,-0.4189,2.7594358574375786
INV_03,2021-06-10,8494.8,0.3201,-0.5988411468327804
INV_03,2021-06-11,-823.82,-0.1607,0.6413058637761638
INV_03,2021-06-14,2387.23,-0.5951,2.945851222764404
INV_03,2021-06-15,2752.46,-0.3432,1.840313516209569
INV_03,2021-06-16,3886.83,0.3673,-1.2681065278530135
INV_03,2021-06-17,-21.61,0.227,-1.0319489350098288
INV_03,2021-06-18,6181.64,-0.3935,2.409863955936064
INV_03,2021-06-21,30.43,-0.6165,2.799324556954799
INV_03,2021-06-22,-14165.4,-0.0743,-1.0678005013226266
INV_03,2021-06-23,1603.97,-0.0187,0.25240354180920777
INV_03,2021-06-24,0.0,0.0,0.0
INV_03,2021-06-25,3048.45,0.1739,-0.4749750264586751
INV_03,2021-06-28,-8826.17,0.5805,-3.517833435561305
INV_03,2021-06-29,-8196.58,-0.454,1.2353105573692211
INV_03,2021-06-30,-10720.36,-0.2437,0.03493169757289727
INV_03,2021-07-01,-3982.58,-0.0671,-0.1028572385672476
INV_03,2021-07-02,2783.28,0.2551,-0.8698747750961826
INV_03,2021-07-05,-5357.35,-0.1383,0.08337044479432254
INV_03,2021-07-06,4874.85,-1.1541,5.729807537438363
INV_03,2021-07-07,-5747.28,0.6683,-3.613159131252021
INV_03,2021-07-08,3659.25,0.3467,-1.1974231442526837
INV_03,2021-07-09,7376.22,0.1467,0.0777446442125983
INV_03,2021-07-12,3838.98,-0.0355,0.5538134749421101
INV_03,2021-07-13,5045.21,0.0551,0.262994865515652
INV_03,2021-07-14,6185.56,-0.1963,1.5159489872385894
INV_03,2021-07-15,7280.52,0.0198,0.6438258835393599
INV_03,2021-07-16,-4028.24,0.3041,-1.7908045938592307
INV_03,2021-07-19,9752.7,0.882,-3.02401370397184
INV_03,2021-07-20,-1342.14,0.539,-2.5852065098732653
INV_03,2021-07-21,0.0,0.0,0.0
INV_03,2021-07-22,1234.78,-0.1933,1.006450396606129
INV_03,2021-07-23,0.0,0.0,0.0
INV_03,2021-07-26,-10717.67,-0.1466,-0.40515469557137085
INV_03,2021-07-27,-3998.79,-0.0471,-0.19517460230254347
INV_03,2021-07-28,135.76,0.0794,-0.3450273086045915
INV_03,2021-07-29,8513.0,-0.0487,1.075450095527976
INV_03,2021-07-30,-3755.69,0.0113,-0.4357462436402233
INV_03,2021-08-02,-1006.63,0.4185,-2.004263050565064
INV_03,2021-08-03,975.26,1.1794,-5.245449830062193
INV_03,2021-08-04,-157.08,-0.0246,0.09420642465748574
INV_03,2021-08-05,-9345.75,-1.5363,6.031026590543545
INV_03,2021-08-06,-1370.41,0.7229,-3.42208768262633
INV_03,2021-08-09,-9700.24,0.2733,-2.2101482907161083
INV_03,2021-08-10,-5985.48,0.291,-1.9256514900808894
INV_03,2021-08-11,1766.47,0.1416,-0.4580043070370031
INV_03,2021-08-12,-10316.21,-0.8232,2.702361490271615
INV_03,2021-08-13,3428.12,-0.2358,1.4210872595536337
INV_03,2021-08-16,-966.73,-0.3706,1.5784222820439244
INV_03,2021-08-17,26236.99,-0.5636,5.1195839118373065
INV_03,2021-08-18,33215.82,-1.3474,9.337709664309598
INV_03,2021-08-19,634.48,-0.9099,4.194185605983713
INV_03,2021-08-20,-13784.29,1.2913,-7.223897707920667
INV_03,2021-08-23,23057.06,1.2248,-3.2945294240350296
INV_03,2021-08-24,42639.59,-2.6226,16.011596871487093
INV_03,2021-08-25,-3950.02,0.5656,-2.968902564409554
INV_03,2021-08-26,22189.91,2.7342,-10.222650240724239
INV_03,2021-08-27,4306.5,0.2089,-0.5079155516072913
INV_03,2021-08-30,-21100.31,0.6045,-4.813961733790336
INV_03,2021-08-31,-5691.44,2.0897,-10.053684573091806
INV_03,2021-09-01,7405.29,1.3154,-5.2194519604165865
INV_03,2021-09-02,26061.04,0.0381,2.374093321282756
INV_03,2021-09-03,338.98,-0.2014,0.9501152975431644
INV_03,2021-09-06,1022.13,-1.2913,5.964009256736698
INV_03,2021-09-07,-37980.54,1.8797,-12.202777789268257
INV_03,2021-09-08,-41659.52,0.3351,-5.545375828682152
INV_03,2021-09-09,32041.71,-0.7511,6.522102611069434
INV_03,2021-09-10,-13345.48,-0.1237,-0.7643570589747101
INV_03,2021-09-13,-13108.35,-2.8714,11.719451513869478
INV_03,2021-09-14,-1217.13,1.7311,-7.9785617594019556
INV_03,2021-09-15,14443.58,1.1395,-3.73596338941873
INV_03,2021-09-16,-1901.42,-0.5132,2.1294918949592034
INV_03,2021-09-17,-19312.8,1.0311,-6.577050932818253
INV_03,2021-09-20,0.0,0.0,0.0
INV_03,2021-09-21,-9445.28,0.0226,-1.048313586294609
INV_03,2021-09-22,-1328.08,0.6227,-2.9633458099664005
INV_03,2021-09-23,10498.49,0.0312,0.9071320036561648
INV_03,2021-09-24,7211.19,0.4385,-1.2617977454765494
INV_03,2021-09-27,35196.18,-0.8678,7.3503859490273085
INV_03,2021-09-28,423.59,0.7839,-3.5092883096770984
INV_03,2021-09-29,4169.87,1.4096,-5.966702743985793
INV_03,2021-09-30,7248.79,0.2954,-0.6091408072445313
INV_03,2021-10-01,-4165.48,0.4654,-2.535984696747211
INV_03,2021-10-04,10673.19,-0.8329,4.842852946688309
INV_03,2021-10-05,-465.51,0.0227,-0.15305153657395787
INV_03,2021-10-06,4810.38,1.3907,-5.817263199341063
INV_03,2021-10-07,15444.48,-0.7474,4.917879069256413
INV_03,2021-10-08,7746.71,-0.7794,4.314011450782999
INV_03,2021-10-11,-6073.67,-0.7206,2.653242018275344
INV_03,2021-10-12,-1532.7,0.1002,-0.6147338225758532
INV_03,2021-10-13,-12926.47,-0.7414,2.077541013435761
INV_03,2021-10-14,3505.56,0.8696,-3.5841489691490342
INV_03,2021-10-15,-5964.04,0.4553,-2.6686334196170067
INV_03,2021-10-18,12068.21,-0.7608,4.651616388525726
INV_03,2021-10-19,0.0,0.0,0.0
INV_03,2021-10-20,0.0,0.0,0.0
INV_03,2021-10-21,3679.39,0.2536,-0.7732011089740662
INV_03,2021-10-22,803.27,0.8615,-3.8215640264466177
INV_03,2021-10-25,-6493.46,1.5886,-7.860411127647582
INV_03,2021-10-26,10237.43,-0.3915,2.798619118467645
INV_03,2021-10-27,9230.05,0.347,-0.6488634507363987
INV_03,2021-10-28,9153.63,-1.0092,5.4940298568034835
INV_03,2021-10-29,-5866.8,1.0187,-5.214041449344096
INV_03,2021-11-01,-13398.75,0.2196,-2.326385577924528
INV_03,2021-11-02,8548.91,-0.9322,5.085640801707191
INV_03,2021-11-03,14579.18,-1.4545,8.040943429918073
INV_03,2021-11-04,0.0,0.0,0.0
INV_03,2021-11-05,29887.4,-2.8732,15.941191348347843
INV_03,2021-11-08,158083.41,-11.4262,66.61275073609315
INV_03,2021-11-09,-40667.44,1.4648,-10.574971226955679
INV_03,2021-11-10,27534.45,-1.1081,7.712553424641925
INV_03,2021-11-11,90122.83,-6.2789,37.02387976759024
INV_03,2021-11-12,34947.93,-2.4843,14.657703048495355
INV_03,2021-11-15,62660.1,-4.3874,25.892882104312584
INV_03,2021-11-16,137208.26,-7.987,49.10600666297171
INV_03,2021-11-17,5710.72,0.9539,-3.7471341494275
INV_03,2021-11-18,0.0,0.0,0.0
INV_03,2021-11-19,-170377.17,10.0157,-61.33806427450153
INV_03,2021-11-22,28668.36,-1.1085,7.822326623822789
INV_03,2021-11-23,-24890.97,2.829,-15.26472723826699
INV_03,2021-11-24,-33948.84,2.1615,-13.099145865648403
INV_03,2021-11-25,18716.27,-0.7281,5.1456155967007735
INV_03,2021-11-26,32948.68,-0.5608,5.745143805556221
INV_03,2021-11-29,-810.05,0.233,-1.1426964147080283
INV_03,2021-11-30,26381.98,-0.3822,4.310761186649442
INV_03,2021-12-01,-22734.11,2.1159,-11.824645597223515
INV_03,2021-12-02,-4440.14,0.4524,-2.5043847140577142
INV_03,2021-12-03,-33996.0,1.3285,-9.32596054716881
INV_03,2021-12-06,15673.51,0.6411,-1.3568509972453227
INV_03,2021-12-07,5847.43,0.0843,0.21002150995139873
INV_03,2021-12-08,-34978.22,2.0128,-12.522319362949833
INV_03,2021-12-09,47820.29,-2.3156,15.107008215055831
INV_03,2021-12-10,14611.4,1.3439,-4.646684306025806
INV_03,2021-12-13,-15046.09,3.8128,-18.780976705644086
INV_03,2021-12-14,24443.76,-0.1591,3.114018677690969
INV_03,2021-12-15,-11163.06,0.2995,-2.471594670292248
INV_03,2021-12-16,-7141.97,-0.0615,-0.44108737492819855
INV_03,2021-12-17,29397.59,-0.7881,6.438687980377646
INV_03,2021-12-20,-16010.49,-0.5405,0.8681018966311329
INV_03,2021-12-21,-8292.97,0.0735,-1.1663532865629058
INV_03,2021-12-22,74117.8,-3.3292,22.161819347053147
INV_03,2021-12-23,-1529.93,0.8004,-3.7898580169534686
INV_03,2021-12-24,17835.57,-0.9267,5.961545075521287
INV_03,2021-12-27,-9394.13,-0.3203,0.5117373216219706
INV_03,2021-12-28,-12069.38,0.3409,-2.74748356634809
INV_03,2021-12-29,-5281.47,0.2788,-1.8006591171452109
INV_03,2021-12-30,-10019.01,0.7808,-4.5427833337026
INV_03,2021-12-31,8142.58,0.0783,0.4631929081572099
INV_03,2022-01-03,127291.6,-4.7765,33.63667647536687
INV_03,2022-01-04,52605.1,-2.8397,17.93306303728008
INV_03,2022-01-05,-21550.75,1.9075,-10.766237859164
INV_03,2022-01-06,12316.72,1.7012,-6.489414144545153
INV_03,2022-01-07,39907.57,-1.3269,9.877870614030583
INV_03,2022-01-10,-4858.01,1.1349,-5.641063296471634
INV_03,2022-01-11,-3739.68,-0.0379,-0.2110244246643261
INV_03,2022-01-12,-9841.99,-0.0495,-0.7600927839477414
INV_03,2022-01-13,-7753.61,-0.2171,0.20443847721417063
INV_03,2022-01-14,0.0,0.0,0.0
INV_03,2022-01-17,0.0,0.0,0.0
INV_03,2022-01-18,37323.05,-0.5303,6.02108746632883
INV_03,2022-01-19,3051.57,1.2331,-5.278133711462612
INV_03,2022-01-20,-1331.25,0.1916,-1.008632052570326
INV_03,2022-01-21,-3113.42,-0.254,0.8317057198680259
INV_03,2022-01-24,-5596.95,0.2925,-1.8940328802608237
INV_03,2022-01-25,-40050.38,2.5484,-15.430855429434693
INV_03,2022-01-26,-19881.92,-0.941,2.311766132465923
INV_03,2022-01-27,-30004.0,0.3524,-4.520447854469358
INV_03,2022-01-28,-15759.53,-0.8745,2.4070150531019774
INV_03,2022-01-31,29302.11,-2.0654,12.22216235458843
INV_03,2022-02-01,16712.1,-0.5113,3.9694840024257205
INV_03,2022-02-02,-20398.06,-0.1201,-1.4605512843337376
INV_03,2022-02-03,28572.15,-4.3787,22.643527537608495
INV_03,2022-02-04,0.0,0.0,0.0
INV_03,2022-02-07,-8333.06,3.1104,-14.942624959662162
INV_03,2022-02-08,-36852.62,0.6609,-6.568866321404172
INV_03,2022-02-09,-56859.79,0.4902,-7.676740436329407
INV_03,2022-02-10,1638.75,-2.8053,12.893180572524354
INV_03,2022-02-11,19010.2,0.4651,-0.23729246111765945
INV_03,2022-02-14,15739.5,1.6698,-6.015634285418669
INV_03,2022-02-15,15173.41,-0.4587,3.58243714847353
INV_03,2022-02-16,0.0,0.0,0.0
INV_03,2022-02-17,5835.55,-0.7468,3.9778854648637205
INV_03,2022-02-18,-49494.81,2.8731,-17.792614313304963
INV_03,2022-02-21,-79800.25,2.4828,-18.851497133892014
INV_03,2022-02-22,3220.62,-5.2091,23.954208252608932
INV_03,2022-02-23,-69464.63,4.1735,-25.557553314464975
INV_03,2022-02-24,-88359.32,1.7004,-16.09707167188416
INV_03,2022-02-25,74092.42,-10.2403,53.501297015072
INV_03,2022-02-28,73294.66,-0.1139,7.503855942403306
INV_03,2022-03-01,0.0,0.0,0.0
INV_03,2022-03-02,-2865.47,5.3657,-24.628722111543755
INV_03,2022-03-03,-43928.28,0.6493,-7.184111604593187
INV_03,2022-03-04,9111.81,-3.0197,14.607556828028724
INV_03,2022-03-07,-61655.61,5.1643,-29.32229145876626
INV_03,2022-03-08,-91046.48,2.9506,-22.015543573763217
INV_03,2022-03-09,-63825.28,0.8122,-9.788147560728838
INV_03,2022-03-10,126099.76,-12.897,70.35369756286289
INV_03,2022-03-11,-24386.05,10.0752,-48.0780190611441
INV_03,2022-03-14,-24630.04,-0.4386,-0.42124263742730395
INV_03,2022-03-15,-51775.2,2.3615,-15.686576942031245
INV_03,2022-03-16,-3000.65,-2.614,11.545629639891807
INV_03,2022-03-17,0.0,0.0,0.0
INV_03,2022-03-18,24225.21,-1.3947,8.696584637391762
INV_03,2022-03-21,10681.89,1.0236,-3.575526768246579
INV_03,2022-03-22,-23433.34,2.4696,-13.495563517233562
INV_03,2022-03-23,-8483.94,-0.1024,-0.3873642429024766
INV_03,2022-03-24,-17138.09,1.1887,-7.082547879576246
INV_03,2022-03-25,-9267.43,1.1349,-6.075208181892787
INV_03,2022-03-28,-58097.61,4.8023,-27.347959485563834
INV_03,2022-03-29,-79773.19,2.1051,-17.13611498807144
INV_03,2022-03-30,-13173.33,-3.7535,15.71347440412572
INV_03,2022-03-31,6099.69,-4.7239,22.040135474998745
INV_03,2022-04-01,-81162.38,-5.1407,15.594621584461542
INV_03,2022-04-04,-15113.75,-3.9116,16.242638461394655
INV_03,2022-04-05,78219.42,0.4312,5.489685241611982
INV_03,2022-04-06,-48885.35,1.2406,-10.33197489636067
INV_03,2022-04-07,-60330.33,0.3161,-7.211850196472431
INV_03,2022-04-08,-20055.23,0.0586,-2.238056489324129
INV_03,2022-04-11,0.0,0.0,0.0
INV_03,2022-04-12,0.0,0.0,0.0
INV_03,2022-04-13,0.0,0.0,0.0
INV_03,2022-04-14,0.0,0.0,0.0
INV_03,2022-04-15,0.0,0.0,0.0
INV_03,2022-04-18,0.0,0.0,0.0
INV_03,2022-04-19,0.0,0.0,0.0
INV_03,2022-04-20,0.0,0.0,0.0
INV_03,2022-04-21,0.0,0.0,0.0
INV_03,2022-04-22,0.0,0.0,0.0
INV_03,2022-04-25,-86513.69,-2.6435,3.77351400887202
INV_03,2022-04-26,-100259.18,-0.2361,-8.415593354822546
INV_03,2022-04-27,58773.21,4.6916,-15.64367378177929
INV_03,2022-04-28,35650.26,2.717,-8.863688892488767
INV_03,2022-04-29,-9501.85,1.1269,-6.061842489240526
INV_03,2022-05-02,0.0,0.0,0.0
INV_03,2022-05-03,0.0,0.0,0.0
INV_03,2022-05-04,28511.99,-2.6776,14.92331337179763
INV_03,2022-05-05,-16413.18,0.2857,-2.917564561419163
INV_03,2022-05-06,-20738.81,-1.1819,3.3220251739317646
INV_03,2022-05-09,24123.19,-0.6027,5.095116207019096
INV_03,2022-05-10,0.0,0.0,0.0
INV_03,2022-05-11,0.0,0.0,0.0
INV_03,2022-05-12,21817.97,1.4931,-4.629882471143269
INV_03,2022-05-13,53506.89,0.2416,4.043926906394538
INV_03,2022-05-16,0.0,0.0,0.0
INV_03,2022-05-17,51061.88,1.0107,0.326712759198144
INV_03,2022-05-18,-5253.66,-0.0623,-0.2510142809937179
INV_03,2022-05-19,-28442.85,-0.8594,1.1235623143744884
INV_03,2022-05-20,13027.6,0.6074,-1.4600422640032176
INV_03,2022-05-23,43420.64,-0.3336,5.70458872627207
INV_03,2022-05-24,3659.05,-1.3073,6.303446859030876
INV_03,2022-05-25,-2202.95,-1.1101,4.805863301541983
INV_03,2022-05-26,-854.23,-1.2055,5.37632396770726
INV_03,2022-05-27,-18519.4,1.1238,-6.921185075147727
INV_03,2022-05-30,-13943.13,0.6694,-4.418962918918433
INV_03,2022-05-31,-21976.26,0.4206,-4.063908244831951
INV_03,2022-06-01,-912.75,-0.8142,3.595724400363765
INV_03,2022-06-02,8103.77,-0.0929,1.2357781082405588
INV_03,2022-06-03,167.21,-0.9147,4.1666105742714015
INV_03,2022-06-06,-31609.21,-1.3594,3.0900702068056765
INV_03,2022-06-07,-10758.52,-2.3711,9.678972652673428
INV_03,2022-06-08,19987.92,1.2386,-3.651206417166998
INV_03,2022-06-09,12444.44,0.4265,-0.6962478940115548
INV_03,2022-06-10,6288.62,-0.8299,4.399498255787876
INV_03,2022-06-13,-4732.85,-0.1665,0.27321870009611554
INV_03,2022-06-14,0.0,0.0,0.0
INV_03,2022-06-15,-20876.01,-0.5514,0.449550375791552
INV_03,2022-06-16,-9347.1,-0.057,-0.6777308833694342
INV_03,2022-06-17,-28796.33,-1.2461,2.8436069055501223
INV_03,2022-06-20,-3468.81,0.1626,-1.0931993864303169
INV_03,2022-06-21,15186.59,0.1016,1.0427501946776487
INV_03,2022-06-22,2921.71,0.1182,-0.23510954209630774
INV_03,2022-06-23,7539.74,0.2111,-0.19823705687671156
INV_03,2022-06-24,22009.81,-0.3966,3.9582813689295326
INV_03,2022-06-27,-28141.09,-1.1116,2.296015080664902
INV_03,2022-06-28,-17736.93,-0.262,-0.5612954465187738
INV_03,2022-06-29,4903.74,0.139,-0.1315324585258611
INV_03,2022-06-30,2729.54,-0.9286,4.492794947479416
INV_03,2022-07-01,32388.69,-1.0072,7.716443769799739
INV_03,2022-07-04,4097.41,-1.8433,8.777975112584306
INV_03,2022-07-05,-27309.65,0.2155,-3.6431967501869735
INV_03,2022-07-06,-27169.9,0.4594,-4.735967772182164
INV_03,2022-07-07,-7614.82,-0.0922,-0.34835120569034406
INV_03,2022-07-08,585.75,0.6555,-2.909989661392312
INV_03,2022-07-11,34107.31,0.9296,-0.9039739189356975
INV_03,2022-07-12,6490.27,0.5873,-2.0076099614251532
INV_03,2022-07-13,0.0,0.0,0.0
INV_03,2022-07-14,-8896.11,-0.3782,0.8230250829105414
INV_03,2022-07-15,38577.35,-0.8289,7.493801850822911
INV_03,2022-07-18,11120.36,-0.0264,1.2289294494906609
INV_03,2022-07-19,5014.13,1.063,-4.310915489109721
INV_03,2022-07-20,16760.72,-0.7115,4.882078023222933
INV_03,2022-07-21,5409.62,-0.4695,2.678180493081353
INV_03,2022-07-22,-1716.4,-0.4867,2.0281290016246345
INV_03,2022-07-25,-15818.36,0.2273,-2.595327160424418
INV_03,2022-07-26,-8074.3,0.0605,-1.085953159187063
INV_03,2022-07-27,-4537.02,-0.0003,-0.461029248668751
INV_03,2022-07-28,5844.38,0.3493,-0.9920550302461737
INV_03,2022-07-29,0.0,0.7605,-3.4488675
INV_03,2022-08-01,15784.0,-1.5107,8.412229244782075
INV_03,2022-08-02,32505.43,-0.4786,5.3303192379730575
INV_03,2022-08-03,34864.32,0.4479,1.3522569015022103
INV_03,2022-08-04,43779.88,-0.02,4.316257124591194
INV_03,2022-08-05,27899.16,-0.3078,4.117928278707019
INV_03,2022-08-08,40046.89,-0.6605,6.868899461510696
INV_03,2022-08-09,32833.77,-2.1019,12.723133027641119
INV_03,2022-08-10,23864.03,2.7227,-10.010341055751779
INV_03,2022-08-11,0.0,0.0,0.0
INV_03,2022-08-12,63875.2,0.3094,4.706351717144489
INV_03,2022-08-15,-8612.18,1.4131,-7.272720183932593
INV_03,2022-08-16,6887.7,-2.4025,11.590298512798027
INV_03,2022-08-17,-6746.56,-2.5195,10.744874012165544
INV_03,2022-08-18,-2972.6,0.7251,-3.594370617440357
INV_03,2022-08-19,-9178.43,0.6886,-4.042534400769504
INV_03,2022-08-22,308.72,1.4546,-6.563051520902523
INV_03,2022-08-23,147.24,-0.606,2.764502704821075
INV_03,2022-08-24,1155.92,-1.5949,7.354607074993155
INV_03,2022-08-25,-43683.62,0.3767,-5.924823519332234
INV_03,2022-08-26,-13094.27,0.8522,-5.165709158373052
INV_03,2022-08-29,-20189.56,0.306,-3.372907912142897
INV_03,2022-08-30,13938.67,0.1095,0.8862195800820926
INV_03,2022-08-31,25646.64,0.448,0.47566297427119375
INV_03,2022-09-01,38769.08,-0.1611,4.483444005815941
INV_03,2022-09-02,26326.83,-1.6865,10.22050278729608
INV_03,2022-09-05,29378.81,-1.3089,8.798729866050671
INV_03,2022-09-06,11037.71,-1.8067,9.294543122686374
INV_03,2022-09-07,5329.59,0.3057,-0.845279880709792
INV_03,2022-09-08,15717.1,0.6514,-1.3993528917697537
INV_03,2022-09-09,32446.98,-0.0972,3.5951245329198285
INV_03,2022-09-12,58844.26,-2.9658,19.089281018665694
INV_03,2022-09-13,-1004.17,-0.6821,2.9872116542993723
INV_03,2022-09-14,32414.44,-0.5168,5.494923051080404
INV_03,2022-09-15,24656.92,0.7826,-1.1362300530381284
INV_03,2022-09-16,-11502.15,0.2289,-2.1844196694717803
INV_03,2022-09-19,-11974.19,0.1157,-1.7169519883834439
INV_03,2022-09-20,1916.97,-1.1154,5.257788314852449
INV_03,2022-09-21,10021.83,-0.1564,1.7114045522281351
INV_03,2022-09-22,11040.88,0.313,-0.3179877186384443
INV_03,2022-09-23,-2318.45,-0.7344,3.0903814268192566
INV_03,2022-09-26,-24270.82,0.0136,-2.4376540414309322
INV_03,2022-09-27,11462.9,-0.4554,3.2077790581525045
INV_03,2022-09-28,-6348.03,1.0142,-5.241161419215584
INV_03,2022-09-29,-1605.34,-0.392,1.6099812437731134
INV_03,2022-09-30,14755.91,-1.0078,6.032249934137057
INV_03,2022-10-03,-49612.79,-0.6959,-1.6182802472218527
INV_03,2022-10-04,-90356.09,-0.0942,-8.143466633954088
INV_03,2022-10-05,21413.98,-0.973,6.5151743426023625
INV_03,2022-10-06,-37562.27,0.1045,-4.112704149689376
INV_03,2022-10-07,-26425.66,0.0323,-2.7281296621033757
INV_03,2022-10-10,0.0,0.0,0.0
INV_03,2022-10-11,-45262.2,-1.2263,1.196132244802663
INV_03,2022-10-12,2995.66,1.1035,-4.696013449313124
INV_03,2022-10-13,58196.62,0.3108,4.169314594293991
INV_03,2022-10-14,-13378.78,0.0979,-1.7725406094086626
INV_03,2022-10-17,-28775.02,-0.2836,-1.5193028508767188
INV_03,2022-10-18,-18631.66,-0.4214,0.07550198361297178
INV_03,2022-10-19,1695.44,-0.0047,0.19823560651881894
INV_03,2022-10-20,-24922.69,-0.6639,0.5725454564504444
INV_03,2022-10-21,-14787.64,0.4683,-3.588685421083097
INV_03,2022-10-24,0.0,0.0,0.0
INV_03,2022-10-25,-26299.78,0.1987,-3.4707503030608375
INV_03,2022-10-26,22665.42,0.4622,0.12638856455715874
INV_03,2022-10-27,26027.74,0.768,-0.9391794450505762
INV_03,2022-10-28,-19881.9,0.1126,-2.4663079474651526
INV_03,2022-10-31,-13281.57,-1.0096,3.259394359737432
INV_03,2022-11-01,-7425.5,1.309,-6.684188742418494
INV_03,2022-11-02,230.67,-0.3566,1.6424320434298114
INV_03,2022-11-03,-4042.87,-0.3969,1.3867710796333101
INV_03,2022-11-04,10.84,0.0642,-0.2898700068153433
INV_03,2022-11-07,0.0,0.0,0.0
INV_03,2022-11-08,-30772.25,-0.3291,-1.5028529049047894
INV_03,2022-11-09,13565.58,-0.1102,1.8464228470453845
INV_03,2022-11-10,10735.48,-0.0584,1.3365650279598447
INV_03,2022-11-11,10780.01,-0.014,1.1395495440307617
INV_03,2022-11-14,421.94,-0.5563,2.5683449472925433
INV_03,2022-11-15,-19271.73,0.5719,-4.490633221339397
INV_03,2022-11-16,-19484.65,-1.7462,6.001496629049935
INV_03,2022-11-17,-6344.85,0.312,-2.0563706457507136
INV_03,2022-11-18,-40966.15,-0.111,-3.456904617798938
INV_03,2022-11-21,-14358.52,0.4872,-3.6328916048549975
INV_03,2022-11-22,47358.14,0.0127,4.504719432713267
INV_03,2022-11-23,23588.63,0.5992,-0.40659597442651707
INV_03,2022-11-24,-22148.46,-0.5382,0.2677591974216984
INV_03,2022-11-25,19311.83,1.7753,-6.150066255511515
INV_03,2022-11-28,22250.33,1.2776,-3.6111841705915695
INV_03,2022-11-29,-243.48,1.0723,-4.889499281665223
INV_03,2022-11-30,56743.48,-0.768,8.925675082754251
INV_03,2022-12-01,12181.49,-0.5053,3.503929010587748
INV_03,2022-12-02,14756.05,0.2404,0.37167647114301117
INV_03,2022-12-05,9645.61,0.5902,-1.7111603545596983
INV_03,2022-12-06,16365.55,-0.1943,2.4984716680341448
INV_03,2022-12-07,0.0,0.0,0.0
INV_03,2022-12-08,-5969.76,0.7171,-3.856461653095056
INV_03,2022-12-09,-5438.89,-0.2178,0.43582600574819585
INV_03,2022-12-12,335.08,0.046,-0.17225660773908955
INV_03,2022-12-13,537.3,-0.3853,1.8049712085269454
INV_03,2022-12-14,28258.94,-1.2002,8.199217417403958
INV_03,2022-12-15,-5050.55,-0.7462,2.8706138289889926
INV_03,2022-12-16,-8510.4,0.0754,-1.1962798522257323
INV_03,2022-12-19,-28389.73,0.2748,-4.01497850862785
INV_03,2022-12-20,-23232.48,-0.3962,-0.47995119440699163
INV_03,2022-12-21,-5660.6,-1.109,4.455471102111013
INV_03,2022-12-22,-5374.48,-0.036,-0.38225710948901903
INV_03,2022-12-23,-3202.02,-0.4961,1.9207392779639538
INV_03,2022-12-26,0.0,0.0,0.0
INV_03,2022-12-27,11189.44,0.4202,-0.7896770042229742
INV_03,2022-12-28,-3116.78,-0.705,2.8766534746752805
INV_03,2022-12-29,7846.41,-0.7423,4.155551974395569
INV_03,2022-12-30,4703.91,0.0326,0.3311418763928272
INV_03,2023-01-02,-5853.06,0.5968,-3.299366613583049
INV_03,2023-01-03,10085.19,-0.2502,2.1429706964817816
INV_03,2023-01-04,-11537.89,0.0627,-1.4341790674807837
INV_03,2023-01-05,-2347.98,-0.595,2.455217852336094
INV_03,2023-01-06,0.0,0.0,0.0
INV_03,2023-01-09,-16930.83,-0.0327,-1.523527250274068
INV_03,2023-01-10,-10970.71,0.1814,-1.9172834233163
INV_03,2023-01-11,-4632.43,0.1627,-1.2097221986637199
INV_03,2023-01-12,-18842.28,0.9304,-6.075160068478359
INV_03,2023-01-13,0.0,-0.8565,3.8842275
INV_03,2023-01-16,0.0,0.0,0.0
INV_03,2023-01-17,25973.99,1.2387,-3.0789310071896296
INV_03,2023-01-18,-18769.49,1.3446,-7.946559639598726
INV_03,2023-01-19,10518.62,0.322,-0.4096836459259532
INV_03,2023-01-20,38729.03,0.5533,1.2398561544211248
INV_03,2023-01-23,25423.47,1.6872,-5.165405827175578
INV_03,2023-01-24,-21663.0,0.2914,-3.4479792491514782
INV_03,2023-01-25,12332.88,-0.0652,1.5227791788809628
INV_03,2023-01-26,12216.38,-1.179,6.562547569082226
INV_03,2023-01-27,11065.24,-0.1564,1.8131131111715475
INV_03,2023-01-30,-3086.1,-0.9519,3.9994246695853217
INV_03,2023-01-31,4084.0,-0.9181,4.580855915427781
INV_03,2023-02-01,4016.57,0.9917,-4.086812567066393
INV_03,2023-02-02,10450.26,-0.2415,2.1391244886135636
INV_03,2023-02-03,30522.82,-0.2607,4.153897176673808
INV_03,2023-02-06,-17481.26,0.218,-2.7134786240297153
INV_03,2023-02-07,-11560.81,-1.0359,3.545742660568318
INV_03,2023-02-08,7832.97,-0.6251,3.6227305457326904
INV_03,2023-02-09,-4609.0,-0.2313,0.5793973355716135
INV_03,2023-02-10,-7083.07,0.0789,-1.0720055323777713
INV_03,2023-02-13,-30514.86,-0.1415,-2.329163808488802
INV_03,2023-02-14,-29890.15,0.3535,-4.514613287313551
INV_03,2023-02-15,-3110.63,0.06,-0.5920042395397322
INV_03,2023-02-16,57048.84,-1.2698,11.22992320056576
INV_03,2023-02-17,4146.69,-0.4879,2.636149238134522
INV_03,2023-02-20,55094.71,-1.3524,11.421521424048436
INV_03,2023-02-21,20366.73,-0.7713,5.500044290478572
INV_03,2023-02-22,10262.73,-0.8083,4.691274935102914
INV_03,2023-02-23,11712.05,0.489,-1.0508437272776379
INV_03,2023-02-24,9460.22,-0.2729,2.18488420115193
INV_03,2023-02-27,-26103.1,0.6319,-5.416555006774283
INV_03,2023-02-28,-10206.78,0.3837,-2.7602562551670795
INV_03,2023-03-01,13305.15,-0.5588,3.85558537793107
INV_03,2023-03-02,20221.67,-0.475,4.142404388178381
INV_03,2023-03-03,30239.27,-1.5803,10.111337006818285
INV_03,2023-03-06,0.0,0.0,0.0
INV_03,2023-03-07,82452.05,-4.0559,26.231639400816846
INV_03,2023-03-08,14702.23,-1.4863,8.197056731822613
INV_03,2023-03-09,-12185.92,1.2219,-6.7541403338651635
INV_03,2023-03-10,-37474.29,0.7287,-6.935132517013553
INV_03,2023-03-13,-26679.38,0.6154,-5.396677613734573
INV_03,2023-03-14,10562.19,-0.7768,4.57762141811821
INV_03,2023-03-15,32469.83,-1.3207,9.145865057342
INV_03,2023-03-16,-2205.53,0.2969,-1.5751428131514693
INV_03,2023-03-17,15856.97,-0.0478,1.7850216401846264
INV_03,2023-03-20,13012.93,-0.3691,2.9669624844831675
INV_03,2023-03-21,-28189.56,-0.1179,-2.2150289728228207
INV_03,2023-03-22,-22657.42,0.203,-3.142304945184738
INV_03,2023-03-23,-34164.12,0.4456,-5.337941740660929
INV_03,2023-03-24,2473.06,-0.0593,0.5246645346102293
INV_03,2023-03-27,-29759.12,0.1067,-3.382917791096145
INV_03,2023-03-28,-6638.74,-0.3888,1.0927746581522566
INV_03,2023-03-29,12980.15,-0.188,2.142494718203638
INV_03,2023-03-30,-12309.39,0.4408,-3.2238440111532602
INV_03,2023-03-31,19218.93,-0.5259,4.27695027889687
INV_03,2023-04-03,-15511.04,0.7385,-4.883946076603294
INV_03,2023-04-04,-16670.77,0.6024,-4.37863798823893
INV_03,2023-04-05,0.0,0.0,0.0
INV_03,2023-04-06,10842.56,0.1162,0.5551860058043638
INV_03,2023-04-07,0.0,0.0,0.0
INV_03,2023-04-10,246.75,1.5517,-7.009991857052995
INV_03,2023-04-11,20781.05,0.1984,1.1421983080154448
INV_03,2023-04-12,-5799.54,-0.1892,0.2704351024613043
INV_03,2023-04-13,0.0,0.0,0.0
INV_03,2023-04-14,0.0,0.0,0.0
INV_03,2023-04-17,1920.94,0.3742,-1.497144553613336
INV_03,2023-04-18,-3838.88,-1.1642,4.886836011913549
INV_03,2023-04-19,-9185.98,-0.0973,-0.47921629116998954
INV_03,2023-04-20,-660.7,0.3295,-1.5648044322986396
INV_03,2023-04-21,-353.52,-0.2394,1.0473743011018828
INV_03,2023-04-24,-15289.9,-0.0347,-1.3561233314221308
INV_03,2023-04-25,1636.64,-1.1065,5.188907497153144
INV_03,2023-04-26,-11493.65,0.3473,-2.7205368439017192
INV_03,2023-04-27,-13401.78,0.0638,-1.6201262358489763
INV_03,2023-04-28,-5040.36,0.0471,-0.725990663468991
INV_03,2023-05-01,0.0,0.0,0.0
INV_03,2023-05-02,-51819.61,-0.5537,-2.47031159373898
INV_03,2023-05-03,24377.76,-0.8725,6.342982580212929
INV_03,2023-05-04,-1911.95,1.1,-5.18743953293469
INV_03,2023-05-05,0.0,0.0,0.0
INV_03,2023-05-08,15625.39,0.314,0.12190120045486741
INV_03,2023-05-09,-2186.08,0.57,-2.8116826509278847
INV_03,2023-05-10,-1020.26,-0.5405,2.3433965280757967
INV_03,2023-05-11,23843.75,-0.9914,6.831163986463174
INV_03,2023-05-12,-8818.41,-0.0395,-0.7053737784855997
INV_03,2023-05-15,-1266.11,-0.6324,2.7348848438546267
INV_03,2023-05-16,-24858.17,0.5966,-5.137661211044168
INV_03,2023-05-17,1875.27,-0.2635,1.3901861917533105
INV_03,2023-05-18,-9379.4,-0.6124,1.8378506548203548
INV_03,2023-05-19,-3969.25,-0.9019,3.6842908895741697
INV_03,2023-05-22,-20988.44,-0.3639,-0.41154246454262644
INV_03,2023-05-23,7054.8,0.1164,0.18353781449612872
INV_03,2023-05-24,22105.99,0.4413,0.16761549304031043
INV_03,2023-05-25,-9766.75,0.3855,-2.7254708766820355
INV_03,2023-05-26,7596.66,-0.8768,4.740982109487133
INV_03,2023-05-29,-22300.84,-0.5915,0.4948847485665766
INV_03,2023-05-30,-8201.46,0.2223,-1.8321885058896683
INV_03,2023-05-31,2490.99,-0.1395,0.8901810187581378
INV_03,2023-06-01,34584.43,-0.3488,4.938778210397532
INV_03,2023-06-02,12203.22,-0.134,1.822194292884241
INV_03,2023-06-05,-4494.46,0.4026,-2.2839468741532025
INV_03,2023-06-06,1415.22,-0.557,2.6743165251140413
INV_03,2023-06-07,-1153.46,-0.5099,2.190913788281031
INV_03,2023-06-08,7170.82,-0.0195,0.8112608362395222
INV_03,2023-06-09,9290.68,0.1745,0.139352460618833
INV_03,2023-06-12,33548.02,-0.0604,3.532662826746466
INV_03,2023-06-13,22515.97,-0.6126,4.9863027639895225
INV_03,2023-06-14,35986.45,0.2437,2.3845492406929267
INV_03,2023-06-15,-1597.62,0.3882,-1.9274384229419326
INV_03,2023-06-16,-3488.17,0.0809,-0.7246279222793278
INV_03,2023-06-19,-13232.82,-0.3095,0.08916677145194707
INV_03,2023-06-20,-8340.1,0.4204,-2.7441650703715466
INV_03,2023-06-21,22968.89,0.5025,-0.02733388969035877
INV_03,2023-06-22,3788.04,0.1383,-0.23945764148436444
INV_03,2023-06-23,2075.09,0.1165,-0.3128370386200089
INV_03,2023-06-26,17719.84,0.4417,-0.25528927287613645
INV_03,2023-06-27,-3871.55,-0.4965,1.8555541373851996
INV_03,2023-06-28,17762.11,-0.3997,3.56452890437979
INV_03,2023-06-29,0.0,0.0,0.0
INV_03,2023-06-30,2658.11,-0.1621,1.0095229259690146
INV_03,2023-07-03,0.0,0.0,0.0
INV_03,2023-07-04,154263.67,0.1689,13.679962688816103
INV_03,2023-07-05,21952.07,0.1318,1.5564574662274007
INV_03,2023-07-06,-2102.22,-0.2441,0.8887537338509215
INV_03,2023-07-07,14719.27,-0.1495,2.136316500234735
INV_03,2023-07-10,772.26,-0.6516,3.0371275647236917
INV_03,2023-07-11,142.24,-0.0231,0.12051099033336367
INV_03,2023-07-12,26784.42,0.4349,0.6435799201965371
INV_03,2023-07-13,-1019.72,-0.0163,-0.033794799866237096
INV_03,2023-07-14,26476.42,0.1579,1.870412522186367
INV_03,2023-07-17,32609.99,-0.1178,3.704011238709937
INV_03,2023-07-18,28036.67,-1.2821,8.549472535450155
INV_03,2023-07-19,52600.18,-2.0154,14.194401102060523
INV_03,2023-07-20,7145.48,0.2894,-0.5920937724632025
INV_03,2023-07-21,9615.12,0.3519,-0.6334483697583888
INV_03,2023-07-24,-2841.72,-0.2768,0.9624042118661473
INV_03,2023-07-25,-20294.7,0.4096,-3.85282336588
INV_03,2023-07-26,-4267.94,-0.7735,3.0722172894133823
INV_03,2023-07-27,59806.4,0.3444,4.167500797445088
INV_03,2023-07-28,16230.9,-0.679,4.683597493385737
INV_03,2023-07-31,13019.28,0.3465,-0.27766766402467136
INV_03,2023-08-01,0.0,0.0,0.0
INV_03,2023-08-02,42774.21,-1.7174,11.919203873174972
INV_03,2023-08-03,40052.79,0.1725,3.09180144126655
INV_03,2023-08-04,2319.66,0.5234,-2.1333741151979733
INV_03,2023-08-07,12551.58,0.4847,-0.9497838409596173
INV_03,2023-08-08,9703.71,0.211,0.014186708727011887
INV_03,2023-08-09,2578.95,-0.7572,3.7003229006354026
INV_03,2023-08-10,5487.42,-0.2332,1.6142647478472698
INV_03,2023-08-11,-8780.43,-0.4114,0.9849109655436158
INV_03,2023-08-14,-32468.41,-1.7099,4.598040672211222
INV_03,2023-08-15,-46992.89,0.5677,-7.102487851562616
INV_03,2023-08-16,40665.32,-0.1797,4.746842665222787
INV_03,2023-08-17,24642.22,-1.594,9.640246957887383
INV_03,2023-08-18,-20375.56,-0.0674,-1.6973870064820278
INV_03,2023-08-21,-26616.81,0.3768,-4.308661757413029
INV_03,2023-08-22,-16687.78,-0.2653,-0.4452584052832136
INV_03,2023-08-23,16461.29,0.6172,-1.1724470741856434
INV_03,2023-08-24,-40024.68,0.2451,-4.982963745478385
INV_03,2023-08-25,9600.27,-1.2716,6.727673377461801
INV_03,2023-08-28,-9784.6,-0.0656,-0.6814754855706429
INV_03,2023-08-29,-6960.2,0.2537,-1.852629216866171
INV_03,2023-08-30,0.0,0.0,0.0
INV_03,2023-08-31,-13681.6,0.0528,-1.5973536762900777
INV_03,2023-09-01,16464.46,-0.0808,1.9932886381362651
INV_03,2023-09-04,56167.82,-0.1578,6.104519798640017
INV_03,2023-09-05,19581.25,0.1423,1.2814677461600132
INV_03,2023-09-06,-28249.39,-0.2075,-1.8143887848484999
INV_03,2023-09-07,950.64,-0.2121,1.0624609267557639
INV_03,2023-09-08,20198.05,0.1322,1.3864856769694094
INV_03,2023-09-11,-22779.06,0.2487,-3.3611949884537404
INV_03,2023-09-12,-10370.66,0.0655,-1.333203024865711
INV_03,2023-09-13,28163.3,-0.4296,4.695441430984845
INV_03,2023-09-14,12951.27,0.2306,0.241342545423755
INV_03,2023-09-15,-10089.44,-0.1395,-0.3760959099443498
INV_03,2023-09-18,-20495.04,0.0018,-2.022671943398404
INV_03,2023-09-19,-19596.64,-0.4973,0.3269792343101725
INV_03,2023-09-20,-3435.62,0.3269,-1.834976791383242
INV_03,2023-09-21,-19171.81,0.3377,-3.4189357796533777
INV_03,2023-09-22,6987.24,0.4286,-1.2389392505717634
INV_03,2023-09-25,-519.87,-0.4176,1.8380058381102686
INV_03,2023-09-26,2849.99,-0.0917,0.7095751557626346
INV_03,2023-09-27,12202.13,0.4165,-0.6744290840590454
INV_03,2023-09-28,0.0,0.0,0.0
INV_03,2023-09-29,0.0,0.0,0.0
INV_03,2023-10-02,-36395.7,0.2704,-4.754721370036915
INV_03,2023-10-03,-27336.09,0.1015,-3.1287257877135777
INV_03,2023-10-04,12925.46,-0.3386,2.8201610158938024
INV_03,2023-10-05,-4253.25,-0.0628,-0.1493438062668967
INV_03,2023-10-06,-19005.34,0.5479,-4.3561954583796725
INV_03,2023-10-09,-35054.34,0.0268,-3.5230185471003543
INV_03,2023-10-10,-4563.59,0.0211,-0.5607209520176477
INV_03,2023-10-11,-27975.73,-0.0131,-2.6699379950996227
INV_03,2023-10-12,25639.08,0.108,2.0168416070267896
INV_03,2023-10-13,-2525.31,0.1784,-1.0700552014485998
INV_03,2023-10-16,-21854.34,-0.2776,-0.8858938262664338
INV_03,2023-10-17,-16483.32,-0.0462,-1.419162452598271
INV_03,2023-10-18,-22743.77,0.1003,-2.6848240068490643
INV_03,2023-10-19,10378.25,-0.1699,1.8073971555794413
INV_03,2023-10-20,53241.05,0.5484,2.6276651069007952
INV_03,2023-10-23,31.18,0.182,-0.8217888452837799
INV_03,2023-10-24,-25984.14,0.0493,-2.7631171924030253
INV_03,2023-10-25,-26957.95,0.0723,-2.960271387556433
INV_03,2023-10-26,-11764.2,-0.2316,-0.12153557404412596
INV_03,2023-10-27,26590.13,0.7435,-0.77444227411045
INV_03,2023-10-30,8469.5,-0.4361,2.8280467979505244
INV_03,2023-10-31,-17295.1,0.1923,-2.5789995430586403
INV_03,2023-11-01,29792.5,-0.211,3.8590919732119415
INV_03,2023-11-02,21118.82,-0.4987,4.33593320408689
INV_03,2023-11-03,-14703.02,0.0614,-1.735211625854538
INV_03,2023-11-06,7587.38,0.1148,0.2431643732457066
INV_03,2023-11-07,15898.53,-0.0047,1.593574636748814
INV_03,2023-11-08,27536.13,-0.2777,3.9468494547681083
INV_03,2023-11-09,-18330.82,0.3894,-3.5725436491491545
INV_03,2023-11-10,-8639.15,0.2006,-1.7766743124624873
INV_03,2023-11-13,6212.84,-0.1356,1.2433677463435309
INV_03,2023-11-14,-27954.94,-0.103,-2.26026185871814
INV_03,2023-11-15,-11724.86,0.1438,-1.820149779397379
INV_03,2023-11-16,-14953.26,0.129,-2.065971231391168
INV_03,2023-11-17,-6691.3,-0.0025,-0.6642758920284578
INV_03,2023-11-20,-3259.28,-0.4632,1.7657955775887881
INV_03,2023-11-21,-13461.28,0.5154,-3.6738984634480087
INV_03,2023-11-22,3959.93,0.1028,-0.061302445306257725
INV_03,2023-11-23,3713.8,-0.2508,1.517692485827454
INV_03,2023-11-24,-667.5,0.1023,-0.5351607452346946
INV_03,2023-11-27,-5566.95,-0.0933,-0.14146062029608764
INV_03,2023-11-28,-3486.47,0.1895,-1.2169587538712976
INV_03,2023-11-29,13157.55,-0.4525,3.359205599618172
INV_03,2023-11-30,15852.82,0.2566,0.4041670558205881
INV_03,2023-12-01,31594.33,-0.4027,4.899640561543549
INV_03,2023-12-04,4094.76,0.4679,-1.7035811275836574
INV_03,2023-12-05,-11962.59,0.1737,-1.9788547002127128
INV_03,2023-12-06,609.04,0.0317,-0.07862451504267501
INV_03,2023-12-07,234.77,0.2864,-1.2731350012530278
INV_03,2023-12-08,17816.43,0.314,0.333128249619701
INV_03,2023-12-11,7912.7,0.6739,-2.2604080103093156
INV_03,2023-12-12,12500.88,-0.52,3.601609016188541
INV_03,2023-12-13,-8335.96,0.3379,-2.369621739915564
INV_03,2023-12-14,-8772.91,-0.1356,-0.2651057803261224
INV_03,2023-12-15,-8419.94,-0.1042,-0.372929577745108
INV_03,2023-12-18,-15663.66,-0.0815,-1.1799839484104764
INV_03,2023-12-19,-17089.68,0.1339,-2.2943656003956363
INV_03,2023-12-20,4052.57,-0.4493,2.451713414863474
INV_03,2023-12-21,1800.22,0.1501,-0.4931186465517116
INV_03,2023-12-22,-5534.32,-0.1234,-0.0017271191030162614
INV_03,2023-12-25,0.0,0.0,0.0
INV_03,2023-12-26,0.0,0.0,0.0
INV_03,2023-12-27,9413.92,-0.2005,1.852025032945312
INV_03,2023-12-28,12338.44,-0.4638,3.330970107952543
INV_03,2023-12-29,2693.42,0.3278,-1.2086165331100747
INV_03,2024-01-01,0.0,0.0,0.0
INV_03,2024-01-02,3215.56,0.3571,-1.289016226278587
INV_03,2024-01-03,18128.23,-0.6376,4.678640764508231
INV_03,2024-01-04,-6338.5,0.1163,-1.1682445742348229
INV_03,2024-01-05,19648.35,-0.7463,5.317712668974985
INV_03,2024-01-08,-13925.58,0.3039,-2.7597211236260275
INV_03,2024-01-09,-7353.79,0.0465,-0.9517013479458567
INV_03,2024-01-10,-18430.38,0.2668,-3.02612878031925
INV_03,2024-01-11,-12503.61,-0.093,-0.821919039912783
INV_03,2024-01-12,230.63,-0.2228,1.0356447697800655
INV_03,2024-01-15,0.0,0.0,0.0
INV_03,2024-01-16,-15282.96,-0.0015,-1.5060148512448368
INV_03,2024-01-17,-10673.56,-0.2801,0.20456599774720252
INV_03,2024-01-18,612.52,-0.598,2.777428203357051
INV_03,2024-01-19,-10482.02,0.3159,-2.4796248770618474
INV_03,2024-01-22,-11363.77,-0.2131,-0.1664871172589092
INV_03,2024-01-23,-17296.94,0.0585,-1.9723937810960614
INV_03,2024-01-24,176.68,0.0626,-0.2644259782552897
INV_03,2024-01-25,0.0,0.0,0.0
INV_03,2024-01-26,14270.42,0.1194,0.8734357471931811
INV_03,2024-01-29,-6209.83,-0.2069,0.31016690648905665
INV_03,2024-01-30,-5296.61,-0.2209,0.4639799566099756
INV_03,2024-01-31,4318.07,-0.305,1.8237732076365591
INV_03,2024-02-01,22750.44,0.0595,1.9607692841860989
INV_03,2024-02-02,5244.04,0.0557,0.27999173125537385
INV_03,2024-02-06,24671.66,0.3988,0.6057107362441041
INV_03,2024-02-07,1469.17,0.0589,-0.11327396147460886
INV_03,2024-02-08,24798.43,-0.6758,5.491128465065548
INV_03,2024-02-09,-8114.22,0.8,-4.443501672048431
INV_03,2024-02-12,3560.49,-0.0005,0.367251255766038
INV_03,2024-02-13,1659.83,-0.407,2.0190384241669097
INV_03,2024-02-14,142.29,0.0499,-0.21053860529173465
INV_03,2024-02-15,2286.74,0.2495,-0.8945658486043612
INV_03,2024-02-16,366.44,0.4188,-1.8595875793599945
INV_03,2024-02-19,13080.05,-0.0537,1.5431327191509765
INV_03,2024-02-20,886.07,0.0035,0.07804116730132955
INV_03,2024-02-21,3720.55,-0.1409,1.01997062022347
INV_03,2024-02-22,-3019.15,-0.0237,-0.20323924776925517
INV_03,2024-02-23,-1434487.05,72.9077,-457.96793637975514
INV_03,2024-02-26,1425697.73,-267.7089,1340.629867043865
INV_03,2024-02-27,-694.31,-0.0319,0.0706452971276931
INV_03,2024-02-28,6324.42,-0.2665,1.8480122091463778
INV_03,2024-02-29,-8915.68,-0.1868,-0.04688926813802874
INV_03,2024-03-01,8785.75,-0.383,2.6182138859502797
INV_03,2024-03-04,18886.13,0.5313,-0.5494343682940495
INV_03,2024-03-05,8199.27,-0.1719,1.6034097416661512
INV_03,2024-03-06,9086.1,-0.1963,1.8009228389617868
INV_03,2024-03-07,38730.95,-0.4168,5.63944105468277
INV_03,2024-03-08,-1857560.95,91.1682,-577.3136309028569
INV_03,2024-03-11,1865896.08,-1036.0225,4862.945484347126
INV_03,2024-03-12,3529.07,0.0253,0.24710437627636256
INV_03,2024-03-13,34579.13,-0.5322,5.769995106779235
INV_03,2024-03-14,-4333.12,0.5936,-3.134072930119798
INV_03,2024-03-15,6673.07,0.1356,0.05887084559786793
INV_03,2024-03-18,-11082.25,0.2812,-2.3807372283571353
INV_03,2024-03-19,-19363.46,0.0852,-2.2922612054682254
INV_03,2024-03-20,-1282.61,0.0338,-0.28802418133919694
INV_03,2024-03-21,-19610.09,0.1371,-2.5513164493541867
INV_03,2024-03-22,21527.53,0.3171,0.675451938380099
INV_03,2024-03-26,2932.01,1.1734,-5.019406177283908
INV_03,2024-03-27,25241.6,-0.0715,2.7929397560989955
INV_03,2024-03-28,7123.24,0.1836,-0.11447905847599715
INV_03,2024-03-29,0.0,0.0,0.0
INV_03,2024-04-01,4756.79,0.1237,-0.07674197255303111
INV_03,2024-04-02,35234.56,-1.0566,8.210228353133314
INV_03,2024-04-03,29764.33,-0.1104,3.400192649741019
INV_03,2024-04-04,17615.52,0.4818,-0.4471862733169849
INV_03,2024-04-05,29399.29,-0.065,3.1595911613663126
INV_03,2024-04-08,23187.43,0.734,-1.0562807255979934
INV_03,2024-04-09,23291.99,-0.9575,6.624672369968113
INV_03,2024-04-10,0.0,0.7289,-3.3055615
INV_03,2024-04-11,0.0,0.0,0.0
INV_03,2024-04-15,-9780.44,0.2244,-1.996219255254768
INV_03,2024-04-16,-50385.82,-0.4136,-2.9710998013286565
INV_03,2024-04-17,8099.65,0.2372,-0.2616295404659552
INV_03,2024-04-18,-12478.86,0.1119,-1.7487378014886716
INV_03,2024-04-19,-12444.09,-0.1779,-0.431119124797156
INV_03,2024-04-22,27797.76,-0.3384,4.247042938678898
INV_03,2024-04-24,21560.11,-0.6018,4.845785210182976
INV_03,2024-04-25,27046.36,1.6085,-4.65373107426634
INV_03,2024-04-26,21030.54,0.2028,1.146167362177664
INV_03,2024-04-29,43503.57,-0.5127,6.524620748041862
INV_03,2024-04-30,18333.31,-0.6788,4.8852121638041766
INV_03,2024-05-02,14769.31,-1.0187,6.082977105025115
INV_03,2024-05-03,12732.46,-0.644,4.186425498521408
INV_03,2024-05-06,-8245.01,-0.3016,0.5394275114320051
INV_03,2024-05-07,-8565.14,0.1624,-1.5961877851134885
INV_03,2024-05-08,-9659.01,0.4019,-2.7893220966735153
INV_03,2024-05-09,11771.54,0.3851,-0.5738733353418373
INV_03,2024-05-10,31564.15,0.2141,2.0995871737047316
INV_03,2024-05-13,0.0,-0.1943,0.8811505000000001
INV_03,2024-05-14,-44550.53,0.4894,-6.517567502679494
INV_03,2024-05-15,-18019.77,-0.1681,-1.014354878566474
INV_03,2024-05-16,-3942.07,0.0918,-0.8194261336020929
INV_03,2024-05-17,14389.96,-0.5203,3.786042042586242
INV_03,2024-05-20,-17072.32,0.0946,-2.1144673959161544
INV_03,2024-05-21,-5094.17,0.0682,-0.8270174059012483
INV_03,2024-05-22,33769.29,0.1425,2.6334872966181333
INV_03,2024-05-27,-14078.09,0.1557,-2.102399337856057
INV_03,2024-05-28,-22341.41,0.1107,-2.693476308846723
INV_03,2024-05-29,-24925.57,-0.9016,1.6502399623193504
INV_03,2024-05-30,10802.4,0.6082,-1.6799461819101216
INV_03,2024-05-31,-7876.6,-0.1224,-0.23710108268297314
INV_03,2024-06-03,27.6,-0.4235,1.9237517689172055
INV_03,2024-06-04,6457.58,0.1336,0.04669552601033178
INV_03,2024-06-05,11711.45,0.172,0.38669293437191565
INV_03,2024-06-06,30095.77,0.2879,1.6254106849515544
INV_03,2024-06-07,2782.59,0.0094,0.24430528152638584
INV_03,2024-06-10,24393.76,-0.2942,3.7219206262711055
INV_03,2024-06-11,4768.08,-0.0747,0.8241237252380147
INV_03,2024-06-12,0.0,-0.0456,0.206796
INV_03,2024-06-13,-5437.64,-0.2066,0.38515780236663777
INV_03,2024-06-14,-6601.05,-0.3962,1.130048801222486
INV_03,2024-06-18,-8151.21,-0.2935,0.5118926506256296
INV_03,2024-06-19,-7932.25,-0.1339,-0.19041076411501978
INV_03,2024-06-20,5891.69,-0.1061,1.0778608792937288
INV_03,2024-06-24,8087.83,0.3357,-0.7094865430295618
INV_03,2024-06-25,-730.69,-0.1136,0.43737170571758544
INV_03,2024-06-26,7807.2,-0.3564,2.4016460070245675
INV_03,2024-06-27,-20966.35,0.1436,-2.7109369765352342
INV_03,2024-06-28,1794.78,-0.4334,2.15250058402693
INV_03,2024-07-01,-15997.45,0.0553,-1.832592682406907
INV_03,2024-07-02,541.83,0.206,-0.8761000724182894
INV_03,2024-07-03,-29566.2,0.4312,-4.83618129085308
INV_03,2024-07-04,-24592.91,-0.0039,-2.3890607394998287
INV_03,2024-07-05,243.93,0.0004,0.024852796737441438
INV_03,2024-07-08,-35966.54,0.5577,-6.01701382537682
INV_03,2024-07-09,-12092.05,-0.3587,0.4229998565699813
INV_03,2024-07-10,14866.21,-0.3698,3.149584207950155
INV_03,2024-07-11,8070.58,-0.7371,4.15396921651983
INV_03,2024-07-12,11990.39,0.0203,1.1017662607678005
INV_03,2024-07-15,7862.7,0.2003,-0.11753988008401883
INV_03,2024-07-16,-4230.86,0.2204,-1.4314251015143262
INV_03,2024-07-17,-3037.45,-0.3797,1.409382724116052
INV_03,2024-07-18,-20255.87,0.3999,-3.80510780451887
INV_03,2024-07-19,-4094.3,-0.1196,0.1240864961062581
INV_03,2024-07-22,-44583.12,-0.0941,-3.8744637271584925
INV_03,2024-07-23,16733.73,-0.415,3.5348486982678478
INV_03,2024-07-24,25014.25,0.1889,1.590321692489927
INV_03,2024-07-25,-19661.07,0.0913,-2.3485091697020124
INV_03,2024-07-26,4733.63,-0.2372,1.5576383068482764
INV_03,2024-07-29,-7252.68,-0.1555,-0.02568829741110268
INV_03,2024-07-30,-21748.98,-0.054,-1.889827254634201
INV_03,2024-07-31,-24567.29,-0.9123,1.7329803786384321
INV_03,2024-08-01,7325.07,0.1496,0.059563889095452294
INV_03,2024-08-02,1680.88,0.1818,-0.6490249349644923
INV_03,2024-08-05,-45502.35,-0.185,-3.5487663106646026
INV_03,2024-08-06,7075.58,0.0505,0.4844394231782705
INV_03,2024-08-07,195.78,-0.0992,0.4713882154502467
INV_03,2024-08-08,-7995.4,-0.0472,-0.5897924750643877
INV_03,2024-08-09,11924.85,-0.1069,1.6722489447955078
INV_03,2024-08-12,112.42,0.2709,-1.2160109520720754
INV_03,2024-08-13,4728.52,0.1083,-0.009711968581401775
INV_03,2024-08-14,3843.62,0.4809,-1.7875971418183192
INV_03,2024-08-15,27922.43,-0.0059,2.7510276660064577
INV_03,2024-08-16,-3636.16,-0.074,-0.036962561161068885
INV_03,2024-08-20,-15158.8,0.6856,-4.610016894377015
INV_03,2024-08-21,-2261.04,0.1861,-1.0782810661075144
INV_03,2024-08-22,-3892.52,-0.25,0.7355829548303856
INV_03,2024-08-23,-15998.54,-0.2941,-0.24816887344529537
INV_03,2024-08-26,-34135.19,-0.3756,-1.6110581855536859
INV_03,2024-08-27,-32819.23,0.3245,-4.661244835307707
INV_03,2024-08-28,-25757.22,-0.4175,-0.624531319049199
INV_03,2024-08-29,-3107.07,-0.6783,2.756543596995217
INV_03,2024-08-30,-8266.41,0.0313,-0.9723722591301578
INV_03,2024-09-02,-15963.27,-0.892,2.4667114642744554
INV_03,2024-09-03,-11531.9,0.0291,-1.281220443558389
INV_03,2024-09-04,34710.37,0.0819,2.997484286542965
INV_03,2024-09-05,-14228.78,0.3888,-3.1740930790857456
INV_03,2024-09-06,-4066.39,-0.5257,1.9685332507972975
INV_03,2024-09-09,-20300.78,-0.7476,1.3944952230673289
INV_03,2024-09-10,-20757.96,-0.2002,-1.1318209108154729
INV_03,2024-09-11,-404.25,0.0368,-0.21054867321208268
INV_03,2024-09-12,7004.42,-0.299,2.0624179567022596
INV_03,2024-09-13,27988.79,0.4288,0.7859820581451387
INV_03,2024-09-18,22894.89,0.7692,-1.243898352650675
INV_03,2024-09-19,16472.07,-0.011,1.6774795348216116
INV_03,2024-09-20,17261.28,0.4661,-0.41010224978339704
INV_03,2024-09-23,23963.37,0.7072,-0.8605537418200568
INV_03,2024-09-24,44016.76,0.2236,3.233844202169463
INV_03,2024-09-25,77853.13,0.3872,5.655195412125087
INV_03,2024-09-26,3524.17,0.3386,-1.1742014772361165
INV_03,2024-09-27,12134.38,0.2015,0.2940145861823007
INV_03,2024-09-30,23447.98,0.2088,1.3504194643118574
INV_03,2024-10-01,36294.91,0.3201,2.0672667662978177
INV_03,2024-10-02,-15919.95,0.3962,-3.3710945614392007
INV_03,2024-10-03,-5649.37,-0.4944,1.6693712483502687
INV_03,2024-10-04,25995.24,0.5412,0.08625850127125512
INV_03,2024-10-07,14394.47,0.7061,-1.7752456111152086
INV_03,2024-10-08,1893.58,0.0541,-0.04826971844618275
INV_03,2024-10-09,-1775.27,0.0171,-0.26259550829241146
INV_03,2024-10-10,4311.11,0.0143,0.37505456835852635
INV_03,2024-10-11,26203.14,-0.0459,2.7685862055345623
INV_03,2024-10-14,-19596.06,0.14,-2.5631205643544885
INV_03,2024-10-15,-560.45,-0.18,0.7562418447106003
INV_03,2024-10-16,9665.58,-0.2531,2.115155857583439
INV_03,2024-10-18,19524.74,-0.5912,4.6024629188995325
INV_03,2024-10-21,-5982.78,0.3086,-2.00520070253171
INV_03,2024-10-22,310.6,0.0984,-0.4124850743927747
INV_03,2024-10-23,14162.42,0.3391,-0.13335592685499176
INV_03,2024-10-24,24733.43,0.4866,0.21343705171433047
INV_03,2024-10-25,19063.44,0.2348,0.8122345933564379
INV_03,2024-10-28,5267.71,0.6177,-2.266332135875701
INV_03,2024-10-29,20046.48,0.8631,-1.9426928702574744
INV_03,2024-10-30,24848.51,-0.8181,6.141241271930372
INV_03,2024-10-31,-79256.42,3.2871,-22.448496576141753
INV_03,2024-11-01,17384.54,-0.3573,3.335889330177416
INV_03,2024-11-04,-4598.39,0.0899,-0.8761896688319479
INV_03,2024-11-05,-20869.17,0.3072,-3.443544726539817
INV_03,2024-11-06,-16276.18,-0.0246,-1.4971396025981074
INV_03,2024-11-07,7691.87,-0.3574,2.394855710213508
INV_03,2024-11-08,7364.62,-0.1221,1.295612163370604
INV_03,2024-11-11,11598.95,0.1046,0.6814122218894183
INV_03,2024-11-12,21407.67,-0.0688,2.4140226370235145
INV_03,2024-11-13,18001.17,0.5494,-0.7166305271754965
INV_03,2024-11-14,13199.32,0.4313,-0.6447775631821151
INV_03,2024-11-18,5121.71,-0.1378,1.1453849981244706
INV_03,2024-11-19,-21602.66,-0.7539,1.298237376474654
INV_03,2024-11-20,-1407.9,0.1885,-1.0024202211644253
INV_03,2024-11-21,-15537.4,-0.832,2.235725701313387
INV_03,2024-11-22,8030.52,-0.0748,1.1465084594246122
INV_03,2024-11-25,-40640.68,-0.2523,-2.7853974010564984
INV_03,2024-11-26,21782.88,0.3614,0.4990157075532575
INV_03,2024-11-27,19454.43,0.0129,1.856116187062859
INV_03,2024-11-28,14339.65,0.4496,-0.6173222150507511
INV_03,2024-11-29,-5819.53,-0.0724,-0.2612295177150368
INV_03,2024-12-02,18982.93,-0.6793,4.949940661188099
INV_03,2024-12-03,19859.35,-0.0199,2.0437485402502378
INV_03,2024-12-04,34069.42,0.4799,1.1318247756167144
INV_03,2024-12-05,16535.44,0.2285,0.5974580244258947
INV_03,2024-12-06,10310.22,-0.1978,1.9272893182972584
INV_03,2024-12-09,26464.57,-0.3634,4.233378169354158
INV_03,2024-12-10,11982.92,0.0687,0.8815463526259448
INV_03,2024-12-11,4398.39,0.5501,-2.0461082347465265
INV_03,2024-12-12,10532.97,0.6217,-1.7674243073455345
INV_03,2024-12-13,51268.69,-0.6526,7.889187383884891
INV_03,2024-12-16,60877.62,0.1108,5.327013608264709
INV_03,2024-12-17,-3329.81,0.9257,-4.539935554523533
INV_03,2024-12-18,15244.99,-0.1348,2.120466903019361
INV_03,2024-12-19,2913.25,-0.4284,2.242870985952274
INV_03,2024-12-20,31796.75,-0.5054,5.384601783241063
INV_03,2024-12-23,31609.99,0.5734,0.47451384723569134
INV_03,2024-12-24,35800.78,-0.5052,5.763236719160793
INV_03,2024-12-26,37973.32,0.0946,3.248644827167351
INV_03,2024-12-27,19524.1,0.6931,-1.2218990500676798
INV_03,2024-12-30,79813.27,0.2905,6.275790593662892
INV_03,2024-12-31,48108.98,-0.6604,7.627811817433489
INV_03,2025-01-01,0.0,0.0,0.0
INV_03,2025-01-02,63437.04,0.0886,5.666773397962092
INV_03,2025-01-03,-54412.13,-0.4223,-3.3093008825271344
INV_03,2025-01-06,-9279.52,-0.8232,2.8035931961092224
INV_03,2025-01-07,-25081.82,0.5258,-4.837937283546322
INV_03,2025-01-08,11570.41,0.167,0.3956525343732723
INV_03,2025-01-09,-34601.48,-0.0716,-3.0338794557391973
INV_03,2025-01-10,26024.23,0.2074,1.6028067536291561
INV_03,2025-01-13,0.0,0.0,0.0
INV_03,2025-01-14,0.0,0.0,0.0
INV_03,2025-01-15,52622.24,0.2012,4.144189049448078
INV_03,2025-01-16,9557.09,-0.0617,1.2365581533149155
INV_03,2025-01-17,19651.54,-0.3865,3.686326006238552
INV_03,2025-01-20,18711.93,-0.0115,1.8954173359909687
INV_03,2025-01-21,56055.96,-0.1467,6.043706460595562
INV_03,2025-01-22,39000.39,0.7088,0.5602994228308784
INV_03,2025-01-23,64902.44,-1.3907,12.512181326446674
INV_03,2025-01-24,-34468.45,-0.1409,-2.707000744980418
INV_03,2025-01-27,45234.36,-0.954,8.688907752573005
INV_03,2025-01-28,27740.22,-0.5934,5.397988018467679
INV_03,2025-01-29,3731.16,-0.7667,3.859033986195387
INV_03,2025-01-30,4866.54,-0.1506,1.1781098575012035
INV_03,2025-01-31,3285.15,-0.3372,1.866611945210892
INV_03,2025-02-03,-33757.26,0.0909,-3.6908159607745836
INV_03,2025-02-05,-104367.68,-0.014,-9.802040529923937
INV_03,2025-02-06,12257.25,0.1164,0.6918782026452283
INV_03,2025-02-07,54097.25,-0.3562,6.810288436545066
INV_03,2025-02-10,-36815.64,0.5188,-5.920944765749152
INV_03,2025-02-11,-45546.44,0.1188,-4.930648775194314
INV_03,2025-02-13,46046.27,-0.4421,6.443848311257902
INV_03,2025-02-14,89131.91,-1.0435,13.189585735733031
INV_03,2025-02-17,52888.89,-0.2452,6.193619783671453
INV_03,2025-02-18,32963.36,-0.426,5.135218146002341
INV_03,2025-02-19,-26581.93,-0.0188,-2.5112904685157966
INV_03,2025-02-20,-51973.94,0.4041,-6.828413535088284
INV_03,2025-02-21,8134.95,0.3478,-0.7597379697388839
INV_03,2025-02-24,-45921.93,0.176,-5.225385559159263
INV_03,2025-02-25,-60732.95,-0.1209,-5.267688955805091
INV_03,2025-02-26,0.0,0.0,0.0
INV_03,2025-02-27,4903.35,-0.1385,1.1268913208650115
INV_03,2025-02-28,11109.29,0.3128,-0.3104202452809086
INV_03,2025-03-03,-63782.92,-0.0569,-5.842824580548593
INV_03,2025-03-04,-41504.23,-0.2573,-2.8441951344176513
INV_03,2025-03-05,46491.51,0.0125,4.4241241027594995
INV_03,2025-03-06,2232.45,-0.1927,1.1053198765466905
INV_03,2025-03-07,17717.6,-0.7678,5.229577584076857
INV_03,2025-03-10,-23642.23,0.0794,-2.675979601228287
INV_03,2025-03-11,-40885.41,-0.6318,-1.087458448192589
INV_03,2025-03-12,35049.9,-0.0985,3.847757553253748
INV_03,2025-03-14,2737.85,-0.0142,0.34682764569766933
INV_03,2025-03-17,-47852.41,0.0584,-4.873625549084472
INV_03,2025-03-18,-47538.75,-0.0492,-4.356172894674183
INV_03,2025-03-19,6658.08,0.1869,-0.17525199063675856
INV_03,2025-03-20,55385.44,0.1835,4.483449810945583
INV_03,2025-03-21,41574.69,0.0298,3.882553467013288
INV_03,2025-03-24,-6653.29,0.0608,-0.9475954151195163
INV_03,2025-03-25,1669.44,-0.0812,0.5425146019783703
INV_03,2025-03-26,-17091.18,0.2278,-2.7203466293980245
INV_03,2025-03-27,6635.8,0.1593,-0.052281938814458306
INV_03,2025-03-28,-11.49,-0.5279,2.392674824792544
INV_03,2025-03-31,0.0,0.0,0.0
INV_03,2025-04-01,46547.79,-1.1769,9.823347062479266
INV_03,2025-04-02,19050.16,-0.3914,3.6507753699852707
INV_03,2025-04-03,-84182.7,0.2168,-8.981852895626787
INV_03,2025-04-04,-62001.88,-0.3075,-4.540028596064726
INV_03,2025-04-07,-136615.0,-1.2861,-6.998120526720162
INV_03,2025-04-08,106311.92,0.756,6.616402460272574
INV_03,2025-04-09,-64859.05,-0.1481,-5.52967431794997
INV_03,2025-04-10,146220.0,1.5521,6.671515735298066
INV_03,2025-04-11,-15270.28,-0.1166,-0.9828113051875671
INV_03,2025-04-14,0.0,0.0,0.0
INV_03,2025-04-15,0.0,0.0,0.0
INV_03,2025-04-16,23677.15,-0.1458,2.9804420739842574
INV_03,2025-04-17,-1394.31,-0.3896,1.6206537244923012
INV_03,2025-04-21,10871.71,-0.4277,3.0246119361161954
INV_03,2025-04-22,-17164.99,-0.1146,-1.1746740443386248
INV_03,2025-04-23,-9262.38,0.3639,-2.578229397893728
INV_03,2025-04-24,10142.42,-0.0649,1.308219327867497
INV_03,2025-04-25,19777.43,-0.0571,2.2045853337765124
INV_03,2025-04-28,-155083.02,5.5992,-39.913177478682414
INV_03,2025-04-29,7923.31,0.1066,0.31333884377289595
INV_03,2025-04-30,-13449.84,-0.1213,-0.7853553447483494
INV_03,2025-05-01,-2525976.02,88.6062,-623.0218842663947
INV_03,2025-05-02,2533841.9,-780.2097,3760.115994089519
INV_03,2025-05-05,9829.82,0.2282,-0.05149997981410537
INV_03,2025-05-06,7006.22,-0.0278,0.8327031437823342
INV_03,2025-05-07,-18619.15,-0.2244,-0.8166901300550515
INV_03,2025-05-08,11996.99,0.033,1.0448131163597376
INV_03,2025-05-09,3487.6,-0.0647,0.6511038660349566
INV_03,2025-05-12,0.0,0.0,0.0
INV_03,2025-05-13,0.0,0.0,0.0
INV_03,2025-05-14,56026.58,-0.3153,6.80555616395424
INV_03,2025-05-15,25272.77,0.4374,0.4880535466425704
INV_03,2025-05-16,2218.68,0.4469,-1.7966594252853456
INV_03,2025-05-19,-2890.68,0.396,-2.093667764964983
INV_03,2025-05-20,-11373.8,-0.1077,-0.6454520359004059
INV_03,2025-05-21,9965.03,-0.2317,2.0473462846025825
INV_03,2025-05-22,31639.34,-0.5302,5.48212633603203
INV_03,2025-05-23,5644.08,-0.1983,1.4714998171173936
INV_03,2025-05-26,8536.37,-0.3508,2.447763262150259
INV_03,2025-05-27,21161.39,0.7422,-1.2874674434079787
INV_03,2025-05-28,17365.98,-0.3816,3.4443022339124427
INV_03,2025-05-29,21517.69,0.1977,1.2159880605208224
INV_03,2025-05-30,18833.18,-0.2483,2.9809618052383935
INV_03,2025-06-02,48445.03,-0.5066,6.961911133192188
INV_03,2025-06-03,73943.38,-0.4568,9.119260514132568
INV_03,2025-06-04,22450.24,-0.1501,2.8825735510039947
INV_03,2025-06-05,18643.64,-0.0542,2.0824959229383033
INV_03,2025-06-06,-5983.3,-0.0237,-0.4982715840621052
INV_03,2025-06-09,26288.81,-0.1773,3.3726551872438177
INV_03,2025-06-11,40498.02,0.237,2.841319484294076
INV_03,2025-06-12,14336.0,-0.6465,4.353138112283405
INV_03,2025-06-13,-22047.11,-0.9094,1.9608565029149831
INV_03,2025-06-16,-23349.69,0.0101,-2.333731599651378
INV_03,2025-06-17,-13696.7,0.3476,-2.9357343711321193
INV_03,2025-06-18,-33335.26,-0.0877,-2.8408569571949696
INV_03,2025-06-19,-38409.28,-0.28,-2.4490588778924955
INV_03,2025-06-20,49354.74,0.0416,4.5612933161222164
INV_03,2025-06-23,-61400.26,-0.2147,-4.904667694215906
INV_03,2025-06-24,78215.78,0.3851,5.698410589663958
INV_03,2025-06-25,0.0,1.6577,-7.5176695
INV_03,2025-06-26,103889.95,-2.3193,20.339479170820603
INV_03,2025-06-27,-5133.4,0.4899,-2.7433178799371687
INV_03,2025-06-30,54079.25,-0.3058,6.580037386940143
INV_03,2025-07-01,4401.41,-0.3081,1.8461293826667382
INV_03,2025-07-02,22931.81,-0.3747,3.947220543355265
INV_03,2025-07-03,-15065.37,0.2236,-2.505818045203646
INV_03,2025-07-04,26.37,0.3477,-1.5737785905608643
INV_03,2025-07-07,-5889.27,-0.3122,0.819368831937978
INV_03,2025-07-08,2343.74,-0.4106,2.1047496697651678
INV_03,2025-07-09,38995.73,-0.4541,5.833610722157777
INV_03,2025-07-10,0.0,0.0,0.0
INV_03,2025-07-11,59551.1,0.6538,2.740500228297873
INV_03,2025-07-14,66837.34,0.6808,3.298421774934128
INV_03,2025-07-15,22703.4,0.6389,-0.6713112459158967
INV_03,2025-07-16,-27660.25,0.2026,-3.6180934857057916
INV_03,2025-07-17,5407.39,-0.8434,4.373596110826483
INV_03,2025-07-18,28659.14,-0.3334,4.306370709445248
INV_03,2025-07-21,12966.82,-0.5102,3.6023788132248766
INV_03,2025-07-22,6913.1,-0.0034,0.7128812251107502
INV_03,2025-07-23,27692.89,-0.2014,3.6157602605854917
INV_03,2025-07-24,28753.43,-0.1269,3.3788659272735835
INV_03,2025-07-25,36810.35,-0.5208,5.929514360954716
INV_03,2025-07-28,10581.29,0.0527,0.8177005922790954
INV_03,2025-07-29,7836.49,-0.5929,3.4770491156303716
INV_03,2025-07-30,4556.73,-0.1361,1.0815636786603764
INV_03,2025-07-31,13042.02,-0.1676,2.0559812041012937
INV_03,2025-08-01,75869.89,0.2715,5.995576647424651
INV_03,2025-08-04,-31984.23,0.2084,-4.05550255836975
INV_03,2025-08-05,-15084.76,-0.0675,-1.1875534581293141
INV_03,2025-08-06,-903.53,-0.0179,-0.014542897257999399
INV_03,2025-08-07,-5318.86,0.099,-0.9889714084697678
INV_03,2025-08-11,3582.99,-0.1036,0.8370606922339495
INV_03,2025-08-12,19305.2,-0.4847,4.098396794442724
INV_03,2025-08-13,3583.44,-0.282,1.646149707495995
INV_03,2025-08-14,-18015.42,-0.127,-1.2003247755525144
INV_03,2025-08-15,56433.02,0.4788,3.242370762529767
INV_03,2025-08-18,49988.23,0.4335,2.84352217413533
INV_03,2025-08-19,17922.23,0.5121,-0.5550720356313021
INV_03,2025-08-20,25193.19,0.163,1.7248611696130007
INV_03,2025-08-21,11382.02,-0.2334,2.1931403262058407
INV_03,2025-08-22,-15194.87,0.0816,-1.8743622541420373
INV_03,2025-08-25,-27987.95,-0.0619,-2.4497935744173853
INV_03,2025-08-26,11021.28,-0.1798,1.9149518213802876
INV_03,2025-08-27,26406.87,-0.4527,4.632852018249475
INV_03,2025-08-28,3011.54,-0.3517,1.9049138306773516
INV_03,2025-08-29,37696.81,-0.4479,5.682743191911181
INV_03,2025-09-01,13858.21,-0.4393,3.367236481933002
INV_03,2025-09-02,-21906.08,-0.1693,-1.3819901403880936
INV_03,2025-09-03,-18161.71,0.0794,-2.1504250196026296
INV_03,2025-09-04,-2253.78,0.0557,-0.48618272169915905
INV_03,2025-09-08,-22418.77,-0.2498,-1.0660145682754132
INV_03,2025-09-09,-46861.37,0.1878,-5.367272555027597
INV_03,2025-09-10,19012.44,0.094,1.4458613178199198
INV_03,2025-09-11,-26383.89,-0.0543,-2.3314158124317816
INV_03,2025-09-12,5598.24,-0.3668,2.231111049859335
INV_03,2025-09-15,-46070.55,-0.0708,-4.120131247731769
INV_03,2025-09-16,43334.42,0.0578,3.9214658465977497
INV_03,2025-09-17,28526.0,-0.1454,3.4411197849416943
INV_03,2025-09-18,68129.66,-0.5973,9.215086480328896
INV_03,2025-09-19,9832.28,0.1675,0.2240147143918959
INV_03,2025-09-22,37346.88,0.0739,3.2832938911942446
INV_03,2025-09-23,16205.44,-0.1411,2.2417647682368718
INV_03,2025-09-24,22474.93,-0.4294,4.151562443621151
INV_03,2025-09-25,20682.67,-0.1584,2.750850972946838
INV_03,2025-09-26,16287.94,-0.2541,2.76217852845088
INV_03,2025-09-29,7612.74,-0.062,1.0474438650524027
INV_03,2025-09-30,2348.52,0.0621,-0.03846178337148384
INV_03,2025-10-01,7915.93,0.0063,0.7674750124342528
INV_03,2025-10-02,28540.13,-0.5442,5.25102260326383
INV_03,2025-10-03,19649.49,0.1622,1.197774643870806
INV_03,2025-10-07,-9059.49,0.284,-2.1960391307253158
INV_03,2025-10-08,-11698.89,-0.1742,-0.37549470176297317
INV_03,2025-10-09,-22217.31,0.5259,-4.564526790364837
INV_03,2025-10-10,21180.15,0.5158,-0.25894513169758904
INV_03,2025-10-13,8691.09,-0.5109,3.1889716186277224
INV_03,2025-10-14,23255.53,-0.2716,3.510628791775996
INV_03,2025-10-15,-6777.88,-0.2653,0.5189913424545057
INV_03,2025-10-16,10029.7,0.2065,0.06642111679419427
INV_03,2025-10-17,20142.97,0.099,1.5317616357241681
INV_03,2025-10-21,35837.31,-0.5233,5.8487780262016
INV_03,2025-10-22,-7685.67,0.068,-1.0818177611841195
INV_03,2025-10-23,-1908.05,-0.0818,0.1724195349471092
INV_03,2025-10-24,-2421.79,0.0169,-0.3272046533472387
INV_03,2025-10-27,-9496.87,0.0561,-1.2052778417410115
INV_03,2025-10-28,-25899.81,-0.2207,-1.530622751791733
INV_03,2025-10-29,13083.79,-0.1933,2.176581397227835
INV_03,2025-10-30,-9037.5,0.0893,-1.3109232502780657
INV_03,2025-10-31,-913.8,0.2025,-1.0151186383522446
INV_03,2025-11-03,30210.77,-0.107,3.4272127758076705
INV_03,2025-11-04,288.73,-0.0568,0.2890249283316285
INV_03,2025-11-05,-3840901.09,91.7106,-748.8788148676579
INV_03,2025-11-06,3876217.56,-1115.5586,5395.017304605903
INV_03,2025-11-07,33321.96,0.3394,1.6981363446500075
INV_03,2025-11-10,63103.77,0.3752,4.335923999554963
INV_03,2025-11-11,37563.66,-0.4304,5.5907920723881315
INV_03,2025-11-12,-566.94,0.4573,-2.134592342262075
INV_03,2025-11-13,-47675.82,-0.4219,-2.6788646897616313
INV_03,2025-11-14,-8884.6,-0.1378,-0.26606236550282436
INV_03,2025-11-17,-11083.87,-0.145,-0.4480779506201673
INV_03,2025-11-18,-40679.9,0.4269,-5.86927055642187
INV_03,2025-11-19,-15759.97,0.1364,-2.177458924629028
INV_03,2025-11-20,9351.75,0.1028,0.4704824566796638
INV_03,2025-11-21,-14725.54,0.072,-1.7854602978615655
INV_03,2025-11-24,-49884.8,-0.1532,-4.104970100895136
INV_03,2025-11-25,13442.61,-0.0188,1.4200081938130085
INV_03,2025-11-26,10365.86,-0.0483,1.2547329513012473
INV_03,2025-11-27,-29608.93,0.0267,-3.0058370646732953
INV_03,2025-11-28,2783.56,-0.0896,0.6933679047072365
INV_03,2025-12-01,-97417.9,-0.5541,-6.710989537338644
INV_03,2025-12-02,27760.8,0.1711,1.932940521237462
INV_03,2025-12-03,-60923.3,-0.2588,-4.660102793702756
INV_03,2025-12-05,-36669.47,-0.8333,0.22465624507788062
INV_03,2025-12-08,4681.46,-0.0999,0.9297981067358119
INV_03,2025-12-09,44048.03,0.2071,3.3116169860718383
INV_03,2025-12-10,67501.44,-0.336,7.971529814855523
INV_03,2025-12-11,21490.38,-0.3399,3.6513871369464406
INV_03,2025-12-12,-766.85,0.0597,-0.35229952904854483
INV_03,2025-12-15,-30009.17,-0.0184,-2.8393613133227165
INV_03,2025-12-16,1139.07,0.2833,-1.1647621958657022
INV_03,2025-12-17,-998.48,0.0113,-0.1567704670690689
INV_03,2025-12-18,-7219.53,0.1116,-1.233726139458668
INV_03,2025-12-19,-6489.72,-0.0046,-0.6348802987045334
INV_03,2025-12-22,-13545.87,-0.3653,0.3118793544883409
INV_03,2025-12-23,364.82,-0.0597,0.3102387411070174
INV_03,2025-12-24,-4376.46,0.1767,-1.2477466562159192
INV_03,2025-12-25,-1682114.45,41.3167,-336.11371119077444
INV_03,2025-12-26,1696813.77,-70.5886,470.13025037827106
INV_03,2025-12-29,-1787.44,-0.0181,-0.10420151331095764
INV_03,2025-12-30,39370.59,0.2542,2.6568768504964577
INV_03,2025-12-31,23098.91,0.1928,1.389593971792269
INV_03,2026-01-02,32245.8,-0.3117,4.548792345418615
INV_03,2026-01-05,14535.85,0.3204,-0.0124191352777403
INV_03,2026-01-06,73517.63,0.4364,5.028990692630152
INV_03,2026-01-07,0.0,0.0,0.0
INV_03,2026-01-08,0.0,1.4799,-6.7113465
INV_03,2026-01-09,67831.12,-0.8942,10.533700419094753
INV_03,2026-01-12,7976.84,-0.1929,1.6768247159759735
INV_03,2026-01-13,29095.52,-0.7888,6.4131300960169515
INV_03,2026-01-14,87054.59,-1.2661,14.006645821045321
INV_03,2026-01-16,4183.42,0.1829,-0.4022677605678093
INV_03,2026-01-19,-10297.3,-0.085,-0.6435312315777759
INV_03,2026-01-20,15377.32,-0.2624,2.7119169386532054
INV_03,2026-01-21,52450.94,-0.0366,5.206545741009529
INV_03,2026-01-22,-24404.47,0.5183,-4.739237283344035
INV_03,2026-01-23,10646.48,0.2411,-0.030339954591254603
INV_03,2026-01-26,11299.75,-0.0463,1.3366364856563968
INV_03,2026-01-27,-10572.83,0.3733,-2.748786007295312
INV_03,2026-01-28,-10835.1,0.2085,-2.0269738159988977
INV_03,2026-01-29,-6157.35,-0.0809,-0.2560616126347605
INV_03,2026-01-30,4760.65,-0.3243,1.9553215380353988
INV_03,2026-02-02,-28967.12,-0.0158,-2.7520537422982554
INV_03,2026-02-03,2026.97,-0.0434,0.40743093842495526
INV_03,2026-02-05,-3591.08,0.1635,-1.1095164459210471
INV_03,2026-02-06,9457.82,-0.0321,1.0926216482816096
INV_03,2026-02-09,6876.6,-0.2455,1.8072103938600605
INV_03,2026-02-10,-12465.49,0.2296,-2.28120928977188
INV_03,2026-02-11,-1372.89,0.1233,-0.7031555504503506
INV_03,2026-02-12,-11495.06,0.0767,-1.4935030006877381
INV_03,2026-02-13,12568.67,0.008,1.2137095430699947
INV_03,2026-02-16,41539.41,0.451,1.9690838685015586
INV_03,2026-02-17,3343.3,-0.0985,0.7899353239378379
INV_03,2026-02-18,13949.51,0.3127,-0.0342428442937559
INV_03,2026-02-19,0.0,-0.1083,0.4911405
INV_03,2026-02-20,0.0,-0.3221,1.4607235
INV_03,2026-02-23,0.0,0.1077,-0.4884195
INV_03,2026-02-24,0.0,-0.7073,3.2076055
INV_03,2026-02-25,0.0,0.0621,-0.2816235
INV_03,2026-02-26,0.0,0.3725,-1.6892875
INV_03,2026-02-27,0.0,-1.1058,5.014803
INV_03,2026-03-02,-5396.27,0.1197,-1.0905151384124019
INV_03,2026-03-03,0.0,-4.8572,22.027402
INV_03,2026-03-04,-1673827.33,37.8774,-319.8012344333359
INV_04,2020-01-01,0.0,0.0,0.0
INV_04,2020-01-02,0.0,0.0,0.0
INV_04,2020-01-03,0.0,-0.0201,0.0
INV_04,2020-01-06,0.0,-1.1852,0.0
INV_04,2020-01-07,0.0,-1.2371,0.0
INV_04,2020-01-08,0.0,-2.6431,0.0
INV_04,2020-01-09,0.0,1.7362,0.0
INV_04,2020-01-10,0.0,0.0,0.0
INV_04,2020-01-13,0.0,-0.4868,0.0
INV_04,2020-01-14,0.0,0.4608,0.0
INV_04,2020-01-15,0.0,0.0,0.0
INV_04,2020-01-16,0.0,-0.8035,0.0
INV_04,2020-01-17,0.0,-0.5757,0.0
INV_04,2020-01-20,0.0,-0.2293,0.0
INV_04,2020-01-21,618.39,1.4309,0.0745157150523067
INV_04,2020-01-22,1739.04,0.6418,0.19552794241841798
INV_04,2020-01-23,1312.58,0.8376,0.15038736679337572
INV_04,2020-01-24,1467.44,0.0657,0.1668786621495269
INV_04,2020-01-27,-4170.03,-0.9567,-0.5390059508226219
INV_04,2020-01-28,-1854.69,-0.7179,-0.2531050770908742
INV_04,2020-01-29,5894.74,-0.1502,0.6107219405042622
INV_04,2020-01-30,-3177.93,0.4403,-0.4183158906543659
INV_04,2020-01-31,684.24,-0.02,0.08189351125556964
INV_04,2020-02-03,325.22,0.1116,0.040913004158843
INV_04,2020-02-04,0.0,0.0,0.0
INV_04,2020-02-05,1886.26,-0.124,0.21092897926256704
INV_04,2020-02-06,1046.87,-0.1554,0.12177550518624755
INV_04,2020-02-07,-2205.85,0.0729,-0.2975500940225759
INV_04,2020-02-10,-7066.04,0.3122,-0.8816272375345172
INV_04,2020-02-11,-3557.9,-0.4261,-0.46480143761884907
INV_04,2020-02-12,-5926.1,-0.005,-0.7481646079149976
INV_04,2020-02-13,2535.81,-0.8674,0.2779975001280084
INV_04,2020-02-14,2037.37,-0.0143,0.22665339213734587
INV_04,2020-02-17,-2724.82,0.1186,-0.3623880683892006
INV_04,2020-02-18,261.68,0.5081,0.033402571748685675
INV_04,2020-02-19,9578.49,-0.1361,0.9606167340071228
INV_04,2020-02-20,-4501.69,-0.2142,-0.5788994357920926
INV_04,2020-02-21,0.0,0.0,0.0
INV_04,2020-02-24,-6300.61,0.0306,-0.792186924222561
INV_04,2020-02-25,-14935.08,0.0883,-1.772308632373571
INV_04,2020-02-26,-8775.8,-1.2998,-1.0791708669376459
INV_04,2020-02-27,-4949.58,0.6856,-0.6324642388732993
INV_04,2020-02-28,-11244.59,-0.4364,-1.3599849663311085
INV_04,2020-03-02,12688.98,-0.7862,1.2488121720457872
INV_04,2020-03-03,4390.27,-0.0933,0.46392130521576785
INV_04,2020-03-04,-21856.67,-0.3582,-2.5283405680827866
INV_04,2020-03-05,-12130.46,-0.1665,-1.4596919017916743
INV_04,2020-03-06,-32018.27,0.7889,-3.6102719023839054
INV_04,2020-03-09,0.0,0.0,0.0
INV_04,2020-03-10,-30660.31,-1.2942,-3.467205787714352
INV_04,2020-03-11,22649.51,-0.7816,2.1442226071103376
INV_04,2020-03-12,-42987.61,0.235,-4.75240019081562
INV_04,2020-03-13,-26720.02,-0.6248,-3.0495967793759706
INV_04,2020-03-16,0.0,0.0,0.0
INV_04,2020-03-17,0.0,0.0,0.0
INV_04,2020-03-18,0.0,0.0,0.0
INV_04,2020-03-19,0.0,0.0,0.0
INV_04,2020-03-20,-77200.56,-2.1595,-8.206417088562276
INV_04,2020-03-23,0.0,0.0,0.0
INV_04,2020-03-24,0.0,0.0,0.0
INV_04,2020-03-25,0.0,0.0,0.0
INV_04,2020-03-26,0.0,0.0,0.0
INV_04,2020-03-27,0.0,0.0,0.0
INV_04,2020-03-30,0.0,0.0,0.0
INV_04,2020-03-31,1660.45,-0.2277,0.18727106217362552
INV_04,2020-04-01,0.0,0.0,0.0
INV_04,2020-04-02,0.0,0.0,0.0
INV_04,2020-04-03,0.0,0.0,0.0
INV_04,2020-04-06,0.0,0.0,0.0
INV_04,2020-04-07,0.0,0.0,0.0
INV_04,2020-04-08,0.0,0.0,0.0
INV_04,2020-04-09,0.0,0.0,0.0
INV_04,2020-04-10,0.0,0.0,0.0
INV_04,2020-04-13,0.0,0.0,0.0
INV_04,2020-04-14,0.0,0.0,0.0
INV_04,2020-04-15,0.0,0.0,0.0
INV_04,2020-04-16,0.0,0.0,0.0
INV_04,2020-04-17,0.0,0.0,0.0
INV_04,2020-04-20,0.0,0.0,0.0
INV_04,2020-04-21,0.0,0.0,0.0
INV_04,2020-04-22,0.0,0.0,0.0
INV_04,2020-04-23,0.0,0.0,0.0
INV_04,2020-04-24,0.0,0.0,0.0
INV_04,2020-04-27,0.0,0.0,0.0
INV_04,2020-04-28,0.0,0.0,0.0
INV_04,2020-04-29,0.0,0.0,0.0
INV_04,2020-04-30,0.0,0.0,0.0
INV_04,2020-05-01,0.0,0.0,0.0
INV_04,2020-05-04,0.0,0.0,0.0
INV_04,2020-05-05,0.0,0.0,0.0
INV_04,2020-05-06,0.0,0.0,0.0
INV_04,2020-05-07,0.0,0.0,0.0
INV_04,2020-05-08,0.0,0.0,0.0
INV_04,2020-05-11,-31068.89,-5.3294,-3.510295025954071
INV_04,2020-05-12,-26336.21,-0.485,-3.008707111990849
INV_04,2020-05-13,34902.52,-2.6136,3.209854746919468
INV_04,2020-05-14,1308.79,-1.4654,0.14998218634894087
INV_04,2020-05-15,21160.34,-0.155,2.012392196524071
INV_04,2020-05-18,33831.08,0.6009,3.117824743606772
INV_04,2020-05-19,6598.57,1.2405,0.6784950595801019
INV_04,2020-05-20,-8834.82,2.0779,-1.0859408365773844
INV_04,2020-05-21,29427.48,3.1009,2.73745265901527
INV_04,2020-05-22,-3726.4,0.3423,-0.48530725330174657
INV_04,2020-05-25,0.0,0.0,0.0
INV_04,2020-05-26,-7270.56,-0.9002,-0.9054125742015016
INV_04,2020-05-27,5040.51,0.2102,0.527726241763786
INV_04,2020-05-28,8215.25,1.1004,0.832417480242124
INV_04,2020-05-29,-8882.1,-0.8979,-1.0913619669629724
INV_04,2020-06-01,-7744.04,-1.6807,-0.9603078186046052
INV_04,2020-06-02,-640.08,0.622,-0.0938037645195051
INV_04,2020-06-03,-738.31,-0.9405,-0.10716931629349748
INV_04,2020-06-04,-722.64,0.2079,-0.10504561524123869
INV_04,2020-06-05,0.0,0.0,0.0
INV_04,2020-06-08,11575.61,0.9404,1.1462687321993432
INV_04,2020-06-09,11322.32,0.5295,1.122850021389288
INV_04,2020-06-10,2269.21,-0.4246,0.2506288634108288
INV_04,2020-06-11,4941.17,0.1631,0.5180160305293746
INV_04,2020-06-12,-2625.85,0.3232,-0.3500922807821562
INV_04,2020-06-15,-3067.31,0.0079,-0.40471435811172557
INV_04,2020-06-16,4107.68,1.0413,0.4359991383927611
INV_04,2020-06-17,10969.24,0.6459,1.090146112915167
INV_04,2020-06-18,13143.64,-0.7093,1.2905109874552882
INV_04,2020-06-19,2871.96,0.3993,0.31223417408790144
INV_04,2020-06-22,15191.3,1.1652,1.4771618382174516
INV_04,2020-06-23,9731.17,0.4727,0.9748953537595574
INV_04,2020-06-24,75.75,0.7831,0.010506643596386294
INV_04,2020-06-25,13974.51,-1.1118,1.3664666518293547
INV_04,2020-06-26,1034.18,0.0241,0.12039770087464052
INV_04,2020-06-29,-4085.06,-0.1183,-0.5287517890636203
INV_04,2020-06-30,-7010.71,0.4391,-0.8751845740370667
INV_04,2020-07-01,2947.06,-0.7891,0.3198452580419938
INV_04,2020-07-02,-12431.67,0.1497,-1.4934810076676504
INV_04,2020-07-03,-10863.07,-0.4445,-1.316883817745111
INV_04,2020-07-06,-1258.68,0.0552,-0.17628879526705035
INV_04,2020-07-07,6981.9,0.2616,0.7151998116388938
INV_04,2020-07-08,-6551.87,0.0131,-0.821622841082532
INV_04,2020-07-09,2213.98,0.1893,0.24493286127689415
INV_04,2020-07-10,-19234.34,-0.6638,-2.244128989472388
INV_04,2020-07-13,-20640.35,-0.6488,-2.396816137886049
INV_04,2020-07-14,16849.7,-0.124,1.6270859589075077
INV_04,2020-07-15,-5385.42,-0.1686,-0.684276417048083
INV_04,2020-07-16,6852.21,0.614,0.7027971793947692
INV_04,2020-07-17,11019.46,-0.0918,1.0948019740508843
INV_04,2020-07-20,11408.72,-0.1044,1.130842306665486
INV_04,2020-07-21,-280.91,-0.3102,-0.0435027691821503
INV_04,2020-07-22,4617.12,-1.2437,0.4862485219929855
INV_04,2020-07-23,8627.66,-0.9827,0.8713410798275169
INV_04,2020-07-24,3020.1,-0.2501,0.3272351103461976
INV_04,2020-07-27,1190.33,0.6139,0.13727696370883014
INV_04,2020-07-28,-6322.03,0.4306,-0.7946993704602457
INV_04,2020-07-29,-5396.34,0.2566,-0.6855708715656642
INV_04,2020-07-30,-2197.14,-0.1866,-0.2964537636687157
INV_04,2020-07-31,6375.27,0.455,0.6570481205314668
INV_04,2020-08-03,0.0,0.0,0.0
INV_04,2020-08-04,6750.25,0.828,0.6930354132059251
INV_04,2020-08-05,4210.07,-0.7393,0.44613051799467396
INV_04,2020-08-06,2819.22,0.1133,0.3068812304856822
INV_04,2020-08-07,2441.19,0.0619,0.26830716859513226
INV_04,2020-08-10,-8447.99,0.2341,-1.0415128187255545
INV_04,2020-08-11,7579.39,0.0719,0.7721448147926107
INV_04,2020-08-12,8818.89,1.0058,0.8893468938332577
INV_04,2020-08-13,10623.14,-0.3526,1.0580202022145406
INV_04,2020-08-14,12926.41,-0.4733,1.2706001599446264
INV_04,2020-08-17,-7579.25,0.7184,-0.9412283082122309
INV_04,2020-08-18,5698.52,-0.0377,0.5917333104375396
INV_04,2020-08-19,15380.56,-0.0518,1.4943248350668494
INV_04,2020-08-20,7171.7,-0.7271,0.7333232130082503
INV_04,2020-08-21,12655.39,-0.4511,1.2457275596047563
INV_04,2020-08-24,-1022.41,0.3113,-0.14520578308261486
INV_04,2020-08-25,-4738.47,-0.29,-0.6072591759855503
INV_04,2020-08-26,-5624.8,-0.008,-0.7126127949842717
INV_04,2020-08-27,22.22,-0.4929,0.003345894191225556
INV_04,2020-08-28,2359.2,0.0425,0.2598899709980175
INV_04,2020-08-31,-431.12,0.0218,-0.06487596021119808
INV_04,2020-09-01,0.0,0.0,0.0
INV_04,2020-09-02,-1405.28,-0.329,-0.19537386094623355
INV_04,2020-09-03,-2722.45,0.1031,-0.3620939794305019
INV_04,2020-09-04,-3052.86,-0.6108,-0.40293522238229634
INV_04,2020-09-07,-5696.98,0.0397,-0.721141030031024
INV_04,2020-09-08,5029.07,-0.5726,0.526608671278413
INV_04,2020-09-09,9569.74,0.1196,0.959797975003183
INV_04,2020-09-10,6330.69,-0.3465,0.6527604413761088
INV_04,2020-09-11,4873.5,0.1655,0.5113939965651244
INV_04,2020-09-14,9582.57,-0.0369,0.9609984925006588
INV_04,2020-09-15,7269.18,-0.5061,0.7426187318304527
INV_04,2020-09-16,13559.98,-0.7259,1.3286105377852204
INV_04,2020-09-17,22452.02,0.7095,2.1267738279093145
INV_04,2020-09-18,10550.06,0.2219,1.0512278287246586
INV_04,2020-09-21,13593.98,-1.4053,1.3317184071531922
INV_04,2020-09-22,11628.85,-1.9308,1.151186810504603
INV_04,2020-09-23,845.98,-0.3404,0.09982216146590835
INV_04,2020-09-24,5384.88,-0.6966,0.5612899105829231
INV_04,2020-09-25,2018.11,-0.1902,0.22465367659872632
INV_04,2020-09-28,11939.49,-0.6225,1.179852532673711
INV_04,2020-09-29,-3700.98,-0.4267,-0.48221778333470317
INV_04,2020-09-30,-8888.31,0.3475,-1.0920738624353739
INV_04,2020-10-01,0.0,0.0,0.0
INV_04,2020-10-02,4509.3,-0.8027,0.47564596604186765
INV_04,2020-10-05,-76337.36,0.7028,-8.120774555192854
INV_04,2020-10-06,-12275.59,0.5851,-1.4759792133877603
INV_04,2020-10-07,8597.18,-0.8908,0.8684686909646688
INV_04,2020-10-08,18435.6,-0.0082,1.769531259649989
INV_04,2020-10-09,13538.31,-0.0558,1.3266294557410188
INV_04,2020-10-12,-383.75,-0.5478,-0.05819971421339127
INV_04,2020-10-13,-6872.7,-0.6178,-0.8590996807384802
INV_04,2020-10-14,36760.57,-1.9345,3.3690047783894643
INV_04,2020-10-15,24686.96,-1.6368,2.323658401588415
INV_04,2020-10-16,-5733.58,0.7389,-0.7254626340876414
INV_04,2020-10-19,-7172.04,1.2199,-0.8939605366780013
INV_04,2020-10-20,-1173.01,0.3187,-0.1650677400077708
INV_04,2020-10-21,-52004.8,0.9429,-5.676389999873204
INV_04,2020-10-22,8614.32,-0.577,0.8700840223146973
INV_04,2020-10-23,-894.05,0.2224,-0.12812216597304701
INV_04,2020-10-26,-15509.61,-0.2748,-1.8358378692849786
INV_04,2020-10-27,684.26,0.2023,0.08189574458221484
INV_04,2020-10-28,-14533.28,0.5501,-1.7277821482680868
INV_04,2020-10-29,28278.05,-1.0791,2.637559978604428
INV_04,2020-10-30,0.0,0.0,0.0
INV_04,2020-11-02,-7671.0,-0.051,-0.9518545835016654
INV_04,2020-11-03,23050.67,-1.0124,2.17963491037764
INV_04,2020-11-04,5958.8,0.4151,0.6169119300886509
INV_04,2020-11-05,32890.47,-2.0521,3.036871278477972
INV_04,2020-11-06,33866.66,-2.3412,3.1208839454284294
INV_04,2020-11-09,9304.66,-0.4859,0.9349697807426086
INV_04,2020-11-10,-23750.3,3.573,-2.732140163812989
INV_04,2020-11-11,5805.14,0.3107,0.6020564966578296
INV_04,2020-11-12,-11104.38,-0.1298,-1.3441567018410454
INV_04,2020-11-13,-4371.47,0.3309,-0.5632603299926827
INV_04,2020-11-16,-1735.94,-0.4428,-0.2379521265686196
INV_04,2020-11-17,6141.84,-0.2192,0.6345743288612126
INV_04,2020-11-18,-6005.24,0.6451,-0.7574823879709673
INV_04,2020-11-19,-7044.0,0.2934,-0.879061291197711
INV_04,2020-11-20,1238.21,-0.0211,0.14242200274662703
INV_04,2020-11-23,-2374.81,0.1599,-0.3187611906911629
INV_04,2020-11-24,2589.54,0.225,0.28348932382036995
INV_04,2020-11-25,11705.11,-0.47,1.158228749907602
INV_04,2020-11-26,1763.02,0.1391,0.19804231941523365
INV_04,2020-11-27,2286.37,0.1906,0.2523967141074175
INV_04,2020-11-30,6951.11,0.1619,0.7122566822456852
INV_04,2020-12-01,10836.94,0.7577,1.0778738159608678
INV_04,2020-12-02,2409.81,0.3574,0.265087930385053
INV_04,2020-12-03,2412.18,0.0219,0.2653311635765342
INV_04,2020-12-04,7959.4,-0.1191,0.8082046569882511
INV_04,2020-12-07,13698.55,0.6115,1.3412736758288282
INV_04,2020-12-08,14227.69,0.9981,1.3895506752263111
INV_04,2020-12-09,-2885.08,0.2337,-0.3822354732329448
INV_04,2020-12-10,-4879.88,-0.0542,-0.6241506621297708
INV_04,2020-12-11,2107.47,-0.2196,0.23392109446463624
INV_04,2020-12-14,3821.05,-0.083,0.40754585304572216
INV_04,2020-12-15,-7239.31,-0.3617,-0.9017811837372217
INV_04,2020-12-16,-2839.64,0.0627,-0.3766156394193607
INV_04,2020-12-17,-6114.05,-0.1919,-0.7702800493754313
INV_04,2020-12-18,-4735.66,0.0501,-0.6069231811951706
INV_04,2020-12-21,-433.63,0.3226,-0.06522829575391219
INV_04,2020-12-22,490.37,0.1256,0.060014859277057075
INV_04,2020-12-23,-1913.35,-0.2046,-0.2605660924340948
INV_04,2020-12-24,12142.72,-0.1655,1.1985794021882774
INV_04,2020-12-25,0.0,0.0,0.0
INV_04,2020-12-28,11521.47,-0.4809,1.1412659613676674
INV_04,2020-12-29,0.0,0.0,0.0
INV_04,2020-12-30,1332.33,0.5165,0.15249753226155094
INV_04,2020-12-31,-3368.29,0.5572,-0.4416484866895579
INV_04,2021-01-01,0.0,0.0,0.0
INV_04,2021-01-04,7385.09,1.1941,0.753660847249934
INV_04,2021-01-05,11269.41,-0.2742,1.117953655907455
INV_04,2021-01-06,2439.06,-0.3841,0.26808874244097847
INV_04,2021-01-07,-5806.09,0.1287,-0.734018924395758
INV_04,2021-01-08,7381.36,-0.2099,0.7533056922059836
INV_04,2021-01-11,5644.3,0.4536,0.5864786582444919
INV_04,2021-01-12,14613.85,-0.8827,1.4247065275146515
INV_04,2021-01-13,19203.89,-0.2444,1.8382396635894236
INV_04,2021-01-14,0.0,0.0,0.0
INV_04,2021-01-15,42523.57,0.653,3.859326546651156
INV_04,2021-01-18,56973.48,-1.3123,5.070405271347042
INV_04,2021-01-19,10332.52,1.0301,1.0309899587685074
INV_04,2021-01-20,55969.58,-3.2152,4.986998765689627
INV_04,2021-01-21,109100.56,-5.0375,9.295924164791048
INV_04,2021-01-22,20244.38,2.1978,1.9309991405900122
INV_04,2021-01-25,41544.29,2.8181,3.7763399353067792
INV_04,2021-01-26,-12979.81,0.9646,-1.554830539829842
INV_04,2021-01-27,12792.65,-0.8308,1.2583288772140102
INV_04,2021-01-28,0.0,0.0,0.0
INV_04,2021-01-29,-35524.7,2.6408,-3.9778516875636156
INV_04,2021-02-01,-28485.57,-0.173,-3.2371941771292922
INV_04,2021-02-02,-83403.0,-1.4606,-8.819951683305618
INV_04,2021-02-03,41805.41,0.2071,3.798480580408696
INV_04,2021-02-04,0.0,0.0,0.0
INV_04,2021-02-05,17333.85,-0.9255,1.6706638167496928
INV_04,2021-02-08,0.0,-2.3194,0.0
INV_04,2021-02-09,24.03,-1.7906,0.003599509036255081
INV_04,2021-02-10,-106125.98,4.9974,-11.043210854417511
INV_04,2021-02-11,-7693.98,-0.9725,-0.9545147373288172
INV_04,2021-02-12,40415.34,1.4902,3.6805069220156645
INV_04,2021-02-15,-19524.49,0.951,-2.2756976670718885
INV_04,2021-02-16,-34654.14,-1.4964,-3.886827240486406
INV_04,2021-02-17,16238.23,-1.4289,1.571927806278429
INV_04,2021-02-18,35928.25,-0.8661,3.2977812750392923
INV_04,2021-02-19,-14021.1,1.4525,-1.6709035916915325
INV_04,2021-02-22,-33164.49,0.3314,-3.7307136496884126
INV_04,2021-02-23,-58252.36,0.2367,-6.31017239271471
INV_04,2021-02-24,2859.07,-0.2156,0.3109264925049117
INV_04,2021-02-25,13660.19,1.2116,1.33776903251616
INV_04,2021-02-26,0.0,0.0,0.0
INV_04,2021-03-01,-1304.49,0.0274,-0.1822677906399424
INV_04,2021-03-02,-27141.05,0.3662,-3.094406505952238
INV_04,2021-03-03,-32651.69,0.2045,-3.6768650516658155
INV_04,2021-03-04,-26052.62,-0.1663,-2.9784688775081993
INV_04,2021-03-05,15215.81,-0.5107,1.4793853254157205
INV_04,2021-03-08,55774.07,-0.6886,4.970743700562986
INV_04,2021-03-09,3805.04,-0.2001,0.4059524421625569
INV_04,2021-03-10,-18060.25,0.0335,-2.116055097561691
INV_04,2021-03-11,0.0,0.0,0.0
INV_04,2021-03-12,12227.99,-0.1255,1.2064304353471003
INV_04,2021-03-15,-17992.85,0.4255,-2.10868625770005
INV_04,2021-03-16,-16747.99,0.7981,-1.9722451561429948
INV_04,2021-03-17,-16390.6,0.3872,-1.93295036563927
INV_04,2021-03-18,-15694.07,-0.1434,-1.8562010190118716
INV_04,2021-03-19,-8575.46,0.1246,-1.056167704819075
INV_04,2021-03-22,14355.21,-0.2239,1.4011670319201395
INV_04,2021-03-23,3374.1,0.2691,0.36288696392811776
INV_04,2021-03-24,26747.07,0.1545,2.5040829313766126
INV_04,2021-03-25,-9242.24,0.197,-1.1325929980161198
INV_04,2021-03-26,3838.25,0.107,0.4092572015439435
INV_04,2021-03-29,6181.4,0.0834,0.6383869918711877
INV_04,2021-03-30,-3619.11,0.221,-0.4722578324551604
INV_04,2021-03-31,13471.11,-2.24,1.320484646061225
INV_04,2021-04-01,16188.88,-0.7433,1.5674701459739042
INV_04,2021-04-02,0.0,0.0,0.0
INV_04,2021-04-05,18611.79,-1.3141,1.7853046577942626
INV_04,2021-04-06,35250.89,-0.7858,3.2397365129472364
INV_04,2021-04-07,-1303.82,0.8008,-0.182180446636257
INV_04,2021-04-08,13238.43,0.5641,1.2991923031457226
INV_04,2021-04-09,20967.72,-1.0549,1.995295749994757
INV_04,2021-04-12,32691.57,-1.071,3.0197332486478454
INV_04,2021-04-13,0.0,0.0,0.0
INV_04,2021-04-14,0.0,0.0,0.0
INV_04,2021-04-15,20062.75,-1.0188,1.9148303418293893
INV_04,2021-04-16,-685.19,-0.2205,-0.09995749953155983
INV_04,2021-04-19,-14223.89,0.1034,-1.6934401755544204
INV_04,2021-04-20,-50583.57,0.9603,-5.531520772540615
INV_04,2021-04-21,12478.77,-0.2401,1.2294992577855455
INV_04,2021-04-22,-25564.23,0.4451,-2.926341658606831
INV_04,2021-04-23,-20369.35,-0.1777,-2.367442314842157
INV_04,2021-04-26,0.0,0.0,0.0
INV_04,2021-04-27,-23227.9,-0.8115,-2.676030055084041
INV_04,2021-04-28,37054.99,-0.2959,3.3941729770651703
INV_04,2021-04-29,-9775.19,0.2045,-1.1934123401420254
INV_04,2021-04-30,109.54,0.2333,0.014822496731160704
INV_04,2021-05-03,-10590.5,0.1807,-1.2860290147906661
INV_04,2021-05-04,-12081.03,-0.222,-1.4541416134012328
INV_04,2021-05-05,8773.22,-0.1218,0.8850491017802147
INV_04,2021-05-06,3062.74,-0.0261,0.33154367858247147
INV_04,2021-05-07,21392.59,-0.4373,2.0329922456401057
INV_04,2021-05-10,-18196.9,0.1438,-2.1309893914401634
INV_04,2021-05-11,6097.01,-0.3081,0.6302517707477515
INV_04,2021-05-12,401.44,0.215,0.0497941199123966
INV_04,2021-05-13,9283.11,-0.0755,0.9329492767801814
INV_04,2021-05-14,0.0,0.0,0.0
INV_04,2021-05-17,25747.29,0.4415,2.416643076509067
INV_04,2021-05-18,2936.37,0.2797,0.3187626702480188
INV_04,2021-05-19,-4730.85,0.2888,-0.6063480131978941
INV_04,2021-05-20,-6555.93,-0.3979,-0.8220978545208146
INV_04,2021-05-21,-15003.28,0.2765,-1.779858363483841
INV_04,2021-05-24,-3685.61,0.3026,-0.4803490707884217
INV_04,2021-05-25,7335.21,0.2853,0.7489104848647603
INV_04,2021-05-26,0.0,0.0,0.0
INV_04,2021-05-27,0.0,0.0,0.0
INV_04,2021-05-28,10019.52,0.2246,1.0018210969896417
INV_04,2021-05-31,7586.16,0.1841,0.77278827519483
INV_04,2021-06-01,17310.33,-0.5663,1.6685487077942893
INV_04,2021-06-02,2109.28,-0.2092,0.23410853163230458
INV_04,2021-06-03,13931.32,-0.2467,1.362525961495244
INV_04,2021-06-04,-1199.27,0.776,-0.1685129333274113
INV_04,2021-06-07,12053.82,-0.6362,1.190390210908444
INV_04,2021-06-08,-7749.28,-0.1378,-0.9609140605279445
INV_04,2021-06-09,3632.34,0.0353,0.38873531672926714
INV_04,2021-06-10,11820.42,0.1421,1.1688707830967642
INV_04,2021-06-11,-3840.64,0.059,-0.4991743546297546
INV_04,2021-06-14,-4662.23,-0.0423,-0.5981383146312196
INV_04,2021-06-15,-2047.48,0.0431,-0.2775694443817139
INV_04,2021-06-16,8635.84,0.0379,0.8721118347825432
INV_04,2021-06-17,2647.72,0.0257,0.2894273899788389
INV_04,2021-06-18,3735.53,-0.1579,0.39902915569602077
INV_04,2021-06-21,-474.14,-0.5784,-0.07089646139580262
INV_04,2021-06-22,-17471.1,0.0591,-2.051580197239792
INV_04,2021-06-23,4185.81,-0.202,0.4437315245774906
INV_04,2021-06-24,0.0,0.0,0.0
INV_04,2021-06-25,3190.28,0.1882,0.34440723931571593
INV_04,2021-06-28,-5460.95,0.2537,-0.6932261492195773
INV_04,2021-06-29,-9187.34,-0.4483,-1.1263147681134438
INV_04,2021-06-30,-12711.29,-0.1831,-1.5247991022500669
INV_04,2021-07-01,-2636.88,-0.2053,-0.35146413749036204
INV_04,2021-07-02,4946.31,0.1119,0.5185187700624413
INV_04,2021-07-05,-6596.64,-0.09,-0.8268597712791734
INV_04,2021-07-06,-3349.71,-0.4734,-0.4393750910202852
INV_04,2021-07-07,-2667.07,0.3813,-0.35521705897448896
INV_04,2021-07-08,4937.09,0.2784,0.5176169438547332
INV_04,2021-07-09,6084.78,0.3101,0.6290721715420589
INV_04,2021-07-12,5113.58,-0.1018,0.5348604384952166
INV_04,2021-07-13,4782.97,0.1178,0.5025252795791156
INV_04,2021-07-14,2615.13,0.1291,0.28610222340680597
INV_04,2021-07-15,4364.63,0.3016,0.4613929511654652
INV_04,2021-07-16,-2233.96,0.1358,-0.3010863361882494
INV_04,2021-07-19,11067.5,0.8592,1.099254398597341
INV_04,2021-07-20,-2590.06,0.623,-0.3456382297860017
INV_04,2021-07-21,0.0,0.0,0.0
INV_04,2021-07-22,9043.66,-0.7768,0.9104773857130602
INV_04,2021-07-23,0.0,0.0,0.0
INV_04,2021-07-26,-15532.64,0.1274,-1.8383811098148248
INV_04,2021-07-27,-5227.46,0.0138,-0.6655320058642689
INV_04,2021-07-28,746.49,0.0336,0.08882421676713548
INV_04,2021-07-29,11895.67,-0.2379,1.1758118994228972
INV_04,2021-07-30,-4719.6,0.0533,-0.6050026127370368
INV_04,2021-08-02,-7174.64,0.8803,-0.8942628973922934
INV_04,2021-08-03,7323.84,0.7005,0.7478273512583599
INV_04,2021-08-04,840.59,-0.102,0.09922864854424343
INV_04,2021-08-05,-23177.77,-0.5608,-2.6706412582596637
INV_04,2021-08-06,3082.95,0.3669,0.3335843956155744
INV_04,2021-08-09,-11880.12,0.3645,-1.4315665351974038
INV_04,2021-08-10,-7263.96,0.3431,-0.904645711793062
INV_04,2021-08-11,2286.26,0.1148,0.25238538456910187
INV_04,2021-08-12,-18143.51,-0.2916,-2.125155367956215
INV_04,2021-08-13,6016.85,-0.4155,0.622517334613489
INV_04,2021-08-16,-3425.67,-0.1834,-0.44866405781659113
INV_04,2021-08-17,12721.86,0.711,1.251831054453048
INV_04,2021-08-18,21714.72,-0.2265,2.0615396878978633
INV_04,2021-08-19,-10671.63,-0.0317,-1.2952183957635481
INV_04,2021-08-20,-4708.49,0.5173,-0.6036737441479298
INV_04,2021-08-23,13590.47,2.092,1.3313975894737649
INV_04,2021-08-24,28263.58,-1.3079,2.636300732815539
INV_04,2021-08-25,10632.45,-0.5543,1.0588852889110976
INV_04,2021-08-26,56362.6,0.2623,5.01966368483802
INV_04,2021-08-27,12713.06,-0.3716,1.2510231323474743
INV_04,2021-08-30,-26145.52,0.8276,-2.9883769049917723
INV_04,2021-08-31,157.29,1.6264,0.020774096175810754
INV_04,2021-09-01,24790.54,0.0987,2.3327533714390043
INV_04,2021-09-02,17767.12,0.8323,1.7095928555024449
INV_04,2021-09-03,1760.35,-0.2996,0.1977624755988445
INV_04,2021-09-06,2132.85,-1.3625,0.236548376814488
INV_04,2021-09-07,-42436.45,1.9235,-4.695525847925456
INV_04,2021-09-08,-44395.09,0.2296,-4.8974183634118695
INV_04,2021-09-09,32516.37,-0.5421,3.0046315200705176
INV_04,2021-09-10,-16035.26,-0.0237,-1.8938240145349199
INV_04,2021-09-13,-18976.01,-2.5311,-2.215995518833496
INV_04,2021-09-14,7160.95,1.0912,0.7322975959265935
INV_04,2021-09-15,15206.54,1.1925,1.4785444019465994
INV_04,2021-09-16,-2067.64,-0.5151,-0.2801185121599725
INV_04,2021-09-17,-25262.36,1.3276,-2.8940889345342247
INV_04,2021-09-20,0.0,0.0,0.0
INV_04,2021-09-21,-10030.63,-0.003,-1.2224832755325181
INV_04,2021-09-22,-71.38,0.517,-0.012116874809377533
INV_04,2021-09-23,14040.96,-0.1597,1.372528010838848
INV_04,2021-09-24,6235.48,0.5673,0.6435964025758415
INV_04,2021-09-27,22823.28,0.3256,2.1595672283463268
INV_04,2021-09-28,-34.71,0.8205,-0.006183692145970552
INV_04,2021-09-29,10960.67,0.9345,1.0893514517178724
INV_04,2021-09-30,6022.35,0.4341,0.623048235319491
INV_04,2021-10-01,-3190.53,0.3668,-0.4198631197294321
INV_04,2021-10-04,6708.44,-0.4717,0.6890296277627126
INV_04,2021-10-05,-15.68,-0.013,-0.002946195610021679
INV_04,2021-10-06,5734.05,1.3541,0.595174830231013
INV_04,2021-10-07,19595.86,-0.9498,1.8732222948518522
INV_04,2021-10-08,7435.89,-0.707,0.7584966176523871
INV_04,2021-10-11,-10865.36,-0.4184,-1.3171428232187226
INV_04,2021-10-12,155.82,-0.0305,0.020592896920954017
INV_04,2021-10-13,-12178.26,-0.8768,-1.4650577232211623
INV_04,2021-10-14,-395.69,1.1747,-0.05988747332018058
INV_04,2021-10-15,-3729.21,0.2562,-0.48564868536816364
INV_04,2021-10-18,6973.41,-0.3135,0.714388363441345
INV_04,2021-10-19,0.0,0.0,0.0
INV_04,2021-10-20,0.0,0.0,0.0
INV_04,2021-10-21,-3840.08,0.8193,-0.4991064467053411
INV_04,2021-10-22,7917.33,0.3503,0.8042183365083414
INV_04,2021-10-25,-698.8,1.1323,-0.10180871545350438
INV_04,2021-10-26,11130.02,-0.3912,1.1050469149072768
INV_04,2021-10-27,8056.41,0.489,0.8173914212248659
INV_04,2021-10-28,13136.02,-1.2364,1.2898129301080645
INV_04,2021-10-29,-6007.67,0.9919,-0.7577683604247963
INV_04,2021-11-01,-14046.26,0.181,-1.673700868824793
INV_04,2021-11-02,-791.98,-0.2095,-0.11442055965778428
INV_04,2021-11-03,6949.37,-0.8235,0.7120903345054994
INV_04,2021-11-04,0.0,0.0,0.0
INV_04,2021-11-05,-8072.79,-0.01,-0.998290126798745
INV_04,2021-11-08,26872.61,-1.5207,2.5150469075619064
INV_04,2021-11-09,-20184.04,0.1627,-2.3473414148343883
INV_04,2021-11-10,15116.69,-0.2924,1.470391920398677
INV_04,2021-11-11,12743.79,-1.0934,1.2538442702044545
INV_04,2021-11-12,11316.13,-1.0519,1.1222772694415724
INV_04,2021-11-15,420.14,-0.5151,0.051954914088517365
INV_04,2021-11-16,26785.7,-1.6248,2.5074570305488537
INV_04,2021-11-17,10388.97,0.5617,1.0362442535267762
INV_04,2021-11-18,0.0,0.0,0.0
INV_04,2021-11-19,-54523.96,4.2922,-5.932527239388734
INV_04,2021-11-22,6822.37,0.1609,0.6999412776673014
INV_04,2021-11-23,-12484.4,2.2099,-1.499390470755178
INV_04,2021-11-24,-12459.25,0.9739,-1.4965721135649412
INV_04,2021-11-25,16301.8,-0.7254,1.5776685859881157
INV_04,2021-11-26,12219.21,0.6047,1.2056222074835246
INV_04,2021-11-29,3788.01,-0.0803,0.40425702163144794
INV_04,2021-11-30,14521.63,0.1979,1.416316574333985
INV_04,2021-12-01,-7331.16,1.2716,-0.9124515910265741
INV_04,2021-12-02,4755.08,-0.1445,0.49979079537422183
INV_04,2021-12-03,-11562.05,0.0753,-1.395774353841541
INV_04,2021-12-06,4087.21,1.3225,0.43397163710463826
INV_04,2021-12-07,2230.05,0.2865,0.24659117059127303
INV_04,2021-12-08,-13473.65,0.819,-1.609953952932808
INV_04,2021-12-09,17544.22,-0.5704,1.6895734730331284
INV_04,2021-12-10,12750.59,1.3441,1.2544684759876825
INV_04,2021-12-13,4012.93,2.6367,0.42660865093876127
INV_04,2021-12-14,7963.82,0.7731,0.8086233896648485
INV_04,2021-12-15,11286.23,-1.1332,1.1195103689083807
INV_04,2021-12-16,-0.35,-0.4897,-8.484362016235581e-05
INV_04,2021-12-17,15238.22,-0.047,1.4814180957453813
INV_04,2021-12-20,-16273.32,-0.3999,-1.920043053678947
INV_04,2021-12-21,-7848.98,0.1085,-0.9724436442263907
INV_04,2021-12-22,34919.05,-1.2511,3.211273073374128
INV_04,2021-12-23,733.78,0.6637,0.08741238242170066
INV_04,2021-12-24,11654.05,-0.6734,1.1535141498755768
INV_04,2021-12-27,-3217.75,-0.6438,-0.42320423065227
INV_04,2021-12-28,-7947.52,0.1739,-0.9838294439413092
INV_04,2021-12-29,7089.7,-0.4964,0.7254972856546135
INV_04,2021-12-30,-3403.15,0.4257,-0.4459115938515158
INV_04,2021-12-31,3162.82,0.3431,0.34164060829771387
INV_04,2022-01-03,41105.43,-0.1154,3.739107484426679
INV_04,2022-01-04,19719.04,-1.2687,1.8842061696346504
INV_04,2022-01-05,3958.86,0.5246,0.42124323964398375
INV_04,2022-01-06,10051.17,1.7181,1.004773344101198
INV_04,2022-01-07,29373.81,-1.0703,2.7327942959487226
INV_04,2022-01-10,823.8,0.8328,0.09737819671259408
INV_04,2022-01-11,-2438.22,-0.0811,-0.3266951682247723
INV_04,2022-01-12,-1101.78,-0.4927,-0.15569627882253664
INV_04,2022-01-13,10085.59,-1.2469,1.007983264271486
INV_04,2022-01-14,0.0,0.0,0.0
INV_04,2022-01-17,0.0,0.0,0.0
INV_04,2022-01-18,49150.72,-1.5992,4.41771181688987
INV_04,2022-01-19,-4905.3,1.6833,-0.6271835882359258
INV_04,2022-01-20,-8823.12,0.6521,-1.084599013550064
INV_04,2022-01-21,-7751.62,0.0531,-0.9611847780108265
INV_04,2022-01-24,-1596.46,0.1008,-0.22006458563562134
INV_04,2022-01-25,-30199.36,2.3094,-3.418547324046345
INV_04,2022-01-26,-17414.77,-0.9146,-2.0454080453729886
INV_04,2022-01-27,-16795.59,-0.1994,-1.9774744794305008
INV_04,2022-01-28,-13954.26,-0.8484,-1.6634707161822824
INV_04,2022-01-31,18411.99,-1.635,1.7674168105564483
INV_04,2022-02-01,12050.85,-0.37,1.1901165540587502
INV_04,2022-02-02,-23426.31,0.2549,-2.6973507975090225
INV_04,2022-02-03,19058.46,-4.0457,1.82524817152288
INV_04,2022-02-04,0.0,0.0,0.0
INV_04,2022-02-07,-12347.3,3.4413,-1.4840221456447171
INV_04,2022-02-08,-26456.76,0.3644,-3.0215543272937517
INV_04,2022-02-09,-41667.19,0.07,-4.616062775774255
INV_04,2022-02-10,3649.02,-2.9541,0.3904005630744829
INV_04,2022-02-11,18504.76,0.3141,1.7757240029899195
INV_04,2022-02-14,16382.15,1.4784,1.5849225626136367
INV_04,2022-02-15,4309.26,0.1,0.45592952528191655
INV_04,2022-02-16,0.0,0.0,0.0
INV_04,2022-02-17,2180.94,-0.5679,0.24152082791209256
INV_04,2022-02-18,-31075.86,2.1691,-3.5110297580965084
INV_04,2022-02-21,-55958.03,1.6765,-6.077981032754741
INV_04,2022-02-22,2375.82,-5.1817,0.2615977637847058
INV_04,2022-02-23,-43374.81,3.0504,-4.79232621356595
INV_04,2022-02-24,-60651.61,0.5499,-6.5523276007460955
INV_04,2022-02-25,41898.24,-8.5206,3.806349500511525
INV_04,2022-02-28,45750.82,1.1563,4.131922406431276
INV_04,2022-03-01,0.0,0.0,0.0
INV_04,2022-03-02,1631.21,5.0847,0.18419240289674144
INV_04,2022-03-03,-31566.81,0.2219,-3.5627548932179622
INV_04,2022-03-04,6549.72,-2.9268,0.6738074541188589
INV_04,2022-03-07,-32523.83,3.7177,-3.663429812024145
INV_04,2022-03-08,-55164.23,1.1899,-5.997499350362409
INV_04,2022-03-09,-32980.9,-0.9741,-3.711441509380456
INV_04,2022-03-10,69372.56,-9.4389,6.092957430968877
INV_04,2022-03-11,-10105.68,9.2512,-1.2310150324842886
INV_04,2022-03-14,-19240.27,-0.6305,-2.2447744985877454
INV_04,2022-03-15,-36176.47,1.6298,-4.045901807516489
INV_04,2022-03-16,-6370.97,-2.3337,-0.8004376221633397
INV_04,2022-03-17,0.0,0.0,0.0
INV_04,2022-03-18,10787.37,-0.5632,1.0732730677254525
INV_04,2022-03-21,9293.81,1.0369,0.9339525360801563
INV_04,2022-03-22,-6645.61,1.4045,-0.8325852670000079
INV_04,2022-03-23,-2535.29,-0.4864,-0.33881411670926886
INV_04,2022-03-24,-5746.76,0.4544,-0.7270184306512025
INV_04,2022-03-25,-7088.46,1.0353,-0.8842368742061888
INV_04,2022-03-28,-27684.31,2.884,-3.1521563527559016
INV_04,2022-03-29,-51234.74,0.3369,-5.597929417766331
INV_04,2022-03-30,-22321.35,-2.9437,-2.5784569942575413
INV_04,2022-03-31,-11152.07,-3.3209,-1.3495419058495577
INV_04,2022-04-01,-42660.88,-7.8418,-4.718690774979464
INV_04,2022-04-04,-3737.82,-4.8353,-0.4866947453990369
INV_04,2022-04-05,52988.3,2.3458,4.738707772448644
INV_04,2022-04-06,-24982.15,-0.5126,-2.864127319962968
INV_04,2022-04-07,-34952.65,-1.6307,-3.9180560681529646
INV_04,2022-04-08,-14064.24,-0.428,-1.6756996711885808
INV_04,2022-04-11,0.0,0.0,0.0
INV_04,2022-04-12,0.0,0.0,0.0
INV_04,2022-04-13,0.0,0.0,0.0
INV_04,2022-04-14,0.0,0.0,0.0
INV_04,2022-04-15,0.0,0.0,0.0
INV_04,2022-04-18,0.0,0.0,0.0
INV_04,2022-04-19,0.0,0.0,0.0
INV_04,2022-04-20,0.0,0.0,0.0
INV_04,2022-04-21,0.0,0.0,0.0
INV_04,2022-04-22,0.0,0.0,0.0
INV_04,2022-04-25,-69741.72,-3.9979,-7.4641842585906755
INV_04,2022-04-26,-56520.83,-4.3621,-6.13499573054809
INV_04,2022-04-27,27215.37,8.1129,2.544964265973559
INV_04,2022-04-28,20461.62,4.2319,1.9503252075649238
INV_04,2022-04-29,-6177.84,0.8141,-0.7777755846102717
INV_04,2022-05-02,0.0,0.0,0.0
INV_04,2022-05-03,0.0,0.0,0.0
INV_04,2022-05-04,8934.92,-0.7948,0.9002592524941967
INV_04,2022-05-05,-11003.47,-0.1981,-1.3327567226936412
INV_04,2022-05-06,-12124.73,-1.9822,-1.4590485817702952
INV_04,2022-05-09,3244.9,1.424,0.3499055484683271
INV_04,2022-05-10,0.0,0.0,0.0
INV_04,2022-05-11,0.0,0.0,0.0
INV_04,2022-05-12,19578.77,1.65,1.8716980266540568
INV_04,2022-05-13,33910.68,1.9652,3.1246685284001994
INV_04,2022-05-16,0.0,0.0,0.0
INV_04,2022-05-17,15943.99,4.0566,1.545336325270562
INV_04,2022-05-18,-4142.66,-0.1283,-0.5357044871235541
INV_04,2022-05-19,-15608.04,-1.8476,-1.8467058895839754
INV_04,2022-05-20,6557.36,1.1334,0.6745407362720053
INV_04,2022-05-23,23767.43,1.212,2.242804477894545
INV_04,2022-05-24,66.7,-1.0085,0.009330596375351673
INV_04,2022-05-25,-4091.95,-0.9212,-0.5295838013722778
INV_04,2022-05-26,-6859.12,-0.6507,-0.8575157858719282
INV_04,2022-05-27,-15247.6,0.9814,-1.8068857635031461
INV_04,2022-05-30,-6145.54,0.0618,-0.773980879626784
INV_04,2022-05-31,-10179.77,-0.508,-1.2394334924626162
INV_04,2022-06-01,-2759.11,-0.6328,-0.36664114189841857
INV_04,2022-06-02,5959.11,0.05,0.61694187389052
INV_04,2022-06-03,1710.04,-1.0615,0.19248409486087592
INV_04,2022-06-06,-19121.96,-2.3007,-2.2318933584507934
INV_04,2022-06-07,-7646.77,-2.5976,-0.949049151900485
INV_04,2022-06-08,19134.56,1.1904,1.8320471302177663
INV_04,2022-06-09,11451.36,0.4414,1.134785151247455
INV_04,2022-06-10,6725.95,-0.9108,0.6907074510024379
INV_04,2022-06-13,-1862.13,-0.405,-0.2540522424865482
INV_04,2022-06-14,0.0,0.0,0.0
INV_04,2022-06-15,-18030.4,-0.6921,-2.112791825724418
INV_04,2022-06-16,-8626.07,-0.0696,-1.061982142859971
INV_04,2022-06-17,-22187.26,-1.7065,-2.5640024285822487
INV_04,2022-06-20,-987.43,-0.0607,-0.14056529232235243
INV_04,2022-06-21,16619.48,-0.1229,1.606334782230155
INV_04,2022-06-22,1583.25,0.2321,0.17913468336963065
INV_04,2022-06-23,6543.48,0.2667,0.6732085005243554
INV_04,2022-06-24,11874.87,0.4558,1.1738935868369895
INV_04,2022-06-27,-16555.58,-2.0382,-1.9510968646185154
INV_04,2022-06-28,-14325.28,-0.4959,-1.704699822776815
INV_04,2022-06-29,3220.0,0.278,0.34739977136839917
INV_04,2022-06-30,2486.79,-0.9194,0.27298029060863427
INV_04,2022-07-01,22058.44,-0.1759,2.091969190001489
INV_04,2022-07-04,1641.11,-1.634,0.18523517777288012
INV_04,2022-07-05,-14344.66,-0.8484,-1.7068514178424525
INV_04,2022-07-06,-22704.12,0.1712,-2.619686765209093
INV_04,2022-07-07,-5948.05,-0.2176,-0.7507497863934116
INV_04,2022-07-08,2576.07,0.4554,0.2821132582264716
INV_04,2022-07-11,23338.55,1.8296,2.205021970004363
INV_04,2022-07-12,4908.37,0.7043,0.5148070603148451
INV_04,2022-07-13,0.0,0.0,0.0
INV_04,2022-07-14,-3539.73,-0.8434,-0.46258638154167914
INV_04,2022-07-15,21096.25,0.6571,2.006704898207535
INV_04,2022-07-18,7875.8,0.2094,0.800281791237459
INV_04,2022-07-19,6650.31,0.8763,0.6834574525464777
INV_04,2022-07-20,12696.46,-0.4389,1.2494989954364168
INV_04,2022-07-21,10598.38,-0.9837,1.0557192517126959
INV_04,2022-07-22,-2808.36,-0.3766,-0.37274355945048543
INV_04,2022-07-25,-6551.86,-0.5246,-0.8216216710743512
INV_04,2022-07-26,-3780.12,-0.291,-0.49183158809860944
INV_04,2022-07-27,-4425.62,0.0131,-0.5697673523773957
INV_04,2022-07-28,6502.8,0.2573,0.6693028440717063
INV_04,2022-07-29,0.0,0.7605,0.0
INV_04,2022-08-01,9552.82,-1.0163,0.9582145867012534
INV_04,2022-08-02,28445.24,-0.2866,2.6521064943557877
INV_04,2022-08-03,15142.58,2.0154,1.4727413649065126
INV_04,2022-08-04,26862.66,1.1758,2.514178054467461
INV_04,2022-08-05,34482.93,-1.0834,3.173837460586857
INV_04,2022-08-08,28989.69,-0.0039,2.699437346345588
INV_04,2022-08-09,24539.08,-1.6548,2.310669181254131
INV_04,2022-08-10,24739.97,2.4812,2.3283133288602493
INV_04,2022-08-11,0.0,0.0,0.0
INV_04,2022-08-12,50369.66,0.9309,4.519846595740776
INV_04,2022-08-15,-8871.37,1.4931,-1.0901318338611683
INV_04,2022-08-16,-4815.96,-1.5617,-0.6165195097482841
INV_04,2022-08-17,-7594.83,-2.4028,-0.9430333529035171
INV_04,2022-08-18,-7981.49,1.1328,-0.9877523082019722
INV_04,2022-08-19,-6163.42,0.5307,-0.7760816425956847
INV_04,2022-08-22,-2419.68,1.6638,-0.32437685501400365
INV_04,2022-08-23,8858.42,-1.2845,0.893065674887644
INV_04,2022-08-24,47.43,-1.5182,0.006788245889390033
INV_04,2022-08-25,-34865.4,0.0346,-3.908930204708505
INV_04,2022-08-26,1672.86,-0.2193,0.18857660112709143
INV_04,2022-08-29,-15492.26,0.0731,-1.8339217133390657
INV_04,2022-08-30,8683.03,0.4363,0.8765573270504865
INV_04,2022-08-31,36101.91,-0.5648,3.312650797347665
INV_04,2022-09-01,43320.36,-0.7505,3.9267539494322317
INV_04,2022-09-02,19748.19,-1.338,1.8868047811585258
INV_04,2022-09-05,22099.57,-0.9369,2.095608287835619
INV_04,2022-09-06,14191.54,-2.1,1.3862563464574922
INV_04,2022-09-07,10798.39,-0.1175,1.0742959909459562
INV_04,2022-09-08,11217.99,0.8906,1.1131937011658712
INV_04,2022-09-09,22510.03,0.4335,2.1319002320228253
INV_04,2022-09-12,32595.18,-1.4639,3.011425384874267
INV_04,2022-09-13,7775.78,-1.2746,0.7907953719375358
INV_04,2022-09-14,26014.95,-0.2766,2.4400743228682993
INV_04,2022-09-15,18926.97,1.0161,1.8134962441543305
INV_04,2022-09-16,-2097.49,-0.3203,-0.28388974933902805
INV_04,2022-09-19,-1290.24,-0.5197,-0.18040945051634158
INV_04,2022-09-20,6264.22,-1.4126,0.6463636320329772
INV_04,2022-09-21,21810.97,-0.9833,2.0700639237492613
INV_04,2022-09-22,20926.83,-0.3786,1.991665109774705
INV_04,2022-09-23,-9343.53,-0.2756,-1.1441697302012042
INV_04,2022-09-26,-24390.58,0.1293,-2.800799052724798
INV_04,2022-09-27,7486.49,-0.2482,0.7633111496502735
INV_04,2022-09-28,2449.6,0.4717,0.2691694683656299
INV_04,2022-09-29,-1649.18,-0.3821,-0.2268374753332221
INV_04,2022-09-30,10352.32,-0.7858,1.0328331362391292
INV_04,2022-10-03,-48428.91,-0.551,-5.311367911731868
INV_04,2022-10-04,-85688.1,0.0189,-9.045207712570484
INV_04,2022-10-05,16603.51,-0.7413,1.604894594266959
INV_04,2022-10-06,-32934.64,-0.0253,-3.706584289023591
INV_04,2022-10-07,-22531.42,-0.1103,-2.6010903331892896
INV_04,2022-10-10,0.0,0.0,0.0
INV_04,2022-10-11,-50665.59,-0.6003,-5.539888603564885
INV_04,2022-10-12,6131.25,0.8492,0.6335534206312758
INV_04,2022-10-13,60060.32,-0.1535,5.326258861738425
INV_04,2022-10-14,-8086.0,-0.2158,-0.9998141577534344
INV_04,2022-10-17,-25839.2,-0.3573,-2.9556980960246197
INV_04,2022-10-18,-25633.64,0.1858,-2.9337540191593074
INV_04,2022-10-19,-3231.63,0.3567,-0.424907197311498
INV_04,2022-10-20,-29624.27,-0.1685,-3.357770195440925
INV_04,2022-10-21,-24214.62,1.2862,-2.7819425721963826
INV_04,2022-10-24,0.0,0.0,0.0
INV_04,2022-10-25,-28847.33,0.5795,-3.27553505461857
INV_04,2022-10-26,32190.18,-0.4699,2.9765003435885546
INV_04,2022-10-27,26410.13,0.5699,2.474639340643384
INV_04,2022-10-28,-26462.81,0.741,-3.022198982421126
INV_04,2022-10-31,-10288.63,-1.1544,-1.2517952498094445
INV_04,2022-11-01,-13774.64,1.8609,-1.6434843987282626
INV_04,2022-11-02,925.67,-0.4138,0.10856844667288972
INV_04,2022-11-03,-839.76,-0.624,-0.12084828525275926
INV_04,2022-11-04,1877.99,-0.0851,0.21006602906755006
INV_04,2022-11-07,0.0,0.0,0.0
INV_04,2022-11-08,-30391.39,-0.1491,-3.43882425717807
INV_04,2022-11-09,12544.67,-0.1235,1.2355561082843332
INV_04,2022-11-10,8454.5,0.0507,0.8550136285782155
INV_04,2022-11-11,16036.48,-0.5134,1.5536984798554472
INV_04,2022-11-14,2268.7,-0.7058,0.2505763087199722
INV_04,2022-11-15,-19773.32,0.737,-2.302745634000366
INV_04,2022-11-16,-21686.76,-1.4377,-2.509997771024642
INV_04,2022-11-17,4203.25,-0.5083,0.4454562039346152
INV_04,2022-11-18,-35740.23,-0.2742,-4.000363966048884
INV_04,2022-11-21,-13588.65,0.5158,-1.6227708783667618
INV_04,2022-11-22,55511.1,-0.995,4.9488738613533485
INV_04,2022-11-23,19080.19,0.8345,1.8271897676867903
INV_04,2022-11-24,-20804.4,-0.5201,-2.4145850245277325
INV_04,2022-11-25,15288.12,1.9914,1.485943714917115
INV_04,2022-11-28,18517.88,1.4472,1.7768986224035626
INV_04,2022-11-29,2897.54,0.8245,0.3148280848880535
INV_04,2022-11-30,26575.85,1.2959,2.4891239518896153
INV_04,2022-12-01,12740.02,-0.634,1.253498193559565
INV_04,2022-12-02,23821.12,-0.5568,2.2475311056226017
INV_04,2022-12-05,7145.87,0.7189,0.7308586959280271
INV_04,2022-12-06,8621.87,0.2844,0.8707954914113011
INV_04,2022-12-07,0.0,0.0,0.0
INV_04,2022-12-08,-955.97,0.3823,-0.13638236069138715
INV_04,2022-12-09,-1494.39,-0.4777,-0.2069086149368312
INV_04,2022-12-12,6680.88,-0.4299,0.6863882101600371
INV_04,2022-12-13,4607.81,-0.6908,0.48533367637247793
INV_04,2022-12-14,31736.47,-1.6145,2.937339812305863
INV_04,2022-12-15,-10139.41,-0.352,-1.2348481072809578
INV_04,2022-12-16,-9856.08,0.2198,-1.2026236573827045
INV_04,2022-12-19,-27329.34,0.3555,-3.114430878834897
INV_04,2022-12-20,-26588.36,-0.0106,-3.0355746831242496
INV_04,2022-12-21,-6266.25,-1.0279,-0.7881554920358737
INV_04,2022-12-22,-2332.05,-0.2363,-0.31340298369789565
INV_04,2022-12-23,-5519.44,-0.2979,-0.7001510688429768
INV_04,2022-12-26,0.0,0.0,0.0
INV_04,2022-12-27,14011.75,0.1311,1.3698638042197178
INV_04,2022-12-28,-3515.21,-0.6557,-0.4595960052926262
INV_04,2022-12-29,-7317.78,0.3741,-0.9108977683280546
INV_04,2022-12-30,2307.57,0.1851,0.25457954558659635
INV_04,2023-01-02,-2834.73,0.4052,-0.3760080315744411
INV_04,2023-01-03,11233.35,-0.4086,1.1146157307764488
INV_04,2023-01-04,-11366.71,0.1273,-1.3737602799463209
INV_04,2023-01-05,494.83,-0.7986,0.060523978486037
INV_04,2023-01-06,0.0,0.0,0.0
INV_04,2023-01-09,-13017.74,-0.221,-1.5590692794619376
INV_04,2023-01-10,-2824.24,-0.3816,-0.37470966759059604
INV_04,2023-01-11,866.94,-0.2386,0.10212775275276013
INV_04,2023-01-12,-17278.87,0.9212,-2.030511788454127
INV_04,2023-01-13,0.0,-0.8565,0.0
INV_04,2023-01-16,0.0,0.0,0.0
INV_04,2023-01-17,13245.11,2.0908,1.2998039316567949
INV_04,2023-01-18,-6283.22,0.4885,-0.7901467535959852
INV_04,2023-01-19,9950.24,0.3033,0.9953566167226306
INV_04,2023-01-20,42984.07,-0.0118,3.8983060326864116
INV_04,2023-01-23,32046.3,1.0477,2.964085829309594
INV_04,2023-01-24,-18527.76,0.1645,-2.16711763707245
INV_04,2023-01-25,8471.88,0.1649,0.8566534125506543
INV_04,2023-01-26,15109.34,-1.4554,1.4697248795066824
INV_04,2023-01-27,22488.03,-1.051,2.1299561734238344
INV_04,2023-01-30,-7874.79,-0.5921,-0.9754267804098058
INV_04,2023-01-31,6474.33,-1.1101,0.6665684873247357
INV_04,2023-02-01,13130.35,0.313,1.289293491879582
INV_04,2023-02-02,17774.73,-0.8067,1.7102760364219434
INV_04,2023-02-03,33712.65,-0.5862,3.1076404666569646
INV_04,2023-02-06,-7224.45,-0.4422,-0.9000540167311997
INV_04,2023-02-07,-12347.39,-0.9518,-1.4840322379976318
INV_04,2023-02-08,8715.01,-0.7076,0.8795690540933058
INV_04,2023-02-09,-1942.29,-0.4061,-0.26424132404631445
INV_04,2023-02-10,-6415.94,0.0495,-0.805707784765753
INV_04,2023-02-13,-31127.02,-0.0244,-3.5164223753308725
INV_04,2023-02-14,-22922.11,-0.0709,-2.6431465309623854
INV_04,2023-02-15,1447.03,-0.2663,0.1647121136298769
INV_04,2023-02-16,26703.61,0.8299,2.500286570298853
INV_04,2023-02-17,18715.43,-1.5469,1.7945783436325313
INV_04,2023-02-20,49710.39,-1.1202,4.464627294296364
INV_04,2023-02-21,24645.74,-1.1199,2.32003831792823
INV_04,2023-02-22,10382.89,-0.8419,1.0356784268979933
INV_04,2023-02-23,5169.82,0.897,0.5403467815415263
INV_04,2023-02-24,9362.31,-0.292,0.9403734413970819
INV_04,2023-02-27,-18002.91,0.1663,-2.1097862344355116
INV_04,2023-02-28,-7093.87,0.2,-0.8848665029361168
INV_04,2023-03-01,6216.31,-0.1125,0.6417501451766856
INV_04,2023-03-02,17562.53,-0.3488,1.6912185939611792
INV_04,2023-03-03,48924.26,-2.8969,4.3987181952373975
INV_04,2023-03-06,0.0,0.0,0.0
INV_04,2023-03-07,73501.75,-3.6246,6.43066276146118
INV_04,2023-03-08,15688.39,-1.5747,1.5222101929842744
INV_04,2023-03-09,-8484.23,1.0196,-1.0456807326399427
INV_04,2023-03-10,-32656.22,0.4997,-3.6773409890874182
INV_04,2023-03-13,-30483.07,0.8955,-3.44850194975838
INV_04,2023-03-14,7572.88,-0.6063,0.7715260299925841
INV_04,2023-03-15,17211.7,-0.4191,1.6596769990624372
INV_04,2023-03-16,-2243.54,0.3047,-0.3022908187229703
INV_04,2023-03-17,16681.31,-0.1384,1.611909789831282
INV_04,2023-03-20,-2620.09,0.5687,-0.34937572717539667
INV_04,2023-03-21,-15888.83,-0.7984,-1.877683826535304
INV_04,2023-03-22,-16302.65,-0.1371,-1.9232715649237087
INV_04,2023-03-23,-28156.38,0.1469,-3.2022768566789375
INV_04,2023-03-24,8597.96,-0.4602,0.8685422054757391
INV_04,2023-03-27,-25259.78,-0.1229,-2.8938131684904698
INV_04,2023-03-28,-7751.07,-0.3038,-0.9611211483255168
INV_04,2023-03-29,13233.76,-0.23,1.2987647002743932
INV_04,2023-03-30,-3986.76,-0.077,-0.5168711020213654
INV_04,2023-03-31,24960.29,-0.9309,2.347652980536013
INV_04,2023-04-03,-19432.72,1.0105,-2.2657163986788507
INV_04,2023-04-04,-10608.4,0.2334,-1.2880569048246258
INV_04,2023-04-05,0.0,0.0,0.0
INV_04,2023-04-06,12761.28,-0.0233,1.2554497191104514
INV_04,2023-04-07,0.0,0.0,0.0
INV_04,2023-04-10,-1965.84,1.6951,-0.26722934428896467
INV_04,2023-04-11,17392.69,0.3922,1.675954344672802
INV_04,2023-04-12,-2387.02,-0.4007,-0.3202900207277756
INV_04,2023-04-13,0.0,0.0,0.0
INV_04,2023-04-14,0.0,0.0,0.0
INV_04,2023-04-17,840.32,0.4414,0.09919891114806055
INV_04,2023-04-18,-6766.79,-0.9704,-0.846741340026263
INV_04,2023-04-19,-8782.27,-0.1101,-1.079913165631628
INV_04,2023-04-20,155.97,0.2773,0.02061139187035574
INV_04,2023-04-21,-42.42,-0.2592,-0.007456364589334233
INV_04,2023-04-24,-13864.97,-0.106,-1.6535375863204567
INV_04,2023-04-25,-1030.0,-0.9335,-0.1462112655670478
INV_04,2023-04-26,-6034.31,0.0054,-0.7609029583766702
INV_04,2023-04-27,-8453.19,-0.246,-1.0421109372625954
INV_04,2023-04-28,-4484.61,0.0155,-0.5768499150263494
INV_04,2023-05-01,0.0,0.0,0.0
INV_04,2023-05-02,-36942.29,-1.4896,-4.12575489269211
INV_04,2023-05-03,15414.56,-0.2711,1.4974066126334937
INV_04,2023-05-04,-686.08,1.0187,-0.1000786310408644
INV_04,2023-05-05,0.0,0.0,0.0
INV_04,2023-05-08,11057.42,0.6108,1.098320275496866
INV_04,2023-05-09,-3571.02,0.6651,-0.4664003903346371
INV_04,2023-05-10,-737.46,-0.5585,-0.10705419675626798
INV_04,2023-05-11,15930.73,-0.4823,1.5441372035463494
INV_04,2023-05-12,-9567.68,0.0221,-1.169758749097865
INV_04,2023-05-15,-5357.99,-0.3562,-0.6810240940036304
INV_04,2023-05-16,-9780.61,-0.3801,-1.1940296997076618
INV_04,2023-05-17,-3535.8,0.1017,-0.46210718567915726
INV_04,2023-05-18,-6097.32,-0.8245,-0.7683133540044127
INV_04,2023-05-19,-6260.83,-0.7413,-0.7875194325899584
INV_04,2023-05-22,-14796.58,-0.7641,-1.7569695789088293
INV_04,2023-05-23,3521.87,0.3549,0.37769349811828923
INV_04,2023-05-24,22095.04,0.4188,2.095207505001506
INV_04,2023-05-25,-5560.32,0.109,-0.7049881322786351
INV_04,2023-05-26,5413.38,-0.734,0.5640610657630438
INV_04,2023-05-29,-17642.3,-0.8877,-2.0703306413766884
INV_04,2023-05-30,-10685.66,0.3997,-1.2968070611767721
INV_04,2023-05-31,6725.3,-0.4358,0.6906451726789575
INV_04,2023-06-01,29952.5,-0.0509,2.782992658617321
INV_04,2023-06-02,5710.78,0.2959,0.5929210050231164
INV_04,2023-06-05,1107.46,0.0294,0.1283388282317863
INV_04,2023-06-06,3228.49,-0.6805,0.3482542961551938
INV_04,2023-06-07,-765.61,-0.5351,-0.11086202163102522
INV_04,2023-06-08,5164.12,0.1104,0.5397909160763553
INV_04,2023-06-09,10032.7,0.1171,1.0030505761761073
INV_04,2023-06-12,27127.01,0.342,2.5372543066916062
INV_04,2023-06-13,11669.64,0.0753,1.154953791365964
INV_04,2023-06-14,33527.85,0.3524,3.0917439713256067
INV_04,2023-06-15,4376.64,0.0103,0.46257737783234115
INV_04,2023-06-16,-4768.38,0.1664,-0.610834721974451
INV_04,2023-06-19,-11323.27,-0.4141,-1.368861326538641
INV_04,2023-06-20,-4132.46,0.1608,-0.5344737546479356
INV_04,2023-06-21,17797.19,0.8108,1.712292248527102
INV_04,2023-06-22,4606.06,0.0815,0.48516169908966905
INV_04,2023-06-23,3370.48,0.0318,0.3625237025330397
INV_04,2023-06-26,18462.04,0.3745,1.771898940717476
INV_04,2023-06-27,-2659.02,-0.5681,-0.3542166423922227
INV_04,2023-06-28,13851.06,-0.1731,1.3552007983941265
INV_04,2023-06-29,0.0,0.0,0.0
INV_04,2023-06-30,2105.68,-0.1309,0.23373571781804756
INV_04,2023-07-03,0.0,0.0,0.0
INV_04,2023-07-04,139260.42,0.9174,11.673235432216886
INV_04,2023-07-05,19965.11,0.213,1.906134328914786
INV_04,2023-07-06,-5002.9,-0.0771,-0.638818766180619
INV_04,2023-07-07,7699.16,0.2248,0.7835228040040302
INV_04,2023-07-10,3419.26,-0.8024,0.3674165148371351
INV_04,2023-07-11,-1629.87,0.0765,-0.2243584458396781
INV_04,2023-07-12,25673.85,0.4503,2.4102112127244077
INV_04,2023-07-13,-1787.66,0.0281,-0.24456006347953976
INV_04,2023-07-14,22693.18,0.3216,2.148079591332706
INV_04,2023-07-17,30570.6,-0.0657,2.83653794167567
INV_04,2023-07-18,18620.99,-0.8246,1.7861280115578402
INV_04,2023-07-19,47230.9,-1.8357,4.25650418229181
INV_04,2023-07-20,2101.37,0.5378,0.23328932065600907
INV_04,2023-07-21,8450.61,0.3915,0.8546465804201783
INV_04,2023-07-24,-3841.97,-0.2186,-0.49933563329163055
INV_04,2023-07-25,-21460.71,0.5158,-2.4855793821953154
INV_04,2023-07-26,-4124.44,-0.7711,-0.5335059181591804
INV_04,2023-07-27,58055.1,0.2976,5.160158862504205
INV_04,2023-07-28,9847.95,-0.3887,0.985806469590038
INV_04,2023-07-31,12327.38,0.3508,1.215576907458573
INV_04,2023-08-01,0.0,0.0,0.0
INV_04,2023-08-02,37062.79,-1.5291,3.3948395696146347
INV_04,2023-08-03,42585.56,-0.0494,3.864575393371225
INV_04,2023-08-04,12378.55,0.0289,1.2202839531255936
INV_04,2023-08-07,6746.97,0.7403,0.692721219032084
INV_04,2023-08-08,10517.3,0.1513,1.048181949481975
INV_04,2023-08-09,-3175.43,-0.4866,-0.41800885194175635
INV_04,2023-08-10,5751.03,-0.2579,0.5968190481276919
INV_04,2023-08-11,-13311.82,-0.1751,-1.5919053192343557
INV_04,2023-08-14,-26659.56,-1.9153,-3.0431582249181175
INV_04,2023-08-15,-33779.99,0.0274,-3.795273120821645
INV_04,2023-08-16,49570.58,-0.7039,4.452910767863431
INV_04,2023-08-17,21144.1,-1.4669,2.0109511804659808
INV_04,2023-08-18,-7742.34,-0.6378,-0.9601111311606831
INV_04,2023-08-21,-30902.26,0.6231,-3.4927266793667804
INV_04,2023-08-22,-14465.36,-0.3467,-1.7202473303226458
INV_04,2023-08-23,15771.41,0.6246,1.5297244106187466
INV_04,2023-08-24,-40534.53,0.3342,-4.4988815910260955
INV_04,2023-08-25,-5289.19,-0.5451,-0.6728616860764012
INV_04,2023-08-28,-8161.76,-0.1268,-1.0085513375605724
INV_04,2023-08-29,-4930.8,0.1659,-0.6302250015138524
INV_04,2023-08-30,0.0,0.0,0.0
INV_04,2023-08-31,-14519.12,0.1222,-1.7262114801851853
INV_04,2023-09-01,11484.44,0.1383,1.1378433220264017
INV_04,2023-09-04,48001.31,0.1341,4.321247415623026
INV_04,2023-09-05,21582.65,-0.0,2.049838984842411
INV_04,2023-09-06,-24871.53,-0.3114,-2.85229302676538
INV_04,2023-09-07,-3173.91,-0.0104,-0.4178221644880694
INV_04,2023-09-08,16858.9,0.252,1.6279148163725032
INV_04,2023-09-11,-16876.83,0.0111,-1.9863971924253547
INV_04,2023-09-12,-5773.01,-0.1393,-0.7301163275403024
INV_04,2023-09-13,15311.89,0.1491,1.488099157672236
INV_04,2023-09-14,12030.0,0.2456,1.1881953004103996
INV_04,2023-09-15,-8110.65,-0.2128,-1.0026575698484486
INV_04,2023-09-18,-18175.17,-0.0645,-2.128615052965587
INV_04,2023-09-19,-20521.54,-0.406,-2.383941464734491
INV_04,2023-09-20,-47.59,0.1653,-0.008300912924574615
INV_04,2023-09-21,-11622.41,0.0036,-1.4025716380219455
INV_04,2023-09-22,9591.27,0.282,0.9618124999840747
INV_04,2023-09-25,-7129.47,-0.0847,-0.8890089148563385
INV_04,2023-09-26,2926.56,-0.102,0.317768968646361
INV_04,2023-09-27,16478.96,0.1738,1.593659379009969
INV_04,2023-09-28,0.0,0.0,0.0
INV_04,2023-09-29,0.0,0.0,0.0
INV_04,2023-10-02,-33556.39,0.2057,-3.771829025361099
INV_04,2023-10-03,-20912.41,-0.1671,-2.4262788744734727
INV_04,2023-10-04,9159.36,-0.1711,0.9213405065520849
INV_04,2023-10-05,-1055.08,-0.2174,-0.14953022097541907
INV_04,2023-10-06,-14629.3,0.362,-1.7384302643891896
INV_04,2023-10-09,-31865.47,-0.0701,-3.594194473746126
INV_04,2023-10-10,-4117.64,0.0064,-0.5326852098923858
INV_04,2023-10-11,-20706.67,-0.3416,-2.4040006474555566
INV_04,2023-10-12,19089.75,0.4112,1.828043915841696
INV_04,2023-10-13,-1351.98,0.1214,-0.1884512249756472
INV_04,2023-10-16,-18768.83,-0.3993,-2.1934140137249782
INV_04,2023-10-17,-18458.02,0.0887,-2.159506001447074
INV_04,2023-10-18,-12183.11,-0.4234,-1.4656020843217414
INV_04,2023-10-19,3965.7,0.1597,0.42192224847626053
INV_04,2023-10-20,41205.13,1.1012,3.747568262372354
INV_04,2023-10-23,2504.6,0.0514,0.2748039083052226
INV_04,2023-10-24,-26107.37,0.107,-2.9843083938188255
INV_04,2023-10-25,-20532.49,-0.2165,-2.385128254084318
INV_04,2023-10-26,-14571.43,-0.0575,-1.7320133464825567
INV_04,2023-10-27,19194.49,1.0932,1.8374001464966243
INV_04,2023-10-30,12058.39,-0.6479,1.1908112835002813
INV_04,2023-10-31,-14193.56,0.0611,-1.6900708996718543
INV_04,2023-11-01,28678.98,-0.2094,2.6724336597483105
INV_04,2023-11-02,17976.77,-0.3725,1.7284068571020565
INV_04,2023-11-03,-12704.67,-0.0146,-1.5240581841367935
INV_04,2023-11-06,-527.51,0.5304,-0.07831499884914281
INV_04,2023-11-07,13814.25,0.0712,1.351840275961449
INV_04,2023-11-08,17638.31,0.1829,1.6980260716330542
INV_04,2023-11-09,-10619.01,0.031,-1.2892588029137995
INV_04,2023-11-10,-6791.04,0.123,-0.8495721412601711
INV_04,2023-11-13,7087.67,-0.1956,0.7253034695854237
INV_04,2023-11-14,-24994.66,-0.1973,-2.865465437238004
INV_04,2023-11-15,-6620.57,-0.1025,-0.8296579838847671
INV_04,2023-11-16,-13050.17,0.058,-1.562692728849757
INV_04,2023-11-17,-6877.34,0.0211,-0.8596408161749283
INV_04,2023-11-20,-2694.6,-0.487,-0.35863683451297707
INV_04,2023-11-21,-9942.81,0.3524,-1.2124943781946622
INV_04,2023-11-22,7517.07,-0.0985,0.7662197438694797
INV_04,2023-11-23,-934.11,-0.0057,-0.13347042998308672
INV_04,2023-11-24,-1695.19,0.1594,-0.23273647691191196
INV_04,2023-11-27,-5215.33,-0.1011,-0.6640910374594208
INV_04,2023-11-28,-2532.73,0.1447,-0.33849491136177884
INV_04,2023-11-29,12118.3,-0.4225,1.196330309200287
INV_04,2023-11-30,16950.53,0.1649,1.636168405437525
INV_04,2023-12-01,31517.35,-0.4612,2.9184137649692294
INV_04,2023-12-04,4991.79,0.4126,0.522965614045584
INV_04,2023-12-05,-10897.91,0.1403,-1.3208239251677036
INV_04,2023-12-06,-2266.83,0.1831,-0.30521761012265375
INV_04,2023-12-07,-3714.81,0.4956,-0.4838988154474402
INV_04,2023-12-08,12366.64,0.5666,1.2191884880585764
INV_04,2023-12-11,6090.11,0.7529,0.6295862763972946
INV_04,2023-12-12,11939.4,-0.5182,1.179844234811559
INV_04,2023-12-13,-12946.35,0.5979,-1.5510906410764838
INV_04,2023-12-14,-8501.67,-0.1292,-1.047686058301597
INV_04,2023-12-15,-11379.38,0.0727,-1.3751889048718975
INV_04,2023-12-18,-15502.63,-0.0511,-1.8350670065317154
INV_04,2023-12-19,-12518.36,-0.0687,-1.503195489997686
INV_04,2023-12-20,5465.22,-0.5356,0.5690991493924351
INV_04,2023-12-21,-237.26,0.2558,-0.03716106812147718
INV_04,2023-12-22,-174.17,-0.3994,-0.0278504260229557
INV_04,2023-12-25,0.0,0.0,0.0
INV_04,2023-12-26,0.0,0.0,0.0
INV_04,2023-12-27,11648.55,-0.3425,1.153006227611729
INV_04,2023-12-28,8020.26,-0.2589,0.813968918183518
INV_04,2023-12-29,6595.6,0.1132,0.6782101273980555
INV_04,2024-01-01,0.0,0.0,0.0
INV_04,2024-01-02,-3319.56,0.6982,-0.4356842228348027
INV_04,2024-01-03,11290.37,-0.3148,1.1198935074772338
INV_04,2024-01-04,-6091.02,0.1187,-0.7675726637604627
INV_04,2024-01-05,9042.33,-0.2304,0.9103524575479593
INV_04,2024-01-08,-7822.46,0.0185,-0.9693777610871894
INV_04,2024-01-09,-6033.24,-0.0048,-0.7607770746310658
INV_04,2024-01-10,-7576.57,-0.2651,-0.9409177876735633
INV_04,2024-01-11,-12980.39,-0.0386,-1.5548953620220658
INV_04,2024-01-12,-1002.11,-0.1568,-0.14251407884348635
INV_04,2024-01-15,0.0,0.0,0.0
INV_04,2024-01-16,-11633.76,-0.1621,-1.4038495241710267
INV_04,2024-01-17,-13425.47,-0.1056,-1.6045820430253075
INV_04,2024-01-18,1812.82,-0.6652,0.2032567233239909
INV_04,2024-01-19,-5035.53,0.0429,-0.642705276984175
INV_04,2024-01-22,-11598.94,-0.1746,-1.39992890681072
INV_04,2024-01-23,-18404.13,0.1594,-2.1536229635044855
INV_04,2024-01-24,591.14,0.039,0.07144750935694032
INV_04,2024-01-25,0.0,0.0,0.0
INV_04,2024-01-26,10697.34,0.285,1.0649134711722588
INV_04,2024-01-29,-4204.44,-0.3031,-0.5431545452330798
INV_04,2024-01-30,-5404.16,-0.2023,-0.6864977448748834
INV_04,2024-01-31,5653.37,-0.3899,0.5873578987525816
INV_04,2024-02-01,10190.86,0.7043,1.0177959289253093
INV_04,2024-02-02,12380.01,-0.3532,1.2204182370140697
INV_04,2024-02-06,15677.36,0.8323,1.521211657193064
INV_04,2024-02-07,-2134.59,0.2513,-0.28857194498913813
INV_04,2024-02-08,15074.96,-0.214,1.4666044728317382
INV_04,2024-02-09,-310.04,0.4018,-0.04769759108737231
INV_04,2024-02-12,10256.0,-0.373,1.0238645004709555
INV_04,2024-02-13,-2685.57,-0.1772,-0.35751538741335936
INV_04,2024-02-14,198.29,0.0465,0.02578586225089861
INV_04,2024-02-15,2849.59,0.213,0.3099645010482109
INV_04,2024-02-16,7044.45,0.0581,0.7211761169671035
INV_04,2024-02-19,18563.77,-0.3806,1.781006666177967
INV_04,2024-02-20,-826.16,0.0925,-0.11902126742652014
INV_04,2024-02-21,-9581.63,0.5578,-1.1713499474110773
INV_04,2024-02-22,368.61,-0.1966,0.0459840391730802
INV_04,2024-02-23,-1405709.42,75.1378,-123.02411756367944
INV_04,2024-02-26,1394100.78,-299.97,100.14435201363385
INV_04,2024-02-27,-8505.66,0.3902,-1.0481448067768155
INV_04,2024-02-28,-1498.1,0.1376,-0.20738783399934999
INV_04,2024-02-29,-2335.26,-0.5145,-0.3138054522288843
INV_04,2024-03-01,9902.9,-0.4698,0.9909376128747643
INV_04,2024-03-04,13583.08,0.7616,1.3307221175768962
INV_04,2024-03-05,19064.37,-0.7778,1.825776250320117
INV_04,2024-03-06,10915.96,-0.3177,1.085204999580351
INV_04,2024-03-07,39309.39,-0.5487,3.586452242613639
INV_04,2024-03-08,-1744560.41,89.9903,-150.4862276007028
INV_04,2024-03-11,1758378.35,-905.2705,124.36260252347837
INV_04,2024-03-12,5598.97,-0.089,0.5820829723646164
INV_04,2024-03-13,25796.07,-0.1624,2.4209145417971696
INV_04,2024-03-14,-448.54,0.4082,-0.06731846511713915
INV_04,2024-03-15,6825.04,0.1124,0.7001968498305583
INV_04,2024-03-18,-11338.91,0.3197,-1.3706252750224281
INV_04,2024-03-19,-9548.67,-0.3654,-1.1675901346449484
INV_04,2024-03-20,-221.38,-0.0174,-0.034835160597096064
INV_04,2024-03-21,-12761.47,-0.1695,-1.5304144666439958
INV_04,2024-03-22,18880.02,0.41,1.8092987613353115
INV_04,2024-03-26,14010.05,0.6061,1.3697087379495343
INV_04,2024-03-27,25765.89,-0.1409,2.4182718664111595
INV_04,2024-03-28,6793.83,0.1882,0.697209012168357
INV_04,2024-03-29,0.0,0.0,0.0
INV_04,2024-04-01,-10656.03,0.8792,-1.2934517895028175
INV_04,2024-04-02,52405.23,-1.9831,4.690039831336032
INV_04,2024-04-03,29008.31,-0.12,2.7010549855302717
INV_04,2024-04-04,16545.66,0.506,1.5996768551085494
INV_04,2024-04-05,28254.25,-0.0554,2.6354887705058823
INV_04,2024-04-08,28824.94,0.4348,2.685121415578226
INV_04,2024-04-09,13282.28,-0.5262,1.3032068826262027
INV_04,2024-04-10,0.0,0.7289,0.0
INV_04,2024-04-11,0.0,0.0,0.0
INV_04,2024-04-15,8964.35,-0.6222,0.9030255632360962
INV_04,2024-04-16,-50990.13,-0.3281,-5.572989885373836
INV_04,2024-04-17,8978.83,0.1862,0.9043864060301471
INV_04,2024-04-18,-14776.46,0.2338,-1.7547404647633547
INV_04,2024-04-19,-11645.72,-0.2,-1.4051959992838228
INV_04,2024-04-22,22200.05,-0.1081,2.104496645178069
INV_04,2024-04-24,11280.26,-0.1495,1.1189578554057589
INV_04,2024-04-25,33758.87,1.2551,3.111615397013488
INV_04,2024-04-26,24498.95,0.0157,2.3071434102269945
INV_04,2024-04-29,32445.37,-0.0657,2.998509976487115
INV_04,2024-04-30,19848.35,-0.7723,1.8957317078321192
INV_04,2024-05-02,-707.65,-0.3537,-0.10301118339522536
INV_04,2024-05-03,14537.75,-0.7447,1.4177833898911028
INV_04,2024-05-06,-3182.52,-0.5112,-0.4188795716096262
INV_04,2024-05-07,-11566.93,0.3075,-1.39632399050819
INV_04,2024-05-08,-10194.78,0.4407,-1.2411384994236072
INV_04,2024-05-09,18840.47,0.052,1.8057623199346575
INV_04,2024-05-10,32619.92,0.1222,3.0135578847889706
INV_04,2024-05-13,0.0,-0.1943,0.0
INV_04,2024-05-14,-44827.32,0.5627,-4.941890462917275
INV_04,2024-05-15,-27332.87,0.2709,-3.1148062008358406
INV_04,2024-05-16,-3663.37,0.0858,-0.4776441660419108
INV_04,2024-05-17,13058.13,-0.484,1.2826759791207645
INV_04,2024-05-20,-22033.27,0.3447,-2.547395468697718
INV_04,2024-05-21,-8025.99,0.2097,-0.9928894880612218
INV_04,2024-05-22,35674.45,-0.0057,3.2760411485547474
INV_04,2024-05-27,-13315.52,0.1462,-1.5923181377060796
INV_04,2024-05-28,-18484.54,-0.0235,-2.162400701528386
INV_04,2024-05-29,-21533.88,-1.0128,-2.4934852346275833
INV_04,2024-05-30,13374.58,0.4726,1.3116542856372049
INV_04,2024-05-31,-6783.27,-0.1595,-0.848665191376477
INV_04,2024-06-03,32.27,-0.4238,0.004739247991726234
INV_04,2024-06-04,1877.52,0.3322,0.2100169783128747
INV_04,2024-06-05,23025.56,-0.3629,2.177419549852423
INV_04,2024-06-06,33084.65,0.1105,3.0535959163247046
INV_04,2024-06-07,-1182.95,0.1819,-0.16637242475577843
INV_04,2024-06-10,17266.73,-0.0113,1.6646273330204917
INV_04,2024-06-11,-9408.35,0.5437,-1.151573781941489
INV_04,2024-06-12,0.0,-0.0456,0.0
INV_04,2024-06-13,-15765.16,0.2606,-1.864044589030383
INV_04,2024-06-14,-751.79,-0.6441,-0.10899379686058694
INV_04,2024-06-18,-8721.0,-0.2527,-1.0728822268437
INV_04,2024-06-19,-5225.85,-0.24,-0.6653407608030355
INV_04,2024-06-20,3634.31,-0.0156,0.38893201814500994
INV_04,2024-06-24,6596.71,0.3872,0.678316618209292
INV_04,2024-06-25,560.36,-0.1699,0.06797040053464351
INV_04,2024-06-26,3079.09,-0.1598,0.3331946991940738
INV_04,2024-06-27,-19013.07,0.0978,-2.220033112783563
INV_04,2024-06-28,183.16,-0.3643,0.02394533858567134
INV_04,2024-07-01,-12231.67,-0.082,-1.471051630273392
INV_04,2024-07-02,3378.14,0.0764,0.3632923408429433
INV_04,2024-07-03,-19944.83,0.0525,-2.321375581829806
INV_04,2024-07-04,-22455.13,-0.0584,-2.592872346212022
INV_04,2024-07-05,248.53,-0.0003,0.03183379673492163
INV_04,2024-07-08,-35945.43,0.6198,-4.021788816275605
INV_04,2024-07-09,-7763.1,-0.5399,-0.9625128340645829
INV_04,2024-07-10,9179.89,-0.1275,0.9232671131536131
INV_04,2024-07-11,-1190.67,-0.3175,-0.1673852141952613
INV_04,2024-07-12,12606.6,-0.0326,1.2412461342761223
INV_04,2024-07-15,9614.41,0.1031,0.963977332121266
INV_04,2024-07-16,-5285.57,0.2775,-0.672432014321739
INV_04,2024-07-17,-10178.52,-0.0414,-1.2392914956142653
INV_04,2024-07-18,-19293.47,0.3972,-2.2505649796198206
INV_04,2024-07-19,-7333.44,0.042,-0.9127163490324429
INV_04,2024-07-22,-37046.83,-0.3536,-4.1366467669365035
INV_04,2024-07-23,9755.0,-0.1136,0.9771225733035416
INV_04,2024-07-24,27037.5,0.0362,2.529442286954465
INV_04,2024-07-25,-19059.4,0.1046,-2.225079908507065
INV_04,2024-07-26,3092.22,-0.1689,0.33452013933688846
INV_04,2024-07-29,-7558.11,-0.1252,-0.9387787035902765
INV_04,2024-07-30,-27318.35,0.2606,-3.1132623626273372
INV_04,2024-07-31,-23355.44,-0.913,-2.6897366430838057
INV_04,2024-08-01,12198.71,-0.1076,1.2037349635522634
INV_04,2024-08-02,-563.45,0.2876,-0.08328212120412846
INV_04,2024-08-05,-44046.97,-0.1501,-4.861579248875683
INV_04,2024-08-06,6759.4,0.0493,0.693911845951299
INV_04,2024-08-07,3135.9,-0.2461,0.33892682041336947
INV_04,2024-08-08,-12988.22,0.2196,-1.555770442627143
INV_04,2024-08-09,16476.52,-0.3641,1.5934392185480057
INV_04,2024-08-12,1936.43,0.1801,0.21615868096063837
INV_04,2024-08-13,5948.64,0.037,0.6159304883306096
INV_04,2024-08-14,9137.11,0.2105,0.9192521624177956
INV_04,2024-08-15,21651.68,0.2442,2.0559552740803806
INV_04,2024-08-16,-2576.06,-0.1176,-0.34389481625652885
INV_04,2024-08-20,-18763.68,0.8945,-2.1928524794390096
INV_04,2024-08-21,-4037.56,0.2788,-0.5230132874970468
INV_04,2024-08-22,-3640.39,-0.2532,-0.4748481038982581
INV_04,2024-08-23,-14302.89,-0.3401,-1.702213810405862
INV_04,2024-08-26,-32230.38,-0.3902,-3.6325813424869344
INV_04,2024-08-27,-32894.86,0.4064,-3.702407091975111
INV_04,2024-08-28,-16526.84,-0.8292,-1.9479365660849957
INV_04,2024-08-29,394.05,-0.853,0.04893835788460638
INV_04,2024-08-30,-10421.38,0.1615,-1.2668580259154523
INV_04,2024-09-02,-16792.23,-0.8122,-1.9771053833318097
INV_04,2024-09-03,-7090.87,-0.178,-0.8845173597413034
INV_04,2024-09-04,26636.82,0.4316,2.494451456655258
INV_04,2024-09-05,-7759.65,0.0851,-0.9621137369811781
INV_04,2024-09-06,-5136.57,-0.4604,-0.6547293525126295
INV_04,2024-09-09,-19312.61,-0.7533,-2.2526479848550576
INV_04,2024-09-10,-15129.0,-0.4512,-1.7937695341236726
INV_04,2024-09-11,2384.19,-0.1116,0.2624575221309261
INV_04,2024-09-12,4876.28,-0.2,0.511666161892415
INV_04,2024-09-13,22581.73,0.6567,2.138235212935506
INV_04,2024-09-18,21510.84,0.7907,2.0434749871599065
INV_04,2024-09-19,11392.88,0.2172,1.1293773588429232
INV_04,2024-09-20,17914.01,0.392,1.7227763209654148
INV_04,2024-09-23,17538.62,0.9826,1.6890703000287504
INV_04,2024-09-24,37891.59,0.4301,3.4656161586161147
INV_04,2024-09-25,78921.08,0.1435,6.871967350178212
INV_04,2024-09-26,2747.74,0.368,0.29961549408524263
INV_04,2024-09-27,17953.37,-0.1054,1.7263076718520107
INV_04,2024-09-30,31455.97,-0.2217,2.9131106132648537
INV_04,2024-10-01,37216.64,0.2088,3.40798576196876
INV_04,2024-10-02,-16750.12,0.4631,-1.9724791786363423
INV_04,2024-10-03,-8117.5,-0.3693,-1.0034476240874297
INV_04,2024-10-04,24383.76,0.5668,2.297020810663869
INV_04,2024-10-07,10883.42,0.8409,1.0821864907124696
INV_04,2024-10-08,4022.04,-0.0473,0.4275121653659172
INV_04,2024-10-09,3770.43,-0.2337,0.4025063100819789
INV_04,2024-10-10,2676.58,0.0815,0.29236969398803153
INV_04,2024-10-11,25230.46,-0.0483,2.371352860110862
INV_04,2024-10-14,-18199.88,0.1116,-2.1313149876978796
INV_04,2024-10-15,-46.13,-0.2025,-0.00806306700346302
INV_04,2024-10-16,6994.98,-0.1485,0.7164498286295611
INV_04,2024-10-18,20567.99,-0.6739,1.959783055398698
INV_04,2024-10-21,-6084.09,0.3237,-0.7667578452029915
INV_04,2024-10-22,1161.02,0.0595,0.13412058563189308
INV_04,2024-10-23,14404.56,0.3035,1.4056606815074686
INV_04,2024-10-24,27749.04,0.3092,2.5914948459610194
INV_04,2024-10-25,23623.69,0.0022,2.2301467240871085
INV_04,2024-10-28,8775.75,0.4561,0.8852872275052951
INV_04,2024-10-29,18231.48,0.914,1.7512447904168225
INV_04,2024-10-30,24326.54,-0.8309,2.291991274674038
INV_04,2024-10-31,-218190.48,9.3539,-21.63403384886431
INV_04,2024-11-01,18718.22,-0.4972,1.79482794461531
INV_04,2024-11-04,-5047.94,0.1308,-0.6441829701940446
INV_04,2024-11-05,-16753.83,0.2043,-1.9728867905189367
INV_04,2024-11-06,-15331.74,0.0011,-1.8161868401384202
INV_04,2024-11-07,7113.99,-0.3634,0.7278161070772816
INV_04,2024-11-08,11145.69,-0.3341,1.1064984078823559
INV_04,2024-11-11,14019.4,-0.0593,1.3705615868390646
INV_04,2024-11-12,11828.33,0.2928,1.1696005463463557
INV_04,2024-11-13,13067.33,0.7032,1.2835191103914965
INV_04,2024-11-14,-129.93,0.9941,-0.021188226736097
INV_04,2024-11-18,4676.27,-0.1404,0.492058011118822
INV_04,2024-11-19,-19453.07,-0.7556,-2.267930017210847
INV_04,2024-11-20,4802.57,-0.0959,0.5044463285473711
INV_04,2024-11-21,-15036.54,-0.7861,-1.7835394064735206
INV_04,2024-11-22,9266.04,-0.1692,0.9313485895876348
INV_04,2024-11-25,-34541.2,-0.357,-3.875007253253031
INV_04,2024-11-26,20074.31,0.345,1.9158597104750568
INV_04,2024-11-27,12546.1,0.2528,1.235687515512206
INV_04,2024-11-28,13001.41,0.4477,1.2774770113137617
INV_04,2024-11-29,-1075.54,-0.2677,-0.1522338715618135
INV_04,2024-12-02,19432.56,-0.7838,1.8586538094273484
INV_04,2024-12-03,20697.52,-0.1446,1.971295743166056
INV_04,2024-12-04,31249.07,0.4649,2.8952296077815367
INV_04,2024-12-05,16520.35,0.1602,1.597393653711373
INV_04,2024-12-06,8521.15,-0.16,0.8613007596917206
INV_04,2024-12-09,18084.73,-0.0979,1.7380894493203387
INV_04,2024-12-10,7659.49,0.2101,0.7797555297764968
INV_04,2024-12-11,-95.87,0.7302,-0.015955620208611423
INV_04,2024-12-12,10568.51,0.5746,1.0529429487034496
INV_04,2024-12-13,47725.99,-0.7159,4.29811829836447
INV_04,2024-12-16,58370.14,-0.0346,5.186279948660519
INV_04,2024-12-17,1186.0,0.749,0.13681099922608056
INV_04,2024-12-18,16494.43,-0.2475,1.5950551816233915
INV_04,2024-12-19,7121.61,-0.6154,0.7285434336408564
INV_04,2024-12-20,38494.2,-0.9044,3.517011702623226
INV_04,2024-12-23,33335.98,0.3898,3.075233101327839
INV_04,2024-12-24,35244.38,-0.6064,3.239178293549912
INV_04,2024-12-26,27851.28,0.3702,2.600402253711187
INV_04,2024-12-27,3321.9,1.2651,0.3576462333187762
INV_04,2024-12-30,67120.98,0.501,5.908248908866694
INV_04,2024-12-31,45279.55,-0.7251,4.092198211539051
INV_04,2025-01-01,0.0,0.0,0.0
INV_04,2025-01-02,47069.69,0.4821,4.242947601048701
INV_04,2025-01-03,-51851.72,-0.3214,-5.660799079211612
INV_04,2025-01-06,-17269.83,-0.4867,-2.0295206191008113
INV_04,2025-01-07,-24246.36,0.5905,-2.7853446168278024
INV_04,2025-01-08,22340.55,-0.292,2.1169206145751662
INV_04,2025-01-09,-25145.26,-0.303,-2.8815706725250734
INV_04,2025-01-10,18777.37,0.3904,1.8001190783973249
INV_04,2025-01-13,0.0,0.0,0.0
INV_04,2025-01-14,0.0,0.0,0.0
INV_04,2025-01-15,45289.88,0.285,4.093069241724174
INV_04,2025-01-16,22749.97,-0.5926,2.1530946052843127
INV_04,2025-01-17,9454.21,-0.0753,0.9489828269012612
INV_04,2025-01-20,11955.41,0.1722,1.1813202663858717
INV_04,2025-01-21,41232.61,0.1974,3.7499000389482857
INV_04,2025-01-22,41401.72,0.4774,3.7642473399739855
INV_04,2025-01-23,51031.67,-1.1245,4.575246689420073
INV_04,2025-01-24,-32483.77,-0.0873,-3.659219670362439
INV_04,2025-01-27,41535.14,-0.987,3.775563928228715
INV_04,2025-01-28,32163.72,-0.8482,2.974217553502377
INV_04,2025-01-29,11896.14,-1.0632,1.175855243311352
INV_04,2025-01-30,6358.97,-0.2186,0.6554806294688675
INV_04,2025-01-31,3209.62,-0.3455,0.3463548115163265
INV_04,2025-02-03,-36907.77,0.3117,-4.122157849604226
INV_04,2025-02-05,-100663.47,0.215,-10.511947555997429
INV_04,2025-02-06,8605.71,0.204,0.8692726138487733
INV_04,2025-02-07,52098.46,-0.4818,4.664419675592537
INV_04,2025-02-10,-30779.48,0.4359,-3.479777521803563
INV_04,2025-02-11,-36800.06,-0.0322,-4.1109328332322566
INV_04,2025-02-13,47063.07,-0.643,4.2423908410696525
INV_04,2025-02-14,63957.98,-0.4512,5.648066369040818
INV_04,2025-02-17,43210.38,-0.0949,3.917452000322896
INV_04,2025-02-18,21212.04,-0.1384,2.0169791744771652
INV_04,2025-02-19,-30111.35,0.1974,-3.409251241669907
INV_04,2025-02-20,-42304.27,0.263,-4.681878824244106
INV_04,2025-02-21,3767.68,0.4705,0.40223240079181366
INV_04,2025-02-24,-48701.21,0.4456,-5.339225872862273
INV_04,2025-02-25,-44987.23,-0.4444,-4.958336291906638
INV_04,2025-02-26,0.0,0.0,0.0
INV_04,2025-02-27,14264.94,-0.4962,1.3929446597630637
INV_04,2025-02-28,5443.22,0.4753,0.5669614666166389
INV_04,2025-03-03,-57151.97,-0.0543,-6.198888429611474
INV_04,2025-03-04,-28620.13,-0.5699,-3.251459212159378
INV_04,2025-03-05,42463.97,-0.0146,3.8542795837377946
INV_04,2025-03-06,-4113.21,0.0308,-0.5321504937528633
INV_04,2025-03-07,11089.61,-0.5929,1.1013031535788762
INV_04,2025-03-10,-19541.73,0.0212,-2.2775724065652048
INV_04,2025-03-11,-28208.53,-0.9388,-3.207810244189028
INV_04,2025-03-12,33389.18,-0.1701,3.0798117243140055
INV_04,2025-03-14,-4013.93,0.2231,-0.5201568520357305
INV_04,2025-03-17,-43488.7,0.0806,-4.804065396134049
INV_04,2025-03-18,-42548.8,-0.0508,-4.707123269025656
INV_04,2025-03-19,4972.47,0.2245,0.5210769184108172
INV_04,2025-03-20,51811.11,0.0999,4.640412228922042
INV_04,2025-03-21,34818.86,0.1205,3.202675762664135
INV_04,2025-03-24,-7090.79,0.1023,-0.8845080491206486
INV_04,2025-03-25,5614.93,-0.2327,0.583630897147285
INV_04,2025-03-26,-8740.55,-0.0138,-1.0751260135995793
INV_04,2025-03-27,7800.09,0.0918,0.7931018074689262
INV_04,2025-03-28,-7563.0,-0.2507,-0.9393453747533059
INV_04,2025-03-31,0.0,0.0,0.0
INV_04,2025-04-01,41426.75,-1.1649,3.7663705525001863
INV_04,2025-04-02,18422.16,-0.4398,1.7683276310905685
INV_04,2025-04-03,-65845.38,-0.1323,-7.074370782014359
INV_04,2025-04-04,-48022.05,-0.596,-5.269724058542629
INV_04,2025-04-07,-107367.88,-1.8882,-11.16373452233609
INV_04,2025-04-08,84376.21,1.236,7.314140068254138
INV_04,2025-04-09,-49891.47,-0.481,-5.460875101409892
INV_04,2025-04-10,113138.56,2.3107,9.616537588982125
INV_04,2025-04-11,-15136.55,-0.0657,-1.794604709644922
INV_04,2025-04-14,0.0,0.0,0.0
INV_04,2025-04-15,0.0,0.0,0.0
INV_04,2025-04-16,26142.22,-0.3254,2.4512100015028313
INV_04,2025-04-17,1167.96,-0.4792,0.13486842799665189
INV_04,2025-04-21,17455.09,-0.7096,1.6815636557689153
INV_04,2025-04-22,-18202.77,-0.0172,-2.131630747099848
INV_04,2025-04-23,-3468.94,0.1825,-0.4539492563749505
INV_04,2025-04-24,11170.47,-0.1378,1.1087934700690663
INV_04,2025-04-25,18956.41,-0.0942,1.8161279200217217
INV_04,2025-04-28,-178911.91,6.9928,-17.976954856826996
INV_04,2025-04-29,1426.78,0.3281,0.1625605249608705
INV_04,2025-04-30,-10491.6,-0.1806,-1.2748204879711316
INV_04,2025-05-01,-2252155.84,88.4336,-190.975672866552
INV_04,2025-05-02,2255731.28,-765.9038,156.89789199653362
INV_04,2025-05-05,8309.56,0.2462,0.8413298546535384
INV_04,2025-05-06,9061.19,-0.1378,0.9121238803256723
INV_04,2025-05-07,-20681.47,-0.0666,-2.401270889025599
INV_04,2025-05-08,11945.41,-0.0161,1.180398338403936
INV_04,2025-05-09,-1634.28,0.1209,-0.22492477687349013
INV_04,2025-05-12,0.0,0.0,0.0
INV_04,2025-05-13,0.0,0.0,0.0
INV_04,2025-05-14,50639.08,-0.3452,4.542398772779776
INV_04,2025-05-15,21937.09,0.4592,2.081229738517925
INV_04,2025-05-16,-6068.01,0.753,-0.7648669442830982
INV_04,2025-05-19,-8028.35,0.6044,-0.9931618783797788
INV_04,2025-05-20,-13412.0,0.0201,-1.6030799519326429
INV_04,2025-05-21,11557.6,-0.3373,1.1446047044508587
INV_04,2025-05-22,19311.35,-0.1968,1.8478349986652796
INV_04,2025-05-23,3635.68,-0.1471,0.3890688062885045
INV_04,2025-05-26,13652.71,-0.5833,1.3370855685725762
INV_04,2025-05-27,12158.72,0.9897,1.2000528450318528
INV_04,2025-05-28,11052.61,-0.2213,1.0978745081579437
INV_04,2025-05-29,19075.46,0.1928,1.8267671503091298
INV_04,2025-05-30,17698.29,-0.2899,1.7034128123367607
INV_04,2025-06-02,44092.29,-0.5597,3.991998388145694
INV_04,2025-06-03,71895.8,-0.7027,6.29947540535751
INV_04,2025-06-04,11547.21,0.1434,1.1436446449691096
INV_04,2025-06-05,22492.49,-0.269,2.1303502974154616
INV_04,2025-06-06,-10012.31,0.1422,-1.2203999918263193
INV_04,2025-06-09,18912.45,-0.0278,1.812198183485468
INV_04,2025-06-11,34099.47,0.2904,3.1408958648125207
INV_04,2025-06-12,13038.24,-0.6615,1.280853029893763
INV_04,2025-06-13,-33644.24,-0.4191,-3.7810411990921096
INV_04,2025-06-16,-11578.38,-0.2979,-1.3976135483474368
INV_04,2025-06-17,-9185.65,0.2485,-1.1261214640361508
INV_04,2025-06-18,-38359.85,0.2302,-4.2732751131390385
INV_04,2025-06-19,-32559.75,-0.3183,-3.6672045612313924
INV_04,2025-06-20,50942.06,-0.2357,4.567750536830867
INV_04,2025-06-23,-60594.59,0.0204,-6.546580142722855
INV_04,2025-06-24,68744.95,0.3778,6.0415123388176655
INV_04,2025-06-25,0.0,1.6577,0.0
INV_04,2025-06-26,86932.02,-2.175,7.520638724120691
INV_04,2025-06-27,-4182.32,0.4793,-0.5404879401336784
INV_04,2025-06-30,52056.96,-0.4678,4.660952993114365
INV_04,2025-07-01,9447.75,-0.4962,0.9483778243392197
INV_04,2025-07-02,14940.88,-0.2004,1.4544305015090908
INV_04,2025-07-03,-15035.3,0.2847,-1.7834021795509243
INV_04,2025-07-04,-1099.89,0.3853,-0.15544707668222907
INV_04,2025-07-07,-6186.94,-0.2776,-0.7788444407735473
INV_04,2025-07-08,11428.55,-0.726,1.1326760739106219
INV_04,2025-07-09,30752.46,-0.3372,2.8522783897104085
INV_04,2025-07-10,0.0,0.0,0.0
INV_04,2025-07-11,63745.35,0.2716,5.630545338037342
INV_04,2025-07-14,50959.24,0.9366,4.569187765168545
INV_04,2025-07-15,18389.33,0.6884,1.765387270097607
INV_04,2025-07-16,-29298.62,0.3622,-3.32331961297981
INV_04,2025-07-17,7226.04,-0.9232,0.7385060152908074
INV_04,2025-07-18,25449.09,-0.3437,2.3905190907636227
INV_04,2025-07-21,19937.08,-0.7821,1.9036373954341945
INV_04,2025-07-22,15905.01,-0.3135,1.5418111145894318
INV_04,2025-07-23,22126.84,-0.1291,2.098020831155303
INV_04,2025-07-24,31699.2,-0.3249,2.934121310913056
INV_04,2025-07-25,36117.29,-0.632,3.313967468316798
INV_04,2025-07-28,17567.03,-0.1979,1.6916228933601636
INV_04,2025-07-29,10316.91,-0.6952,1.0295366606245075
INV_04,2025-07-30,-2692.71,0.0679,-0.35840213389013725
INV_04,2025-07-31,17557.78,-0.3497,1.6907918259545673
INV_04,2025-08-01,58300.34,0.5434,5.180493398902136
INV_04,2025-08-04,-28105.17,0.2025,-3.1968425398383395
INV_04,2025-08-05,-6565.03,-0.2702,-0.8231624682387431
INV_04,2025-08-06,-2343.79,0.0283,-0.3148747602940693
INV_04,2025-08-07,-4422.44,0.0903,-0.5693853705871819
INV_04,2025-08-11,-1385.25,0.0333,-0.19277445225699655
INV_04,2025-08-12,22197.85,-0.6381,2.1043020643480723
INV_04,2025-08-13,-3333.01,-0.0879,-0.4373310058202218
INV_04,2025-08-14,-21523.6,0.0397,-2.4923746127676782
INV_04,2025-08-15,26657.82,1.1756,2.496286228859887
INV_04,2025-08-18,34688.79,0.7066,3.1915119734665143
INV_04,2025-08-19,7122.05,0.7646,0.7285854299073419
INV_04,2025-08-20,21590.37,0.1746,2.050523067721452
INV_04,2025-08-21,2034.81,-0.0024,0.22638766726074097
INV_04,2025-08-22,-9519.45,-0.0268,-1.1642562240048797
INV_04,2025-08-25,-23067.67,-0.1005,-2.6588031559224183
INV_04,2025-08-26,13149.47,-0.2843,1.291045047142744
INV_04,2025-08-27,19752.16,-0.3558,1.8871586716525328
INV_04,2025-08-28,2594.07,-0.3508,0.2839519907881493
INV_04,2025-08-29,27051.21,-0.2778,2.53063894472369
INV_04,2025-09-01,13429.53,-0.479,1.316681517069212
INV_04,2025-09-02,-22939.12,-0.0576,-2.6449764918673004
INV_04,2025-09-03,-18588.91,0.1607,-2.1737901544131053
INV_04,2025-09-04,-5361.4,0.1553,-0.6814284718395652
INV_04,2025-09-08,-15417.98,-0.3681,-1.8257165085514642
INV_04,2025-09-09,-36939.61,0.0767,-4.125475640170522
INV_04,2025-09-10,15516.0,0.1244,1.5065984846370382
INV_04,2025-09-11,-14749.13,-0.297,-1.751712221986265
INV_04,2025-09-12,-2814.43,-0.1377,-0.37349517590867937
INV_04,2025-09-15,-33031.52,-0.28,-3.7167559992569736
INV_04,2025-09-16,32994.43,0.201,3.045826127796605
INV_04,2025-09-17,13871.97,0.1809,1.357109483843192
INV_04,2025-09-18,31792.7,0.2129,2.9421951510834194
INV_04,2025-09-19,5889.14,0.243,0.6101806101691817
INV_04,2025-09-22,12474.93,0.6503,1.2291462584919304
INV_04,2025-09-23,17001.54,-0.2335,1.640761844395279
INV_04,2025-09-24,31462.19,-0.7863,2.9136480446751736
INV_04,2025-09-25,42025.93,-0.8597,3.8171714902982044
INV_04,2025-09-26,14252.72,-0.2594,1.3918313161298697
INV_04,2025-09-29,-1278.46,0.1613,-0.178872184730158
INV_04,2025-09-30,819.78,0.0963,0.09693477316653794
INV_04,2025-10-01,4490.94,0.0725,0.47383884048526764
INV_04,2025-10-02,17231.27,-0.336,1.66143757896927
INV_04,2025-10-03,2703.69,0.5627,0.29513164791492963
INV_04,2025-10-07,-4817.21,0.2013,-0.6166688070071783
INV_04,2025-10-08,-6033.03,-0.2867,-0.7607523682998004
INV_04,2025-10-09,-5328.61,0.1374,-0.677539325446173
INV_04,2025-10-10,15606.12,0.5899,1.5147612299328395
INV_04,2025-10-13,-1506.49,-0.2572,-0.20847127371301608
INV_04,2025-10-14,20513.71,-0.2878,1.9549571805141033
INV_04,2025-10-15,-4585.88,-0.2997,-0.5889942728234165
INV_04,2025-10-16,17135.11,-0.034,1.652785426085353
INV_04,2025-10-17,20759.71,0.0021,1.9768215029724607
INV_04,2025-10-21,37947.82,-0.7223,3.47041421976406
INV_04,2025-10-22,-3231.76,-0.0256,-0.4249231449677925
INV_04,2025-10-23,12304.18,-0.4672,1.2134423458975487
INV_04,2025-10-24,3966.67,-0.1501,0.42201853430865627
INV_04,2025-10-27,-17184.17,0.3023,-2.0201269035640994
INV_04,2025-10-28,-21438.93,-0.2472,-2.4832257540900757
INV_04,2025-10-29,8328.67,-0.1102,0.8431349376283989
INV_04,2025-10-30,895.11,-0.1523,0.10522057956608698
INV_04,2025-10-31,-583.94,0.1967,-0.08610438319425343
INV_04,2025-11-03,19945.1,0.0659,1.9043518470723713
INV_04,2025-11-04,-2416.6,0.0168,-0.32399160486850354
INV_04,2025-11-05,-2954084.23,81.6512,-245.98478609317553
INV_04,2025-11-06,2977311.44,-447.5184,203.2722247092375
INV_04,2025-11-07,25336.45,0.4325,2.3806458725500397
INV_04,2025-11-10,64371.47,0.1016,5.682127405073733
INV_04,2025-11-11,27062.16,-0.2864,2.5315946706466517
INV_04,2025-11-12,3472.99,0.3518,0.3728004227125818
INV_04,2025-11-13,-52067.67,-0.1312,-5.682792304266772
INV_04,2025-11-14,-2225.08,-0.284,-0.2999695547842858
INV_04,2025-11-17,-6741.74,-0.2208,-0.8438164377199604
INV_04,2025-11-18,-30032.62,0.2907,-3.4009338194314838
INV_04,2025-11-19,-13588.97,0.1361,-1.6228065326879224
INV_04,2025-11-20,7333.39,0.123,0.7487371148441142
INV_04,2025-11-21,-10895.13,0.0226,-1.3205095618515517
INV_04,2025-11-24,-49320.2,0.019,-5.40251362854956
INV_04,2025-11-25,17089.48,-0.1721,1.6486786552573238
INV_04,2025-11-26,4924.3,0.0629,0.5163657420803316
INV_04,2025-11-27,-23508.15,-0.0287,-2.706141630780057
INV_04,2025-11-28,789.73,-0.0448,0.09361545825293588
INV_04,2025-12-01,-90509.42,-0.3708,-9.519168274527015
INV_04,2025-12-02,26676.7,0.091,2.4979356937732673
INV_04,2025-12-03,-61092.8,-0.0131,-6.596786120854811
INV_04,2025-12-05,-40931.39,-0.5604,-4.53996404904923
INV_04,2025-12-08,-3642.92,0.1235,-0.4751559962150698
INV_04,2025-12-09,37193.87,0.2195,3.4060403383342397
INV_04,2025-12-10,40721.17,0.1537,3.706485376959827
INV_04,2025-12-11,27785.5,-0.6122,2.5946715853431477
INV_04,2025-12-12,1338.43,0.0032,0.15314885460925187
INV_04,2025-12-15,-28387.69,0.0612,-3.2268148430488894
INV_04,2025-12-16,-4163.69,0.4302,-0.5382413277243875
INV_04,2025-12-17,11542.49,-0.3435,1.1432084871858805
INV_04,2025-12-18,-14588.83,0.3522,-1.7339429255801642
INV_04,2025-12-19,-6691.86,0.0288,-0.8379901492491942
INV_04,2025-12-22,-24221.51,-0.0007,-2.7826811006442793
INV_04,2025-12-23,1225.73,-0.0862,0.1410822453821666
INV_04,2025-12-24,843.88,0.0449,0.0995909528799982
INV_04,2025-12-25,-2178987.2,63.0105,-185.18052934219597
INV_04,2025-12-26,2195302.77,-171.2361,152.9728291785576
INV_04,2025-12-29,-7355.51,0.1499,-0.9152788752859045
INV_04,2025-12-30,28816.4,0.387,2.6843791841466
INV_04,2025-12-31,17393.92,0.2554,1.6760649258359233
INV_04,2026-01-02,29444.12,-0.3723,2.738896835551296
INV_04,2026-01-05,13747.86,0.2801,1.3457777666702595
INV_04,2026-01-06,64839.99,0.3657,5.720703804236367
INV_04,2026-01-07,0.0,0.0,0.0
INV_04,2026-01-08,0.0,1.4799,0.0
INV_04,2026-01-09,78119.74,-1.463,6.80684429471049
INV_04,2026-01-12,-7099.26,0.1834,-0.885493772025555
INV_04,2026-01-13,6280.35,-0.2886,0.6479163353907791
INV_04,2026-01-14,46067.91,-0.5202,4.158635049752693
INV_04,2026-01-16,623.17,0.2602,0.07505297292736961
INV_04,2026-01-19,-16631.83,0.1287,-1.9594796629686135
INV_04,2026-01-20,15327.37,-0.3283,1.4895027499394526
INV_04,2026-01-21,63315.39,-0.555,5.595104008589538
INV_04,2026-01-22,-25247.57,0.6419,-2.892508064053097
INV_04,2026-01-23,20826.8,-0.0732,1.9827813984451446
INV_04,2026-01-26,325.14,0.1963,0.040903614294144484
INV_04,2026-01-27,-2137.74,0.1951,-0.28896923749652875
INV_04,2026-01-28,-4265.67,0.08,-0.5505310448219151
INV_04,2026-01-29,-7375.07,-0.0235,-0.9175495372696383
INV_04,2026-01-30,11769.27,-0.5292,1.164150979507817
INV_04,2026-02-02,-26779.53,0.0442,-3.0559332125218126
INV_04,2026-02-03,-1166.24,0.0331,-0.16417871303739517
INV_04,2026-02-05,83.72,0.0807,0.011534523599835395
INV_04,2026-02-06,8341.31,-0.0412,0.8443287280227846
INV_04,2026-02-09,-3998.59,0.0147,-0.5183019233982096
INV_04,2026-02-10,-13030.96,0.2963,-1.5605464415403052
INV_04,2026-02-11,6915.87,-0.0917,0.7088871175438587
INV_04,2026-02-12,-20005.57,0.3503,-2.3279707707846398
INV_04,2026-02-13,4775.18,0.1635,0.5017616142616822
INV_04,2026-02-16,33287.93,0.4954,3.071097288934097
INV_04,2026-02-17,2710.12,-0.0958,0.29578646037083983
INV_04,2026-02-18,7359.64,0.4283,0.7512373653063346
INV_04,2026-02-19,0.0,-0.1083,0.0
INV_04,2026-02-20,0.0,-0.3221,0.0
INV_04,2026-02-23,0.0,0.1077,0.0
INV_04,2026-02-24,0.0,-0.7073,0.0
INV_04,2026-02-25,0.0,0.0621,0.0
INV_04,2026-02-26,0.0,0.3725,0.0
INV_04,2026-02-27,0.0,-1.1058,0.0
INV_04,2026-03-02,-2307.27,0.0609,-0.31029482368626554
INV_04,2026-03-03,0.0,-4.8572,0.0
INV_04,2026-03-04,-1295787.59,34.9445,-114.02438965227172
INV_05,2020-01-01,0.0,0.0,0.0
INV_05,2020-01-02,0.0,0.0,0.0
INV_05,2020-01-03,11538.29,-1.1757,1.7044631494501798
INV_05,2020-01-06,-7692.19,-0.4227,-2.155745571168033
INV_05,2020-01-07,-4703.96,-0.7672,-1.3034032306126788
INV_05,2020-01-08,-6418.26,-1.9987,-1.0732769792572068
INV_05,2020-01-09,8496.01,0.8775,0.4455172489086678
INV_05,2020-01-10,0.0,0.0,0.0
INV_05,2020-01-13,1527.21,-0.6401,0.6053308752416745
INV_05,2020-01-14,-4588.06,0.921,-2.139146193662123
INV_05,2020-01-15,0.0,0.0,0.0
INV_05,2020-01-16,-2974.04,-0.5038,-0.9827974667713648
INV_05,2020-01-17,-2645.57,-0.3082,-0.9877606197945082
INV_05,2020-01-20,-2805.05,0.0551,-1.2204268810336638
INV_05,2020-01-21,321.5,1.4601,-0.6516537937028049
INV_05,2020-01-22,1885.73,0.6242,0.0009457572070197262
INV_05,2020-01-23,2627.08,0.7022,0.04233916066580368
INV_05,2020-01-24,3860.43,-0.179,0.614147085998984
INV_05,2020-01-27,-9293.74,-0.4337,-2.476711844438727
INV_05,2020-01-28,-3320.11,-0.5651,-1.048142719786887
INV_05,2020-01-29,9052.8,-0.4844,1.182398009626126
INV_05,2020-01-30,-5184.63,0.6486,-2.144661823675545
INV_05,2020-01-31,886.06,-0.0417,0.21285087502096692
INV_05,2020-02-03,-2137.49,0.3623,-1.175996337395394
INV_05,2020-02-04,0.0,0.0,0.0
INV_05,2020-02-05,2193.93,-0.1588,0.4367027386621748
INV_05,2020-02-06,953.93,-0.1477,0.2770088553333031
INV_05,2020-02-07,420.08,-0.1911,0.21295303399425614
INV_05,2020-02-10,-3879.48,-0.0025,-1.4860347144972645
INV_05,2020-02-11,227.66,-0.8098,0.4904176602604066
INV_05,2020-02-12,-3836.12,-0.2146,-1.3660821408289416
INV_05,2020-02-13,-372.45,-0.5696,-0.009199339559060493
INV_05,2020-02-14,2601.94,-0.074,0.43712680165010076
INV_05,2020-02-17,-3797.83,0.2306,-1.5839611787765395
INV_05,2020-02-18,447.04,0.4888,-0.1301674730545182
INV_05,2020-02-19,3930.87,0.4375,0.3049824705758757
INV_05,2020-02-20,-2898.73,-0.3722,-1.0286618914991512
INV_05,2020-02-21,0.0,0.0,0.0
INV_05,2020-02-24,-2662.08,-0.3358,-0.9785002130039789
INV_05,2020-02-25,-11351.5,-0.2671,-2.956428085053602
INV_05,2020-02-26,-7237.91,-1.4552,-1.5306402936848569
INV_05,2020-02-27,-4139.73,0.6026,-1.8631869989913423
INV_05,2020-02-28,-6437.04,-0.9415,-1.6187453284965614
INV_05,2020-03-02,8171.04,-0.3018,1.0258324929090665
INV_05,2020-03-03,5527.43,-0.2146,0.7772977215189865
INV_05,2020-03-04,-18795.28,-0.676,-4.0166409148687094
INV_05,2020-03-05,-8000.45,-0.6113,-2.1236095032024256
INV_05,2020-03-06,-17588.48,-0.7924,-3.7639934377278284
INV_05,2020-03-09,0.0,0.0,0.0
INV_05,2020-03-10,-9922.55,-3.6574,-0.9494073938859815
INV_05,2020-03-11,16237.57,0.0513,1.3655296397357115
INV_05,2020-03-12,-39147.34,-0.3631,-7.009945680496717
INV_05,2020-03-13,-25592.05,-0.889,-4.929847991579106
INV_05,2020-03-16,0.0,0.0,0.0
INV_05,2020-03-17,0.0,0.0,0.0
INV_05,2020-03-18,0.0,0.0,0.0
INV_05,2020-03-19,0.0,0.0,0.0
INV_05,2020-03-20,-55629.42,-5.144,-6.510710144806959
INV_05,2020-03-23,0.0,0.0,0.0
INV_05,2020-03-24,0.0,0.0,0.0
INV_05,2020-03-25,0.0,0.0,0.0
INV_05,2020-03-26,0.0,0.0,0.0
INV_05,2020-03-27,0.0,0.0,0.0
INV_05,2020-03-30,0.0,0.0,0.0
INV_05,2020-03-31,0.0,0.0,0.0
INV_05,2020-04-01,0.0,0.0,0.0
INV_05,2020-04-02,0.0,0.0,0.0
INV_05,2020-04-03,0.0,0.0,0.0
INV_05,2020-04-06,0.0,0.0,0.0
INV_05,2020-04-07,0.0,0.0,0.0
INV_05,2020-04-08,0.0,0.0,0.0
INV_05,2020-04-09,0.0,0.0,0.0
INV_05,2020-04-10,0.0,0.0,0.0
INV_05,2020-04-13,0.0,0.0,0.0
INV_05,2020-04-14,0.0,0.0,0.0
INV_05,2020-04-15,0.0,0.0,0.0
INV_05,2020-04-16,0.0,0.0,0.0
INV_05,2020-04-17,0.0,0.0,0.0
INV_05,2020-04-20,0.0,0.0,0.0
INV_05,2020-04-21,0.0,0.0,0.0
INV_05,2020-04-22,0.0,0.0,0.0
INV_05,2020-04-23,0.0,0.0,0.0
INV_05,2020-04-24,0.0,0.0,0.0
INV_05,2020-04-27,0.0,0.0,0.0
INV_05,2020-04-28,0.0,0.0,0.0
INV_05,2020-04-29,0.0,0.0,0.0
INV_05,2020-04-30,0.0,0.0,0.0
INV_05,2020-05-01,0.0,0.0,0.0
INV_05,2020-05-04,0.0,0.0,0.0
INV_05,2020-05-05,0.0,0.0,0.0
INV_05,2020-05-06,0.0,0.0,0.0
INV_05,2020-05-07,0.0,0.0,0.0
INV_05,2020-05-08,0.0,0.0,0.0
INV_05,2020-05-11,-28194.96,-6.0123,-2.674462811099601
INV_05,2020-05-12,-34938.63,0.3424,-6.834077665398175
INV_05,2020-05-13,26732.21,-1.1029,2.520094554638721
INV_05,2020-05-14,1862.2,-1.5282,1.1002413701941902
INV_05,2020-05-15,21385.51,-0.0051,1.6819625789052879
INV_05,2020-05-18,22304.73,2.3662,0.5167562697116757
INV_05,2020-05-19,15153.79,0.2017,1.224477130726437
INV_05,2020-05-20,-2897.18,1.2847,-1.8765500292400277
INV_05,2020-05-21,26829.69,3.6553,0.08875632322943594
INV_05,2020-05-22,-9753.46,1.0391,-3.321128758999553
INV_05,2020-05-25,0.0,0.0,0.0
INV_05,2020-05-26,532.49,-1.8922,1.104120923697136
INV_05,2020-05-27,2397.64,0.5684,0.0865624073257596
INV_05,2020-05-28,10088.66,0.9313,0.5292125211593424
INV_05,2020-05-29,-10372.08,-0.7831,-2.5076250133885503
INV_05,2020-06-01,-6559.27,-1.8788,-1.1659719301614686
INV_05,2020-06-02,-2003.98,0.7837,-1.3491284264404082
INV_05,2020-06-03,-558.59,-0.9678,0.09889153750935298
INV_05,2020-06-04,1010.26,-0.0094,0.21423533569483916
INV_05,2020-06-05,0.0,0.0,0.0
INV_05,2020-06-08,15268.55,0.5757,1.039838453499684
INV_05,2020-06-09,9703.01,0.8125,0.5636483664936639
INV_05,2020-06-10,1315.01,-0.2946,0.40150938741367587
INV_05,2020-06-11,4269.72,0.2782,0.4172320637665896
INV_05,2020-06-12,-4243.91,0.4955,-1.8349289677197234
INV_05,2020-06-15,-3411.74,0.0276,-1.3766701254877913
INV_05,2020-06-16,7487.24,0.6674,0.47918587132968565
INV_05,2020-06-17,7669.72,1.1152,0.26350469596852644
INV_05,2020-06-18,16781.97,-1.0467,1.9593625914010042
INV_05,2020-06-19,2716.64,0.437,0.18741508040831517
INV_05,2020-06-22,16355.88,1.1365,0.8168153350570381
INV_05,2020-06-23,4982.98,1.0714,0.07329600300154249
INV_05,2020-06-24,-415.12,0.8383,-0.7531415387800022
INV_05,2020-06-25,33577.28,-3.2166,3.931251270480101
INV_05,2020-06-26,2045.78,-0.0763,0.3779142730513877
INV_05,2020-06-29,-7329.55,0.1965,-2.3959217718578
INV_05,2020-06-30,-6563.99,0.335,-2.300481711627852
INV_05,2020-07-01,-3316.84,-0.0822,-1.2944889888979434
INV_05,2020-07-02,-9184.3,-0.2965,-2.525243645098994
INV_05,2020-07-03,-16974.06,0.1451,-4.144092495514384
INV_05,2020-07-06,-4645.3,0.4276,-1.9006861885939919
INV_05,2020-07-07,10335.81,-0.0698,1.0585193279891918
INV_05,2020-07-08,-7134.3,0.0308,-2.269204252842825
INV_05,2020-07-09,4388.68,-0.0401,0.5907896513807315
INV_05,2020-07-10,-25065.35,-0.1528,-5.230948838235524
INV_05,2020-07-13,-22570.02,-0.5708,-4.650494445074191
INV_05,2020-07-14,11439.86,0.6387,0.7690672926003285
INV_05,2020-07-15,-5584.33,-0.1781,-1.815562157113979
INV_05,2020-07-16,7410.62,0.5903,0.5129225306221274
INV_05,2020-07-17,8030.61,0.3252,0.6945676843361901
INV_05,2020-07-20,8582.06,0.2864,0.7543313420094502
INV_05,2020-07-21,-2287.16,-0.0812,-0.9957141425653506
INV_05,2020-07-22,-1518.88,-0.5152,-0.5208357279504376
INV_05,2020-07-23,2708.14,-0.2661,0.5465244767306077
INV_05,2020-07-24,2997.8,-0.2383,0.5617328314771854
INV_05,2020-07-27,3215.92,0.3853,0.26402503695705626
INV_05,2020-07-28,-7391.91,0.5322,-2.5811007193750366
INV_05,2020-07-29,-2306.65,-0.1165,-0.9836607660158242
INV_05,2020-07-30,-3103.64,-0.0899,-1.231337899276436
INV_05,2020-07-31,7599.37,0.3356,0.6574320344405375
INV_05,2020-08-03,0.0,0.0,0.0
INV_05,2020-08-04,5602.09,0.9848,0.16934002310166762
INV_05,2020-08-05,1452.56,-0.4097,0.4780384592734422
INV_05,2020-08-06,5062.5,-0.1339,0.6971605314534689
INV_05,2020-08-07,-1786.91,0.5496,-1.1579788441472079
INV_05,2020-08-10,-5251.43,-0.1529,-1.7501885965350708
INV_05,2020-08-11,6587.51,0.2103,0.6445863106588843
INV_05,2020-08-12,5773.52,1.379,-0.01850076469554418
INV_05,2020-08-13,6905.15,0.0952,0.7280698505532114
INV_05,2020-08-14,7775.11,0.1312,0.7751160209520295
INV_05,2020-08-17,-2555.73,0.15,-1.1956826666029663
INV_05,2020-08-18,8850.09,-0.3763,1.1127302029445911
INV_05,2020-08-19,19587.51,-0.4768,1.8258424362052725
INV_05,2020-08-20,2478.0,-0.1998,0.48846631586668543
INV_05,2020-08-21,17937.7,-0.9896,1.996272676257346
INV_05,2020-08-24,-702.94,0.2747,-0.6045818801563285
INV_05,2020-08-25,-6733.91,-0.0932,-2.118676574852223
INV_05,2020-08-26,-3568.32,-0.2422,-1.2808749376338184
INV_05,2020-08-27,704.02,-0.5657,0.4533400164704847
INV_05,2020-08-28,1871.61,0.1019,0.2667245229229846
INV_05,2020-08-31,-898.07,0.0703,-0.5842918815234541
INV_05,2020-09-01,0.0,0.0,0.0
INV_05,2020-09-02,-1046.59,-0.3714,-0.4184642429243848
INV_05,2020-09-03,-5243.86,0.3642,-2.013145791467645
INV_05,2020-09-04,-4438.18,-0.4704,-1.3894009841420532
INV_05,2020-09-07,-5745.99,0.0301,-1.9596346378343157
INV_05,2020-09-08,2004.76,-0.2308,0.452369679552867
INV_05,2020-09-09,8805.65,0.2243,0.8020696220525659
INV_05,2020-09-10,3225.67,0.0006,0.4619447966783061
INV_05,2020-09-11,4703.35,0.1924,0.49932680595653395
INV_05,2020-09-14,9679.92,-0.0305,0.9936738561004677
INV_05,2020-09-15,2096.2,0.0518,0.31800052142130275
INV_05,2020-09-16,14670.71,-0.8274,1.7223611912720105
INV_05,2020-09-17,28123.95,0.1494,1.9477847017750851
INV_05,2020-09-18,16423.97,-0.3509,1.5823326896998857
INV_05,2020-09-21,11926.77,-1.2089,1.7466438152444956
INV_05,2020-09-22,-1958.72,-0.5767,-0.6379505587313195
INV_05,2020-09-23,952.06,-0.3501,0.3803683312485964
INV_05,2020-09-24,944.7,-0.2575,0.33189547909079187
INV_05,2020-09-25,6170.8,-0.596,1.0246223204003322
INV_05,2020-09-28,6286.56,-0.0638,0.7613134877083779
INV_05,2020-09-29,-3460.37,-0.4507,-1.144995988552068
INV_05,2020-09-30,-4659.26,-0.0647,-1.6520737649521142
INV_05,2020-10-01,0.0,0.0,0.0
INV_05,2020-10-02,5901.89,-0.9356,1.176963742344869
INV_05,2020-10-05,-87261.83,1.7011,-13.301833055406389
INV_05,2020-10-06,-10726.42,0.4245,-3.193320572710188
INV_05,2020-10-07,9342.54,-0.9717,1.4521888224206294
INV_05,2020-10-08,20541.1,-0.2322,1.7527257864907482
INV_05,2020-10-09,11599.15,0.1482,1.030589055008206
INV_05,2020-10-12,-5678.23,-0.0044,-1.9263046830667843
INV_05,2020-10-13,-10228.69,-0.2673,-2.7442308218742824
INV_05,2020-10-14,16589.67,0.1358,1.342778154131061
INV_05,2020-10-15,15233.69,-0.7402,1.7115004097680262
INV_05,2020-10-16,-3013.78,0.4858,-1.5007557811304335
INV_05,2020-10-19,2786.05,0.236,0.2974627695117811
INV_05,2020-10-20,-816.79,0.2857,-0.6602257567341236
INV_05,2020-10-21,-44186.49,0.2848,-7.961137828965348
INV_05,2020-10-22,5318.04,-0.2447,0.7753600921440014
INV_05,2020-10-23,448.86,0.083,0.07793537290604728
INV_05,2020-10-26,-14116.08,-0.3888,-3.3898592080450114
INV_05,2020-10-27,180.71,0.2548,-0.06570430824995055
INV_05,2020-10-28,-11443.68,0.25,-3.238291880882611
INV_05,2020-10-29,21869.0,-0.4356,1.9281800944037295
INV_05,2020-10-30,0.0,0.0,0.0
INV_05,2020-11-02,-5752.53,-0.2357,-1.825053953156997
INV_05,2020-11-03,14388.86,-0.141,1.3538554397092104
INV_05,2020-11-04,4966.32,0.501,0.3639221082173843
INV_05,2020-11-05,9290.85,0.3068,0.7939913194061887
INV_05,2020-11-06,11745.99,-0.2377,1.2377037641299604
INV_05,2020-11-09,1098.44,0.284,0.07631434517883279
INV_05,2020-11-10,6442.15,0.6839,0.3907422330032087
INV_05,2020-11-11,5625.45,0.2987,0.5225374542410476
INV_05,2020-11-12,-11174.52,-0.0653,-3.0267778094600004
INV_05,2020-11-13,1418.27,-0.2361,0.38481977765399056
INV_05,2020-11-16,-455.04,-0.565,-0.05558502005400845
INV_05,2020-11-17,490.29,0.328,-0.04003057350985173
INV_05,2020-11-18,-1652.57,0.2329,-0.9503277322307204
INV_05,2020-11-19,-4102.1,0.027,-1.5588279486695735
INV_05,2020-11-20,1309.96,-0.0341,0.2674764532282806
INV_05,2020-11-23,338.03,-0.107,0.15403787641393835
INV_05,2020-11-24,2268.48,0.247,0.23712542149175544
INV_05,2020-11-25,3851.77,0.282,0.37731542272744223
INV_05,2020-11-26,1760.09,0.1307,0.23889378452133841
INV_05,2020-11-27,3180.93,0.0886,0.41250649982719606
INV_05,2020-11-30,10541.01,-0.2347,1.1567532083309404
INV_05,2020-12-01,11111.06,0.6828,0.724903496029057
INV_05,2020-12-02,1165.73,0.4703,-0.009895787916953058
INV_05,2020-12-03,4279.42,-0.1733,0.6492668906145834
INV_05,2020-12-04,10059.98,-0.359,1.1878947450785335
INV_05,2020-12-07,15935.4,0.3402,1.1998961023772827
INV_05,2020-12-08,16486.45,0.7299,1.03260007055048
INV_05,2020-12-09,856.87,-0.1105,0.2437510628730245
INV_05,2020-12-10,-8097.8,0.2643,-2.5920981686205264
INV_05,2020-12-11,4397.26,-0.4446,0.7986537581004581
INV_05,2020-12-14,-1519.02,0.4116,-0.9954066499778372
INV_05,2020-12-15,-11042.09,0.025,-3.0482306182575374
INV_05,2020-12-16,-1900.65,-0.0162,-0.9059674584628473
INV_05,2020-12-17,-7466.76,-0.0381,-2.3050245953666186
INV_05,2020-12-18,-2905.31,-0.108,-1.1658191134300318
INV_05,2020-12-21,-1012.76,0.3806,-0.7900012465004143
INV_05,2020-12-22,617.59,0.1112,0.09277793161932116
INV_05,2020-12-23,-1231.13,-0.2633,-0.5450928487251059
INV_05,2020-12-24,4487.47,0.5317,0.3067516007573381
INV_05,2020-12-25,0.0,0.0,0.0
INV_05,2020-12-28,7505.52,-0.1442,0.8960914082523491
INV_05,2020-12-29,0.0,0.0,0.0
INV_05,2020-12-30,4191.32,0.2348,0.4324236001827817
INV_05,2020-12-31,-1937.76,0.4355,-1.14937467832401
INV_05,2021-01-01,0.0,0.0,0.0
INV_05,2021-01-04,7960.91,1.1054,0.2900013118026977
INV_05,2021-01-05,11122.64,-0.31,1.233980704516911
INV_05,2021-01-06,-2903.26,0.1098,-1.2767450196428696
INV_05,2021-01-07,1709.08,-0.5551,0.5839506812456952
INV_05,2021-01-08,9790.86,-0.4686,1.2256119805621397
INV_05,2021-01-11,-490.77,1.0065,-0.8784379391052307
INV_05,2021-01-12,7298.63,-0.261,0.9403664430063701
INV_05,2021-01-13,16819.15,-0.1168,1.4854038031946861
INV_05,2021-01-14,0.0,0.0,0.0
INV_05,2021-01-15,42462.98,0.4474,2.4519702520232767
INV_05,2021-01-18,72410.43,-2.9378,5.362350326946712
INV_05,2021-01-19,8778.31,1.127,0.33794471148398886
INV_05,2021-01-20,28068.24,-1.093,2.5811579297943235
INV_05,2021-01-21,30611.02,0.7762,1.747296012895742
INV_05,2021-01-22,42567.53,0.2699,2.547350445802779
INV_05,2021-01-25,29062.84,3.4785,0.2891329074935376
INV_05,2021-01-26,-16766.62,1.3406,-4.722201562050179
INV_05,2021-01-27,28668.4,-2.1249,3.1388708606581295
INV_05,2021-01-28,0.0,0.0,0.0
INV_05,2021-01-29,-30563.95,2.5083,-7.362410626849523
INV_05,2021-02-01,-24357.43,-0.2956,-5.05510629616268
INV_05,2021-02-02,-90714.88,-0.3402,-12.5900908733844
INV_05,2021-02-03,38627.38,0.1321,2.445770304510335
INV_05,2021-02-04,0.0,0.0,0.0
INV_05,2021-02-05,-2318.8,0.5154,-1.3109383672158594
INV_05,2021-02-08,0.0,-2.3194,1.1875328
INV_05,2021-02-09,22.47,-1.7907,0.9324624383180088
INV_05,2021-02-10,-92782.97,4.8613,-15.451005865237944
INV_05,2021-02-11,-8437.29,-0.8356,-2.0987336705582247
INV_05,2021-02-12,59596.49,-0.575,3.672717829896519
INV_05,2021-02-15,-32763.3,2.2003,-7.499697216370721
INV_05,2021-02-16,-33644.92,-1.2771,-5.835732358176836
INV_05,2021-02-17,-1510.53,-0.0171,-0.7729186005971395
INV_05,2021-02-18,28610.63,-0.5933,2.3518721632903854
INV_05,2021-02-19,-249.19,0.4129,-0.44011904356892406
INV_05,2021-02-22,-22973.55,-0.2296,-4.885288177752382
INV_05,2021-02-23,-35099.64,-1.255,-6.03712144461051
INV_05,2021-02-24,-5223.24,0.4928,-2.0740871953778974
INV_05,2021-02-25,14222.07,1.0385,0.7398005108301509
INV_05,2021-02-26,0.0,0.0,0.0
INV_05,2021-03-01,11749.62,-1.1347,1.6972029681609677
INV_05,2021-03-02,-15860.55,-0.4287,-3.66626921864647
INV_05,2021-03-03,-22316.4,-0.4958,-4.650946946288521
INV_05,2021-03-04,-19560.38,-0.591,-4.180510266704676
INV_05,2021-03-05,1306.77,0.6969,-0.1072109360732185
INV_05,2021-03-08,31945.78,1.1301,1.6294443982199431
INV_05,2021-03-09,-1012.02,0.2053,-0.6999510439924264
INV_05,2021-03-10,-14049.66,-0.1688,-3.4909737297214924
INV_05,2021-03-11,0.0,0.0,0.0
INV_05,2021-03-12,4718.21,0.4578,0.3647295430269395
INV_05,2021-03-15,-9604.02,-0.1759,-2.669832675872084
INV_05,2021-03-16,-2643.18,-0.3592,-0.9609427202689129
INV_05,2021-03-17,-13176.68,0.2203,-3.5370559216147006
INV_05,2021-03-18,-12694.27,-0.301,-3.1841453088309892
INV_05,2021-03-19,-8846.2,0.2184,-2.7212615606123647
INV_05,2021-03-22,10322.48,0.0478,0.9974083361172564
INV_05,2021-03-23,2171.48,0.3558,0.17074325548434546
INV_05,2021-03-24,19876.11,0.5853,1.2979041710526582
INV_05,2021-03-25,-9463.35,0.2962,-2.8839139928243664
INV_05,2021-03-26,-3370.67,0.7519,-1.7363040140756372
INV_05,2021-03-29,3096.08,0.3175,0.2869443538628038
INV_05,2021-03-30,-2131.32,0.115,-1.047427909729111
INV_05,2021-03-31,5772.44,-1.6394,1.5268323184774317
INV_05,2021-04-01,4041.65,0.2382,0.4171461962609335
INV_05,2021-04-02,0.0,0.0,0.0
INV_05,2021-04-05,8947.81,-0.6072,1.2378673857067601
INV_05,2021-04-06,5351.92,1.5974,-0.1649734792268963
INV_05,2021-04-07,6982.39,0.0527,0.7557454704933957
INV_05,2021-04-08,11846.78,0.5299,0.8512146454756465
INV_05,2021-04-09,20018.59,-1.222,2.2310432182236815
INV_05,2021-04-12,15987.76,0.034,1.359748058380351
INV_05,2021-04-13,0.0,0.0,0.0
INV_05,2021-04-14,0.0,0.0,0.0
INV_05,2021-04-15,12005.9,-0.559,1.4189922451700028
INV_05,2021-04-16,-3365.0,0.0212,-1.3606349089066367
INV_05,2021-04-19,-7989.11,-0.2586,-2.3018359627580955
INV_05,2021-04-20,-31673.68,-0.0632,-6.195456979666489
INV_05,2021-04-21,10412.52,-0.205,1.1329125985921995
INV_05,2021-04-22,-23854.99,0.6006,-5.440473071355087
INV_05,2021-04-23,-11466.62,-0.7383,-2.7365331223278373
INV_05,2021-04-26,0.0,0.0,0.0
INV_05,2021-04-27,-19893.25,-0.8369,-4.106500510776944
INV_05,2021-04-28,20903.54,0.767,1.260741676082593
INV_05,2021-04-29,-2344.41,-0.3555,-0.87291056122451
INV_05,2021-04-30,67.46,0.2359,-0.08771267263127613
INV_05,2021-05-03,-4692.8,-0.2325,-1.5744240864134944
INV_05,2021-05-04,-9046.51,-0.3555,-2.467578562803271
INV_05,2021-05-05,7831.79,-0.1417,0.9190236244354444
INV_05,2021-05-06,2914.09,-0.0497,0.4567578814071693
INV_05,2021-05-07,5980.41,0.7356,0.32762873244995017
INV_05,2021-05-10,-15077.27,0.0926,-3.8012483280803795
INV_05,2021-05-11,6634.67,-0.439,0.9806966066143304
INV_05,2021-05-12,760.26,0.1763,0.08224515678150726
INV_05,2021-05-13,4334.92,0.2655,0.42954901565754805
INV_05,2021-05-14,0.0,0.0,0.0
INV_05,2021-05-17,19464.51,0.6854,1.2240153336840154
INV_05,2021-05-18,-224.91,0.5295,-0.4843737765444387
INV_05,2021-05-19,733.67,-0.1468,0.24353423904172045
INV_05,2021-05-20,795.74,-0.9833,0.6814110564118003
INV_05,2021-05-21,-9467.59,-0.0404,-2.712409619569996
INV_05,2021-05-24,-2889.48,0.275,-1.3573735393656345
INV_05,2021-05-25,6614.29,0.261,0.6207122156541327
INV_05,2021-05-26,0.0,0.0,0.0
INV_05,2021-05-27,0.0,0.0,0.0
INV_05,2021-05-28,10529.96,0.0547,1.007839196198344
INV_05,2021-05-31,10985.56,-0.2157,1.1766434634768739
INV_05,2021-06-01,14170.4,-0.4848,1.5165777794482918
INV_05,2021-06-02,10589.3,-0.9863,1.5448087115924962
INV_05,2021-06-03,4122.87,0.4652,0.3082873862085429
INV_05,2021-06-04,-1362.96,0.8039,-1.1403438623463305
INV_05,2021-06-07,13972.51,-0.9412,1.7381475410668004
INV_05,2021-06-08,-1751.27,-0.5726,-0.5714505485633459
INV_05,2021-06-09,8218.72,-0.4017,1.0804455836399955
INV_05,2021-06-10,6750.67,0.4576,0.530626254466728
INV_05,2021-06-11,259.51,-0.2522,0.2120070397336543
INV_05,2021-06-14,11636.2,-1.3916,1.8213758100562902
INV_05,2021-06-15,-2141.82,0.0698,-1.027604325510883
INV_05,2021-06-16,-435.8,0.7302,-0.7087146518460994
INV_05,2021-06-17,-6051.62,0.7401,-2.3930997050921174
INV_05,2021-06-18,11327.6,-0.8459,1.5218354653344994
INV_05,2021-06-21,371.05,-0.6454,0.4362124661267422
INV_05,2021-06-22,-9930.22,-0.411,-2.6130517025507856
INV_05,2021-06-23,2411.73,-0.0898,0.4250726935932914
INV_05,2021-06-24,0.0,0.0,0.0
INV_05,2021-06-25,2599.53,0.2084,0.2922857692553464
INV_05,2021-06-28,-8040.52,0.5249,-2.713660151385106
INV_05,2021-06-29,-7577.49,-0.4967,-2.0936763371977203
INV_05,2021-06-30,-10970.98,-0.2087,-2.915230873155592
INV_05,2021-07-01,-1785.2,-0.2534,-0.7462706580880892
INV_05,2021-07-02,-1676.27,0.6412,-1.1674875400681137
INV_05,2021-07-05,-4166.06,-0.2345,-1.441328686134758
INV_05,2021-07-06,5268.31,-1.1956,1.2580688501723025
INV_05,2021-07-07,-7042.33,0.7895,-2.6378060023500107
INV_05,2021-07-08,2349.45,0.4564,0.13871400863231623
INV_05,2021-07-09,6432.75,0.2179,0.6285967683079291
INV_05,2021-07-12,843.83,0.2197,0.07274127852130143
INV_05,2021-07-13,3409.75,0.1886,0.383520290054816
INV_05,2021-07-14,8615.08,-0.4196,1.1181660715648425
INV_05,2021-07-15,6981.52,0.033,0.7657653555957737
INV_05,2021-07-16,-4187.68,0.3247,-1.7331607377090559
INV_05,2021-07-19,8409.48,0.9807,0.38645345863088
INV_05,2021-07-20,-2286.24,0.6223,-1.3556215634558548
INV_05,2021-07-21,0.0,0.0,0.0
INV_05,2021-07-22,-4743.2,0.3169,-1.8680997214858561
INV_05,2021-07-23,0.0,0.0,0.0
INV_05,2021-07-26,-9551.86,-0.2222,-2.635895630578896
INV_05,2021-07-27,-2110.52,-0.2021,-0.8784828973251575
INV_05,2021-07-28,645.96,0.0347,0.13660265190416576
INV_05,2021-07-29,8697.71,-0.0827,0.9515732392321213
INV_05,2021-07-30,-6034.77,0.2158,-2.1208316123560924
INV_05,2021-08-02,-1635.51,0.4753,-1.0685756442986893
INV_05,2021-08-03,1399.58,1.1403,-0.32227412899236324
INV_05,2021-08-04,34.34,-0.0409,0.0418056755339892
INV_05,2021-08-05,-11901.01,-1.2935,-2.5322618995812523
INV_05,2021-08-06,1956.53,0.4344,0.10628273207673583
INV_05,2021-08-09,-9193.29,0.2504,-2.8070432913551064
INV_05,2021-08-10,-5062.93,0.2228,-1.8975256903907316
INV_05,2021-08-11,1286.64,0.1803,0.1546595309071
INV_05,2021-08-12,-10769.98,-0.76,-2.595093532408498
INV_05,2021-08-13,2492.79,-0.1599,0.4696079404084462
INV_05,2021-08-16,211.69,-0.4736,0.31461514350489417
INV_05,2021-08-17,20004.37,-0.0657,1.6382398016616
INV_05,2021-08-18,28527.92,-1.0227,2.5676851015023603
INV_05,2021-08-19,-783.78,-0.7902,-0.0951065718638352
INV_05,2021-08-20,-13930.67,1.3437,-4.244682654403826
INV_05,2021-08-23,20620.04,1.3677,0.9378565764062783
INV_05,2021-08-24,30498.29,-1.7176,3.0187318535199683
INV_05,2021-08-25,-3416.4,0.5358,-1.6381374886397548
INV_05,2021-08-26,22113.05,2.6597,0.3563412749533035
INV_05,2021-08-27,-4845.03,0.9427,-2.2134011952467216
INV_05,2021-08-30,-15240.04,0.2096,-3.8887434179454603
INV_05,2021-08-31,-3074.36,1.8937,-2.2387100847256427
INV_05,2021-09-01,4236.08,1.5526,-0.2382717930601541
INV_05,2021-09-02,25169.03,0.0122,1.8704366792207543
INV_05,2021-09-03,-3095.22,0.077,-1.314426259617256
INV_05,2021-09-06,1949.75,-1.371,1.0298702816899072
INV_05,2021-09-07,-33670.85,1.6753,-7.350771772583819
INV_05,2021-09-08,-35266.56,-0.042,-6.679825456239206
INV_05,2021-09-09,30639.54,-0.7455,2.5277689879721885
INV_05,2021-09-10,-11900.25,-0.1986,-3.0927115678921098
INV_05,2021-09-13,-8240.59,-3.2397,-0.8275127513941551
INV_05,2021-09-14,-2992.84,1.8871,-2.2122819629373476
INV_05,2021-09-15,11424.49,1.3508,0.40346753862379225
INV_05,2021-09-16,-1957.3,-0.5018,-0.6758378978205715
INV_05,2021-09-17,-14450.18,0.6841,-3.9968992470333453
INV_05,2021-09-20,0.0,0.0,0.0
INV_05,2021-09-21,-6546.36,-0.1968,-2.024298695514834
INV_05,2021-09-22,-980.32,0.5966,-0.8875251820490138
INV_05,2021-09-23,9063.49,0.1235,0.8719055659973058
INV_05,2021-09-24,4880.68,0.617,0.2972133245537674
INV_05,2021-09-27,22219.58,0.132,1.6561642832733694
INV_05,2021-09-28,-1384.78,0.9346,-1.2151988470602344
INV_05,2021-09-29,6496.96,1.1961,0.13278908775163134
INV_05,2021-09-30,4777.67,0.4744,0.3613693807825701
INV_05,2021-10-01,3458.05,-0.1554,0.5642758551351159
INV_05,2021-10-04,16679.35,-1.3718,2.119871697467521
INV_05,2021-10-05,-4132.18,0.3259,-1.719582317922154
INV_05,2021-10-06,11595.5,0.8143,0.6893083835327545
INV_05,2021-10-07,21948.3,-1.3236,2.3870505540035967
INV_05,2021-10-08,296.26,-0.1987,0.19244979555738032
INV_05,2021-10-11,8417.1,-1.8684,1.8457416938561977
INV_05,2021-10-12,412.5,-0.0523,0.14046678046764915
INV_05,2021-10-13,-11614.95,-0.8232,-2.720485311585925
INV_05,2021-10-14,5211.25,0.726,0.2694302269370246
INV_05,2021-10-15,-4271.18,0.329,-1.7566033649831683
INV_05,2021-10-18,8675.63,-0.5061,1.1667792293335884
INV_05,2021-10-19,0.0,0.0,0.0
INV_05,2021-10-20,0.0,0.0,0.0
INV_05,2021-10-21,1315.94,0.4364,0.0273582798306842
INV_05,2021-10-22,-3656.94,1.2165,-2.0514317283196917
INV_05,2021-10-25,-2572.06,1.2881,-1.783260662460389
INV_05,2021-10-26,4957.76,0.0132,0.6129461865439126
INV_05,2021-10-27,13086.81,0.018,1.1921646969193345
INV_05,2021-10-28,10191.73,-1.1091,1.5808956558543534
INV_05,2021-10-29,-4219.54,0.9,-2.0358347483035253
INV_05,2021-11-01,-9056.27,-0.0993,-2.600702170324894
INV_05,2021-11-02,2253.47,-0.4452,0.5898893442926676
INV_05,2021-11-03,4564.08,-0.688,0.9379609781253093
INV_05,2021-11-04,0.0,0.0,0.0
INV_05,2021-11-05,8424.16,-1.2512,1.530243838990052
INV_05,2021-11-08,59781.98,-4.2899,5.5819141681097175
INV_05,2021-11-09,-25535.61,0.6589,-5.7142705402694345
INV_05,2021-11-10,20136.94,-0.7543,1.998047617988163
INV_05,2021-11-11,35539.75,-2.8717,3.8448925525728574
INV_05,2021-11-12,24124.5,-2.0306,2.8628766992152697
INV_05,2021-11-15,11883.17,-1.343,1.8124898880792697
INV_05,2021-11-16,50701.87,-3.3915,4.762151395155145
INV_05,2021-11-17,4556.96,0.9555,0.09586567713225164
INV_05,2021-11-18,0.0,0.0,0.0
INV_05,2021-11-19,-93443.02,7.0311,-16.624760242662656
INV_05,2021-11-22,26611.65,-1.3168,2.623592657971165
INV_05,2021-11-23,-19014.11,2.708,-5.783827118726585
INV_05,2021-11-24,-22586.99,1.747,-5.839742301107218
INV_05,2021-11-25,12590.58,-0.5011,1.4266853286398196
INV_05,2021-11-26,11106.51,0.6461,0.7433937906318342
INV_05,2021-11-29,-4976.36,0.5483,-2.0433272102342834
INV_05,2021-11-30,8618.97,0.5762,0.6085946287861792
INV_05,2021-12-01,-12279.45,1.6624,-4.114616779737211
INV_05,2021-12-02,3692.41,-0.0869,0.55137304373135
INV_05,2021-12-03,-10606.92,0.0557,-2.981843346293314
INV_05,2021-12-06,11186.01,0.7789,0.6806381824209891
INV_05,2021-12-07,13726.69,-0.5668,1.5313390871770693
INV_05,2021-12-08,1726.5,-0.2411,0.4252629182759312
INV_05,2021-12-09,9603.68,-0.0399,0.9932264173681402
INV_05,2021-12-10,2156.62,2.0708,-0.7089856225904421
INV_05,2021-12-13,502.62,2.8757,-1.3422679187515185
INV_05,2021-12-14,34389.22,-1.159,2.9152893649633795
INV_05,2021-12-15,-5466.83,0.019,-1.8890231539149778
INV_05,2021-12-16,-12891.16,0.42,-3.588522634709535
INV_05,2021-12-17,14833.9,-0.0743,1.3466091506598457
INV_05,2021-12-20,3767.92,-1.7538,1.4118724894197627
INV_05,2021-12-21,2543.19,-0.601,0.7007805951374839
INV_05,2021-12-22,75186.38,-4.1568,6.086747586595338
INV_05,2021-12-23,9902.67,0.0518,0.9668301773537105
INV_05,2021-12-24,17816.74,-1.0809,2.036160313774998
INV_05,2021-12-27,2234.64,-1.0021,0.8729567328598915
INV_05,2021-12-28,-3973.56,-0.0907,-1.4653810990565734
INV_05,2021-12-29,-2125.07,0.1135,-1.0446819558436733
INV_05,2021-12-30,-10425.46,0.8859,-3.3723535310579558
INV_05,2021-12-31,11165.2,-0.1863,1.1734506274600436
INV_05,2022-01-03,42716.3,-0.2049,2.7968455673802137
INV_05,2022-01-04,12690.12,-0.8109,1.5916041260784168
INV_05,2022-01-05,-7240.99,1.2352,-2.9087854951926113
INV_05,2022-01-06,7903.03,1.8519,-0.09645591706178303
INV_05,2022-01-07,24169.9,-0.7521,2.2106240137464206
INV_05,2022-01-10,1217.63,0.8077,-0.17568237418184146
INV_05,2022-01-11,-1046.61,-0.1665,-0.523380974937687
INV_05,2022-01-12,-2732.01,-0.3903,-0.9711215309143646
INV_05,2022-01-13,-5366.47,-0.2864,-1.7090600613791191
INV_05,2022-01-14,0.0,0.0,0.0
INV_05,2022-01-17,0.0,0.0,0.0
INV_05,2022-01-18,53036.24,-1.9027,4.094211179085954
INV_05,2022-01-19,-3191.05,1.5841,-2.1128525755811483
INV_05,2022-01-20,-165.73,0.1333,-0.24142687703430477
INV_05,2022-01-21,-3828.42,-0.181,-1.3812642053458035
INV_05,2022-01-24,-10746.45,0.6602,-3.317787855536228
INV_05,2022-01-25,-30671.72,2.3637,-7.302983798297835
INV_05,2022-01-26,-18171.98,-0.852,-3.8273290428102786
INV_05,2022-01-27,-19421.87,-0.0174,-4.452518567507175
INV_05,2022-01-28,-15801.82,-0.715,-3.509864815641669
INV_05,2022-01-31,25480.15,-2.1146,2.975148454793327
INV_05,2022-02-01,32324.57,-1.6735,3.082709911802473
INV_05,2022-02-02,-25142.58,0.3631,-5.50624058542646
INV_05,2022-02-03,25295.58,-4.444,4.158441278206272
INV_05,2022-02-04,0.0,0.0,0.0
INV_05,2022-02-07,-18593.43,3.8301,-6.291755313311911
INV_05,2022-02-08,-30138.45,0.6001,-6.327574283712862
INV_05,2022-02-09,-40349.21,-0.0043,-7.3435938417882936
INV_05,2022-02-10,-45.16,-2.7102,1.316271161111496
INV_05,2022-02-11,19550.36,0.2379,1.4578694744529552
INV_05,2022-02-14,3728.29,2.3009,-0.6678265521869354
INV_05,2022-02-15,3426.29,0.154,0.4028225003160121
INV_05,2022-02-16,0.0,0.0,0.0
INV_05,2022-02-17,5964.53,-0.8163,1.120925628559434
INV_05,2022-02-18,-31557.03,2.2226,-7.350134899207051
INV_05,2022-02-21,-61234.65,2.068,-10.821999531454821
INV_05,2022-02-22,3616.58,-5.2699,3.197946262725443
INV_05,2022-02-23,-43790.47,3.1227,-9.366303897302334
INV_05,2022-02-24,-71283.51,1.3708,-11.53108728163587
INV_05,2022-02-25,45294.35,-8.8491,7.3324417770571895
INV_05,2022-02-28,49046.19,0.8495,2.523019416179527
INV_05,2022-03-01,0.0,0.0,0.0
INV_05,2022-03-02,17930.82,3.9427,-0.5294545977818157
INV_05,2022-03-03,-33480.59,0.3687,-6.656747898176173
INV_05,2022-03-04,6712.98,-2.9422,2.26840868025221
INV_05,2022-03-07,-39653.06,4.2391,-9.429540442324566
INV_05,2022-03-08,-60315.86,1.6179,-10.491401644982634
INV_05,2022-03-09,-36460.13,-0.665,-6.514707800239864
INV_05,2022-03-10,79137.19,-10.3151,9.380497960473678
INV_05,2022-03-11,-9030.28,9.1819,-7.34748452508412
INV_05,2022-03-14,-22637.05,-0.3616,-4.76761140758301
INV_05,2022-03-15,-43079.78,2.1902,-8.8026668312923
INV_05,2022-03-16,-1844.14,-2.6754,0.4741703968531451
INV_05,2022-03-17,0.0,0.0,0.0
INV_05,2022-03-18,10331.86,-0.5421,1.3000703364837594
INV_05,2022-03-21,6136.69,1.2683,0.06738603212401129
INV_05,2022-03-22,-11051.37,1.7535,-3.9349621940798034
INV_05,2022-03-23,-2223.04,-0.5061,-0.7582431730953562
INV_05,2022-03-24,-10708.79,0.8504,-3.4080446127943196
INV_05,2022-03-25,-4181.89,0.8221,-1.9863516881481436
INV_05,2022-03-28,-37925.71,3.7431,-8.958404157436618
INV_05,2022-03-29,-55975.88,0.8591,-9.623099948661745
INV_05,2022-03-30,-24222.37,-2.7094,-3.7995343862174984
INV_05,2022-03-31,-7267.59,-3.6186,-0.42933965122239504
INV_05,2022-04-01,-41748.92,-7.7818,-3.5343601688577495
INV_05,2022-04-04,-7615.64,-4.4708,-0.06699281626518427
INV_05,2022-04-05,59089.29,1.5877,2.5457803384022784
INV_05,2022-04-06,-29943.51,-0.0076,-5.989847174826628
INV_05,2022-04-07,-41916.12,-0.8874,-7.08481586484154
INV_05,2022-04-08,-13788.23,-0.3922,-3.331059013973402
INV_05,2022-04-11,0.0,0.0,0.0
INV_05,2022-04-12,0.0,0.0,0.0
INV_05,2022-04-13,0.0,0.0,0.0
INV_05,2022-04-14,0.0,0.0,0.0
INV_05,2022-04-15,0.0,0.0,0.0
INV_05,2022-04-18,0.0,0.0,0.0
INV_05,2022-04-19,0.0,0.0,0.0
INV_05,2022-04-20,0.0,0.0,0.0
INV_05,2022-04-21,0.0,0.0,0.0
INV_05,2022-04-22,0.0,0.0,0.0
INV_05,2022-04-25,-64688.56,-4.1574,-8.006876231869722
INV_05,2022-04-26,-71636.0,-2.5889,-9.540213004756108
INV_05,2022-04-27,33701.89,7.226,-1.4095816456372043
INV_05,2022-04-28,21933.3,3.9598,-0.31884706072915314
INV_05,2022-04-29,440.77,0.1753,0.02919315618303181
INV_05,2022-05-02,0.0,0.0,0.0
INV_05,2022-05-03,0.0,0.0,0.0
INV_05,2022-05-04,7304.01,-0.6724,1.1514087562241162
INV_05,2022-05-05,-14466.7,0.2059,-3.754903573980497
INV_05,2022-05-06,-14013.15,-1.723,-2.688880582177678
INV_05,2022-05-09,12194.08,0.4755,0.9014073302332014
INV_05,2022-05-10,0.0,0.0,0.0
INV_05,2022-05-11,0.0,0.0,0.0
INV_05,2022-05-12,17375.39,1.7825,0.5449499689094802
INV_05,2022-05-13,34823.69,1.7096,1.4665322723188767
INV_05,2022-05-16,0.0,0.0,0.0
INV_05,2022-05-17,27714.51,2.8385,0.550819958599988
INV_05,2022-05-18,-3922.2,-0.1358,-1.4289354407921855
INV_05,2022-05-19,-21614.61,-1.2242,-4.172279384838137
INV_05,2022-05-20,7043.19,1.0605,0.24439376470611984
INV_05,2022-05-23,23014.32,1.1941,1.1541818387243046
INV_05,2022-05-24,-3005.89,-0.7182,-0.8820714083846379
INV_05,2022-05-25,-8018.97,-0.5325,-2.1678004418548857
INV_05,2022-05-26,-3743.95,-0.9188,-0.981252827794334
INV_05,2022-05-27,-11951.75,0.7274,-3.576245191123938
INV_05,2022-05-30,-8997.19,0.3624,-2.8252832245693402
INV_05,2022-05-31,-18705.8,0.3696,-4.537812187588714
INV_05,2022-06-01,-4244.41,-0.4706,-1.340412818091155
INV_05,2022-06-02,6058.28,0.0085,0.7061450040023695
INV_05,2022-06-03,-463.29,-0.854,0.0881309723020749
INV_05,2022-06-06,-20788.73,-2.03,-3.6338791212547377
INV_05,2022-06-07,-9787.0,-2.3348,-1.6002295407957747
INV_05,2022-06-08,15376.4,1.4584,0.5943180535233339
INV_05,2022-06-09,9984.63,0.5173,0.7340939096562955
INV_05,2022-06-10,508.32,-0.3302,0.30015723119862303
INV_05,2022-06-13,1159.43,-0.695,0.585886045335785
INV_05,2022-06-14,0.0,0.0,0.0
INV_05,2022-06-15,-16567.22,-0.7192,-3.6347880322269726
INV_05,2022-06-16,-6223.68,-0.2563,-1.9218245756225092
INV_05,2022-06-17,-20508.49,-1.732,-3.743398499633835
INV_05,2022-06-20,-762.46,-0.0776,-0.4506472470483436
INV_05,2022-06-21,12552.07,0.1919,1.0694272773041742
INV_05,2022-06-22,-422.28,0.4286,-0.5471752281386658
INV_05,2022-06-23,166.15,0.8804,-0.3896169437826509
INV_05,2022-06-24,17307.22,-0.1991,1.555626607184081
INV_05,2022-06-27,-18980.32,-1.6751,-3.534348920648153
INV_05,2022-06-28,-10344.53,-0.8014,-2.4929842853888498
INV_05,2022-06-29,2848.15,0.2935,0.2743591688602047
INV_05,2022-06-30,-4371.87,-0.22,-1.5009544562467254
INV_05,2022-07-01,23117.52,-0.4635,2.008268635857874
INV_05,2022-07-04,-2580.89,-1.2132,-0.5052247143234313
INV_05,2022-07-05,-12493.89,-0.9249,-2.8286799349027874
INV_05,2022-07-06,-18251.66,-0.112,-4.218949963608336
INV_05,2022-07-07,-6305.93,-0.1332,-2.0033174137785057
INV_05,2022-07-08,476.35,0.6597,-0.21235250741903564
INV_05,2022-07-11,19373.35,2.0634,0.5134451018209065
INV_05,2022-07-12,7701.73,0.3714,0.6467039772274611
INV_05,2022-07-13,0.0,0.0,0.0
INV_05,2022-07-14,-2159.1,-0.9593,-0.5061557085822173
INV_05,2022-07-15,20876.15,0.5165,1.3875198034028315
INV_05,2022-07-18,8067.93,0.1311,0.7966739500753042
INV_05,2022-07-19,5366.57,0.9577,0.1637712568584781
INV_05,2022-07-20,12697.64,-0.5323,1.449436326105773
INV_05,2022-07-21,9526.35,-0.9532,1.4554869897268283
INV_05,2022-07-22,-1449.84,-0.4904,-0.5090307700304932
INV_05,2022-07-25,-6009.43,-0.5321,-1.732145908821714
INV_05,2022-07-26,-5106.78,-0.1325,-1.726132127842959
INV_05,2022-07-27,-5142.23,0.1168,-1.862257539177318
INV_05,2022-07-28,5124.8,0.3475,0.4559492155102197
INV_05,2022-07-29,0.0,0.7605,-0.389376
INV_05,2022-08-01,7192.85,-0.8516,1.2347611320454734
INV_05,2022-08-02,18721.3,0.4634,1.2964135485082435
INV_05,2022-08-03,17108.87,1.7024,0.5706756537394514
INV_05,2022-08-04,11339.48,2.4573,-0.16862433794763088
INV_05,2022-08-05,36778.62,-1.5993,3.2495680290379583
INV_05,2022-08-08,2556.71,2.1855,-0.7244834893870289
INV_05,2022-08-09,11699.87,-0.7207,1.4820094260724865
INV_05,2022-08-10,37682.31,1.054,1.9316538103100562
INV_05,2022-08-11,0.0,0.0,0.0
INV_05,2022-08-12,43248.8,1.102,2.150553931720614
INV_05,2022-08-15,-6095.28,1.3369,-2.708560397019556
INV_05,2022-08-16,-14551.4,-0.6952,-3.308099194243599
INV_05,2022-08-17,-14668.17,-1.7243,-2.8012271252555374
INV_05,2022-08-18,-3962.49,0.8644,-1.9515185771989214
INV_05,2022-08-19,-3643.14,0.3722,-1.6154712767910993
INV_05,2022-08-22,6028.3,0.9489,0.2222604250641807
INV_05,2022-08-23,2813.77,-0.8406,0.8515158826145799
INV_05,2022-08-24,-1576.37,-1.3777,-0.09936985393741182
INV_05,2022-08-25,-29731.6,-0.0744,-5.926684089160138
INV_05,2022-08-26,-5179.82,0.3756,-2.0037387993691524
INV_05,2022-08-29,-10115.64,-0.2482,-2.732255088682513
INV_05,2022-08-30,7338.17,0.4692,0.5694821268983714
INV_05,2022-08-31,36909.78,-1.0057,2.9515533733246966
INV_05,2022-09-01,25698.8,0.3697,1.714247256295752
INV_05,2022-09-02,10749.46,-0.7725,1.446043311304579
INV_05,2022-09-05,9927.41,-0.1416,1.0675428297682374
INV_05,2022-09-06,-6364.89,-0.5354,-1.8105807915805907
INV_05,2022-09-07,5109.75,0.2298,0.5149414900677762
INV_05,2022-09-08,9602.46,0.8873,0.518415734793203
INV_05,2022-09-09,14863.31,0.7932,0.9042179696443629
INV_05,2022-09-12,18019.44,-0.6701,1.837314691171398
INV_05,2022-09-13,-2748.76,-0.5217,-0.9087361482928809
INV_05,2022-09-14,22825.87,-0.3629,1.9414932235324787
INV_05,2022-09-15,28515.37,0.0072,2.0397629879114643
INV_05,2022-09-16,-10427.85,0.3536,-3.100272253156007
INV_05,2022-09-19,-5121.64,-0.2026,-1.6937994608851725
INV_05,2022-09-20,-9413.97,-0.2569,-2.590995433367507
INV_05,2022-09-21,9091.74,-0.272,1.0763884288073375
INV_05,2022-09-22,16686.77,-0.3392,1.5916105332610775
INV_05,2022-09-23,-4057.22,-0.5571,-1.2482204221692104
INV_05,2022-09-26,-15846.75,-0.2014,-3.780340699741759
INV_05,2022-09-27,-767.74,0.3018,-0.6472134730151311
INV_05,2022-09-28,5716.62,0.1784,0.5915779224758634
INV_05,2022-09-29,538.29,-0.5317,0.4085483745748296
INV_05,2022-09-30,7209.13,-0.6806,1.1484416353486635
INV_05,2022-10-03,-33283.14,-1.0717,-5.893224071639715
INV_05,2022-10-04,-43686.19,-2.1808,-6.6382921517800675
INV_05,2022-10-05,13053.51,-0.6555,1.5349109993745855
INV_05,2022-10-06,-21118.91,-0.5855,-4.423956526058161
INV_05,2022-10-07,-21984.38,0.1238,-4.918296180813728
INV_05,2022-10-10,0.0,0.0,0.0
INV_05,2022-10-11,-39168.8,-0.9345,-6.720078905172456
INV_05,2022-10-12,3113.26,1.0367,-0.07958644561900768
INV_05,2022-10-13,41455.16,0.7023,2.277898921322511
INV_05,2022-10-14,-7174.91,-0.1863,-2.166789199174688
INV_05,2022-10-17,-15434.28,-0.9043,-3.3512298550288735
INV_05,2022-10-18,-18271.64,-0.1168,-4.219684412088349
INV_05,2022-10-19,1286.28,0.0,0.24692600075333362
INV_05,2022-10-20,-14356.18,-1.1349,-3.0493762035043748
INV_05,2022-10-21,-11105.95,0.4115,-3.2580800671868557
INV_05,2022-10-24,0.0,0.0,0.0
INV_05,2022-10-25,-13499.59,-0.4693,-3.240990506972919
INV_05,2022-10-26,10825.12,1.13,0.4770004621428039
INV_05,2022-10-27,13327.63,1.4339,0.4822574425222831
INV_05,2022-10-28,-13400.39,-0.0925,-3.416444950471478
INV_05,2022-10-31,-2155.01,-1.7662,-0.09173406807200746
INV_05,2022-11-01,-5107.66,1.2355,-2.426758953610846
INV_05,2022-11-02,2813.37,-0.5965,0.726495852517765
INV_05,2022-11-03,66.07,-0.6971,0.3895171019721534
INV_05,2022-11-04,-1123.12,0.1673,-0.7242885730446249
INV_05,2022-11-07,0.0,0.0,0.0
INV_05,2022-11-08,-17676.75,-0.9648,-3.689984926120764
INV_05,2022-11-09,9705.0,0.0041,0.97768618746115
INV_05,2022-11-10,3094.93,0.4516,0.21817127854659601
INV_05,2022-11-11,8437.75,0.0044,0.8883551710019607
INV_05,2022-11-14,-3730.01,-0.1865,-1.352501968595167
INV_05,2022-11-15,-11590.98,0.2259,-3.253200881119102
INV_05,2022-11-16,-7949.99,-2.4523,-1.1705260151469856
INV_05,2022-11-17,-5587.41,0.3557,-2.0895849228748578
INV_05,2022-11-18,-19862.54,-1.3411,-3.843574358842476
INV_05,2022-11-21,-5297.72,-0.1247,-1.7756037992635487
INV_05,2022-11-22,27472.64,1.1072,1.4253004520710644
INV_05,2022-11-23,9643.43,1.488,0.21368585008459606
INV_05,2022-11-24,-8985.53,-1.3572,-1.9425144278760014
INV_05,2022-11-25,7070.2,2.5785,-0.5307641951509774
INV_05,2022-11-28,8657.92,2.1364,-0.18744482073211877
INV_05,2022-11-29,2662.91,0.8097,-0.008970902556682592
INV_05,2022-11-30,28712.52,0.7674,1.6601653453967031
INV_05,2022-12-01,7551.99,-0.3211,0.9901328493841669
INV_05,2022-12-02,9259.51,0.4504,0.7182789722953267
INV_05,2022-12-05,1559.46,1.1205,-0.29211170338470044
INV_05,2022-12-06,8853.37,0.1526,0.8421659459414392
INV_05,2022-12-07,0.0,0.0,0.0
INV_05,2022-12-08,-12249.68,1.3803,-3.964783600542609
INV_05,2022-12-09,-3572.49,-0.2739,-1.2657640157710877
INV_05,2022-12-12,1895.63,-0.0989,0.37231967154724155
INV_05,2022-12-13,-3753.79,-0.0165,-1.4458314169416973
INV_05,2022-12-14,14907.51,-0.5868,1.6134342185965664
INV_05,2022-12-15,-6192.44,-0.5433,-1.7678466957058259
INV_05,2022-12-16,-4786.35,-0.0771,-1.6769400827389775
INV_05,2022-12-19,-9884.04,-0.7772,-2.4165956854558077
INV_05,2022-12-20,-11456.31,-0.9813,-2.6102069875153866
INV_05,2022-12-21,-2582.47,-1.2743,-0.4744117502793461
INV_05,2022-12-22,-6927.17,0.2106,-2.316434089867567
INV_05,2022-12-23,-1606.2,-0.577,-0.5196831030513018
INV_05,2022-12-26,0.0,0.0,0.0
INV_05,2022-12-27,4300.58,0.8234,0.14084525942967335
INV_05,2022-12-28,-3262.82,-0.6285,-0.999898720080613
INV_05,2022-12-29,-2330.69,0.0246,-1.0633073965401374
INV_05,2022-12-30,3694.05,0.026,0.493721773644207
INV_05,2023-01-02,2591.62,-0.0492,0.42334857963350936
INV_05,2023-01-03,5591.42,-0.0484,0.6974632275944858
INV_05,2023-01-04,-8772.92,0.0492,-2.619869532682561
INV_05,2023-01-05,-2119.97,-0.5673,-0.6944969745077736
INV_05,2023-01-06,0.0,0.0,0.0
INV_05,2023-01-09,-6425.2,-0.6407,-1.7701188381208701
INV_05,2023-01-10,-297.86,-0.5748,0.035990914891108394
INV_05,2023-01-11,-1174.07,-0.0629,-0.6260448512541652
INV_05,2023-01-12,-7299.84,0.2409,-2.4123051806138616
INV_05,2023-01-13,0.0,-0.8565,0.43852800000000003
INV_05,2023-01-16,0.0,0.0,0.0
INV_05,2023-01-17,10664.02,2.1538,-0.05792412952773818
INV_05,2023-01-18,-7044.23,0.6414,-2.5623897673879306
INV_05,2023-01-19,5909.64,0.5429,0.42059665636860366
INV_05,2023-01-20,28666.23,0.7218,1.681254585264825
INV_05,2023-01-23,33800.76,0.451,2.0637982174053175
INV_05,2023-01-24,-16693.69,0.244,-4.148761803128612
INV_05,2023-01-25,6659.32,0.2135,0.6485308913688534
INV_05,2023-01-26,9083.1,-1.1249,1.5124657739445864
INV_05,2023-01-27,16234.87,-0.8048,1.8036950008769521
INV_05,2023-01-30,-4805.62,-0.7511,-1.3365619254311594
INV_05,2023-01-31,9361.1,-1.4442,1.695401878630089
INV_05,2023-02-01,6853.61,0.681,0.42418122288085564
INV_05,2023-02-02,18056.03,-1.0622,2.0401385122164024
INV_05,2023-02-03,38572.89,-1.4196,3.237822093911102
INV_05,2023-02-06,-9452.15,-0.177,-2.6394298178057953
INV_05,2023-02-07,-18044.57,-0.3383,-4.069933457610492
INV_05,2023-02-08,10068.91,-0.9298,1.4807521282532154
INV_05,2023-02-09,201.07,-0.5585,0.35559586156011186
INV_05,2023-02-10,-7017.15,0.1774,-2.3189610991813137
INV_05,2023-02-13,-26757.01,0.0005,-5.551262885161929
INV_05,2023-02-14,-24938.62,0.3912,-5.491155067168457
INV_05,2023-02-15,1892.62,-0.3242,0.487324825980742
INV_05,2023-02-16,20775.38,0.9872,1.141078874996917
INV_05,2023-02-17,18014.54,-1.734,2.3817543675767556
INV_05,2023-02-20,51622.02,-1.9194,4.045778429289539
INV_05,2023-02-21,17371.61,-0.8281,1.8813609010371912
INV_05,2023-02-22,8628.78,-0.8263,1.3273759226062192
INV_05,2023-02-23,12463.7,0.263,1.0274112053538995
INV_05,2023-02-24,6074.46,-0.1416,0.7842897788341103
INV_05,2023-02-27,-24355.9,0.862,-5.647574452096619
INV_05,2023-02-28,-8274.81,0.3784,-2.6870165479558916
INV_05,2023-03-01,4131.98,-0.0228,0.5589666079013279
INV_05,2023-03-02,26076.57,-1.239,2.556940905280153
INV_05,2023-03-03,43502.75,-3.0357,4.27991779221965
INV_05,2023-03-06,0.0,0.0,0.0
INV_05,2023-03-07,76151.97,-4.631,6.364138466893047
INV_05,2023-03-08,18686.72,-1.9416,2.5258409833448194
INV_05,2023-03-09,-12858.78,1.4069,-4.088034190660387
INV_05,2023-03-10,-29191.45,0.5738,-6.184442136099536
INV_05,2023-03-13,-30678.79,1.2158,-6.7162167754724456
INV_05,2023-03-14,25858.33,-2.0377,2.9548869992904887
INV_05,2023-03-15,20441.06,-0.8149,2.0456371763144525
INV_05,2023-03-16,-6388.83,0.6213,-2.408155641044301
INV_05,2023-03-17,10726.27,0.1353,0.979703555504712
INV_05,2023-03-20,-1347.82,0.5024,-0.9804452388823919
INV_05,2023-03-21,-18134.05,-0.4906,-4.0062945541981
INV_05,2023-03-22,-13098.04,-0.2125,-3.30151143172601
INV_05,2023-03-23,-31040.32,0.6296,-6.464965975384488
INV_05,2023-03-24,5549.25,-0.32,0.8330582659219612
INV_05,2023-03-27,-24681.06,0.093,-5.301148856051888
INV_05,2023-03-28,-6196.75,-0.3395,-1.8731633888240993
INV_05,2023-03-29,15954.65,-0.5779,1.6710951300408101
INV_05,2023-03-30,-16354.62,0.8954,-4.426357678258037
INV_05,2023-03-31,21486.75,-0.9414,2.166766093201014
INV_05,2023-04-03,-16193.75,0.9784,-4.442193518208271
INV_05,2023-04-04,-11851.35,0.4441,-3.412815991699389
INV_05,2023-04-05,0.0,0.0,0.0
INV_05,2023-04-06,8946.53,0.1263,0.862224946177057
INV_05,2023-04-07,0.0,0.0,0.0
INV_05,2023-04-10,-2115.87,1.7286,-1.8686982383782114
INV_05,2023-04-11,8842.2,0.8492,0.4847147113133767
INV_05,2023-04-12,3434.97,-0.8146,0.8995775699170652
INV_05,2023-04-13,0.0,0.0,0.0
INV_05,2023-04-14,0.0,0.0,0.0
INV_05,2023-04-17,-3043.15,0.7258,-1.631944223208846
INV_05,2023-04-18,-2277.96,-1.2338,-0.40273551030802135
INV_05,2023-04-19,-4214.6,-0.3586,-1.3901737319636698
INV_05,2023-04-20,-2114.45,0.4485,-1.212836768481461
INV_05,2023-04-21,1900.43,-0.407,0.53062216849133
INV_05,2023-04-24,-18437.46,0.3968,-4.509096701852227
INV_05,2023-04-25,2831.64,-1.2202,1.0476932891692474
INV_05,2023-04-26,-5737.36,0.0515,-1.968599479516209
INV_05,2023-04-27,-8776.06,-0.1234,-2.532131660845289
INV_05,2023-04-28,-7516.39,0.3047,-2.491064454631773
INV_05,2023-05-01,0.0,0.0,0.0
INV_05,2023-05-02,-39095.51,-0.8789,-6.739357222179437
INV_05,2023-05-03,19474.83,-0.797,1.983573573777934
INV_05,2023-05-04,-1160.49,1.065,-1.1983275015871673
INV_05,2023-05-05,0.0,0.0,0.0
INV_05,2023-05-08,20900.54,-0.3116,1.8128230361715536
INV_05,2023-05-09,-1112.71,0.5128,-0.8971415975919759
INV_05,2023-05-10,-2126.45,-0.4408,-0.7613172470211049
INV_05,2023-05-11,28376.3,-1.6469,2.879860134023047
INV_05,2023-05-12,1398.54,-0.7235,0.6318589020742688
INV_05,2023-05-15,-3291.92,-0.4619,-1.0932257875953852
INV_05,2023-05-16,-19712.32,0.4847,-4.7549891188769156
INV_05,2023-05-17,-2515.64,0.0594,-1.1372955188082685
INV_05,2023-05-18,-9998.33,-0.4527,-2.6048944741416373
INV_05,2023-05-19,-5284.1,-0.7499,-1.4522748506765382
INV_05,2023-05-22,-15066.79,-0.5795,-3.455353429802068
INV_05,2023-05-23,9983.65,-0.2057,1.1042030399124068
INV_05,2023-05-24,15944.05,0.6712,1.030932743632334
INV_05,2023-05-25,-8040.76,0.3655,-2.632097121946061
INV_05,2023-05-26,7291.89,-0.9434,1.2892470867097368
INV_05,2023-05-29,-17131.91,-0.7356,-3.718947774565429
INV_05,2023-05-30,-8240.02,0.3231,-2.651549064738999
INV_05,2023-05-31,-266.1,0.0529,-0.26627310446545976
INV_05,2023-06-01,26307.03,-0.1023,1.9865223857609764
INV_05,2023-06-02,10584.44,-0.1535,1.118089616417617
INV_05,2023-06-05,-1402.48,0.2141,-0.8527116851440768
INV_05,2023-06-06,-1080.25,-0.3779,-0.4284185429908075
INV_05,2023-06-07,268.93,-0.6078,0.39611437907100283
INV_05,2023-06-08,9802.16,-0.3115,1.1459524954513334
INV_05,2023-06-09,10556.15,-0.0321,1.0540371685088026
INV_05,2023-06-12,39158.87,-0.8765,2.985707806703806
INV_05,2023-06-13,20065.08,-0.6661,1.94896413901957
INV_05,2023-06-14,30848.37,0.2514,2.027321020795679
INV_05,2023-06-15,-277.69,0.3089,-0.4044017993711354
INV_05,2023-06-16,-75.66,-0.1308,-0.03447902791294191
INV_05,2023-06-19,-8555.6,-0.5162,-2.2863749150347554
INV_05,2023-06-20,-9033.89,0.5533,-2.9303627818730114
INV_05,2023-06-21,17554.06,0.6692,1.1251649533367805
INV_05,2023-06-22,1112.45,0.294,0.07311911551886124
INV_05,2023-06-23,5351.99,-0.1413,0.7252467446938262
INV_05,2023-06-26,16661.33,0.3428,1.240951871463345
INV_05,2023-06-27,-6445.1,-0.2757,-1.9614285471591069
INV_05,2023-06-28,18324.67,-0.6155,1.8265751340705834
INV_05,2023-06-29,0.0,0.0,0.0
INV_05,2023-06-30,649.28,-0.0458,0.17835931013312062
INV_05,2023-07-03,0.0,0.0,0.0
INV_05,2023-07-04,140953.01,-0.3881,6.275419982347701
INV_05,2023-07-05,12439.62,0.5551,0.8763243585853024
INV_05,2023-07-06,455.62,-0.3888,0.32073100209402927
INV_05,2023-07-07,12778.6,-0.1526,1.260142406831624
INV_05,2023-07-10,2583.9,-0.7727,0.7929713124831952
INV_05,2023-07-11,31.75,-0.0173,0.028635912002934114
INV_05,2023-07-12,25428.04,0.2939,1.7393560254921825
INV_05,2023-07-13,1367.33,-0.1561,0.3373570309671813
INV_05,2023-07-14,22997.92,0.1577,1.6839604910467285
INV_05,2023-07-17,32564.72,-0.3773,2.430320322520582
INV_05,2023-07-18,38709.51,-2.1393,3.612370504045657
INV_05,2023-07-19,64001.53,-3.0588,5.112784105642722
INV_05,2023-07-20,11237.57,0.0128,1.0762721717530968
INV_05,2023-07-21,3981.76,0.6086,0.22204027576141544
INV_05,2023-07-24,-1940.22,-0.3094,-0.7687877960228301
INV_05,2023-07-25,-7629.93,-0.1729,-2.270531759028591
INV_05,2023-07-26,-9431.99,-0.457,-2.4920973270232785
INV_05,2023-07-27,60835.19,-0.0854,3.4697741981437034
INV_05,2023-07-28,23448.64,-1.1681,2.3862842998101303
INV_05,2023-07-31,14300.4,0.2058,1.170914804530126
INV_05,2023-08-01,0.0,0.0,0.0
INV_05,2023-08-02,46335.08,-2.1382,3.940205811332085
INV_05,2023-08-03,25028.45,0.7564,1.4822511275995325
INV_05,2023-08-04,-5717.89,0.9263,-2.411999551944472
INV_05,2023-08-07,12694.24,0.4089,0.9673269956961698
INV_05,2023-08-08,2814.84,0.5133,0.15842829405214937
INV_05,2023-08-09,-1910.93,-0.5407,-0.640793018368387
INV_05,2023-08-10,3907.55,-0.1828,0.6204337914540827
INV_05,2023-08-11,3837.3,-1.0098,1.037379587744403
INV_05,2023-08-14,-35791.57,-1.3664,-6.069610384769705
INV_05,2023-08-15,-42177.96,0.5792,-7.86780228770861
INV_05,2023-08-16,51988.48,-1.0169,3.5985113422631576
INV_05,2023-08-17,42678.69,-2.6587,4.051574503438264
INV_05,2023-08-18,-6416.42,-0.6833,-1.7463518370563713
INV_05,2023-08-21,-26324.22,0.4765,-5.733581829119167
INV_05,2023-08-22,-17391.12,-0.1554,-4.058170706281214
INV_05,2023-08-23,11000.49,0.8279,0.6433082907248593
INV_05,2023-08-24,-39410.68,0.3965,-7.431838388395754
INV_05,2023-08-25,4028.85,-1.0222,1.0613059917184458
INV_05,2023-08-28,-11454.62,0.0702,-3.148261828896246
INV_05,2023-08-29,-3792.87,0.1198,-1.5259256384964464
INV_05,2023-08-30,0.0,0.0,0.0
INV_05,2023-08-31,-18759.17,0.3902,-4.556817153087808
INV_05,2023-09-01,14084.33,-0.0368,1.2819426118824824
INV_05,2023-09-04,61047.4,-0.7044,3.794848273028957
INV_05,2023-09-05,29741.0,-0.475,2.346147819610359
INV_05,2023-09-06,-27476.61,-0.1245,-5.5886470976817
INV_05,2023-09-07,-3050.58,-0.0095,-1.2575684385058048
INV_05,2023-09-08,11774.75,0.4765,0.8738962207449563
INV_05,2023-09-11,-20870.36,0.2572,-4.817432529965881
INV_05,2023-09-12,-11266.64,0.1613,-3.1599797836775503
INV_05,2023-09-13,26669.88,-0.487,2.201643144690471
INV_05,2023-09-14,6400.77,0.5076,0.4777588485487067
INV_05,2023-09-15,-12591.13,0.0381,-3.339242577254083
INV_05,2023-09-18,-20197.56,0.0882,-4.627349424836893
INV_05,2023-09-19,-22545.54,-0.2437,-4.814312797221483
INV_05,2023-09-20,-226.62,0.1749,-0.30392310638232917
INV_05,2023-09-21,-12818.84,0.1002,-3.411866375369468
INV_05,2023-09-22,2655.46,0.6242,0.08523086624556236
INV_05,2023-09-25,-3883.63,-0.2357,-1.3677212102004446
INV_05,2023-09-26,4660.05,-0.2034,0.6982172998801947
INV_05,2023-09-27,14051.51,0.2545,1.1307889093324301
INV_05,2023-09-28,0.0,0.0,0.0
INV_05,2023-09-29,0.0,0.0,0.0
INV_05,2023-10-02,-30022.88,0.1182,-6.065087386102854
INV_05,2023-10-03,-23493.61,0.0337,-5.097059722199399
INV_05,2023-10-04,18585.43,-0.7128,1.8910280539556967
INV_05,2023-10-05,-8256.53,0.1738,-2.5785036184483863
INV_05,2023-10-06,-22329.32,0.8231,-5.3281601851020275
INV_05,2023-10-09,-29664.4,-0.086,-5.911547050828387
INV_05,2023-10-10,-4530.63,0.0432,-1.6754482186132191
INV_05,2023-10-11,-31427.91,0.3269,-6.362190168697605
INV_05,2023-10-12,33483.49,-0.4798,2.5256560405098933
INV_05,2023-10-13,-3057.76,0.2211,-1.3776613246467413
INV_05,2023-10-16,-18740.33,-0.3389,-4.180533174960696
INV_05,2023-10-17,-14655.61,-0.0639,-3.6492002092562084
INV_05,2023-10-18,-18090.03,-0.046,-4.226878600680328
INV_05,2023-10-19,18072.6,-0.6674,1.8389372610054746
INV_05,2023-10-20,47037.81,0.6412,2.546514083547037
INV_05,2023-10-23,291.11,0.1674,0.00392812688394803
INV_05,2023-10-24,-23949.91,0.0616,-5.178425636612227
INV_05,2023-10-25,-25520.68,0.1232,-5.437847910127325
INV_05,2023-10-26,-16390.48,0.0915,-4.020692385166827
INV_05,2023-10-27,28809.08,0.4773,1.8134028822822432
INV_05,2023-10-30,4449.17,-0.2501,0.7036584801092048
INV_05,2023-10-31,-18524.31,0.3491,-4.49849709667292
INV_05,2023-11-01,34375.99,-0.6273,2.642449724852375
INV_05,2023-11-02,25600.01,-0.853,2.3352760891638047
INV_05,2023-11-03,-20250.7,0.4365,-4.813897641061193
INV_05,2023-11-06,-3237.16,0.6836,-1.6645961430643843
INV_05,2023-11-07,15640.07,-0.0724,1.393728074975853
INV_05,2023-11-08,27807.83,-0.4329,2.230376633080787
INV_05,2023-11-09,-11024.46,0.0799,-3.0730333179250704
INV_05,2023-11-10,-7625.0,0.1863,-2.4534024933151986
INV_05,2023-11-13,9516.3,-0.3482,1.1450308047056104
INV_05,2023-11-14,-23811.83,-0.2005,-5.0239743849287235
INV_05,2023-11-15,-21774.18,0.759,-5.211812203768984
INV_05,2023-11-16,-14302.39,0.1678,-3.707076081998919
INV_05,2023-11-17,-11519.94,0.3066,-3.2813918240099476
INV_05,2023-11-20,-2437.18,-0.493,-0.8308040318950856
INV_05,2023-11-21,-15491.73,0.7035,-4.184100402623459
INV_05,2023-11-22,2996.27,0.137,0.36942616227790914
INV_05,2023-11-23,864.93,-0.1064,0.24285082404870958
INV_05,2023-11-24,-485.88,0.0955,-0.40953453433141973
INV_05,2023-11-27,-10238.13,0.2078,-2.9892951530781264
INV_05,2023-11-28,-7855.24,0.4639,-2.6438628739036965
INV_05,2023-11-29,19104.02,-0.8788,2.0049337691547406
INV_05,2023-11-30,8812.1,0.5738,0.6235836156334807
INV_05,2023-12-01,41025.89,-1.1297,3.197225885566035
INV_05,2023-12-04,333.36,0.6576,-0.23837456668968632
INV_05,2023-12-05,-13778.75,0.3408,-3.704698726080749
INV_05,2023-12-06,3267.93,-0.1224,0.5290424578920939
INV_05,2023-12-07,-3149.45,0.4766,-1.5342143751279027
INV_05,2023-12-08,19805.03,0.1017,1.5416087621241228
INV_05,2023-12-11,6884.83,0.6887,0.42263810252092326
INV_05,2023-12-12,8585.73,-0.3687,1.0900052896363155
INV_05,2023-12-13,-13800.28,0.6873,-3.885867794028041
INV_05,2023-12-14,-7751.49,-0.143,-2.3114086892917567
INV_05,2023-12-15,-11741.52,0.1308,-3.232243695624691
INV_05,2023-12-18,-21120.06,0.3197,-4.88759435136866
INV_05,2023-12-19,-12352.44,-0.0329,-3.2598403534794276
INV_05,2023-12-20,-2409.01,-0.1006,-1.0231581910277523
INV_05,2023-12-21,1029.76,0.1834,0.11827017119460775
INV_05,2023-12-22,-8996.04,0.1116,-2.6966435098571724
INV_05,2023-12-25,0.0,0.0,0.0
INV_05,2023-12-26,0.0,0.0,0.0
INV_05,2023-12-27,6547.94,-0.0944,0.797508012011983
INV_05,2023-12-28,7823.59,-0.2819,0.9902014876326339
INV_05,2023-12-29,8014.1,0.0031,0.8582751720528758
INV_05,2024-01-01,0.0,0.0,0.0
INV_05,2024-01-02,977.96,0.4653,-0.033401043866525926
INV_05,2024-01-03,4042.97,0.0554,0.5108598705679244
INV_05,2024-01-04,-2170.94,-0.0799,-0.9601351598256596
INV_05,2024-01-05,17550.73,-0.7563,1.8548310512931545
INV_05,2024-01-08,-8792.4,0.1037,-2.6517014253324733
INV_05,2024-01-09,-1351.15,-0.2486,-0.5971513714276917
INV_05,2024-01-10,-10783.44,-0.0533,-2.959467001571978
INV_05,2024-01-11,-13369.61,0.0344,-3.4759896519373155
INV_05,2024-01-12,-3661.81,0.0012,-1.4304953353257293
INV_05,2024-01-15,0.0,0.0,0.0
INV_05,2024-01-16,-20635.75,0.4079,-4.858602813982616
INV_05,2024-01-17,-12162.57,-0.1206,-3.1805037517395753
INV_05,2024-01-18,-10379.31,0.0489,-2.9349915878893658
INV_05,2024-01-19,-2269.48,-0.0974,-0.9819444800562829
INV_05,2024-01-22,-7103.47,-0.3869,-2.0486960053858025
INV_05,2024-01-23,-12229.51,-0.1237,-3.1910759492311653
INV_05,2024-01-24,-668.39,0.1124,-0.5058085631941263
INV_05,2024-01-25,0.0,0.0,0.0
INV_05,2024-01-26,7455.77,0.4311,0.5978167610538259
INV_05,2024-01-29,-10217.38,0.079,-2.919363420839642
INV_05,2024-01-30,1086.11,-0.5687,0.5111963148448907
INV_05,2024-01-31,1926.38,-0.1913,0.42317815968062766
INV_05,2024-02-01,18551.74,0.148,1.4484112721146074
INV_05,2024-02-02,13025.92,-0.4482,1.427044057516784
INV_05,2024-02-06,24914.42,0.2134,1.754453909405807
INV_05,2024-02-07,-1084.13,0.1985,-0.7250578770453678
INV_05,2024-02-08,20083.41,-0.5684,1.8999433695966184
INV_05,2024-02-09,-4155.69,0.6258,-1.879150602006136
INV_05,2024-02-12,2425.6,0.0415,0.35933263241643554
INV_05,2024-02-13,-3241.44,-0.1339,-1.247221267684362
INV_05,2024-02-14,197.93,0.0457,0.045501870671882494
INV_05,2024-02-15,1130.41,0.301,0.07199132329668814
INV_05,2024-02-16,6400.97,0.0657,0.7040273677460465
INV_05,2024-02-19,6564.57,0.2358,0.6297427318952458
INV_05,2024-02-20,-8639.91,0.5468,-2.8477463948346484
INV_05,2024-02-21,-5676.81,0.3773,-2.1214061484373365
INV_05,2024-02-22,-5249.12,0.1285,-1.8937168192770357
INV_05,2024-02-23,-897114.59,52.349,-87.71451374890643
INV_05,2024-02-26,892867.1,-109.5882,77.51028379263764
INV_05,2024-02-27,-4382.98,0.1891,-1.7132090968390696
INV_05,2024-02-28,-974.76,0.1138,-0.6380780903402616
INV_05,2024-02-29,-6589.93,-0.254,-2.0046480298003724
INV_05,2024-03-01,8422.41,-0.43,1.1096633958226632
INV_05,2024-03-04,5881.96,1.1483,0.10839870564905518
INV_05,2024-03-05,7159.96,-0.1768,0.886770832121234
INV_05,2024-03-06,7707.66,-0.1885,0.9338121679056606
INV_05,2024-03-07,25716.95,0.0298,1.889192825387043
INV_05,2024-03-08,-1140441.67,65.1529,-105.10188634575636
INV_05,2024-03-11,1145982.72,-186.9998,121.11617453968245
INV_05,2024-03-12,4061.09,-0.0335,0.55802370552295
INV_05,2024-03-13,31138.22,-0.6148,2.484610849408389
INV_05,2024-03-14,1739.31,0.2885,0.15563318783904753
INV_05,2024-03-15,6841.73,0.0748,0.7336417238422401
INV_05,2024-03-18,-5430.43,0.0517,-1.8972226392997389
INV_05,2024-03-19,-14385.44,-0.0459,-3.6119889462789034
INV_05,2024-03-20,-9198.97,0.4886,-2.9301303578335367
INV_05,2024-03-21,-14934.8,0.0261,-3.742972457522494
INV_05,2024-03-22,16439.91,0.4383,1.1791905796476105
INV_05,2024-03-26,12855.25,0.5896,0.8849668344776247
INV_05,2024-03-27,28267.53,-0.4308,2.2518894933327482
INV_05,2024-03-28,9094.61,0.0232,0.9254477700666608
INV_05,2024-03-29,0.0,0.0,0.0
INV_05,2024-04-01,-40359.48,2.5704,-8.663115332371245
INV_05,2024-04-02,90595.13,-4.4681,6.78283087306175
INV_05,2024-04-03,31490.87,-0.3973,2.389980310957027
INV_05,2024-04-04,20958.22,0.195,1.5565541854453486
INV_05,2024-04-05,33940.25,-0.4803,2.5470780451498665
INV_05,2024-04-08,22689.73,0.6251,1.428488920343713
INV_05,2024-04-09,12968.9,-0.5677,1.4846503464430565
INV_05,2024-04-10,0.0,0.7289,-0.3731968
INV_05,2024-04-11,0.0,0.0,0.0
INV_05,2024-04-15,-8747.66,0.2294,-2.7070344443307244
INV_05,2024-04-16,-44281.37,-0.4272,-7.608034939040864
INV_05,2024-04-17,3351.39,0.4341,0.2522049783977887
INV_05,2024-04-18,-12067.83,0.166,-3.3099973470159836
INV_05,2024-04-19,-19876.45,0.2834,-4.677481811681342
INV_05,2024-04-22,15188.18,0.1452,1.2554593850407425
INV_05,2024-04-24,11483.22,-0.219,1.2110413094690238
INV_05,2024-04-25,36943.2,0.916,1.9691474218516496
INV_05,2024-04-26,26385.0,-0.2006,2.0407597164541253
INV_05,2024-04-29,36160.99,-0.4061,2.610735756030523
INV_05,2024-04-30,13220.15,-0.5362,1.484249810348739
INV_05,2024-05-02,-872.46,-0.3424,-0.36227699400018293
INV_05,2024-05-03,10673.28,-0.6231,1.3644673369097964
INV_05,2024-05-06,-13416.09,0.0016,-3.467391341549875
INV_05,2024-05-07,-10761.34,0.325,-3.1489805987986847
INV_05,2024-05-08,-4860.96,0.2287,-1.8517120939446052
INV_05,2024-05-09,17989.77,0.0017,1.4916747124787186
INV_05,2024-05-10,25524.22,0.312,1.7349609549154112
INV_05,2024-05-13,0.0,-0.1943,0.0994816
INV_05,2024-05-14,-33635.93,0.2395,-6.611048893967581
INV_05,2024-05-15,-18079.24,-0.053,-4.2215654188717044
INV_05,2024-05-16,-3207.92,0.0803,-1.3475966591369164
INV_05,2024-05-17,8689.75,-0.3282,1.0767016555598055
INV_05,2024-05-20,-12056.78,-0.0445,-3.2002071072874685
INV_05,2024-05-21,-4125.44,0.0524,-1.5778226060814367
INV_05,2024-05-22,27315.5,0.2493,1.856766738986877
INV_05,2024-05-27,-8547.24,-0.0274,-2.5349404644821854
INV_05,2024-05-28,-18171.54,0.0447,-4.286369037057978
INV_05,2024-05-29,-21847.08,-0.8981,-4.374384152444471
INV_05,2024-05-30,8761.23,0.6423,0.5848965988943495
INV_05,2024-05-31,-3959.54,-0.2691,-1.3704003399370557
INV_05,2024-06-03,22.15,-0.4234,0.2322527439789353
INV_05,2024-06-04,4822.09,0.1752,0.5183856693586134
INV_05,2024-06-05,17403.16,-0.1876,1.5552295355764545
INV_05,2024-06-06,25606.98,0.3276,1.731161404479901
INV_05,2024-06-07,3121.53,-0.0241,0.4643602335418645
INV_05,2024-06-10,15471.85,-0.0032,1.348328947988737
INV_05,2024-06-11,-1530.9,0.2031,-0.8928347283419542
INV_05,2024-06-12,0.0,-0.0456,0.023347200000000002
INV_05,2024-06-13,-9599.87,0.0303,-2.7745936807220755
INV_05,2024-06-14,-5086.2,-0.4284,-1.5696975797623107
INV_05,2024-06-18,-9436.19,-0.1784,-2.635568351755998
INV_05,2024-06-19,-6816.29,-0.1377,-2.1139325287650075
INV_05,2024-06-20,5086.06,-0.1043,0.6839989898959705
INV_05,2024-06-24,12490.01,0.0659,1.1299988194746147
INV_05,2024-06-25,2655.09,-0.2752,0.5456851965033754
INV_05,2024-06-26,2130.57,-0.1266,0.41318389959351853
INV_05,2024-06-27,-16539.19,0.0597,-4.0289646157539805
INV_05,2024-06-28,745.76,-0.393,0.3714759793454765
INV_05,2024-07-01,-12952.7,0.0071,-3.38809270171817
INV_05,2024-07-02,3001.26,0.0802,0.39900689638518366
INV_05,2024-07-03,-17957.44,0.0427,-4.251021592216712
INV_05,2024-07-04,-15618.4,-0.3003,-3.6914510332796606
INV_05,2024-07-05,-2665.33,0.1459,-1.226088297583813
INV_05,2024-07-08,-25935.24,0.2746,-5.5747561936326395
INV_05,2024-07-09,-6969.22,-0.5466,-1.9378823983647158
INV_05,2024-07-10,4350.05,0.0808,0.525460726389711
INV_05,2024-07-11,393.01,-0.3935,0.3114696117351413
INV_05,2024-07-12,10136.63,0.0382,0.9897396436148405
INV_05,2024-07-15,6638.93,0.2123,0.6475619937393707
INV_05,2024-07-16,-4720.09,0.2725,-1.8396942194549246
INV_05,2024-07-17,-4771.12,-0.2716,-1.573629402131763
INV_05,2024-07-18,-10555.94,0.0349,-2.9615056463559584
INV_05,2024-07-19,-6805.19,0.046,-2.2055602576453306
INV_05,2024-07-22,-34333.14,-0.3351,-6.408278289283724
INV_05,2024-07-23,7352.24,-0.0298,0.8260286229758832
INV_05,2024-07-24,25648.3,-0.0101,1.906152982113731
INV_05,2024-07-25,-16121.95,0.0352,-3.947348911605755
INV_05,2024-07-26,3232.66,-0.1896,0.5600101183436156
INV_05,2024-07-29,-7311.61,-0.1054,-2.2375159550065225
INV_05,2024-07-30,-16525.62,-0.1849,-3.901491762940206
INV_05,2024-07-31,-15594.46,-1.2249,-3.214035173370426
INV_05,2024-08-01,7512.09,0.0924,0.775443023704887
INV_05,2024-08-02,-3694.16,0.4559,-1.6719048283106772
INV_05,2024-08-05,-33743.54,-0.511,-6.240942755307438
INV_05,2024-08-06,6033.97,0.0606,0.6775241763440426
INV_05,2024-08-07,-323.42,-0.0725,-0.2361049423704381
INV_05,2024-08-08,-7808.11,-0.0051,-2.393878988527094
INV_05,2024-08-09,6241.99,0.1224,0.6624519495322385
INV_05,2024-08-12,129.49,0.2693,-0.08629402545462864
INV_05,2024-08-13,3798.55,0.1269,0.4517996729150178
INV_05,2024-08-14,6208.73,0.3277,0.5547010313172833
INV_05,2024-08-15,23222.85,0.0623,1.7445581031494377
INV_05,2024-08-16,-1843.88,-0.1453,-0.8211546830840015
INV_05,2024-08-20,-10840.48,0.5553,-3.281835890567424
INV_05,2024-08-21,-719.12,0.1183,-0.5317615566886766
INV_05,2024-08-22,-6636.97,-0.0778,-2.1052428582562293
INV_05,2024-08-23,-16276.07,-0.1734,-3.866124858899529
INV_05,2024-08-26,-31466.72,-0.2909,-6.051092787367064
INV_05,2024-08-27,-26216.08,0.1862,-5.569558140787043
INV_05,2024-08-28,-15576.19,-0.8087,-3.4240598543597507
INV_05,2024-08-29,-1848.4,-0.7282,-0.5242064978910774
INV_05,2024-08-30,-8170.47,0.0821,-2.5138265999691733
INV_05,2024-09-02,-15836.06,-0.7898,-3.4772930541568714
INV_05,2024-09-03,-8122.79,-0.0861,-2.4178615337737366
INV_05,2024-09-04,25450.3,0.3748,1.6990633566816058
INV_05,2024-09-05,-8328.96,0.153,-2.5827276394622842
INV_05,2024-09-06,-5709.7,-0.4039,-1.7290438251216198
INV_05,2024-09-09,-17657.1,-0.7573,-3.793052371648789
INV_05,2024-09-10,-16732.25,-0.2869,-3.8832775072337524
INV_05,2024-09-11,-2319.11,0.1515,-1.1247170318354498
INV_05,2024-09-12,4763.78,-0.2179,0.7146283184698345
INV_05,2024-09-13,24362.79,0.4395,1.6104482749929612
INV_05,2024-09-18,18336.99,0.8697,1.0668456860962263
INV_05,2024-09-19,10665.67,0.2038,0.9405861205166051
INV_05,2024-09-20,15381.47,0.4501,1.1108691968930362
INV_05,2024-09-23,19425.01,0.7934,1.166538903030768
INV_05,2024-09-24,32084.3,0.5782,1.9185424070018304
INV_05,2024-09-25,69957.86,0.2694,3.6306538377743713
INV_05,2024-09-26,6080.29,0.1805,0.6198404128919208
INV_05,2024-09-27,14502.58,-0.0033,1.2902526511301897
INV_05,2024-09-30,23122.92,0.073,1.733862752490153
INV_05,2024-10-01,34999.49,0.155,2.2705438366096318
INV_05,2024-10-02,-13607.71,0.3782,-3.6939018788244455
INV_05,2024-10-03,-4873.24,-0.4986,-1.4823218719547884
INV_05,2024-10-04,20466.12,0.6603,1.291696035229562
INV_05,2024-10-07,15412.78,0.5645,1.0541578910164586
INV_05,2024-10-08,562.17,0.1092,0.08450338557935744
INV_05,2024-10-09,-7965.45,0.3383,-2.6025298549873304
INV_05,2024-10-10,4237.57,-0.0093,0.561554534759242
INV_05,2024-10-11,20991.01,0.0504,1.6323563470742868
INV_05,2024-10-14,-17782.49,0.1733,-4.289744972053879
INV_05,2024-10-15,-3621.72,-0.0229,-1.4074610686606723
INV_05,2024-10-16,5637.53,-0.1131,0.7343679559535082
INV_05,2024-10-18,16157.04,-0.5493,1.6683255537955746
INV_05,2024-10-21,-7446.14,0.4201,-2.5352430648749524
INV_05,2024-10-22,-1065.92,0.1651,-0.7007962245293567
INV_05,2024-10-23,15784.23,0.1649,1.2807463025753845
INV_05,2024-10-24,22876.22,0.4193,1.5436471143026247
INV_05,2024-10-25,20261.35,0.0551,1.5904197275416647
INV_05,2024-10-28,4957.14,0.6001,0.3124005318075042
INV_05,2024-10-29,23769.82,0.559,1.5186775127993517
INV_05,2024-10-30,20489.31,-0.7579,2.0190736436459913
INV_05,2024-10-31,-61560.21,2.9185,-11.292826194600615
INV_05,2024-11-01,9770.75,-0.0889,1.0298243780665586
INV_05,2024-11-04,-13490.61,0.5499,-3.76124139090418
INV_05,2024-11-05,-14678.82,0.1352,-3.7551151706717887
INV_05,2024-11-06,-16281.48,0.0774,-3.995430948527407
INV_05,2024-11-07,2063.25,-0.1264,0.40553624451619547
INV_05,2024-11-08,7593.33,-0.1808,0.9213792731195083
INV_05,2024-11-11,7431.64,0.2367,0.6955419173805106
INV_05,2024-11-12,20434.64,-0.1583,1.7091091566118182
INV_05,2024-11-13,18475.62,0.4127,1.3086169096914757
INV_05,2024-11-14,18869.69,0.0753,1.5034009400657513
INV_05,2024-11-18,5902.34,-0.2059,0.8033936348084992
INV_05,2024-11-19,-24213.33,-0.5007,-4.929068533634079
INV_05,2024-11-20,-1454.33,0.1994,-0.8638130064891522
INV_05,2024-11-21,-10490.91,-0.981,-2.4289850986785284
INV_05,2024-11-22,6926.68,-0.07,0.8143032855926075
INV_05,2024-11-25,-31289.38,-0.4586,-5.941378453061526
INV_05,2024-11-26,16028.12,0.5122,1.11727970510479
INV_05,2024-11-27,18053.57,-0.0374,1.5153018775788551
INV_05,2024-11-28,15833.19,0.2907,1.2192232373304004
INV_05,2024-11-29,-2727.52,-0.1867,-1.0740519198178053
INV_05,2024-12-02,12102.07,-0.4595,1.374228763913239
INV_05,2024-12-03,16222.5,0.0361,1.3724309583089702
INV_05,2024-12-04,34188.68,0.2723,2.173220899886701
INV_05,2024-12-05,13396.1,0.2804,1.077107967220414
INV_05,2024-12-06,7677.81,-0.1345,0.9039513017897267
INV_05,2024-12-09,20289.14,-0.2292,1.7374950899373236
INV_05,2024-12-10,2280.01,0.4453,0.13685515173102666
INV_05,2024-12-11,1535.43,0.6556,-0.057049389594518274
INV_05,2024-12-12,9633.05,0.6006,0.667318390483032
INV_05,2024-12-13,48415.99,-0.824,3.353877245263029
INV_05,2024-12-16,63190.55,-0.3388,3.689432325615082
INV_05,2024-12-17,1596.15,0.7296,-0.08746942437433186
INV_05,2024-12-18,14139.64,-0.1676,1.352293009174716
INV_05,2024-12-19,1101.74,-0.3655,0.409312416643014
INV_05,2024-12-20,32689.59,-0.7112,2.6071240056082283
INV_05,2024-12-23,32009.44,0.3948,2.0089179205486905
INV_05,2024-12-24,36514.82,-0.7133,2.784031933768648
INV_05,2024-12-26,33427.73,0.0993,2.2265666838404665
INV_05,2024-12-27,25663.2,0.35,1.7225348773600444
INV_05,2024-12-30,82227.75,-0.1729,4.296203344311303
INV_05,2024-12-31,53883.51,-1.0919,3.712989036454888
INV_05,2025-01-01,0.0,0.0,0.0
INV_05,2025-01-02,50997.73,0.3074,2.8803447412951835
INV_05,2025-01-03,-57258.1,-0.0956,-9.277239899247785
INV_05,2025-01-06,-12384.04,-0.6648,-2.942022036269605
INV_05,2025-01-07,-19633.18,0.4242,-4.711665284775687
INV_05,2025-01-08,9121.31,0.2121,0.8306068273193487
INV_05,2025-01-09,-35384.24,0.1079,-6.771816705580067
INV_05,2025-01-10,19091.63,0.3638,1.3680347048059966
INV_05,2025-01-13,0.0,0.0,0.0
INV_05,2025-01-14,0.0,0.0,0.0
INV_05,2025-01-15,58343.59,-0.2567,3.4611474302038916
INV_05,2025-01-16,11168.67,-0.1634,1.16195431937736
INV_05,2025-01-17,13042.22,-0.2177,1.3100498825435647
INV_05,2025-01-20,19251.54,-0.1106,1.6197944755475229
INV_05,2025-01-21,61097.58,-0.5679,3.726885208287087
INV_05,2025-01-22,39741.63,0.5289,2.2918311041906176
INV_05,2025-01-23,50558.23,-1.1196,3.5930899136133387
INV_05,2025-01-24,-29053.43,-0.2014,-5.768530639553039
INV_05,2025-01-27,46162.59,-1.161,3.4326509419006896
INV_05,2025-01-28,23027.94,-0.5304,2.037838372103819
INV_05,2025-01-29,-1676.78,-0.5914,-0.5365704612059374
INV_05,2025-01-30,6369.97,-0.2215,0.8486354240865124
INV_05,2025-01-31,6665.82,-0.4676,0.9977584966800748
INV_05,2025-02-03,-33391.75,0.203,-6.560199644748704
INV_05,2025-02-05,-90441.78,-0.111,-12.681221330025362
INV_05,2025-02-06,15779.47,-0.0594,1.3953071155006997
INV_05,2025-02-07,36870.47,0.0626,2.40281362358008
INV_05,2025-02-10,-35626.71,0.6191,-7.064906203587572
INV_05,2025-02-11,-42155.6,0.1764,-7.658831056693056
INV_05,2025-02-13,40731.27,-0.4331,2.827725907822749
INV_05,2025-02-14,67606.15,-0.6188,3.998544200067972
INV_05,2025-02-17,46281.33,-0.2242,2.957986250805132
INV_05,2025-02-18,21080.35,-0.143,1.7361869831445023
INV_05,2025-02-19,-22796.41,-0.0426,-4.954691694746072
INV_05,2025-02-20,-47211.93,0.4489,-8.406246266782984
INV_05,2025-02-21,8110.15,0.315,0.705597439817923
INV_05,2025-02-24,-43582.44,0.2826,-7.886987835759237
INV_05,2025-02-25,-48468.18,-0.3054,-8.167802755296561
INV_05,2025-02-26,0.0,0.0,0.0
INV_05,2025-02-27,3853.16,-0.1208,0.5836774136349867
INV_05,2025-02-28,2921.05,0.5647,0.1428873720611421
INV_05,2025-03-03,-50519.74,-0.266,-8.426687068495294
INV_05,2025-03-04,-39614.77,-0.148,-7.178563966631561
INV_05,2025-03-05,36597.12,0.18,2.3303790850944384
INV_05,2025-03-06,582.03,-0.1411,0.2160213007973123
INV_05,2025-03-07,6618.41,-0.4334,0.9765654395672447
INV_05,2025-03-10,-18274.64,-0.0127,-4.273462802780443
INV_05,2025-03-11,-31344.67,-0.8029,-5.772537867124957
INV_05,2025-03-12,31747.21,-0.1322,2.266372319414695
INV_05,2025-03-14,-886.96,0.1091,-0.5995223377675271
INV_05,2025-03-17,-45936.75,0.2023,-8.128717962486354
INV_05,2025-03-18,-45057.53,0.0766,-7.959283168911791
INV_05,2025-03-19,6840.36,0.1482,0.6959555006885272
INV_05,2025-03-20,52322.03,0.0398,3.070934738399708
INV_05,2025-03-21,41950.24,-0.1753,2.7486712981525847
INV_05,2025-03-24,-6522.15,0.0855,-2.1634733146063714
INV_05,2025-03-25,-1001.12,0.0111,-0.5961437431152078
INV_05,2025-03-26,-15254.34,0.2359,-3.904628516652189
INV_05,2025-03-27,6606.37,0.1304,0.6869632767832694
INV_05,2025-03-28,-1750.08,-0.4626,-0.6273698190612266
INV_05,2025-03-31,0.0,0.0,0.0
INV_05,2025-04-01,35728.31,-0.9816,2.8857463684999423
INV_05,2025-04-02,15848.23,-0.3592,1.552858180473261
INV_05,2025-04-03,-70680.59,0.1002,-10.817988439846072
INV_05,2025-04-04,-58718.54,-0.1462,-9.41291357333216
INV_05,2025-04-07,-121860.57,-1.2056,-14.993276944293923
INV_05,2025-04-08,96622.67,0.6141,4.382616936064767
INV_05,2025-04-09,-57017.51,-0.1431,-9.226176307905543
INV_05,2025-04-10,139661.44,1.0967,5.477171927906477
INV_05,2025-04-11,-16497.03,-0.0012,-3.9908298432440397
INV_05,2025-04-14,0.0,0.0,0.0
INV_05,2025-04-15,0.0,0.0,0.0
INV_05,2025-04-16,18927.14,-0.073,1.582530696483872
INV_05,2025-04-17,-2441.69,-0.3436,-0.9086634976005796
INV_05,2025-04-21,8431.73,-0.385,1.0872945698421743
INV_05,2025-04-22,-15419.24,-0.102,-3.759472208528028
INV_05,2025-04-23,-8202.4,0.3663,-2.6659208297232646
INV_05,2025-04-24,5859.48,0.0516,0.6680930174436734
INV_05,2025-04-25,20441.92,-0.1742,1.7176455002951023
INV_05,2025-04-28,-99853.96,4.2217,-15.78933281015291
INV_05,2025-04-29,7878.43,0.0747,0.8116614924171333
INV_05,2025-04-30,-15439.78,0.0134,-3.822019176898608
INV_05,2025-05-01,-2263443.12,89.1205,-160.13146408525213
INV_05,2025-05-02,2269749.53,-821.5608,461.0759455719138
INV_05,2025-05-05,14611.89,-0.0019,1.2961517005005494
INV_05,2025-05-06,6564.64,-0.0399,0.7709065896005306
INV_05,2025-05-07,-22294.77,-0.0035,-4.8997618617069945
INV_05,2025-05-08,12217.39,-0.0271,1.1602306350898768
INV_05,2025-05-09,-2222.27,0.1439,-1.090802831398824
INV_05,2025-05-12,0.0,0.0,0.0
INV_05,2025-05-13,0.0,0.0,0.0
INV_05,2025-05-14,42743.28,-0.0376,2.712347422497901
INV_05,2025-05-15,18055.98,0.6054,1.1863244863691098
INV_05,2025-05-16,-1458.01,0.5778,-1.0588677906686028
INV_05,2025-05-19,-4100.08,0.4551,-1.7774962373980832
INV_05,2025-05-20,-11890.1,-0.0371,-3.1735411566136706
INV_05,2025-05-21,6118.72,-0.1284,0.7810643372148418
INV_05,2025-05-22,20813.56,-0.2574,1.7803771399724964
INV_05,2025-05-23,4822.76,-0.1928,0.7068592903537185
INV_05,2025-05-26,6234.83,-0.3023,0.879330982754126
INV_05,2025-05-27,7566.47,1.1617,0.2320186858872112
INV_05,2025-05-28,16029.97,-0.4128,1.5909882965144924
INV_05,2025-05-29,24272.13,-0.0065,1.8341392846410267
INV_05,2025-05-30,21838.14,-0.4465,1.9321195028647973
INV_05,2025-06-02,59769.34,-1.1422,3.969803569322615
INV_05,2025-06-03,74076.24,-0.7699,4.312699439715632
INV_05,2025-06-04,20550.28,-0.1721,1.7224525320514585
INV_05,2025-06-05,22805.96,-0.2734,1.8946246572783372
INV_05,2025-06-06,-11618.86,0.1952,-3.2426274211812256
INV_05,2025-06-09,19584.15,-0.0462,1.605190187478009
INV_05,2025-06-11,36714.78,0.209,2.3208401172086206
INV_05,2025-06-12,18524.04,-0.8454,1.9554796100919059
INV_05,2025-06-13,-40604.54,-0.1944,-7.277933077568503
INV_05,2025-06-16,-16655.34,-0.1261,-3.952963989894221
INV_05,2025-06-17,-6242.13,0.1441,-2.130978233576671
INV_05,2025-06-18,-42349.45,0.3587,-7.775887228084363
INV_05,2025-06-19,-38520.92,-0.1152,-7.058140275793737
INV_05,2025-06-20,51602.95,-0.2509,3.190734675000102
INV_05,2025-06-23,-65296.02,0.1759,-10.290340304819754
INV_05,2025-06-24,78227.7,0.0443,4.044297147996962
INV_05,2025-06-25,0.0,1.6577,-0.8487424
INV_05,2025-06-26,97132.73,-2.5128,6.000485844063325
INV_05,2025-06-27,-3522.44,0.4556,-1.6258039774192787
INV_05,2025-06-30,58228.55,-0.6599,3.6631068032159244
INV_05,2025-07-01,10778.7,-0.5368,1.327312930084342
INV_05,2025-07-02,26549.97,-0.5791,2.2428076656700853
INV_05,2025-07-03,-15100.04,0.2789,-3.9004993409676385
INV_05,2025-07-04,1704.7,0.2922,0.14960897760653472
INV_05,2025-07-07,-5816.0,-0.2933,-1.8101784053712535
INV_05,2025-07-08,15420.69,-0.8517,1.7797223791350736
INV_05,2025-07-09,34054.53,-0.4277,2.5254283173540966
INV_05,2025-07-10,0.0,0.0,0.0
INV_05,2025-07-11,68737.36,0.1485,3.6475894417221126
INV_05,2025-07-14,58657.79,0.7242,2.9711455715417214
INV_05,2025-07-15,26448.42,0.4493,1.7111867170098658
INV_05,2025-07-16,-30065.46,0.3636,-6.196538782439717
INV_05,2025-07-17,6694.07,-0.901,1.2218497055250381
INV_05,2025-07-18,26064.21,-0.3434,2.0977721669263403
INV_05,2025-07-21,23479.07,-0.8768,2.238721038114357
INV_05,2025-07-22,30843.9,-0.7606,2.545251948954901
INV_05,2025-07-23,30441.47,-0.3622,2.3220480189211465
INV_05,2025-07-24,21800.21,0.0051,1.69888185910662
INV_05,2025-07-25,39297.63,-0.6959,2.8993681205260193
INV_05,2025-07-28,19203.44,-0.231,1.6787746136399584
INV_05,2025-07-29,1944.73,-0.4392,0.5522126415504381
INV_05,2025-07-30,-10127.83,0.2848,-3.0075005935490817
INV_05,2025-07-31,25414.37,-0.5688,2.18036547769078
INV_05,2025-08-01,66647.01,0.3449,3.4694259155938454
INV_05,2025-08-04,-22011.46,0.0036,-4.86083147852414
INV_05,2025-08-05,-12291.04,-0.1102,-3.2091459850001103
INV_05,2025-08-06,-2976.85,0.0447,-1.2644288601089222
INV_05,2025-08-07,-12899.74,0.3333,-3.5456633651614706
INV_05,2025-08-11,-242.17,-0.0012,-0.22368566987975982
INV_05,2025-08-12,11956.08,-0.3212,1.2940306954805263
INV_05,2025-08-13,-11253.99,0.1405,-3.1469732835826867
INV_05,2025-08-14,-16399.07,-0.1236,-3.9119814212417587
INV_05,2025-08-15,53418.5,0.4078,2.926554259248453
INV_05,2025-08-18,44424.31,0.4559,2.53146572101338
INV_05,2025-08-19,12883.23,0.6069,0.8778703761697768
INV_05,2025-08-20,16974.41,0.3274,1.2669353619508041
INV_05,2025-08-21,-9310.86,0.3209,-2.8664565454506716
INV_05,2025-08-22,-14732.97,0.1132,-3.753119041875039
INV_05,2025-08-25,-26586.34,-0.0187,-5.517260227379053
INV_05,2025-08-26,14797.7,-0.3214,1.4709456257114342
INV_05,2025-08-27,15432.95,-0.2164,1.455177234507391
INV_05,2025-08-28,-15142.54,0.1567,-3.845142744801772
INV_05,2025-08-29,18532.19,-0.0175,1.5320516580112342
INV_05,2025-09-01,7290.09,-0.297,0.9581545520456765
INV_05,2025-09-02,-25392.91,0.0012,-5.357017375934514
INV_05,2025-09-03,-12922.8,-0.0102,-3.3739048974190653
INV_05,2025-09-04,-6683.46,0.1905,-2.25284855455572
INV_05,2025-09-08,-17917.73,-0.3041,-4.067079610063658
INV_05,2025-09-09,-35811.93,0.0256,-6.784940295351462
INV_05,2025-09-10,17564.53,0.0725,1.4312723581178208
INV_05,2025-09-11,-14091.05,-0.324,-3.4186955260971814
INV_05,2025-09-12,4948.81,-0.3663,0.8064869988482247
INV_05,2025-09-15,-35653.61,-0.2235,-6.63696939855786
INV_05,2025-09-16,37149.8,0.098,2.397254226386306
INV_05,2025-09-17,22438.89,-0.0607,1.7664118332046423
INV_05,2025-09-18,51736.83,-0.344,3.2438180238639083
INV_05,2025-09-19,8230.69,0.181,0.7829718845495733
INV_05,2025-09-22,21022.72,0.4171,1.4463138758598464
INV_05,2025-09-23,10875.94,-0.0442,1.0815679767477009
INV_05,2025-09-24,26097.44,-0.6076,2.234713367235199
INV_05,2025-09-25,36881.64,-0.6816,2.7843470755014335
INV_05,2025-09-26,2246.84,0.0849,0.3177515459305855
INV_05,2025-09-29,-1118.48,0.156,-0.7167023952991571
INV_05,2025-09-30,-352.83,0.1294,-0.3561867083922712
INV_05,2025-10-01,9333.81,-0.0593,0.9844315298132865
INV_05,2025-10-02,15781.19,-0.2841,1.5104549794839852
INV_05,2025-10-03,7298.87,0.4377,0.5826501348404887
INV_05,2025-10-07,1901.06,0.0128,0.31575741808579455
INV_05,2025-10-08,-15223.4,-0.0381,-3.7591046922595295
INV_05,2025-10-09,-4038.74,0.0981,-1.578915834401314
INV_05,2025-10-10,8049.96,0.81,0.4477645391205238
INV_05,2025-10-13,-17102.98,0.1731,-4.179484167548181
INV_05,2025-10-14,13168.47,-0.0735,1.2441202240977751
INV_05,2025-10-15,-5943.34,-0.2642,-1.854249045844918
INV_05,2025-10-16,25261.04,-0.2517,2.0102296650491267
INV_05,2025-10-17,28495.78,-0.2004,2.145096660675336
INV_05,2025-10-21,48194.23,-0.981,3.425095707534727
INV_05,2025-10-22,-3295.66,-0.0259,-1.3174879080814685
INV_05,2025-10-23,-6961.71,0.0607,-2.24718985605348
INV_05,2025-10-24,-7186.21,0.1536,-2.343247202284351
INV_05,2025-10-27,-10452.99,0.1129,-2.981831814154189
INV_05,2025-10-28,-13805.02,-0.4646,-3.2969227722299013
INV_05,2025-10-29,8276.81,-0.1044,0.9324400110707952
INV_05,2025-10-30,-2897.47,-0.0486,-1.1939836298661255
INV_05,2025-10-31,-1534.84,0.2223,-0.9040491704049363
INV_05,2025-11-03,13213.19,0.2592,1.076570623362692
INV_05,2025-11-04,-9024.68,0.1953,-2.7452259862218593
INV_05,2025-11-05,-3317722.13,90.3892,-194.8975475184912
INV_05,2025-11-06,3348942.96,-948.3753,538.2895720053807
INV_05,2025-11-07,32965.48,0.2378,2.134129098115129
INV_05,2025-11-10,44520.26,0.6658,2.4280682570169114
INV_05,2025-11-11,27406.99,-0.2859,2.135319667679289
INV_05,2025-11-12,-3082.18,0.5253,-1.5402900259499286
INV_05,2025-11-13,-44371.12,-0.3495,-7.658632675111894
INV_05,2025-11-14,-4176.33,-0.2329,-1.444771931646229
INV_05,2025-11-17,-6492.81,-0.2298,-1.9955318472826382
INV_05,2025-11-18,-34561.65,0.4009,-6.814945803276349
INV_05,2025-11-19,-14187.63,0.1477,-3.6769435883313215
INV_05,2025-11-20,3324.69,0.2339,0.3521261536955704
INV_05,2025-11-21,-7867.12,-0.0626,-2.376776264127828
INV_05,2025-11-24,-44302.77,-0.1334,-7.761039981383529
INV_05,2025-11-25,19512.23,-0.2322,1.696458838879225
INV_05,2025-11-26,9722.07,-0.0662,1.014854771412566
INV_05,2025-11-27,-22608.32,-0.0632,-4.916104409660836
INV_05,2025-11-28,9349.12,-0.279,1.097984937673245
INV_05,2025-12-01,-86529.23,-0.5248,-12.090901726939736
INV_05,2025-12-02,21962.64,0.2379,1.5883241469943203
INV_05,2025-12-03,-59047.96,-0.1014,-9.472120252298717
INV_05,2025-12-05,-48220.69,-0.3763,-8.102489840891206
INV_05,2025-12-08,-3116.35,0.1066,-1.3355111641964552
INV_05,2025-12-09,41429.9,0.1163,2.5768347717650886
INV_05,2025-12-10,42851.08,0.1143,2.6392049655149883
INV_05,2025-12-11,23524.08,-0.478,2.036874730889451
INV_05,2025-12-12,-3279.57,0.1327,-1.3942567394535155
INV_05,2025-12-15,-35350.48,0.243,-6.836616807868521
INV_05,2025-12-16,2429.81,0.2425,0.2568710073313028
INV_05,2025-12-17,-2731.12,0.064,-1.20346296233329
INV_05,2025-12-18,-11100.67,0.2489,-3.173840715194256
INV_05,2025-12-19,-9434.33,0.1041,-2.779841758118144
INV_05,2025-12-22,-23458.88,-0.0304,-5.059117943904451
INV_05,2025-12-23,-2730.18,0.0273,-1.1843977482628256
INV_05,2025-12-24,-5115.58,0.2157,-1.9065182660651974
INV_05,2025-12-25,-1592386.5,45.6245,-113.44555734707663
INV_05,2025-12-26,1607503.38,-84.2698,75.10531498415105
INV_05,2025-12-29,-653.64,-0.0432,-0.4193709946635096
INV_05,2025-12-30,40609.76,0.0591,2.570414994706747
INV_05,2025-12-31,13308.02,0.3776,1.0218621085048147
INV_05,2026-01-02,39308.49,-0.639,2.8707145975574355
INV_05,2026-01-05,7067.4,0.4719,0.5476017737838264
INV_05,2026-01-06,48486.42,0.844,2.5027693846728525
INV_05,2026-01-07,0.0,0.0,0.0
INV_05,2026-01-08,0.0,1.4799,-0.7577088
INV_05,2026-01-09,68850.56,-1.191,4.337594534683064
INV_05,2026-01-12,-5647.65,0.1432,-1.9947864081652606
INV_05,2026-01-13,938.0,-0.1436,0.27260994027135066
INV_05,2026-01-14,32526.17,-0.1501,2.312187427039197
INV_05,2026-01-16,10140.6,0.0057,1.0066492149301776
INV_05,2026-01-19,-18039.45,0.165,-4.326801921657802
INV_05,2026-01-20,5599.97,-0.0667,0.7075341745628422
INV_05,2026-01-21,18743.51,0.637,1.2087709954191594
INV_05,2026-01-22,3374.69,-0.1121,0.5341065688102101
INV_05,2026-01-23,23953.71,-0.1593,1.8959582735627465
INV_05,2026-01-26,-2318.48,0.2661,-1.1831982188352983
INV_05,2026-01-27,-7095.36,0.3266,-2.412258256203362
INV_05,2026-01-28,-5763.35,0.1205,-2.009923557105882
INV_05,2026-01-29,-3010.78,-0.1382,-1.1804176689180848
INV_05,2026-01-30,4403.84,-0.3351,0.7431723642601742
INV_05,2026-02-02,-24341.87,-0.0154,-5.196300144781138
INV_05,2026-02-03,2460.81,-0.0636,0.4169029051080335
INV_05,2026-02-05,-8197.39,0.3019,-2.6319155289097074
INV_05,2026-02-06,2945.36,0.1015,0.3824945813613077
INV_05,2026-02-09,556.36,-0.1062,0.19379685405787245
INV_05,2026-02-10,-6427.8,0.1226,-2.1615074415887388
INV_05,2026-02-11,7308.09,-0.1035,0.8604394196490216
INV_05,2026-02-12,-13970.12,0.1924,-3.6620831883290275
INV_05,2026-02-13,-833.42,0.3135,-0.6815729512975266
INV_05,2026-02-16,32303.67,0.5158,1.9608066906642518
INV_05,2026-02-17,-3452.43,0.0678,-1.4083143053435665
INV_05,2026-02-18,6208.32,0.4573,0.4883132927887451
INV_05,2026-02-19,0.0,-0.1083,0.055449599999999995
INV_05,2026-02-20,0.0,-0.3221,0.1649152
INV_05,2026-02-23,0.0,0.1077,-0.0551424
INV_05,2026-02-24,0.0,-0.7073,0.3621376
INV_05,2026-02-25,0.0,0.0621,-0.0317952
INV_05,2026-02-26,0.0,0.3725,-0.19072
INV_05,2026-02-27,0.0,-1.1058,0.5661695999999999
INV_05,2026-03-02,-2351.02,0.0627,-1.0890565505720813
INV_05,2026-03-03,0.0,-4.8572,2.4868864
INV_05,2026-03-04,-983991.6,26.9521,-78.67478794576115
