date,action,wealth_change,market_gap,true_lambda
2020-01-01,HOLD,0.0,0.0,2.0000005040043467
2020-01-02,HOLD,0.0,0.0,2.000000521661279
2020-01-03,HOLD,0.0,-0.02014277471843462,2.0000005399157006
2020-01-06,BUY,0.0,-1.1852484206931857,2.0000005984615243
2020-01-07,HOLD,-882.0615234375,-1.1487933125939986,2.0000006193066326
2020-01-08,BUY,-7673.827491759788,-1.8739016465881164,2.000000640852766
2020-01-09,HOLD,7222.284267426352,1.0057359671022281,2.0000006631226017
2020-01-10,HOLD,0.0,0.0,2.000000686139518
2020-01-13,SELL,-1938.4361228939379,-0.29215227730186033,2.0000007599175134
2020-01-14,BUY,3007.6432914730394,0.15808239071757324,2.0000007861713227
2020-01-15,BUY,0.0,0.0,2.000000813300384
2020-01-16,SELL,-2677.621588706621,-0.5343135682545852,2.0000008413327452
2020-01-17,SELL,-2903.1387710575946,-0.2828061195492837,2.0000008702973133
2020-01-20,HOLD,-2430.8802976608276,0.016729286962380296,2.0000009630867455
2020-01-21,SELL,2356.394603729248,1.2537391186937974,2.000000996087288
2020-01-22,HOLD,5346.303271293757,0.2746498282282017,2.0000010301783653
2020-01-23,BUY,424.7413597108098,0.9262425679833708,2.000001065394591
2020-01-24,SELL,1912.1483116145246,0.019722118645848496,2.0000011017716304
2020-01-27,BUY,-3493.667573928833,-1.021415358588662,2.000001218240663
2020-01-28,SELL,-666.7761564253597,-0.8364646207601023,2.0000012596396743
2020-01-29,SELL,1505.8553705215454,0.29026118098667286,2.0000013023946566
2020-01-30,SELL,-466.932777405018,0.1694124724705537,2.000001346548238
2020-01-31,SELL,-2880.1724414818455,0.33977068186619164,2.000001392144325
2020-02-03,SELL,-1896.7083320617676,0.33655914769313844,2.0000015380466576
2020-02-04,BUY,0.0,0.0,2.000001589878723
2020-02-05,SELL,851.0197906485992,-0.021038957703800598,2.000001643393329
2020-02-06,BUY,-1596.9713802335318,0.11198102992069359,2.0000016986428584
2020-02-07,BUY,-2813.737230300554,0.13842737870565225,2.0000017556812484
2020-02-10,HOLD,-579.9194946286734,-0.3388878244853011,2.00000193809322
2020-02-11,BUY,-1346.1155967712402,-0.6487283984685455,2.000002002859095
2020-02-12,HOLD,534.7181301113451,-0.6622739074232276,2.0000020697084224
2020-02-13,SELL,-5970.683294296381,0.0038293080814821856,2.000002138705431
2020-02-14,HOLD,1676.2474861142691,0.02081414101435808,2.000002209916238
2020-02-17,SELL,-5048.277629852295,0.36060094258506536,2.000002437522019
2020-02-18,BUY,666.555109023815,0.4659000788798551,2.0000025182887757
2020-02-19,SELL,2556.4763030998874,0.577890388799629,2.0000026016300927
2020-02-20,HOLD,-3528.996685026563,-0.3054850545272325,2.0000026876245554
2020-02-21,SELL,0.0,0.0,2.0000027763530315
2020-02-24,SELL,-2651.6869304188294,-0.3352955700154592,2.0000030597867946
2020-02-25,SELL,-8809.20046377217,-0.5247035340638417,2.0000031603078927
2020-02-26,SELL,-7910.39132118132,-1.3823460251339403,2.0000032640038397
2020-02-27,HOLD,-2455.248099804856,0.42594450690144336,2.0000033709705747
2020-02-28,SELL,-6948.300200223923,-0.8860333825178923,2.000003481306793
2020-03-02,HOLD,-217.58475089003332,0.5924009784056161,2.0000038335622308
2020-03-03,SELL,6317.665222168551,-0.3057480134168067,2.0000039584211193
2020-03-04,SELL,-12407.661883832188,-1.3338747454421984,2.0000040871869955
2020-03-05,SELL,-7764.472639798536,-0.6336201108295025,2.000004219976729
2020-03-06,SELL,-17925.22568345128,-0.7502329621768333,2.000004356910509
2020-03-09,BUY,0.0,0.0,2.0000047938297083
2020-03-10,BUY,-19263.624656200293,-2.618954283298813,2.0000049486111293
2020-03-11,HOLD,16127.369095087284,0.03825249246725004,2.0000051081905337
2020-03-12,SELL,-29089.8201444149,-1.4238476153209718,2.0000052727099757
2020-03-13,SELL,-16943.1992704866,-1.8763402523188644,2.000005442315499
2020-03-16,HOLD,0.0,0.0,2.0000059831710737
2020-03-17,SELL,0.0,0.0,2.000006174664898
2020-03-18,HOLD,0.0,0.0,2.000006372038648
2020-03-19,HOLD,0.0,0.0,2.000006575464609
2020-03-20,HOLD,-47500.511324882274,-6.148720236471551,2.0000067851198513
2020-03-23,SELL,0.0,0.0,2.000007453306344
2020-03-24,BUY,0.0,0.0,2.0000076897494927
2020-03-25,HOLD,0.0,0.0,2.0000079333834844
2020-03-26,SELL,0.0,0.0,2.0000081844168105
2020-03-27,BUY,0.0,0.0,2.000008443063684
2020-03-30,SELL,0.0,0.0,2.0000092669166407
2020-03-31,SELL,3422.2080078125,-0.425922222974795,2.0000095582794644
2020-04-01,SELL,0.0,0.0,2.000009858417978
2020-04-02,BUY,0.0,0.0,2.0000101675839304
2020-04-03,HOLD,0.0,0.0,2.000010486035895
2020-04-06,SELL,0.0,0.0,2.0000114997996503
2020-04-07,SELL,0.0,0.0,2.000011858124059
2020-04-08,HOLD,0.0,0.0,2.0000122271359326
2020-04-09,BUY,0.0,0.0,2.000012607138577
2020-04-10,SELL,0.0,0.0,2.000012998443422
2020-04-13,BUY,0.0,0.0,2.000014243411619
2020-04-14,HOLD,0.0,0.0,2.000014683209257
2020-04-15,SELL,0.0,0.0,2.000015135995383
2020-04-16,SELL,0.0,0.0,2.0000156021346047
2020-04-17,HOLD,0.0,0.0,2.0000160820011765
2020-04-20,BUY,0.0,0.0,2.0000176078572753
2020-04-21,SELL,0.0,0.0,2.0000181465771703
2020-04-22,SELL,0.0,0.0,2.0000187010489063
2020-04-23,HOLD,0.0,0.0,2.0000192717098035
2020-04-24,HOLD,0.0,0.0,2.000019859008612
2020-04-27,BUY,0.0,0.0,2.0000217253972696
2020-04-28,HOLD,0.0,0.0,2.0000223839736004
2020-04-29,BUY,0.0,0.0,2.000023061612929
2020-04-30,HOLD,0.0,0.0,2.0000237588386165
2020-05-01,BUY,0.0,0.0,2.000024476187528
2020-05-04,SELL,0.0,0.0,2.0000267545516373
2020-05-05,BUY,0.0,0.0,2.000027558043616
2020-05-06,SELL,0.0,0.0,2.0000283845572513
2020-05-07,SELL,0.0,0.0,2.000029234717464
2020-05-08,HOLD,0.0,0.0,2.0000301091650923
2020-05-11,SELL,-36517.12504196144,-5.043551854469108,2.000032884887551
2020-05-12,SELL,-28842.018506289343,-0.4963824318435006,2.000033863224872
2020-05-13,BUY,35322.472331285244,-2.2032817777696057,2.000034869305975
2020-05-14,HOLD,6205.4505686764605,-2.0841375603966372,2.000035903875364
2020-05-15,SELL,19537.30310130096,0.32850536956878784,2.0000369676962615
2020-05-18,SELL,16979.388646602398,3.12163806764858,2.000040342590153
2020-05-19,HOLD,12153.782375335693,0.6141560177880256,2.0000415314390243
2020-05-20,SELL,-6084.679329395294,1.6636556766100097,2.0000427536517815
2020-05-21,HOLD,25483.56475210213,3.871366053263814,2.0000440101133896
2020-05-22,SELL,-7790.534914970631,0.7909660388807249,2.0000453017307667
2020-05-25,HOLD,0.0,0.0,2.00004939692658
2020-05-26,HOLD,-6790.254967689281,-1.016847533666132,2.0000508386930322
2020-05-27,SELL,3592.5493817331735,0.4267571504149359,2.000052320497049
2020-05-28,SELL,4086.622609615093,1.6616154136962047,2.00005384338816
2020-05-29,SELL,-5630.262739181286,-1.3509095105822766,2.000055408441582
2020-06-01,HOLD,-2907.4038877488347,-2.3232288584387306,2.0000603677253443
2020-06-02,BUY,-3366.081236839178,0.9449959583679113,2.00006211271431
2020-06-03,BUY,705.2689356801566,-1.1215121234273373,2.000063905647549
2020-06-04,HOLD,1368.2843065266497,-0.051405707197704764,2.0000657477669193
2020-06-05,BUY,0.0,0.0,2.000067640344254
2020-06-08,SELL,18674.336411952274,0.18498857009867642,2.000073634006015
2020-06-09,HOLD,10484.502524137846,0.7374720335896257,2.0000757417565107
2020-06-10,SELL,537.8904874320142,-0.2014206259219553,2.000077906797414
2020-06-11,BUY,3645.3778219226515,0.35866472684049633,2.0000801305947857
2020-06-12,SELL,-2563.3768568040105,0.2931744284468407,2.0000824146495795
2020-06-15,BUY,-5771.09134912421,0.2965180576502302,2.0000896439074562
2020-06-16,BUY,5907.439331053756,0.8642608884205982,2.000092184726188
2020-06-17,HOLD,11336.482043267111,0.696745705190116,2.000094793857563
2020-06-18,BUY,10895.968618392595,-0.3402396294383436,2.000097473028335
2020-06-19,SELL,1328.6745166776236,0.597265186448448,2.0001002240057724
2020-06-22,SELL,12929.925645113108,1.536944750280056,2.0001089260767584
2020-06-23,SELL,4665.092324018362,1.1081682888350874,2.0001119827944516
2020-06-24,HOLD,-2095.9776029584464,1.0255063882227078,2.00011512079372
2020-06-25,BUY,22311.322048186907,-1.9592291267344741,2.0001183421036632
2020-06-26,SELL,2308.273313522339,-0.10772600445536629,2.000121648800299
2020-06-29,BUY,-4628.619745254167,-0.08735506372958834,2.0001321026951313
2020-06-30,BUY,-4664.460823059082,0.13438927348110585,2.000135772671934
2020-07-01,HOLD,-29.212455750675872,-0.4406429146321278,2.000139539154392
2020-07-02,HOLD,-9957.088661432033,-0.20749413294283148,2.0001434045213453
2020-07-03,SELL,-14542.341014862177,-0.11581529166059257,2.00014737120583
2020-07-06,BUY,-2619.79861926951,0.20000877632687653,2.0001599043313396
2020-07-07,HOLD,7102.956280707964,0.29645998727001466,2.0001643017396966
2020-07-08,HOLD,-6035.781894683954,-0.08995135793726794,2.0001688134834574
2020-07-09,SELL,2660.7463121416513,0.15436118411638056,2.000173442344972
2020-07-10,HOLD,-21814.563745498308,-0.5083782986269547,2.0001781911690255
2020-07-13,SELL,-25028.29888510669,-0.28690678605648445,2.0001931868274445
2020-07-14,BUY,13959.179193734424,0.33507037822206875,2.0001984452428228
2020-07-15,SELL,-6065.206781387213,-0.12190940464572586,2.0002038388261174
2020-07-16,BUY,6353.680498122703,0.7145510540111477,2.000209370823993
2020-07-17,SELL,12773.95921421086,-0.23242615591596572,2.000215044554851
2020-07-20,SELL,12710.44610452652,-0.18666572522065827,2.0002329504353864
2020-07-21,BUY,-2539.4037394528277,-0.054680351372338176,2.000239225767162
2020-07-22,BUY,482.4265599254286,-0.7452099064072071,2.000245660550565
2020-07-23,BUY,4393.94324588764,-0.4554468869513384,2.0002522585651152
2020-07-24,SELL,2955.724192857626,-0.22940525126300404,2.0002590236725357
2020-07-27,HOLD,3939.845128536108,0.3076734565892414,2.000280361435977
2020-07-28,SELL,-6663.822801112779,0.43931810077173505,2.0002878352325664
2020-07-29,BUY,-3711.582704543951,0.03959163904568852,2.0002954967204643
2020-07-30,SELL,-2207.0712237355765,-0.19647760513988866,2.000303350289058
2020-07-31,HOLD,6977.7301802632865,0.4179931422572114,2.0003114004216744
2020-08-03,HOLD,0.0,0.0,2.000336776483729
2020-08-04,HOLD,8795.763393879286,0.6299327343315175,2.0003456596476177
2020-08-05,BUY,2094.550333499559,-0.47927668974809823,2.0003547632647884
2020-08-06,BUY,6374.3458456990775,-0.27163200672786214,2.000364092420734
2020-08-07,BUY,-18.929218292119913,0.349033882095362,2.000373652308005
2020-08-10,SELL,-5996.67321729695,-0.08163009147599265,2.000403769931202
2020-08-11,BUY,9245.67397832917,-0.07374285729120356,2.0004143068808307
2020-08-12,HOLD,5174.031344413292,1.4596087979459327,2.000425102201241
2020-08-13,HOLD,5712.597604752053,0.24306861091316634,2.000436161770275
2020-08-14,BUY,9812.5901346209,-0.07549704903240251,2.0004474915874413
2020-08-17,HOLD,-7324.9185829159105,0.6616943258107799,2.0004831643946197
2020-08-18,BUY,8402.120246886392,-0.3110353203642502,2.000495637711029
2020-08-19,BUY,24641.87413859507,-0.9910356481143134,2.000508413176861
2020-08-20,SELL,-725.7412199985702,0.14417267106705545,2.0005214975693377
2020-08-21,BUY,14377.379954338423,-0.5803002634602317,2.0005348978035644
2020-08-24,SELL,-2634.5779817100847,0.4749597557736296,2.00057706482787
2020-08-25,HOLD,-3196.9232835773146,-0.47043023543640317,2.000591800424503
2020-08-26,HOLD,-5484.793098688358,-0.046856847935183854,2.0006068885938357
2020-08-27,BUY,-320.46595478069503,-0.45671240022697734,2.0006223371310723
2020-08-28,HOLD,2514.9797058112454,0.03636270739590941,2.0006381539872344
2020-08-31,HOLD,-3258.9657187465345,0.3175056962633649,2.000687896373911
2020-09-01,BUY,0.0,0.0,2.0007052692279457
2020-09-02,BUY,864.4385466580279,-0.5743758153691658,2.000723052589401
2020-09-03,BUY,-2268.4404354096623,0.04347198452966383,2.000741255402407
2020-09-04,SELL,-6219.898972033989,-0.2892708251174603,2.0007598867866685
2020-09-07,SELL,-4776.743731023045,-0.0813825852792216,2.0008184462604564
2020-09-08,BUY,2624.3966965683503,-0.2939477915718247,2.000838886743322
2020-09-09,SELL,8930.230924607138,0.22527571088537535,2.0008598041351853
2020-09-10,BUY,6320.781905650278,-0.3217117673736558,2.000881208673118
2020-09-11,BUY,6797.983082771301,-0.01871744461634517,2.000903110791448
2020-09-14,SELL,13581.096355438465,-0.4170068612868727,2.000971909999702
2020-09-15,BUY,2077.599081992521,0.0589522867897152,2.0009959108430064
2020-09-16,BUY,17866.991302968236,-1.1195683298737436,2.0010204645127545
2020-09-17,BUY,24647.898961066618,0.5762540298854368,2.0010455826967326
2020-09-18,BUY,11003.739030837314,0.2191768755660295,2.001071277303685
2020-09-21,BUY,9930.326001883252,-0.9949117694040721,2.0011519421391064
2020-09-22,BUY,2376.9823591707973,-0.9976656700889763,2.0011800660698307
2020-09-23,BUY,2479.804250716581,-0.4954125728742209,2.001208829407519
2020-09-24,HOLD,1690.7433490750846,-0.32723674389738555,2.00123824546282
2020-09-25,SELL,2443.82748389279,-0.2261715268808695,2.001268327793134
2020-09-28,BUY,7359.307737350813,-0.15585140350145021,2.0013627117908377
2020-09-29,HOLD,-3078.0235214238055,-0.4930300714909186,2.0013955998663175
2020-09-30,BUY,-3953.1606526374817,-0.1404085363942542,2.0014292258417776
2020-10-01,BUY,0.0,0.0,2.001463604837761
2020-10-02,BUY,6811.0694496635115,-1.0113304937772294,2.0014987522495242
2020-10-05,SELL,-90603.45810317958,1.8470285773069186,2.001608963140697
2020-10-06,SELL,-10439.443368912092,0.37345033046911613,2.001647343809408
2020-10-07,HOLD,7236.326057434431,-0.731215036277999,2.001686574138521
2020-10-08,BUY,21325.14170598914,-0.27753005881012704,2.0017266712607955
2020-10-09,BUY,14830.984023809666,-0.16085146027187136,2.00176765261387
2020-10-12,HOLD,1157.9125571259065,-0.7036211610792931,2.0018960811021094
2020-10-13,SELL,-8912.670694351895,-0.4283031529055181,2.001940780010512
2020-10-14,BUY,25072.407108783606,-0.6742386991045457,2.00198645506989
2020-10-15,BUY,24660.666860104073,-1.615344148748088,2.0020331256430706
2020-10-16,HOLD,126.11674117960501,0.16913465093981728,2.0020808114301567
2020-10-19,HOLD,-2508.3124861714896,0.7605544114697493,2.0022301622363274
2020-10-20,SELL,754.3569598203758,0.13014777431081814,2.0022821127948642
2020-10-21,SELL,-56429.94631648017,1.2694441725286438,2.0023351822968793
2020-10-22,BUY,8293.820419310592,-0.5297468979180708,2.0023893925687175
2020-10-23,BUY,-609.2607536315918,0.19209867355545196,2.0024447658086157
2020-10-26,SELL,-17622.990419386886,-0.08604004490690986,2.0026180910053677
2020-10-27,HOLD,1082.5106477731606,0.16215145368050354,2.0026783457180306
2020-10-28,HOLD,-14154.790426254156,0.4889367844696846,2.0027398801492455
2020-10-29,BUY,29007.291835784446,-1.1096557030432885,2.0028027188377706
2020-10-30,BUY,0.0,0.0,2.0028668867310553
2020-11-02,SELL,-9383.330666541704,0.11083353357448367,2.003067621358649
2020-11-03,SELL,19053.066889762413,-0.5679019444567723,2.0031373639102314
2020-11-04,HOLD,7111.401548863272,0.3048054402914113,2.00320856672573
2020-11-05,HOLD,15099.717794418451,-0.2354304726617018,2.0032812573202614
2020-11-06,HOLD,16215.456728457939,-0.623150012644258,2.003355463656528
2020-11-09,BUY,3825.9395608904306,0.02488478165496577,2.0035874635770377
2020-11-10,SELL,-1248.8704843517626,1.4616908613572788,2.0036680216601463
2020-11-11,HOLD,5248.304809570196,0.36057807324907376,2.0037502422139837
2020-11-12,HOLD,-9841.309864045004,-0.2433260731836917,2.003834156008322
2020-11-13,HOLD,-851.4354763026349,-0.008726483224030801,2.003919794301397
2020-11-16,SELL,-3192.499634743086,-0.300582572323127,2.0041873762084044
2020-11-17,SELL,2164.316913605202,0.1666012612338008,2.0042802350584834
2020-11-18,BUY,-2994.1374530792236,0.3564671339814307,2.004374982236366
2020-11-19,HOLD,-5449.0219211577205,0.1413501693543151,2.004471652058125
2020-11-20,SELL,1771.888969420921,-0.07403701404344876,2.0045702793709754
2020-11-23,SELL,-332.3026733393781,-0.039771712080594046,2.004878262826395
2020-11-24,HOLD,2079.8021526339,0.27478470766650887,2.004985079417307
2020-11-25,BUY,7207.754369734903,-0.031119860833617174,2.005094035921664
2020-11-26,HOLD,3003.2617874147836,0.017364392948593377,2.0052051705054508
2020-11-27,SELL,1439.0129451754037,0.2717543675611278,2.0053185219100444
2020-11-30,BUY,7073.694587707287,0.14627040752002163,2.005672273228592
2020-12-01,HOLD,12977.241008759593,0.5460172397010687,2.0057948910637187
2020-12-02,BUY,2389.380423545139,0.35853811929453805,2.00591992828346
2020-12-03,HOLD,4508.163763046032,-0.1777233725970273,2.0060474272175055
2020-12-04,HOLD,10590.209515571361,-0.36872347980840825,2.0061774308164737
2020-12-07,HOLD,12841.289294243092,0.693088097284833,2.0065829085614904
2020-12-08,BUY,20506.71495199087,0.4182793776120519,2.0067233729758645
2020-12-09,HOLD,1796.6252622616012,-0.1924865273872589,2.0068665663533967
2020-12-10,BUY,-8201.023754120106,0.241881408541611,2.0070125355092387
2020-12-11,BUY,4472.061180114048,-0.4339380090351064,2.0071613279259344
2020-12-14,SELL,2603.8183383948635,0.030873569996980876,2.007625129717974
2020-12-15,SELL,-11957.219426154392,0.060762925527446665,2.0077857035856446
2020-12-16,HOLD,-3040.630922317505,0.08017647519107385,2.00794934837217
2020-12-17,SELL,-6359.301338196499,-0.17140405810633919,2.008116115705187
2020-12-18,HOLD,-2559.9745922088623,-0.1526840787313244,2.008286057926691
2020-12-21,BUY,-196.7131328578107,0.3004044874412637,2.008815468198612
2020-12-22,BUY,348.11436653137207,0.1390186220736611,2.008998647916426
2020-12-23,SELL,-2642.347809315892,-0.1380252389474812,2.009185275183278
2020-12-24,HOLD,6152.248250962235,0.3966933131742678,2.0093754067683767
2020-12-25,SELL,0.0,0.0,2.0095691002022598
2020-12-28,BUY,8233.556955814129,-0.17761467366081973,2.0101721384620252
2020-12-29,HOLD,0.0,0.0,2.01038067005638
2020-12-30,HOLD,-356.6582341189496,0.6710063639408959,2.0105930628053175
2020-12-31,SELL,-2332.604650497902,0.46377080833770457,2.01080937894703
2021-01-01,SELL,0.0,0.0,2.0110296815274293
2021-01-04,BUY,8195.87932777335,1.1164938187950835,2.0117151506129014
2021-01-05,BUY,11632.86032772041,-0.3113242802819771,2.0119520457900117
2021-01-06,BUY,-1527.9728984832764,-0.026227088843799873,2.012193254979194
2021-01-07,BUY,6670.93613338517,-0.997168854930075,2.0124388462090637
2021-01-08,BUY,12791.62390518235,-0.6940191242542193,2.012688888361112
2021-01-11,BUY,2457.4490661616437,0.741826483374286,2.0134664220905614
2021-01-12,BUY,15411.886465071933,-0.945137830931686,2.013734974023635
2021-01-13,BUY,28410.282287599053,-1.0387261410931936,2.0140083342987247
2021-01-14,BUY,0.0,0.0,2.01428657704547
2021-01-15,BUY,56944.12816047552,-0.5245084009869894,2.0145697772895628
2021-01-18,BUY,79152.688850404,-2.995171936002805,2.015449886828366
2021-01-19,SELL,-8427.110641479027,2.5008130131698003,2.0157536854471334
2021-01-20,BUY,29253.12638473464,-1.0347276566156305,2.016062830338935
2021-01-21,HOLD,48700.835599898826,-0.42933714224135944,2.0163774020287484
2021-01-22,BUY,46312.03282546997,0.24930634940250052,2.016697481977971
2021-01-25,BUY,39396.740684508346,2.9183800767946577,2.0176916001571095
2021-01-26,HOLD,-16921.37274551345,1.2506337952842395,2.0180345466767937
2021-01-27,HOLD,10301.476064683171,-0.676933344299746,2.0183834229984567
2021-01-28,BUY,0.0,0.0,2.0187383163144084
2021-01-29,HOLD,-29133.559052468045,2.2559189859330475,2.0190993147900405
2021-02-01,SELL,-24111.71958446433,-0.4430595848247232,2.020219837526882
2021-02-02,SELL,-104242.75132656167,0.12167783984242675,2.020606157925385
2021-02-03,HOLD,49285.43900775886,-0.4738963239671268,2.020999039073928
2021-02-04,BUY,0.0,0.0,2.021398575075247
2021-02-05,BUY,3845.7402772910427,0.043635994685775614,2.02180486103712
2021-02-08,BUY,0.0,-2.319401991344616,2.023065184925124
2021-02-09,BUY,39.60070800734684,-1.7918471039992556,2.02349944204946
2021-02-10,SELL,-96051.69550991128,4.524921723712249,2.023940939888779
2021-02-11,SELL,-16369.382675170433,-0.26183767815067815,2.0243897796633026
2021-02-12,BUY,66673.59274864243,-0.7535201964049332,2.0248460636244907
2021-02-15,SELL,-33078.82192993141,2.0146807570105896,2.0262606186775898
2021-02-16,SELL,-36982.740854264004,-1.2403778101401914,2.0267477226340493
2021-02-17,HOLD,3687.3540287013166,-0.4491981023058145,2.027242797610224
2021-02-18,BUY,28724.385402680142,-0.3951400539832006,2.0277459521072143
2021-02-19,BUY,1733.0794610979501,0.25442597625202623,2.0282572956766716
2021-02-22,SELL,-31633.706220628228,0.29222291492735364,2.0298415721381358
2021-02-23,SELL,-44192.59849643591,-0.7560814449980686,2.0303867885959246
2021-02-24,SELL,-1165.5589680671692,0.11758740665097633,2.030940757711226
2021-02-25,HOLD,15961.859436988365,0.9902206777392841,2.0315035953776763
2021-02-26,BUY,0.0,0.0,2.032075418550701
2021-03-01,BUY,5613.896966456668,-0.5445877240946251,2.03384598660735
2021-03-02,HOLD,-23904.042460918427,0.13597058779517557,2.0344549426232703
2021-03-03,SELL,-28375.282758711837,-0.11716633193441517,2.0350734848735224
2021-03-04,SELL,-22393.286067486275,-0.45826167395193185,2.035701736695748
2021-03-05,HOLD,7650.269524575444,0.14558232654975356,2.0363398224913096
2021-03-08,SELL,36964.66089916183,0.8895658553468522,2.038314343674258
2021-03-09,HOLD,1863.1297183034476,-0.0447305888488847,2.0389930306271293
2021-03-10,SELL,-17775.642347812885,0.05547001833423604,2.0396821894887407
2021-03-11,SELL,0.0,0.0,2.0403819510232823
2021-03-12,HOLD,8410.547740936512,0.17041710155227818,2.0410924470500276
2021-03-15,SELL,-10652.818151950138,-0.14949092501889139,2.0432896760551373
2021-03-16,SELL,-7741.032066345215,0.062478419900269255,2.0440444492638967
2021-03-17,SELL,-11926.548183919862,0.02946619835352271,2.0448106318027817
2021-03-18,SELL,-13995.354218004271,-0.26934354020508033,2.0455883617672246
2021-03-19,SELL,-7288.857107162476,0.022281186984796086,2.046377778287247
2021-03-22,BUY,11149.290523529053,0.04367583951716547,2.0488175539145437
2021-03-23,SELL,1647.0991210930515,0.41668526620528556,2.049655128504166
2021-03-24,BUY,22551.071698666085,0.4801690893114774,2.050505100669744
2021-03-25,SELL,-8383.66281032539,0.1404368739937878,2.0513676156558054
2021-03-26,HOLD,430.2861480708234,0.3972195007562629,2.0522428197078364
2021-03-29,BUY,1405.429317473201,0.4870989420271865,2.0549460436019
2021-03-30,SELL,-1054.42865991476,0.006305209904178266,2.0558734861772487
2021-03-31,HOLD,9427.197635173565,-1.9178183585535025,2.0568143638415815
2021-04-01,BUY,10370.485342979431,-0.28040592361777694,2.0577688287106186
2021-04-02,SELL,0.0,0.0,2.0587370338530113
2021-04-05,SELL,6192.552493095165,-0.30209706744468434,2.0617256357282354
2021-04-06,SELL,17813.000870704185,0.5725868008904955,2.0627503514185657
2021-04-07,BUY,5961.782422065502,0.19570900649870104,2.0637895867243143
2021-04-08,HOLD,12338.134279251797,0.5836287107833238,2.0648435002500447
2021-04-09,BUY,16278.518767356407,-0.7541566392221144,2.0659122514896135
2021-04-12,BUY,15545.251051902305,0.18802452108221956,2.069209139547754
2021-04-13,HOLD,0.0,0.0,2.0703388539946217
2021-04-14,SELL,0.0,0.0,2.071484216586664
2021-04-15,HOLD,12789.80663490342,-0.5368159109606863,2.0726453919221965
2021-04-16,SELL,-1761.3646812438965,-0.13061825183149356,2.073822545408436
2021-04-19,HOLD,-10936.868590354221,-0.07984525740069026,2.0774515407033287
2021-04-20,SELL,-32113.535687446827,-0.25229840356971733,2.078694276582895
2021-04-21,SELL,10043.847319602733,-0.096821395214719,2.0799538293179087
2021-04-22,SELL,-21091.40813827468,0.1990684780498353,2.081230368884887
2021-04-23,SELL,-10982.684440612094,-0.8686649665736068,2.082524065971064
2021-04-26,SELL,0.0,0.0,2.086509819548962
2021-04-27,SELL,-18810.89621353266,-1.0884181264415482,2.087873867246815
2021-04-28,SELL,20331.856880188687,0.9925066730894327,2.0892559360035783
2021-04-29,BUY,-92.91069793677889,-0.5646175930824282,2.090656200431026
2021-04-30,SELL,-642.2786097528879,0.2963490500357713,2.0920748357347514
2021-05-03,HOLD,-5456.855308055645,-0.20668607894351876,2.0964427274803037
2021-05-04,HOLD,-8726.101968289586,-0.4574687575573,2.0979366095735195
2021-05-05,BUY,8225.536082268925,-0.10934012956980155,2.0994497468246993
2021-05-06,BUY,3905.8004817962646,-0.10972391726027375,2.1009823176045708
2021-05-07,BUY,8998.36920928955,0.5300327749863776,2.1025345007413154
2021-05-10,SELL,-16831.24610138056,0.11243149412981657,2.1073105189903005
2021-05-11,SELL,4630.398172378074,-0.21125912226984678,2.1089429482380724
2021-05-12,SELL,223.4993057262618,0.22825551099507901,2.1105958900923096
2021-05-13,SELL,7140.967855453026,0.06319256170388421,2.1122695256682675
2021-05-14,BUY,0.0,0.0,2.1139640363822454
2021-05-17,BUY,16936.479970932007,1.062887658488476,2.1191746375239724
2021-05-18,SELL,2381.8036117546726,0.3106152720101729,2.1209544681250283
2021-05-19,HOLD,-691.9291896813083,-0.022308654865033084,2.122756084606529
2021-05-20,SELL,-5048.547038078075,-0.49074400649242733,2.1245796696723427
2021-05-21,SELL,-6821.319360732799,-0.33345110971630954,2.126425406150578
2021-05-24,SELL,-2101.116020203568,0.18588410588228355,2.132097353636006
2021-05-25,HOLD,8843.676210404374,0.12624559650191713,2.1340335255784146
2021-05-26,SELL,0.0,0.0,2.135992763980127
2021-05-27,BUY,0.0,0.0,2.137975251834479
2021-05-28,SELL,5931.79714965797,0.5238899336491354,2.1399811720617428
2021-05-31,SELL,7389.200890541542,0.16668751506885293,2.1461413544579573
2021-06-01,HOLD,14263.592842101352,-0.3908325245363553,2.1482428308647616
2021-06-02,BUY,8677.052497863537,-0.7556065176223759,2.1503686520905423
2021-06-03,SELL,8468.79428672744,0.1401617849161374,2.152518999975809
2021-06-04,SELL,-632.7748861296568,0.7354846441700702,2.1546940560703782
2021-06-07,HOLD,10263.461987495655,-0.543600861843907,2.161369284057574
2021-06-08,HOLD,-4841.6766662599985,-0.33687132247380847,2.163644981519754
2021-06-09,SELL,5127.688991546631,-0.10006636154138437,2.1659462894204102
2021-06-10,BUY,10260.576482772827,0.21860429900280032,2.1682733868638957
2021-06-11,SELL,-892.7451186180115,-0.15911609477449185,2.1706264524263883
2021-06-14,BUY,4311.772698401939,-0.736772648751105,2.1778432349187726
2021-06-15,SELL,-1763.3304800982587,0.02770492187067486,2.180301946904842
2021-06-16,HOLD,3497.2941946983337,0.415612099886542,2.1827875107120946
2021-06-17,BUY,-2058.2812099459115,0.38806918446372407,2.1853001009886697
2021-06-18,HOLD,5125.454122543335,-0.28324063171805136,2.187839891598009
2021-06-21,HOLD,-64.80407333397307,-0.6088202437564916,2.195624191483089
2021-06-22,SELL,-13110.859313487774,-0.21691938147552214,2.198274505021495
2021-06-23,SELL,2345.5521273599006,-0.0708575491515484,2.200952875091969
2021-06-24,BUY,0.0,0.0,2.203659470036345
2021-06-25,BUY,3770.1584663402755,0.12966021920215454,2.206394457137345
2021-06-28,SELL,-6569.147345067235,0.3626238055290387,2.2147714274662205
2021-06-29,SELL,-8726.953499315307,-0.4490409826685915,2.217621633411627
2021-06-30,SELL,-11469.599400044419,-0.23262042776722724,2.2205010506089704
2021-07-01,BUY,-2263.104516983498,-0.22518523982912875,2.2234098391228336
2021-07-02,HOLD,698.022495747311,0.4380935446110623,2.2263481576679145
2021-07-05,SELL,-6111.8561906814575,-0.10167812304544555,2.2353418594890035
2021-07-06,BUY,5816.27313756966,-1.2086611082874898,2.2383998568052945
2021-07-07,BUY,-7016.027013302548,0.7449770909871978,2.2414881559711146
2021-07-08,HOLD,2621.6668181419373,0.4484267465049152,2.244606906693801
2021-07-09,HOLD,6961.933047295082,0.21377669349003092,2.2477562570255722
2021-07-12,BUY,550.5602440831717,0.24866426199856573,2.2573893604313247
2021-07-13,BUY,4654.13237285614,0.10804033794384882,2.26066255505124
2021-07-14,HOLD,8561.866041660309,-0.363000277529002,2.263967063143268
2021-07-15,SELL,1913.8027915952262,0.4819715606725117,2.26730302188293
2021-07-16,HOLD,-4477.01232576347,0.32465288908489764,2.2706705664732256
2021-07-19,SELL,8357.47223186493,1.0320023741078987,2.2809640368188244
2021-07-20,HOLD,-3640.846912384499,0.7179961546544433,2.284459235770791
2021-07-21,HOLD,0.0,0.0,2.2879866653776784
2021-07-22,SELL,-2305.6073207838926,0.09519898865452125,2.2915464480312275
2021-07-23,BUY,0.0,0.0,2.295138703823752
2021-07-26,SELL,-9939.7741565709,-0.2451042264624781,2.3061114754727163
2021-07-27,BUY,-1684.1968193056528,-0.24873724624040472,2.309834777097659
2021-07-28,SELL,347.8901410102844,0.06262189968229137,2.3135911161720797
2021-07-29,BUY,7069.106254577637,0.09962896404043242,2.3173805979944344
2021-07-30,BUY,-3603.3301491737366,-0.014136153272314989,2.3212033252304076
2021-08-02,SELL,-4753.609193801181,0.7183886267288608,2.33287196557792
2021-08-03,BUY,-233.94189882348292,1.280908662155944,2.3368286467903916
2021-08-04,BUY,-1032.6900115013123,0.04606096699704132,2.340819045573383
2021-08-05,SELL,-12146.448904037476,-1.3378956070151937,2.3448432477875056
2021-08-06,BUY,5419.851449012989,0.16040718196550507,2.3489013363242237
2021-08-09,SELL,-10499.250834465027,0.30461943153227145,2.361279703237788
2021-08-10,SELL,-5579.954708577367,0.236422675796788,2.365474104914228
2021-08-11,BUY,2652.703738213051,0.07437420596778654,2.3697027611515447
2021-08-12,SELL,-12983.550819396973,-0.6396272802448921,2.373965736017846
2021-08-13,BUY,6847.426626205444,-0.5100060049408439,2.378263090276451
2021-08-16,HOLD,289.74607849214226,-0.4788319551405018,2.3913619864674973
2021-08-17,BUY,18989.16067981627,0.14091976179202437,2.3957973981672294
2021-08-18,HOLD,29300.056763649452,-0.9196494365384167,2.4002674418402306
2021-08-19,SELL,-72.39271354721859,-0.8515582291385382,2.4047721574246257
2021-08-20,BUY,-10039.295389175182,0.9534254580532364,2.409311581222915
2021-08-23,SELL,21261.008158684243,1.4408796692706671,2.4231384094141912
2021-08-24,BUY,31219.148072241805,-1.5946072074723983,2.427816954753178
2021-08-25,HOLD,-478.0789165501483,0.28892562901872143,2.432530333659775
2021-08-26,HOLD,37312.17829323001,1.6126320004555605,2.4372785596511695
2021-08-27,BUY,6109.184145926498,0.08623900761213221,2.4420616422872423
2021-08-30,SELL,-22664.63170814514,0.6557875530260326,2.456620065360945
2021-08-31,HOLD,-4139.749105453957,1.953531234978867,2.4615425894615797
2021-09-01,HOLD,13662.702518464532,0.860973873256432,2.466499957084187
2021-09-02,HOLD,23929.510690687224,0.2934411368969547,2.471492153111727
2021-09-03,SELL,-1297.4571285243146,-0.07863033285152587,2.4765191581618904
2021-09-06,SELL,2664.938056945801,-1.41019314041112,2.4918087687541353
2021-09-07,SELL,-33445.37601852347,1.4149864693519976,2.496974729283626
2021-09-08,SELL,-36943.68902540207,-0.18356714357155024,2.5021753364681447
2021-09-09,BUY,34590.048911572434,-0.8106732346785606,2.507410544453352
2021-09-10,SELL,-13768.876200200059,-0.14895420270442106,2.512680302830147
2021-09-13,HOLD,-10868.12009429955,-3.1016676175535163,2.5286963070701907
2021-09-14,SELL,-3655.6339225752745,1.9153207863881971,2.5341036704526867
2021-09-15,SELL,11041.471560001373,1.4699327982555355,2.5395452624924952
2021-09-16,HOLD,-1070.718921661377,-0.5854131827575548,2.5450210046387225
2021-09-17,SELL,-17381.19323968934,0.799447809685172,2.550530813519547
2021-09-20,BUY,0.0,0.0,2.567263733789142
2021-09-21,SELL,-7307.613584995503,-0.18769004251945054,2.5729088782299407
2021-09-22,SELL,-104.11277151061222,0.5197407916213925,2.5785875989991234
2021-09-23,HOLD,8464.434129238129,0.24197972796105027,2.5842997830679675
2021-09-24,BUY,6537.256492614048,0.5244663707297814,2.590045312348886
2021-09-27,HOLD,23549.408747195965,0.19983067789623998,2.607480714050644
2021-09-28,SELL,-3211.426775454078,1.0643536696293698,2.613358341042203
2021-09-29,SELL,3088.0692939751316,1.5067825970338289,2.6192686458502896
2021-09-30,BUY,8846.04831552459,0.19628326589011813,2.6252114793993107
2021-10-01,SELL,-1799.2312812809832,0.27107411988328556,2.6311866873499663
2021-10-04,BUY,9060.860602379544,-0.6728023007141148,2.6493049347166995
2021-10-05,SELL,-1105.013254166115,0.06974661774411528,2.6554079907034485
2021-10-06,BUY,4657.596893310314,1.4180375907823395,2.6615425695476294
2021-10-07,HOLD,29748.466257572174,-1.780416565960996,2.6677084848037587
2021-10-08,BUY,2429.3813800802454,-0.3547910159623857,2.6739055445956503
2021-10-11,SELL,4400.795080185402,-1.5171326566550292,2.692681590539275
2021-10-12,HOLD,-1510.3383159628138,0.09198227232669609,2.699001200399513
2021-10-13,BUY,-9494.436528205173,-1.0499343077256529,2.705350913267719
2021-10-14,SELL,4999.5246009822,0.7744888198246702,2.7117305042842768
2021-10-15,SELL,-5531.848294257885,0.3959000287585779,2.718139743034292
2021-10-18,HOLD,8550.614095687168,-0.4431166290099986,2.7375429579180377
2021-10-19,BUY,0.0,0.0,2.7440683718749046
2021-10-20,HOLD,0.0,0.0,2.750622197702799
2021-10-21,SELL,-1176.8587493880186,0.6287249376971671,2.7572041713936657
2021-10-22,SELL,431.3389196379576,0.8923110072407869,2.763814023306291
2021-10-25,SELL,-5374.088770866627,1.4795232285337856,2.7838080673238275
2021-10-26,HOLD,9211.543245316949,-0.2728025959696456,2.790526622822363
2021-10-27,BUY,20884.78965759091,-0.47567399531838195,2.797271623628168
2021-10-28,SELL,7513.930215836968,-0.8478856116061584,2.8040427661893097
2021-10-29,HOLD,-830.5915527348407,0.6284467969345564,2.81083974129343
2021-11-01,SELL,-12330.359552383423,0.07845137732508389,2.831382484850854
2021-11-02,SELL,105.12051010108553,-0.27382843155669967,2.838279584833835
2021-11-03,BUY,10446.819482803112,-1.0889809788243165,2.845200886446378
2021-11-04,HOLD,0.0,0.0,2.8521460465622166
2021-11-05,HOLD,-2904.4327774043195,-0.3746621317390675,2.8591147164214785
2021-11-08,BUY,21597.50788688613,-1.1637154847795594,2.8801582125420238
2021-11-09,SELL,-11544.718255996704,-0.4309520763257413,2.8872173214235435
2021-11-10,BUY,14622.07320976397,-0.2690848804623114,2.894298112080987
2021-11-11,HOLD,11471.406360625057,-1.013129230678289,2.9014002021710033
2021-11-12,BUY,19018.068698882824,-1.6075664716293958,2.908523203800462
2021-11-15,SELL,-7604.209995269775,0.04593672465871279,2.930013716108291
2021-11-16,BUY,17268.960283279885,-0.9790313497573866,2.937216374581337
2021-11-17,BUY,8989.513013839722,0.645355647788759,2.9444379225113075
2021-11-18,BUY,0.0,0.0,2.9516779391014545
2021-11-19,SELL,-40614.38844490005,3.406056249677736,2.9589359981484162
2021-11-22,BUY,18345.96398735093,-0.6636630699389467,2.9808140874395903
2021-11-23,SELL,-14802.547973633744,2.3750683096575465,2.9881399470632766
2021-11-24,SELL,-13949.245971680153,1.0837196572055507,2.9954816379606326
2021-11-25,BUY,19039.195273399586,-0.9284962075694292,3.0028387020658807
2021-11-26,BUY,7141.058867454529,0.9602520110193025,3.010210676110777
2021-11-29,HOLD,1637.2308120729867,0.0689615741563232,3.0324113478909926
2021-11-30,BUY,13832.974311828148,0.2369944913186206,3.039838226186335
2021-12-01,SELL,-8209.381567000877,1.3375236132214807,3.047277621284469
2021-12-02,SELL,6935.456512450473,-0.300676210545614,3.0547290394649043
2021-12-03,HOLD,703.6276149759069,-0.7725660326140193,3.0621919820706904
2021-12-06,HOLD,8404.476148604648,1.021441666270273,3.0846448967370224
2021-12-07,BUY,17904.065616609063,-0.7990747915169072,3.0921488532794186
2021-12-08,BUY,10205.856884001754,-0.8140823333916636,3.0996617684671035
2021-12-09,HOLD,3479.258762360085,0.42132401174992395,3.1071831149729827
2021-12-10,BUY,6035.687976837158,1.8169968423336513,3.1147123608614677
2021-12-13,HOLD,6534.393249510322,2.4704846599229446,3.1373421074373438
2021-12-14,BUY,41202.46487045381,-1.4534095376010026,3.1448975411722557
2021-12-15,SELL,-493.658557892777,-0.33299059219525917,3.1524581473435997
2021-12-16,SELL,-3872.3291244520806,-0.2361614027454273,3.1600233674976987
2021-12-17,BUY,27060.43136024638,-0.7942627326205765,3.167592638961538
2021-12-20,BUY,-5307.061019896762,-1.1457351525293147,3.1903190724704507
2021-12-21,BUY,-1506.1981887824368,-0.32463970333772574,3.197898840199528
2021-12-22,BUY,91773.80523300078,-4.825698444047077,3.2054797847432166
2021-12-23,BUY,15147.559934615623,-0.2143216507439316,3.213061319425267
2021-12-24,BUY,21796.46434021066,-1.2213319275075518,3.2206428537988234
2021-12-27,SELL,3282.6381111163646,-1.0521141385600896,3.2433814954943863
2021-12-28,SELL,-4631.275936127873,-0.07397461214059264,3.2509570511865564
2021-12-29,HOLD,2942.5776672370266,-0.2022543928848597,3.2585296002262036
2021-12-30,SELL,-12553.161962511018,0.9517358060020187,3.266098531028426
2021-12-31,SELL,10121.31695938157,-0.05752269085139705,3.2736632287434864
2022-01-03,BUY,26265.364372251788,1.0272054269546027,3.2963257275144744
2022-01-04,SELL,2155.0110507034697,-0.12713320789365934,3.303867281794691
2022-01-05,HOLD,-917.8270792961121,0.8302119185847778,3.3114014824894435
2022-01-06,BUY,9981.785792350536,1.7667396034008354,3.318927696808651
2022-01-07,BUY,40038.65072679473,-1.5672095846146483,3.3264452892567906
2022-01-10,SELL,-147.93561506271362,0.8921775890638584,3.348939941609966
2022-01-11,SELL,-11499.359907150501,0.42700485931947973,3.3564166404723412
2022-01-12,SELL,-314.8358392706141,-0.5427470286256009,3.3638815023806963
2022-01-13,SELL,-3532.959727287991,-0.4182206315168302,3.371333877406224
2022-01-14,BUY,0.0,0.0,3.3787731135233994
2022-01-17,HOLD,0.0,0.0,3.4010054386296167
2022-01-18,BUY,54851.68049812224,-1.7451075737748623,3.408385560116677
2022-01-19,SELL,-169.37900733877905,1.3996363679238177,3.415749254322078
2022-01-20,HOLD,224.2560958871618,0.1106278654906534,3.4230958585750733
2022-01-21,HOLD,-7372.525412559975,-0.0006690309134471661,3.430424708761107
2022-01-24,BUY,-5058.02011585352,0.28897678195574095,3.452298074147382
2022-01-25,SELL,-31870.233162879245,2.2788744169450648,3.4595492414386033
2022-01-26,SELL,-9390.114047052106,-1.4500144507972212,3.466779315838157
2022-01-27,HOLD,-13266.498357770732,-0.4806164580031913,3.473987626622022
2022-01-28,SELL,-14222.531013012165,-0.8998480826968192,3.4811735023135038
2022-01-31,BUY,11319.409120083787,-1.128095611448665,3.5025897949119162
2022-02-01,SELL,2326.624324797187,0.2526309673980931,3.5096792039780147
2022-02-02,SELL,-24383.574377058772,0.21401267717665595,3.5167428128511578
2022-02-03,BUY,21078.83953475766,-4.084852362438484,3.5237799476906746
2022-02-04,HOLD,0.0,0.0,3.5307899346259024
2022-02-07,SELL,-12881.630371092586,3.420733609441784,3.551650271065942
2022-02-08,SELL,-33632.95359611511,0.6751963694664131,3.5585449307761436
2022-02-09,SELL,-40294.681856154,-0.18423460934049452,3.5654090764837365
2022-02-10,BUY,9362.654159546364,-3.290299878027092,3.57224203636712
2022-02-11,HOLD,17601.288867948344,0.45405052580587135,3.579043139321576
2022-02-14,BUY,5668.531052590115,2.2009727883399943,3.5992486085920703
2022-02-15,SELL,1299.4278097157367,0.2989803187419149,3.6059155909151013
2022-02-16,SELL,0.0,0.0,3.612547375336656
2022-02-17,BUY,1659.8356599817052,-0.5281258938624078,3.619143297335774
2022-02-18,SELL,-25073.507030487526,1.689428243453539,3.6257026938715127
2022-02-21,SELL,-49731.74803829193,1.0614959798713408,3.645155124797329
2022-02-22,BUY,-1295.0401391980704,-4.938309250007511,3.651561822518343
2022-02-23,SELL,-38686.60918617342,2.5560226638937977,3.6579287056209453
2022-02-24,SELL,-59958.27160835243,0.1997553330427726,3.6642551222552875
2022-02-25,BUY,38776.74419403216,-8.079236710612559,3.670540422822544
2022-02-28,BUY,40397.42731857323,1.7402078027863865,3.689143168214442
2022-03-01,HOLD,0.0,0.0,3.695257557404272
2022-03-02,SELL,-3927.5664339091163,5.448788059671649,3.7013276201559693
2022-03-03,SELL,-29148.113057135837,-0.0696174545916528,3.7073527226902954
2022-03-04,BUY,482.68779373168945,-2.4988567311043375,3.713332234249167
2022-03-07,SELL,-32089.04909133818,3.5500468827913134,3.7309909631059153
2022-03-08,SELL,-45441.66211700486,0.2906447238329668,3.7367818674302455
2022-03-09,SELL,-27894.989577292698,-1.5009879937590842,3.742524076127479
2022-03-10,BUY,63924.02802371816,-8.649451457257229,3.748216978855554
2022-03-11,SELL,-10392.22937679151,9.219483247227977,3.753859969053856
2022-03-14,HOLD,-18671.53271865775,-0.7675445643484102,3.7704834578356685
2022-03-15,SELL,-33591.021755219204,1.2604718809258064,3.775920811683659
2022-03-16,BUY,4910.6150445945095,-3.164664816299534,3.7813052806603538
2022-03-17,BUY,0.0,0.0,3.786636283131365
2022-03-18,SELL,13989.301492688945,-0.7197340439752065,3.791913241985136
2022-03-21,BUY,11604.476268768543,0.93552387596465,3.8074141557463923
2022-03-22,SELL,-4358.172967910068,1.2041038236245694,3.812469263094021
2022-03-23,BUY,-2375.7659473423846,-0.5141341081827289,3.81746751272214
2022-03-24,HOLD,-4429.027424812783,0.324935420412098,3.822408356815078
2022-03-25,BUY,-4430.391879081028,0.8023294155004024,3.827291252793458
2022-03-28,SELL,-48228.54525375203,4.124444751853307,3.841586906868077
2022-03-29,SELL,-54639.75666570733,0.26498078790291313,3.8462326927732713
2022-03-30,SELL,-25971.254777431022,-2.814670679504805,3.850817899653153
2022-03-31,SELL,-26247.13852739311,-2.2358789084692905,3.8553420183997167
2022-04-01,SELL,-39637.234704017406,-8.32479452395991,3.859804545817959
2022-04-04,HOLD,-3596.621003629174,-4.870559158036913,3.87281763879775
2022-04-05,BUY,51196.01386356354,2.8322737851573576,3.8770288904536976
2022-04-06,SELL,-27878.398986815475,-0.4322118226872451,3.8811761267286844
2022-04-07,SELL,-38004.0672869687,-1.5926068986652386,3.885258881828304
2022-04-08,SELL,-20018.93491125037,-0.02386770104058078,3.8892766965026064
2022-04-11,BUY,0.0,0.0,3.900936005439913
2022-04-12,SELL,0.0,0.0,3.904689599790353
2022-04-13,HOLD,0.0,0.0,3.908376058604486
2022-04-14,SELL,0.0,0.0,3.9119949636661997
2022-04-15,HOLD,0.0,0.0,3.9155459038819878
2022-04-18,SELL,0.0,0.0,3.9257869329827253
2022-04-19,HOLD,0.0,0.0,3.9290620480281695
2022-04-20,SELL,0.0,0.0,3.9322672522776148
2022-04-21,SELL,0.0,0.0,3.9354021789621045
2022-04-22,SELL,0.0,0.0,3.9384664689526883
2022-04-25,SELL,-69660.86389398598,-4.410508609732645,3.947232043501388
2022-04-26,SELL,-69391.68735218071,-3.5934133934526837,3.950010350596836
2022-04-27,SELL,33750.52441501641,7.664501164371095,3.9527163423037885
2022-04-28,SELL,12260.56459808303,5.115143047126591,3.9553497067234256
2022-04-29,BUY,-880.8226299288217,0.2998796556461403,3.9579101400468533
2022-05-02,BUY,0.0,0.0,3.9651509379158005
2022-05-03,BUY,0.0,0.0,3.967416772576387
2022-05-04,BUY,12355.980577469105,-1.051944782669434,3.9696082804361907
2022-05-05,BUY,-558.8975110047031,-1.2035010353061981,3.9717252073989404
2022-05-06,SELL,-18262.387413024902,-1.5167669134808381,3.9737673078348257
2022-05-09,BUY,7067.710328578018,1.0966181314852275,3.97944232166633
2022-05-10,HOLD,0.0,0.0,3.9811828306544292
2022-05-11,BUY,0.0,0.0,3.9828474135692993
2022-05-12,SELL,15445.011593341595,2.1631805182367625,3.984435876520487
2022-05-13,BUY,44725.33513593674,1.2157155113184714,3.9859480343821887
2022-05-16,SELL,0.0,0.0,3.990024958385365
2022-05-17,BUY,39300.39410495735,2.1538582144018603,3.9912302211470356
2022-05-18,SELL,-3041.48290252639,-0.2546817084550068,3.9923583858590934
2022-05-19,SELL,-20688.059230803745,-1.5557690486474707,3.993409320679236
2022-05-20,SELL,5520.87873554253,1.2763179330285146,3.9943829027456896
2022-05-23,HOLD,31329.57460975647,0.7649963507703639,3.99683843900355
2022-05-24,BUY,5134.690005301032,-1.4262333738733868,3.9975015618491616
2022-05-25,BUY,3841.740772249177,-1.6089210026290823,3.998086853116699
2022-05-26,HOLD,-6162.731014251476,-0.7714870692293263,3.9985942442689146
2022-05-27,SELL,-18988.55626964732,1.145252644945527,3.999023675879779
2022-05-30,SELL,-8974.707308767829,0.240346966102567,3.9998437561033566
2022-05-31,HOLD,-11574.189151763916,-0.4857470282328191,3.9999609378814673
2022-06-01,BUY,3976.623872756725,-1.2325669446134668,4.0
2022-06-02,BUY,12157.134096144931,-0.41680403405175426,4.000516493437023
2022-06-03,SELL,-2493.8060960764997,-0.6905638766350974,4.0009548672144675
2022-06-06,SELL,-25784.898365974193,-1.930056106760425,4.001801453657557
2022-06-07,BUY,-3802.899024010636,-3.003573845626639,4.001927577602248
2022-06-08,BUY,18961.34551811288,1.4006587122054048,4.0019757420055875
2022-06-09,BUY,6566.216656684643,0.9696498796984976,4.001946006293606
2022-06-10,BUY,14096.812807083828,-1.4719494034141078,4.00183843900355
2022-06-13,BUY,-377.15227031731047,-0.5472385376335653,4.0010495694123565
2022-06-14,BUY,0.0,0.0,4.000631542901458
2022-06-15,SELL,-20734.866261482006,-0.6432202616071026,4.0001361636368715
2022-06-16,SELL,-15737.84155750391,0.45004211381374226,3.999563554480369
2022-06-17,SELL,-26465.823916434078,-1.54927473936608,3.998913847274254
2022-06-20,BUY,-413.77640152024105,-0.12089976815354841,3.996503589937744
2022-06-21,HOLD,14276.128265381325,0.2448471123462248,3.995546987631598
2022-06-22,SELL,2446.6181068415754,0.17122378484348832,3.994514080235966
2022-06-23,BUY,4656.524471282726,0.4916774972391291,3.9934050528766516
2022-06-24,BUY,18834.547101974953,-0.04177576677091288,3.992220099444108
2022-06-27,SELL,-22558.776758194435,-1.6793317583809864,3.98821175227927
2022-06-28,SELL,-16810.101215363014,-0.41030786588442947,3.9867252073989405
2022-06-29,SELL,5267.559915542835,0.1264391134905285,3.9851638359917465
2022-06-30,BUY,4179.204700469971,-1.0453358843677707,3.983527883687498
2022-07-01,HOLD,31127.88002967881,-0.7649656387030079,3.981817604582467
2022-07-04,BUY,8691.39866447472,-2.220321448543483,3.976243473380187
2022-07-05,SELL,-22813.40178108192,-0.2761326696614663,3.9742385956123143
2022-07-06,SELL,-25595.537111283047,0.19871494937547807,3.972160786748233
2022-07-07,SELL,-9876.817108154297,0.0703733863171796,3.970010350596836
2022-07-08,SELL,-583.3448457717896,0.7627116901168907,3.9677875990569436
2022-07-11,BUY,21262.844757079612,2.2364144123308893,3.9606886911749104
2022-07-12,SELL,2871.4742307660636,0.9267417841721359,3.9581799567398823
2022-07-13,HOLD,0.0,0.0,3.955600585610948
2022-07-14,SELL,-3688.0008535382804,-0.8611612975233607,3.9529509369170586
2022-07-15,BUY,29140.759744644165,0.13537209876133272,3.9502313774271696
2022-07-18,HOLD,10348.622754096985,0.06851681270398924,3.941657014993099
2022-07-19,BUY,7186.688423156738,0.891096381814549,3.9386616303328665
2022-07-20,BUY,14927.647518158425,-0.5129146441316346,3.935598280826708
2022-07-21,HOLD,4850.675531386165,-0.40988333376075214,3.9324673775681305
2022-07-22,HOLD,-3071.904708862072,-0.37828837685449646,3.9292693387732465
2022-07-25,SELL,-8072.984492301475,-0.4533407587696159,3.9192766965026062
2022-07-26,SELL,-5512.593847275246,-0.17768459938731773,3.9158144373838595
2022-07-27,HOLD,-2404.5330944051966,-0.1940318917579842,3.9122872378397955
2022-07-28,HOLD,1753.2409610738978,0.7138039710951505,3.9086955571203643
2022-07-29,BUY,0.0,0.7605313842658834,3.9050398610199726
2022-08-01,HOLD,12820.579734802712,-1.213886765772887,3.8936934347068477
2022-08-02,BUY,23726.00763225532,0.34143450783534757,3.889786462844161
2022-08-03,SELL,22387.87371730851,1.5370712786550111,3.885817899653153
2022-08-04,BUY,17165.581081389915,2.1644992093585946,3.8817882483288266
2022-08-05,BUY,37683.13430595328,-1.1003691278634875,3.877698017979188
2022-08-08,HOLD,12266.101172446972,1.475929407774479,3.865069030571236
2022-08-09,BUY,17082.589561462635,-0.9537012453975757,3.8607416901484113
2022-08-10,HOLD,40494.209322452545,1.414065785673091,3.8563564016110288
2022-08-11,BUY,0.0,0.0,3.8519137075384653
2022-08-12,BUY,50902.58092451142,1.166839670437425,3.8474141557463923
2022-08-15,SELL,-4687.7239508628845,1.153315723987547,3.8335799086518025
2022-08-16,SELL,-15008.085455895402,-0.867480235283824,3.8288585053535873
2022-08-17,HOLD,-15007.821408271557,-1.9104160813303683,3.8240830584381316
2022-08-18,SELL,-10935.483272074955,1.3096819921539216,3.8192541450169926
2022-08-19,BUY,-4832.46985626244,0.40639099296765346,3.8143723467245576
2022-08-22,SELL,9413.589514731662,0.7884510280832036,3.7994155246094117
2022-08-23,BUY,511.99741935753264,-0.6329576670232373,3.7943280899666654
2022-08-24,HOLD,-1695.8112487792969,-1.3914624596672254,3.789190742794146
2022-08-25,SELL,-36451.92324829195,-0.010350101339928752,3.7840040896524676
2022-08-26,SELL,-8370.515497207642,0.5380684266459768,3.778768740883693
2022-08-29,SELL,-13755.940769672394,-0.1221386905130073,3.7627766786936117
2022-08-30,SELL,12914.346422196133,0.1533334335418246,3.757352722690295
2022-08-31,BUY,32493.99034166406,-0.12871321974594618,3.7518831757115247
2022-09-01,BUY,32852.996090411674,0.1963338706249207,3.746368668515383
2022-09-02,BUY,19564.28318977286,-1.2590603268877842,3.7408098348811087
2022-09-05,SELL,9034.197607040172,0.057669678678484715,3.7238737561558772
2022-09-06,SELL,-5370.837111472385,-0.6909666421389127,3.7181440111441764
2022-09-07,HOLD,5196.796366691822,0.2933673061626285,3.71237315006539
2022-09-08,SELL,11557.026648997562,0.8800918073692321,3.706561822518343
2022-09-09,BUY,25000.66878080461,0.2866370348347358,3.700710680352884
2022-09-12,BUY,35548.64051151229,-1.6253041063228668,3.682924916093735
2022-09-13,BUY,5178.58785056998,-1.090452216434712,3.676921075113552
2022-09-14,BUY,36649.78869533725,-0.9540266479880932,3.6708807086699893
2022-09-15,BUY,41377.804538724944,-0.4140350156912165,3.66480447980399
2022-09-16,SELL,-19612.560677526984,0.7842216219175469,3.6586930530365147
2022-09-19,SELL,-11348.307962417603,0.12328579617356672,3.640154250432687
2022-09-20,SELL,-10289.809823037125,-0.33407132793302763,3.6339087030337867
2022-09-21,HOLD,7451.6416692733765,-0.034509444981467574,3.6276312987059587
2022-09-22,SELL,7961.132102966309,0.46188439342740306,3.6213227085539215
2022-09-23,SELL,-4937.731958389981,-0.5547999762363642,3.6149836043992756
2022-09-26,SELL,-22237.951155185234,-0.001457760508427608,3.5957899346259024
2022-09-27,HOLD,5358.037331104977,-0.11056799054367517,3.58933550324623
2022-09-28,BUY,1097.3235292441677,0.5593005981477717,3.582853923962269
2022-09-29,SELL,-2224.799800873734,-0.34383073678877496,3.5763458706446816
2022-09-30,SELL,5949.45192861557,-0.5022493895681879,3.5698120171341383
2022-10-03,SELL,-30982.51594448043,-1.6581517426375703,3.5500623912023928
2022-10-04,SELL,-65792.46972799301,-1.3147163573369092,3.5434320710664666
2022-10-05,BUY,10968.427729605464,-0.33070669057615465,3.5367793158381566
2022-10-06,SELL,-24668.247978209518,-0.6226148610033788,3.530104796994159
2022-10-07,SELL,-17846.101239682175,-0.4674108253773124,3.523409185258493
2022-10-10,SELL,0.0,0.0,3.5032024865388847
2022-10-11,SELL,-36644.8375210762,-1.6754062043873197,3.4964291919084065
2022-10-12,HOLD,257.78739643027075,1.2936119889621178,3.489638143210967
2022-10-13,HOLD,43472.97130203294,1.182634096733759,3.4828300045611216
2022-10-14,HOLD,-10925.816320419777,-0.02289254669777252,3.476005438629617
2022-10-17,SELL,-16735.33691596845,-1.0317676790222885,3.455439780190066
2022-10-18,HOLD,-15502.013974190457,-0.5837880657842964,3.4485560996284463
2022-10-19,BUY,701.0857305522077,0.0623713781738644,3.441659280158474
2022-10-20,SELL,-18079.97008991125,-1.0791643055478084,3.4347499738056744
2022-10-21,SELL,-11644.552326202858,0.28212547837461743,3.427828830498855
2022-10-24,SELL,0.0,0.0,3.4070008448123463
2022-10-25,SELL,-15610.240627289051,-0.5204150360937687,3.400038807919762
2022-10-26,BUY,13632.251413346035,1.0877131031858944,3.39306814915611
2022-10-27,BUY,20917.849548339378,1.0728345263503858,3.386089504016913
2022-10-28,SELL,-15047.113941191696,-0.1811391831409992,3.3791035052922522
2022-10-31,BUY,-6942.723597527482,-1.4430373133665353,3.3581076731879307
2022-11-01,BUY,-5108.264226436848,1.1551647832015233,3.351098531028426
2022-11-02,BUY,-1093.9886603346094,-0.25729408330560366,3.3440851557817592
2022-11-03,SELL,-4908.594621659722,-0.32064011167156625,3.3370681622976677
2022-11-04,SELL,-3399.278865814209,0.3225305964810299,3.330048162161053
2022-11-07,SELL,0.0,0.0,3.308976187132157
2022-11-08,SELL,-23575.505518435966,-0.7844109574870806,3.301950208314156
2022-11-09,BUY,7413.452667236328,0.32943830619613923,3.294924229187661
2022-11-10,BUY,8798.936626911163,0.05844793026301698,3.287898840199528
2022-11-11,HOLD,12145.285516738659,-0.15160362826740492,3.280874628026006
2022-11-14,BUY,-2285.805269718403,-0.35233691179927806,3.2598148611837603
2022-11-15,SELL,-18074.707692622207,0.5408561995842276,3.2528011452754764
2022-11-16,HOLD,-15757.501949310536,-1.972280211411881,3.245791480676933
2022-11-17,SELL,-7451.635303497547,0.4172310293798387,3.2387864300611446
2022-11-18,SELL,-28542.5285320275,-0.9584713568825287,3.2317865518817883
2022-11-21,SELL,-9486.134884834522,0.13198840356497543,3.210823471972579
2022-11-22,BUY,30223.185727119213,1.2925116807775083,3.2038497816396494
2022-11-23,HOLD,22974.026604651473,0.5739090434758953,3.196883990689326
2022-11-24,BUY,-16891.340765476227,-0.8781216115784418,3.1899266310571965
2022-11-25,HOLD,10613.576648712391,2.4036338696145743,3.1829782300703555
2022-11-28,BUY,15496.992137432331,1.7306552325907942,3.1621919820706905
2022-11-29,SELL,-2026.4533762927167,1.2105083939764616,3.15528459502046
2022-11-30,BUY,44341.53982400824,-0.020473349836658272,3.14838873239558
2022-12-01,BUY,12288.520618438488,-0.5628949540035899,3.1415048928530016
2022-12-02,BUY,8272.809040547116,0.6607435521158722,3.134633570113215
2022-12-05,BUY,9523.191253661644,0.5579470759833338,3.1140995649996657
2022-12-06,HOLD,13258.531504154205,-0.03661682906976882,3.107283146510325
2022-12-07,SELL,0.0,0.0,3.1004816379606326
2022-12-08,BUY,-2182.626822471386,0.4688336800409143,3.093695502618832
2022-12-09,SELL,-11212.335805415642,0.22275586363935673,3.0869251985507016
2022-12-12,SELL,-5102.14510011673,0.4415867605312318,3.066713775926194
2022-12-13,SELL,-4252.83176040696,-0.036648773425485004,3.060011272434788
2022-12-14,BUY,25495.374073029263,-1.1393084754669047,3.0533268114001966
2022-12-15,SELL,-10035.890894413693,-0.3610383386663196,3.046660819025781
2022-12-16,HOLD,-2914.8103151319083,-0.2865933653473429,3.040013716108291
2022-12-19,SELL,-22128.94407796883,-0.038306687387845706,3.020189870467129
2022-12-20,HOLD,-15373.345273494255,-0.8645034465752155,3.0136224243932253
2022-12-21,SELL,-6754.956033230526,-1.0008893822786469,3.007075889858765
2022-12-22,SELL,-6306.365669249324,0.059539240326300646,3.0005506547568768
2022-12-23,HOLD,-3018.2826061253436,-0.49458379276393627,2.9940471014309127
2022-12-26,BUY,0.0,0.0,2.974670271977034
2022-12-27,SELL,6687.157825469738,0.7079217479675881,2.9682571576733277
2022-12-28,SELL,-5772.177672862774,-0.48886108902476133,2.9618675531130445
2022-12-29,HOLD,6752.893694401253,-0.700155078618403,2.9555018070560575
2022-12-30,SELL,5560.643377303379,-0.05650171262820969,2.949160262628632
2023-01-02,SELL,-3745.9828920357395,0.46830967058266726,2.9302841857378743
2023-01-03,HOLD,2698.252839088207,0.25590212312218696,2.92404276618931
2023-01-04,SELL,-6785.907878398895,-0.23272139041271567,2.917827179183724
2023-01-05,SELL,-4381.781565189362,-0.4288366145257405,2.911637733933474
2023-01-06,HOLD,0.0,0.0,2.905474733990494
2023-01-09,HOLD,-8735.251641273964,-0.5641488167510755,2.8871473566396246
2023-01-10,BUY,-6227.492890357738,-0.12615756751902518,2.8810930602825544
2023-01-11,SELL,-1677.5585317609366,-0.04186626819577821,2.8750666421472433
2023-01-12,SELL,-12546.419961452717,0.5343955389380817,2.8690683718749046
2023-01-13,BUY,0.0,-0.8564974587438101,2.8630985134735933
2023-01-16,SELL,0.0,0.0,2.8453619652565143
2023-01-17,SELL,4573.127974510426,2.7865052681538494,2.8395082820620545
2023-01-18,SELL,-3989.2263393406756,0.30399262074770617,2.8336842466010523
2023-01-19,SELL,26879.84714174294,-0.9997077168472313,2.827890089288402
2023-01-20,HOLD,38257.120290755294,0.44354129053520985,2.8221260349837194
2023-01-23,BUY,26137.823088169564,1.5435948887024598,2.8050166557067615
2023-01-24,BUY,-22505.24152994179,0.42678677770604523,2.7993751514704255
2023-01-25,BUY,8155.454012394417,0.19874871177736342,2.7937647917698514
2023-01-26,BUY,9135.53323125816,-0.9988980999944608,2.788185768481226
2023-01-27,HOLD,15214.3147563932,-0.5017899321638764,2.782638268050033
2023-01-30,SELL,-12310.690193653572,-0.27561310635000336,2.7661866873499665
2023-01-31,HOLD,1040.4360847475473,-0.7133199604707707,2.760767034954866
2023-02-01,BUY,13740.541084766854,0.26770723190974177,2.7553797569614007
2023-02-02,HOLD,21571.902193546062,-1.0810026841778786,2.75002500770887
2023-02-03,BUY,28097.232941627037,-0.18285957885462167,2.7447029362728665
2023-02-06,SELL,-11076.358298778068,-0.1734614960113401,2.7289342012377746
2023-02-07,SELL,-14427.765920639038,-0.8020340106790314,2.723744227512412
2023-02-08,BUY,8932.978106021881,-0.7269614794724544,2.7185875989991235
2023-02-09,BUY,261.8428549771197,-0.5603745134853177,2.7134644337854965
2023-02-10,SELL,-11407.804966926808,0.402810011443111,2.708374844900253
2023-02-13,SELL,-20133.419045449,-0.7862090221688045,2.693308591297325
2023-02-14,SELL,-27258.053910254734,0.24214716008879034,2.688354337972056
2023-02-15,HOLD,-142.32931280182675,-0.14998438773552447,2.683434151381384
2023-02-16,BUY,31150.423855305184,0.4935032916037141,2.678548114897131
2023-02-17,BUY,12013.783800125588,-1.067850553250993,2.6736963070701907
2023-02-20,BUY,52498.45369911054,-1.341751009885206,2.6593469694968137
2023-02-21,HOLD,24983.116365434136,-1.1507445580962283,2.654632766675574
2023-02-22,HOLD,9105.585598943988,-0.7586389926767745,2.6499531142459225
2023-02-23,HOLD,17831.80087041948,0.04568357016030422,2.6453080626169596
2023-02-24,BUY,11442.605662822956,-0.4276310306891906,2.6406976576430243
2023-02-27,SELL,-28323.1564288137,0.8395160345751385,2.627074713717446
2023-02-28,SELL,-7448.4678659441415,0.22463373801422382,2.622603264222838
2023-03-01,BUY,13305.364467144478,-0.5912542617729999,2.6181666237508536
2023-03-02,SELL,14724.840222833678,-0.15623514505613834,2.6137648116838017
2023-03-03,HOLD,38651.42199325655,-2.2150673654175668,2.609397843138723
2023-03-06,BUY,0.0,0.0,2.596506086731687
2023-03-07,BUY,65147.878787041176,-3.113731029656175,2.5922785596511693
2023-03-08,HOLD,11473.7935171118,-1.3241238296394453,2.5880858892153302
2023-03-09,SELL,-5684.395566939842,0.8542527157215929,2.583928065864289
2023-03-10,SELL,-21930.83514308976,-0.13886722773167604,2.579805076080858
2023-03-13,SELL,-27618.494091987377,0.7268219909983831,2.567644914556248
2023-03-14,BUY,12291.292090415722,-0.9088119413163565,2.5636610463135145
2023-03-15,BUY,18308.98375892709,-0.4893657770033366,2.559711886284675
2023-03-16,SELL,5369.0920314779505,-0.1713035661525586,2.5557973981672295
2023-03-17,BUY,18317.279838562477,-0.2355793687784713,2.5519175420230527
2023-03-20,SELL,1690.5799283983652,0.3021348415036096,2.5404853124986735
2023-03-21,SELL,-18536.104885102017,-0.643517180177422,2.536743513795624
2023-03-22,HOLD,-16605.733404159546,-0.12496666547544555,2.5330360944848778
2023-03-23,SELL,-28282.6527967453,0.14326628396666985,2.5293629938031166
2023-03-24,BUY,3820.574633599259,-0.15018990689865674,2.5257241476822325
2023-03-27,SELL,-24695.5057058339,-0.16448573902165808,2.5150124474353346
2023-03-28,SELL,-6877.052838325733,-0.3624595928699126,2.511509914454172
2023-03-29,HOLD,18706.124372958206,-0.5836381890751641,2.508041267795605
2023-03-30,SELL,-9230.672690867912,0.25930684961698036,2.5046064245681694
2023-03-31,HOLD,16346.66186618735,-0.3642787946345871,2.5012052989112536
2023-04-03,SELL,-16706.723763466114,0.8365785475346832,2.4912033252304076
2023-04-04,HOLD,-10383.189912318252,0.21816061889465832,2.48793615354999
2023-04-05,BUY,0.0,0.0,2.484702227283191
2023-04-06,HOLD,10583.968604087364,0.11994786440236993,2.481501443764326
2023-04-07,SELL,0.0,0.0,2.4783336976949384
2023-04-10,BUY,1131.9550828933716,1.4939028527373388,2.469027592712641
2023-04-11,HOLD,17107.459447860718,0.4129644273033195,2.465990892475672
2023-04-12,BUY,-1302.7475543022156,-0.4705723394530681,2.462986665377678
2023-04-13,HOLD,0.0,0.0,2.4600147913263464
2023-04-14,BUY,0.0,0.0,2.4570751479299355
2023-04-17,BUY,4223.093890189193,0.22404745777999668,2.448448344251003
2023-04-18,SELL,-14915.109737395309,-0.44985606565584035,2.4456363552162634
2023-04-19,BUY,-6829.290640353225,-0.2363805996453916,2.442855952032157
2023-04-20,BUY,533.6895728104282,0.25268750419591424,2.4401069994956845
2023-04-21,SELL,-6977.407021521591,0.19189987858224677,2.437389360431325
2023-04-24,SELL,-23414.997702598805,0.5212813510715231,2.429422923692239
2023-04-25,HOLD,-3346.6464557645377,-0.7790725692966016,2.4268291289160233
2023-04-26,BUY,-5094.582631112542,-0.052523541373683535,2.4242659337488925
2023-04-27,SELL,-11663.00090265181,-0.025453681236786707,2.4217331901386276
2023-04-28,HOLD,-11878.755560398567,0.5171126381710467,2.4192307483778923
2023-05-01,BUY,0.0,0.0,2.41190371322347
2023-05-02,SELL,-42400.10577297141,-1.0739138338176635,2.4095209502339445
2023-05-03,BUY,11141.372932911152,0.00351587184943547,2.407167717275637
2023-05-04,SELL,2933.535568236839,0.7689652270568947,2.404843855633849
2023-05-05,BUY,0.0,0.0,2.4025492052439983
2023-05-08,BUY,10987.64929580735,0.5983297106341601,2.395838901581789
2023-05-09,BUY,1222.9325675955042,0.34127839125237536,2.393659470036345
2023-05-10,HOLD,-2570.4207572930027,-0.431704118894205,2.3915084306475247
2023-05-11,BUY,27958.65045547462,-1.3323306830575143,2.389385616132606
2023-05-12,HOLD,-4443.791000365745,-0.31570496985006136,2.387290858149756
2023-05-15,HOLD,-9686.973926544655,-0.059913824176272,2.3811732249313424
2023-05-16,HOLD,-18873.62673568679,0.24724338786574762,2.3791889898775587
2023-05-17,BUY,787.5159988394007,-0.19240250340927245,2.3772319551565393
2023-05-18,SELL,-9807.942207336659,-0.562294409655717,2.375301946904842
2023-05-19,HOLD,-8432.57026386261,-0.5829865259358247,2.373398790474328
2023-05-22,SELL,-23099.75457763602,-0.16477906325159664,2.3678486746486107
2023-05-23,SELL,7721.618030547863,0.050470834801252806,2.3660511646416733
2023-05-24,HOLD,23125.954220771557,0.312413517258614,2.3642796227537435
2023-05-25,HOLD,-9048.958866119152,0.35943135884222155,2.362533870408643
2023-05-26,SELL,11273.896139144897,-1.1525034588689254,2.3608137285020185
2023-05-29,SELL,-24402.63751029945,-0.39576325799584033,2.3558051671814892
2023-05-30,SELL,-11900.51881790231,0.5031803016032566,2.3541856666424756
2023-05-31,HOLD,3219.139472961426,-0.1978961397233192,2.3525908743127646
2023-06-01,BUY,36203.9284448626,-0.5521635218351584,2.3510206086425396
2023-06-02,BUY,7166.280868530041,0.18630451905747858,2.3494746877912904
2023-06-05,SELL,-4767.378514288459,0.4328892421960773,2.344981172061743
2023-06-06,SELL,1441.338863372337,-0.5624097497250791,2.3435308073900347
2023-06-07,BUY,1062.7538914675824,-0.6601483760866111,2.342103875091238
2023-06-08,HOLD,8089.755354881752,-0.10069742397236237,2.340700192245081
2023-06-09,HOLD,12373.666204452049,-0.05948475531820652,2.3393195758582284
2023-06-12,BUY,35195.50227499008,-0.24681284981387108,2.335314295039467
2023-06-13,BUY,8917.31478500343,0.24640219173874822,2.334024114116787
2023-06-14,HOLD,32442.78829574585,0.3859346982844958,2.332756084606529
2023-06-15,BUY,6957.042866706848,-0.16174231126271366,2.331510023680584
2023-06-16,HOLD,-8161.949818611378,0.3900354817881979,2.3302857486350836
2023-06-19,SELL,-11643.682307720417,-0.38023216325289155,2.326741814160023
2023-06-20,SELL,-7426.009618757758,0.38077823963633683,2.325602859001601
2023-06-21,BUY,19355.51823615888,0.6847047272560802,2.3244847789811987
2023-06-22,BUY,4052.1494922647253,0.11175667260352462,2.323387392682517
2023-06-23,BUY,8598.596388339996,-0.31046910083862844,2.3223105189903004
2023-06-26,BUY,22814.652469635243,0.07551372518157518,2.319201167407982
2023-06-27,SELL,-7068.716691017849,-0.2863908387160219,2.318204539826793
2023-06-28,BUY,17180.980828284984,-0.39912198403069254,2.317227524602477
2023-06-29,BUY,0.0,0.0,2.3162699429068527
2023-06-30,HOLD,3357.615783691872,-0.21153651428698073,2.3153316163691926
2023-07-03,BUY,0.0,0.0,2.312630391290307
2023-07-04,BUY,167253.6795511248,-0.9539587176232267,2.311767311542137
2023-07-05,HOLD,29033.680077552795,-0.2979277587321638,2.310922602670245
2023-07-06,SELL,-9409.449220658047,0.1668748432733791,2.310096089469037
2023-07-07,SELL,2452.050893784268,0.5231373709716491,2.30928759732674
2023-07-10,HOLD,-4304.984712600941,-0.3674356479987928,2.3069685104155084
2023-07-11,HOLD,6251.216690063244,-0.3675968976716848,2.3062303688848873
2023-07-12,SELL,28051.450946808094,0.32251171415766944,2.3055093848734645
2023-07-13,SELL,-7610.079090118874,0.34952403962249523,2.304805387694006
2023-07-14,BUY,34168.8112325666,-0.31307739238859433,2.3041182073699953
2023-07-17,HOLD,38627.6152963636,-0.49101346138529234,2.3021558787417695
2023-07-18,BUY,24378.050724030007,-1.1194030315352599,2.3015342808110852
2023-07-19,BUY,45757.92612457322,-1.7195070281986524,2.3009286610311084
2023-07-20,SELL,-1161.4079818725586,0.7072713859733071,2.3003388539946217
2023-07-21,SELL,5230.545877456665,0.5627180221610795,2.2997646951033097
2023-07-24,HOLD,-5272.385257720482,-0.14720346511069016,2.2981344737118357
2023-07-25,SELL,-18494.99319839524,0.35198596976060426,2.2976212780278225
2023-07-26,SELL,-8890.007966041565,-0.525750946621395,2.2971229200576477
2023-07-27,BUY,50122.08743762947,0.7386653803335586,2.2966392403074547
2023-07-28,BUY,19113.280631064903,-0.8586019006423751,2.29617008017268
2023-07-31,SELL,11657.689093590248,0.39018967410837657,2.2948481449641225
2023-08-01,BUY,0.0,0.0,2.2944354953772854
2023-08-02,BUY,40025.026718140114,-1.662205729960986,2.294036586063804
2023-08-03,BUY,26314.22666358808,0.7712844526593265,2.2936512639550264
2023-08-04,HOLD,-6698.986829757458,0.9564373872125165,2.2932793769352333
2023-08-07,HOLD,6657.741985321511,0.7420758102423264,2.2922428197078366
2023-08-08,BUY,8162.518142699497,0.2616682251707525,2.291923171211361
2023-08-09,HOLD,-3202.0174932472873,-0.483940668823879,2.291616211780855
2023-08-10,BUY,7440.686085700523,-0.34232945406187376,2.2913217951708327
2023-08-11,SELL,1037.2940816886257,-0.86288994200584,2.291039776136766
2023-08-14,SELL,-26522.5899810798,-1.9203701035533038,2.290266667176136
2023-08-15,HOLD,-27425.44082641485,-0.2815421864142631,2.290032806211669
2023-08-16,BUY,67322.8235025378,-1.5785715867157935,2.2898106318027818
2023-08-17,BUY,53779.36502552242,-3.021556225324651,2.2896000048194525
2023-08-18,HOLD,5813.162131306715,-1.2812697503240655,2.2894007871662483
2023-08-21,SELL,-37983.742193222046,0.9059145375913125,2.2888702248278054
2023-08-22,SELL,-17514.304291722365,-0.22238603029972603,2.288715284356616
2023-08-23,HOLD,10388.110325811896,0.9040145139344036,2.2885710783776294
2023-08-24,SELL,-47062.96505928086,0.595814848902454,2.2884374750715737
2023-08-25,SELL,-8353.615184783237,-0.4015672718383545,2.288314343674258
2023-08-28,SELL,-15687.51514530275,0.23310718667562957,2.288006489157976
2023-08-29,HOLD,1753.6422939314507,-0.1683780161882309,2.28792395891797
2023-08-30,HOLD,0.0,0.0,2.2878512626513
2023-08-31,SELL,-12198.301472664112,-0.007657188060139486,2.2877882759566037
2023-09-01,BUY,22062.21412563231,-0.37334380221034635,2.287734875496239
2023-09-04,BUY,69476.8739233031,-0.853643201034826,2.2876309741062566
2023-09-05,BUY,30097.64441967057,-0.36513708131056255,2.2876147064887875
2023-09-06,SELL,-32132.943344116677,-0.020407417087997537,2.2876074243778928
2023-09-07,SELL,-5997.199746134691,0.11787019624029949,2.287609010818147
2023-09-08,HOLD,6259.708887102082,0.7876881066483765,2.2876193499159134
2023-09-11,SELL,-25861.18696594308,0.4119773663087245,2.287701740121116
2023-09-12,SELL,-9771.882999421097,0.045402415430306764,2.2877459521072145
2023-09-13,BUY,24296.507724763826,-0.266152140773257,2.2877983531657793
2023-09-14,SELL,1372.3037223832216,0.7724333552540541,2.2878588337451604
2023-09-15,HOLD,-13346.72725296393,0.027887924838077005,2.2879272853442565
2023-09-18,SELL,-25745.026319503784,0.27993498818879026,2.288179396957824
2023-09-19,SELL,-24642.641695022117,-0.22418516205799932,2.2882786685521914
2023-09-20,BUY,3092.1396865844727,0.010460710290671749,2.2883853843332234
2023-09-21,SELL,-12311.58119869302,0.026849436641418478,2.28849944204946
2023-09-22,BUY,9845.6218338022,0.2781672176331407,2.2886207404806793
2023-09-25,SELL,-11609.403331756359,0.1297910382441647,2.2890270832593425
2023-09-26,SELL,1630.1658525455277,-0.03535093372468712,2.289176352853025
2023-09-27,SELL,20111.633285524324,0.006370257275167823,2.2893323724072614
2023-09-28,SELL,0.0,0.0,2.289495046814274
2023-09-29,SELL,0.0,0.0,2.2896642819713264
2023-10-02,SELL,-35345.961442948086,0.264954985141197,2.2902104259011518
2023-10-03,SELL,-29114.782546041068,0.2253488131281456,2.290404982981075
2023-10-04,BUY,28390.561573979678,-1.1403107679237134,2.290605645220679
2023-10-05,SELL,-9260.454568861518,0.19163525559601213,2.2908123244545715
2023-10-06,SELL,-17505.02252864791,0.49318020043618294,2.291024933490443
2023-10-09,SELL,-31639.283104897477,-0.1085547495863981,2.291697481977971
2023-10-10,HOLD,-11093.719233511714,0.36223788663296563,2.291932957584304
2023-10-11,SELL,-29965.55514049437,0.12346182245367432,2.2921739414500464
2023-10-12,BUY,32189.343610761687,-0.26945628086536555,2.2924203521138002
2023-10-13,SELL,-13613.587522506015,0.7552385547888729,2.292672109050588
2023-10-16,HOLD,-21891.95705986116,-0.24549605406812836,2.2934586661784517
2023-10-17,SELL,-14101.434934614226,-0.14878888414192604,2.2937310214899145
2023-10-18,SELL,-15661.011862754822,-0.24509387635903712,2.2940083342987245
2023-10-19,BUY,16111.436061857734,-0.4897411290968101,2.2942905295791904
2023-10-20,BUY,49391.33749675914,0.6976265985673358,2.2945775332016725
2023-10-23,SELL,7037.622333525447,-0.18112090514244006,2.29546666613889
2023-10-24,SELL,-21557.75834083557,-0.15586600972743447,2.295772179542397
2023-10-25,SELL,-32846.204399109585,0.40165981572655163,2.296082143868083
2023-10-26,SELL,-18695.228832243476,0.14849693297300792,2.2963964902344562
2023-10-27,BUY,33125.53934574011,0.36038509695472953,2.2967151506129015
2023-10-30,HOLD,15178.593221663032,-0.7987199246973331,2.297696348194096
2023-10-31,SELL,-22697.637599942507,0.48893504854533587,2.298031601169252
2023-11-01,BUY,45365.84477090463,-1.0646446760736339,2.2983708405830954
2023-11-02,HOLD,15955.690829278203,-0.242214440090871,2.2987140033897138
2023-11-03,HOLD,-14792.14551162743,0.0752454019187665,2.299061027350914
2023-11-06,SELL,-14914.436702727107,1.2739151854993969,2.3001246557578154
2023-11-07,HOLD,22131.211003301665,-0.34921809350019206,2.300486517879488
2023-11-08,HOLD,23922.879726411775,-0.12026415456278805,2.3008519418499445
2023-11-09,SELL,-7904.1470365547575,-0.12124127607993085,2.301220870138648
2023-11-10,SELL,-13629.879092214163,0.46306478289976916,2.30159324597639
2023-11-13,BUY,1932.7169446961489,0.07864410639719654,2.3027305023711353
2023-11-14,HOLD,-15883.713927746052,-0.6935865252673756,2.303116115705187
2023-11-15,SELL,-16534.260917665903,0.40246525436866687,2.3035049039277258
2023-11-16,SELL,-20581.250459668925,0.43719494084816235,2.303896814696756
2023-11-17,SELL,-10891.504188537365,0.2269399118430493,2.304291796384641
2023-11-20,SELL,-4733.540016175015,-0.38081318668490294,2.3054946612592677
2023-11-21,SELL,-14136.781871318351,0.5684343062615671,2.3059014243981277
2023-11-22,SELL,8072.612373829354,-0.12348761108000872,2.3063110107978413
2023-11-23,SELL,1527.3914523122367,-0.13811454812943103,2.3067233729758643
2023-11-24,BUY,-2129.6644020085223,0.1814045755231808,2.307138464117046
2023-11-27,HOLD,-4458.225864409935,-0.1454035931112596,2.308399653038696
2023-11-28,SELL,-4403.467224121327,0.24327487657765934,2.308825204995283
2023-11-29,BUY,9635.815391540993,-0.2801957080801776,2.309253261616793
2023-11-30,BUY,13308.228694915306,0.3705533200668798,2.3096837799526075
2023-12-01,BUY,40635.50727891899,-0.9304982839899889,2.3101167176730364
2023-12-04,HOLD,5727.112207412487,0.3779506937894306,2.3114296330211554
2023-12-05,SELL,-21025.60434961389,0.6581352967723442,2.3118718371721174
2023-12-06,SELL,3584.013881684281,-0.12540141555548168,2.3123162581438863
2023-12-07,HOLD,-5691.080921649933,0.5968387376487416,2.312762857195085
2023-12-08,SELL,19151.500599383842,0.2173007812665162,2.3132115961597286
2023-12-11,HOLD,5298.875014781952,0.7987657128716075,2.3145702793709755
2023-12-12,SELL,2220.446243286133,-0.004381357675420361,2.3150272076136806
2023-12-13,SELL,-7446.37774992059,0.3061486334379193,2.3154860933474772
2023-12-14,SELL,-10937.037479876773,-0.007803285060414833,2.31594690172515
2023-12-15,SELL,-9384.77093219664,-0.03855272562808265,2.3164095984306265
2023-12-18,SELL,-12901.877659321064,-0.1982634785174242,2.317808683190286
2023-12-19,SELL,-7984.7834548950195,-0.31834870500787593,2.3182786004527665
2023-12-20,BUY,3863.579879760742,-0.44555181699841295,2.3187502422139836
2023-12-21,HOLD,-9508.1509017949,0.748498452302615,2.319223577215702
2023-12-22,SELL,-7412.859405516647,-0.012715203370994299,2.319698574688149
2023-12-25,SELL,0.0,0.0,2.3211332414343055
2023-12-26,BUY,0.0,0.0,2.3216145906535948
2023-12-27,BUY,11102.89674091246,-0.3094347679609255,2.322097455614619
2023-12-28,BUY,16970.884353637695,-0.7342003996590574,2.322581808354676
2023-12-29,HOLD,9955.55181503226,-0.061083867140121484,2.323067621358649
2024-01-01,BUY,0.0,0.0,2.324533553397722
2024-01-02,HOLD,-6881.2890162470285,0.8836576729951862,2.325024941059993
2024-01-03,SELL,2057.1595883369446,0.17890475817223805,2.325517657927023
2024-01-04,HOLD,-2885.8442544918507,-0.05199576522346705,2.326011679051364
2024-01-05,BUY,16712.568333625793,-0.6327368061847638,2.3265069798942566
2024-01-08,SELL,-10770.406067848438,0.16863535528228724,2.328000321364171
2024-01-09,BUY,-2454.3699026100803,-0.19633309408394473,2.3285005036798285
2024-01-10,SELL,-5162.191970825195,-0.39697643268278293,2.329001848963546
2024-01-11,HOLD,-18983.669326305855,0.27069499450370627,2.3295043350170865
2024-01-12,BUY,1219.5065994262695,-0.2761518351521164,2.3300079400141054
2024-01-15,HOLD,0.0,0.0,2.331525255874601
2024-01-16,SELL,-18667.971945285797,0.20725095756352063,2.3320331256430706
2024-01-17,HOLD,-9155.009440898895,-0.34116105263575225,2.3325420106254455
2024-01-18,HOLD,-2694.014522552723,-0.41968283065645373,2.333051891121623
2024-01-19,SELL,-1242.4655361173209,-0.16511971937546166,2.333562747768776
2024-01-22,SELL,-12562.882675170433,-0.12767996624930555,2.3351009859472036
2024-01-23,SELL,-17500.204926968087,0.10121610511292234,2.3356155601496846
2024-01-24,BUY,945.6694474220276,0.019728972836419167,2.3361310185829653
2024-01-25,SELL,0.0,0.0,2.3366473438094078
2024-01-26,BUY,15189.064294338226,0.04197105276946278,2.3371645186962526
2024-01-29,HOLD,-5098.808940887451,-0.2566311415897249,2.3387209744717463
2024-01-30,SELL,-9716.658072949154,0.03169995495257982,2.3392413826155387
2024-01-31,SELL,5290.102111816872,-0.3671262287383237,2.339762559175111
2024-02-01,BUY,24805.54622077942,-0.09707953419193505,2.3402844887552066
2024-02-02,HOLD,13828.370413780212,-0.4209398746245929,2.3408071562352823
2024-02-06,BUY,20984.341413974296,0.5602324074412524,2.342904912129487
2024-02-07,BUY,6028.423821924487,-0.18708585764006802,2.343431051629741
2024-02-08,BUY,26713.793213369558,-0.8142221699976693,2.3439578438476083
2024-02-09,SELL,-16641.146886824863,1.259086730460357,2.3444852754724397
2024-02-12,HOLD,5773.788130280795,-0.12358251052018154,2.346071277303685
2024-02-13,BUY,3579.748161794152,-0.5109825085348074,2.346601138252288
2024-02-14,HOLD,-2481.2405834230594,0.18808673057626457,2.3471315756238655
2024-02-15,SELL,5252.810533522628,0.08932779096706422,2.347662577509673
2024-02-16,SELL,-806.7680797553621,0.47999698525587053,2.3481941322219244
2024-02-19,SELL,6531.523935318459,0.2715503219033355,2.349791999680337
2024-02-20,HOLD,-6361.286588667892,0.38277198813864155,2.3503256531175625
2024-02-21,BUY,-8353.72726583574,0.4885690585418101,2.3508598041351854
2024-02-22,SELL,-4504.3740735042375,0.06168373113876191,2.351394442298878
2024-02-23,SELL,-1205130.0355372415,63.97298710521475,2.3519295573715673
2024-02-26,BUY,1195326.9230022428,-176.4678437735906,2.3535376645644464
2024-02-27,HOLD,-11254.587161065312,0.5334244376807185,2.3540745887357404
2024-02-28,HOLD,2262.281503200764,-0.064873411225852,2.35461194147829
2024-02-29,HOLD,-3797.920825481182,-0.4371080988398668,2.35514971367239
2024-03-01,SELL,6082.91201400687,-0.26045209063210173,2.355687896373911
2024-03-04,BUY,13524.070904255612,0.7687339895031675,2.3573048206539013
2024-03-05,BUY,12307.105445861118,-0.41299868425732633,2.3578445593532944
2024-03-06,BUY,17973.44698095275,-0.6899315717272758,2.3583846663716135
2024-03-07,BUY,39093.11644601682,-0.5268729789665194,2.3589251337578365
2024-03-08,HOLD,-1744306.5725989307,89.54370705380434,2.359465953716759
2024-03-11,BUY,1755475.6787157033,-860.9684194582157,2.36109045335912
2024-03-12,SELL,948.5829367623664,0.1493696408042755,2.361632608680449
2024-03-13,SELL,25809.193833828438,-0.16179973868546416,2.362175079843528
2024-03-14,BUY,5112.77551364596,0.12811350527746068,2.362717859933251
2024-03-15,BUY,4534.3495621692855,0.22876312647011066,2.3632609421723973
2024-03-18,SELL,-19243.552943706047,0.7145510944228328,2.364891936031886
2024-03-19,HOLD,-11822.305530548561,-0.24967699401772236,2.3654361617702753
2024-03-20,SELL,-78.43626785092056,-0.02466803115812599,2.3659806577567966
2024-03-21,BUY,-13836.772789954673,-0.11314581130357215,2.3665254179919417
2024-03-22,HOLD,18790.620165824424,0.4117342258579404,2.3670704365978685
2024-03-26,HOLD,5739.695395467337,1.0243543034512914,2.369252981309623
2024-03-27,BUY,35241.25612926576,-0.6303784105096355,2.369799207709233
2024-03-28,SELL,-2637.4854908010457,0.6570422235001039,2.370345659647618
2024-03-29,SELL,0.0,0.0,2.370892332039285
2024-04-01,HOLD,-2876.5364274953026,0.49485362970754787,2.3725336226438967
2024-04-02,BUY,38920.56878853007,-1.3174883194501552,2.373081128066836
2024-04-03,BUY,29558.628313062713,-0.16045002016080723,2.3736288300537978
2024-04-04,BUY,19683.870213984745,0.3471440486587207,2.374176724121455
2024-04-05,BUY,31653.472179411212,-0.22838544282934858,2.3747248058804216
2024-04-08,HOLD,30259.254900930915,0.35911954903025123,2.376370134783647
2024-04-09,BUY,9891.324083331972,-0.3717271995657301,2.3769189252317817
2024-04-10,HOLD,0.0,0.7288869853879776,2.377467882772787
2024-04-11,SELL,0.0,0.0,2.3780170035449397
2024-04-15,BUY,6651.279445645865,-0.5180122078207505,2.380215044554851
2024-04-16,SELL,-51071.87833881285,-0.3056764140296431,2.3807649263795487
2024-04-17,SELL,16133.805760860443,-0.15537819950257603,2.3813149499372286
2024-04-18,SELL,-19264.29905748088,0.4476896106939465,2.3818651119094896
2024-04-19,HOLD,-14782.519899368286,-0.04761300781913613,2.382415409049667
2024-04-22,BUY,24243.746796131134,-0.21460700285027556,2.3840670800579145
2024-04-24,SELL,9174.270556926262,-0.05427120933578777,2.3851688134834577
2024-04-25,BUY,31425.91325330641,1.350642577748462,2.385719857295252
2024-04-26,BUY,28199.938798902556,-0.16670140298151725,2.3862710154424507
2024-04-29,BUY,30853.028746603988,-0.00502722173514325,2.3879251489836077
2024-04-30,BUY,19616.526610374916,-0.769725638700014,2.3884767378546785
2024-05-02,BUY,7032.566411018372,-0.699100204539882,2.3895802171163787
2024-05-03,HOLD,18763.30160141131,-0.9364542281147137,2.3901321026951314
2024-05-06,BUY,-7442.528779504821,-0.32260874660455796,2.3917883154669655
2024-05-07,SELL,-10649.990123751108,0.26971994882941663,2.3923405643258855
2024-05-08,SELL,-9723.695431706961,0.4221210745548376,2.392892898571498
2024-05-09,BUY,19980.389406200964,-0.0032602997278807777,2.393445316127785
2024-05-10,BUY,44085.32933426276,-0.3923487337299969,2.393997814965647
2024-05-13,BUY,0.0,-0.19425505660678466,2.395655779561328
2024-05-14,SELL,-49810.06373453513,0.7781863633123942,2.3962085841394463
2024-05-15,SELL,-12580.0409412398,-0.3827478216645641,2.3967614605242296
2024-05-16,HOLD,-5485.491168496665,0.16635218347532676,2.3973144069484102
2024-05-17,BUY,17911.900716308504,-0.6988641803947981,2.397867421685234
2024-05-20,SELL,-23697.24718523305,0.41217991512618735,2.3995268590940237
2024-05-21,HOLD,-7304.130863189697,0.17513183082372707,2.4000801305947856
2024-05-22,HOLD,41518.36368608428,-0.2591406352794312,2.4006334623529697
2024-05-27,SELL,-15882.501952650025,0.25454423176889396,2.4034009736775874
2024-05-28,SELL,-26573.48956441693,0.33051564116189924,2.403954636655808
2024-05-29,SELL,-26593.482757093385,-0.7885185593692001,2.4045083500919935
2024-05-30,SELL,13871.792111874558,0.45094543700541223,2.40506211271431
2024-05-31,SELL,-9930.217137811705,-0.017377967953036144,2.4056159232809
2024-06-03,HOLD,17.6824951171875,-0.4231197047990354,2.4072776306638044
2024-06-04,BUY,9597.427117823157,-0.019595410470008012,2.407831621165938
2024-06-05,BUY,15128.686452866998,-0.0005043811498239847,2.4083856538303823
2024-06-06,BUY,46039.79725503735,-0.4732723547873574,2.408939727581921
2024-06-07,HOLD,-1196.8425569524989,0.18223912523265273,2.4094938413710243
2024-06-10,HOLD,21105.695530893747,-0.17644127334217607,2.4111564128418776
2024-06-11,SELL,-11781.01842880575,0.6443835690335242,2.4117106767800562
2024-06-12,SELL,0.0,-0.045587598893559456,2.412264975874004
2024-06-13,SELL,-14577.163212298881,0.2041084406932625,2.412819309216802
2024-06-14,BUY,-113.0115947718732,-0.6726602156751249,2.413373675923486
2024-06-18,BUY,-2877.8195452676155,-0.514387979309372,2.4155914594309196
2024-06-19,BUY,-7637.785915372428,-0.13504858505379858,2.4161459804170864
2024-06-20,BUY,2800.200628755614,0.022839136454200215,2.4167005298915387
2024-06-24,HOLD,4788.222831723746,0.4699258795163974,2.4189189980539814
2024-06-25,BUY,-445.78010368254036,-0.1250263760519399,2.4194736791619085
2024-06-26,HOLD,4916.268711090088,-0.24057209623289388,2.420028384557251
2024-06-27,SELL,-23055.19589519454,0.27093499086177086,2.4205831135991716
2024-06-28,SELL,4668.121491911355,-0.5652280860062087,2.4211378656627485
2024-07-01,SELL,-17560.254875184502,0.1520805568777872,2.4228022539653056
2024-07-02,HOLD,4727.1019196482375,0.016427398212059963,2.42335709217195
2024-07-03,SELL,-18729.590707301162,-0.007333883645987971,2.423911950501818
2024-07-04,SELL,-24707.66731214663,0.03723279624904263,2.424466828418045
2024-07-05,BUY,857.1563730244525,-0.028117811846750662,2.4250217253972695
2024-07-08,SELL,-40251.72309970716,0.8079261499330803,2.4266865256752785
2024-07-09,BUY,-8368.806222437415,-0.5130178291753662,2.427241493932026
2024-07-10,BUY,7475.963989733718,-0.04607381239509767,2.427796478826684
2024-07-11,BUY,5105.1755866990425,-0.6120828657333433,2.4283514799105035
2024-07-12,BUY,16350.651963237673,-0.2040028272806138,2.428906496746164
2024-07-15,BUY,10701.753861424047,0.056021977514886245,2.4305716375567323
2024-07-16,SELL,-8283.483585354406,0.4137504927114066,2.4311267132457157
2024-07-17,SELL,-8834.851992130745,-0.10656363812807657,2.4316818026620495
2024-07-18,SELL,-15802.209676744882,0.2286995820486526,2.432236905431479
2024-07-19,SELL,-10635.278174874838,0.1935420951809097,2.432792021189397
2024-07-22,SELL,-40731.92284393334,-0.19265664891103818,2.4344574428878665
2024-07-23,HOLD,8959.454993723892,-0.07292943259884499,2.435012607138577
2024-07-24,SELL,34381.51637649373,-0.3084253527498637,2.4355677826914883
2024-07-25,SELL,-24107.44247769937,0.3344794939571849,2.4361229692351705
2024-07-26,BUY,1783.072471617721,-0.10574946291157516,2.436678166466317
2024-07-29,SELL,-7613.016784193227,-0.12438450599900897,2.4383438193692286
2024-07-30,SELL,-24006.925977229606,0.09629852719923448,2.4388990564728195
2024-07-31,BUY,-4539.464183329139,-1.8285603154139962,2.4394543028624223
2024-08-01,BUY,8366.36043309886,0.08721929342925261,2.4400095582794643
2024-08-02,HOLD,-197.0277786257211,0.2695814387962292,2.4405648224721963
2024-08-05,SELL,-44925.30453300383,-0.13757131364789954,2.4422306652859063
2024-08-06,BUY,3686.321207523579,0.20536002005517862,2.442785962194588
2024-08-07,HOLD,399.6877016995568,-0.10960924007504813,2.4433412667168177
2024-08-08,BUY,-9558.656311032362,0.04393817377198461,2.4438965786383817
2024-08-09,BUY,19560.484996796586,-0.5062302003050689,2.4444518977507883
2024-08-12,SELL,-2598.3871841426007,0.40346362973777694,2.4461178962309624
2024-08-13,BUY,5809.901002403349,0.04723668737189879,2.4466732421312756
2024-08-14,BUY,11110.107730389806,0.11921179207659005,2.4472285942608702
2024-08-15,BUY,30872.292513846653,-0.19110579179908438,2.4477839524426757
2024-08-16,SELL,-10012.108386989683,0.23660953418153108,2.448339316504407
2024-08-20,SELL,-16969.273287774995,0.7961620782929724,2.450560828265531
2024-08-21,HOLD,-3355.7310371403582,0.24282551183427703,2.4511162193016447
2024-08-22,SELL,-7351.24436759809,-0.07541847752680075,2.451671615277796
2024-08-23,SELL,-16167.499734879704,-0.2582656904249192,2.4522270160519306
2024-08-26,SELL,-29959.323019980686,-0.5209479757954938,2.4538932457993976
2024-08-27,SELL,-36443.14618682838,0.5624581938965423,2.4544486644211734
2024-08-28,SELL,-16885.350427627098,-0.8205892823160643,2.4550040871869956
2024-08-29,BUY,2672.0780067448504,-0.9697893745597708,2.455559513976675
2024-08-30,SELL,-8881.678352355491,0.07585032122264801,2.4561149446733417
2024-09-02,SELL,-17463.125403882936,-0.7892242663709914,2.457781259084571
2024-09-03,SELL,-9110.706226348178,-0.07773657383246535,2.458336704303908
2024-09-04,BUY,31124.344849110348,0.21373530347277292,2.4588921528927283
2024-09-05,BUY,-4194.915826322045,-0.10404699963199038,2.459447604752337
2024-09-06,BUY,-7572.003700254485,-0.33907294271133814,2.4600030597867946
2024-09-09,SELL,-21907.55461645266,-0.6335048673963617,2.461669443019698
2024-09-10,SELL,-13939.96778869722,-0.5241485638021848,2.4622249098467774
2024-09-11,BUY,4208.4651970868,-0.20608608161987174,2.4627803794078704
2024-09-12,HOLD,4800.132424832089,-0.19211034582957698,2.463335851622109
2024-09-13,HOLD,30356.321527004475,0.2659016836276562,2.463891326410908
2024-09-18,BUY,20554.20547247003,0.8615493033760746,2.466668736375089
2024-09-19,BUY,10327.799090861809,0.2823767301569413,2.467224225081317
2024-09-20,BUY,17309.219834802905,0.43901147899134685,2.4677797158709978
2024-09-23,HOLD,13212.893637658563,1.2164554796147753,2.469446200125693
2024-09-24,SELL,42156.32837963104,0.2450721183081095,2.470001698642858
2024-09-25,BUY,87251.3502864798,-0.19913538007965137,2.4705571989488844
2024-09-26,SELL,-6799.042061803397,0.8204646961680329,2.471112700989834
2024-09-27,BUY,20856.368090629112,-0.22933382481018505,2.4716682047133243
2024-09-30,BUY,29049.22726488067,-0.08422700295429575,2.4733347254776583
2024-10-01,BUY,40837.00882291654,0.06796358824592286,2.4738902354371266
2024-10-02,BUY,-14648.741645809263,0.3550706727085906,2.474445746839101
2024-10-03,BUY,-716.4070768379606,-0.7138460645810585,2.4750012596396744
2024-10-04,HOLD,21448.52110195253,0.7248513452278837,2.4755567737962187
2024-10-07,BUY,12681.254164696671,0.7693652728626432,2.4772233239938526
2024-10-08,BUY,2599.1133174877614,0.020466774104255236,2.477778843172369
2024-10-09,SELL,-7126.846632482484,0.2593402003998935,2.478334363511699
2024-10-10,BUY,6315.524222373497,-0.08074257062404833,2.478889884976177
2024-10-11,BUY,22104.262599948328,0.11089413411837779,2.47944540753119
2024-10-14,SELL,-21044.19132375717,0.22617016274730783,2.4811119814084246
2024-10-15,HOLD,-3835.2402949323878,-0.03220570870003936,2.481667507999412
2024-10-16,BUY,7514.7384486198425,-0.16802073854644828,2.482223035522606
2024-10-18,BUY,26753.167049406096,-0.9398866677764905,2.4833340932508468
2024-10-21,SELL,-13590.652707099915,0.6524160800678414,2.485000686139518
2024-10-22,BUY,994.7223777770996,0.06749083490975583,2.4855562186781572
2024-10-23,BUY,21417.13620472094,-0.0017921402358789251,2.486111751963877
2024-10-24,BUY,25194.499902725685,0.44011739791878224,2.4866672859732994
2024-10-25,BUY,25068.789117335808,-0.047096983031225115,2.487222820683747
2024-10-28,SELL,8473.154900550377,0.47450057285836067,2.4888894288045895
2024-10-29,SELL,8907.728049756493,1.3263285486270204,2.4894449661057236
2024-10-30,BUY,37349.39081859309,-1.3796985105070991,2.490000504004347
2024-10-31,SELL,-37086.73382759094,1.566386154863053,2.4905560424815922
2024-11-01,BUY,19877.72212028457,-0.4646865231647146,2.491111581519165
2024-11-04,SELL,-20547.95836925134,0.7685045400829593,2.4927782018191333
2024-11-05,SELL,-16239.351075177081,0.11401539152987583,2.4933337429259375
2024-11-06,SELL,-17748.994955061004,0.04206247358863324,2.4938892845096134
2024-11-07,BUY,5819.923400881235,-0.2774166919699561,2.494444826554967
2024-11-08,BUY,17267.171305652708,-0.5543017984601661,2.4950003690472693
2024-11-11,SELL,10306.581837653182,0.15971168380268796,2.49666699906528
2024-11-12,HOLD,20883.012697220314,-0.04795704497257969,2.4972225432069313
2024-11-13,HOLD,9430.595473291352,0.9129338326557601,2.497778087728405
2024-11-14,SELL,9874.478650094476,0.5693631382755138,2.4983336326174923
2024-11-18,BUY,9678.824722289108,-0.33169833036965635,2.5005558156187706
2024-11-19,SELL,-27336.320710184053,-0.508390902645206,2.5011113621756147
2024-11-20,HOLD,3607.4293880476616,-0.02452785117585954,2.5016669090343644
2024-11-21,BUY,-13499.202084538992,-0.9153219601130913,2.50222245618523
2024-11-22,SELL,8979.680529592093,-0.11672997524156958,2.502778003618727
2024-11-25,SELL,-38736.36407661252,-0.32705676706602516,2.5044446475245516
2024-11-26,HOLD,20968.911045070738,0.393434320907482,2.505000195999525
2024-11-27,BUY,14866.109189035371,0.2069630597112404,2.505555744713981
2024-11-28,SELL,18245.235659601167,0.2795758510709456,2.506111293660085
2024-11-29,HOLD,1049.784948346205,-0.3623289883743386,2.5066668428302505
2024-12-02,BUY,21369.639233591966,-0.7809513090632603,2.5083334916127984
2024-12-03,BUY,33727.00522804307,-0.6016846965952505,2.508889041608024
2024-12-04,HOLD,41917.6387882228,0.16327957618229583,2.509444591792828
2024-12-05,HOLD,14445.704138755798,0.31952987769643393,2.510000142160954
2024-12-06,HOLD,15553.593981742393,-0.40640611692353,2.5105556927063466
2024-12-09,BUY,23569.789713855833,-0.23616880316967848,2.512222345348428
2024-12-10,BUY,1319.9390869182535,0.49744044858219816,2.512777896546101
2024-12-11,BUY,-5223.1796116847545,0.93381192760984,2.513333447893541
2024-12-12,HOLD,9420.615693092812,0.6664173849063149,2.5138889993857636
2024-12-13,BUY,65747.78541040281,-1.2268090183901847,2.514444551017945
2024-12-16,BUY,82911.27889108565,-0.7278579038231925,2.516111206708307
2024-12-17,BUY,-2988.3167977314442,0.9110504231595984,2.5166667588551204
2024-12-18,BUY,21431.22715950152,-0.35889149177958934,2.5172223111200083
2024-12-19,HOLD,11583.670553685166,-0.7496481046606052,2.5177778634990076
2024-12-20,BUY,66344.83403730253,-1.7631073886111626,2.518333415988285
2024-12-23,SELL,47211.07368945982,0.046428404979104165,2.520000074081291
2024-12-24,BUY,54019.642072679475,-1.1048675046384515,2.520555626975773
2024-12-26,HOLD,34963.633681295905,0.2590475243266388,2.5216667330402895
2024-12-27,HOLD,-3941.676934241317,1.5321275459571404,2.5222222862041406
2024-12-30,BUY,67173.92402457958,0.8224068233185111,2.5238889461870473
2024-12-31,BUY,53518.775402067695,-0.7958413087603811,2.5244444996692934
2025-01-01,HOLD,0.0,0.0,2.5250000532244825
2025-01-02,BUY,62869.69793319842,0.1715821102178161,2.525555606850125
2025-01-03,SELL,-65074.332718846854,-0.128235365925633,2.5261111605438153
2025-01-06,SELL,-29091.50566769112,-0.17343034705192828,2.527777822010281
2025-01-07,SELL,-31117.615255353507,0.7116248361406008,2.528333375953647
2025-01-08,BUY,9617.100887295324,0.2401687802968011,2.52888892995417
2025-01-09,SELL,-29523.17253159918,-0.26304178143239376,2.5294444840098835
2025-01-10,BUY,13428.468571184203,0.6540062475746344,2.530000038118888
2025-01-13,BUY,0.0,0.0,2.531666700747571
2025-01-14,HOLD,0.0,0.0,2.532222255051965
2025-01-15,BUY,50711.87775611691,0.29072423759026744,2.532777809401056
2025-01-16,BUY,29642.065286640078,-0.7291674421160854,2.5333333637932927
2025-01-17,BUY,11896.625704762992,-0.11705459453661415,2.533888918227179
2025-01-20,BUY,11012.378275395837,0.2527188852222917,2.535555581764494
2025-01-21,BUY,38664.299134729896,0.4505433786257118,2.536111136350977
2025-01-22,HOLD,46887.256831166334,0.46291016405974883,2.5366666909723423
2025-01-23,BUY,77581.87199831381,-1.7744204896245064,2.53722224562737
2025-01-24,SELL,-29516.855574608315,-0.3106799481752964,2.537777800314882
2025-01-27,BUY,33535.918293476105,-0.5628675835744668,2.5394444645611327
2025-01-28,BUY,41671.4464421249,-1.017190994676076,2.5400000193675796
2025-01-29,BUY,36570.818907264154,-1.7751856065775562,2.5405555742011936
2025-01-30,BUY,23789.399117466062,-0.7223994049472937,2.5411111290610178
2025-01-31,BUY,-690.4936056118459,-0.2138956113558632,2.541666683946126
2025-02-03,SELL,-32361.025610926095,0.017126828719415954,2.543333348744385
2025-02-05,SELL,-109227.67328929482,0.033068594636576076,2.54444445872074
2025-02-06,BUY,19393.11398649076,-0.09684314223581403,2.545000013739841
2025-02-07,BUY,57259.923075200524,-0.39854767641711586,2.545555568778584
2025-02-10,SELL,-48579.469486238435,0.8429173222172515,2.5472222340057895
2025-02-11,SELL,-45469.36214494519,0.0726213252896013,2.5477777891163442
2025-02-13,HOLD,61210.18875932554,-0.8782024530067378,2.5488888993860046
2025-02-14,BUY,96962.3827781668,-1.1883478018254845,2.5494444545439574
2025-02-17,BUY,53559.993523599114,-0.20609991056084187,2.55111112010381
2025-02-18,SELL,26116.46504497528,-0.18615698547921333,2.551666675317395
2025-02-19,SELL,-29655.096886157524,0.045350290823653605,2.5522222305436584
2025-02-20,SELL,-48905.77202367922,0.2611859933217553,2.552777785782145
2025-02-21,HOLD,501.1942863492295,0.5873198174767946,2.5533333410324106
2025-02-24,SELL,-50009.35644531343,0.25478428320386826,2.555000006849708
2025-02-25,SELL,-57432.433593749534,-0.28131123808247116,2.5555555621429837
2025-02-26,BUY,0.0,0.0,2.556111117446055
2025-02-27,BUY,13127.866108415183,-0.39060468604781295,2.556666672758566
2025-02-28,SELL,-1570.6664772029035,0.7202289009844987,2.5572222280801724
2025-03-03,SELL,-71802.98075914197,0.1299117343943168,2.558888894096311
2025-03-04,HOLD,-31940.441894529387,-0.6018352191713205,2.5594444494511017
2025-03-05,BUY,57194.190841670614,-0.2818883554426721,2.560000004813445
2025-03-06,HOLD,-7048.124710082542,0.10350021494339723,2.560555560183064
2025-03-07,HOLD,12757.314102174249,-0.5916425993578667,2.561111115559691
2025-03-10,SELL,-24758.197280886117,0.09081510834243467,2.562777781729098
2025-03-11,SELL,-42098.44962692307,-0.6345256857297921,2.5633333371312776
2025-03-12,BUY,50350.54750061408,-0.5562871070788011,2.5638888925392678
2025-03-14,SELL,-11280.225955964532,0.43423351662652543,2.565000003371831
2025-03-17,SELL,-49049.429248810746,0.04785224271605104,2.566666669659141
2025-03-18,SELL,-48482.40264892578,-0.06813955774600533,2.5672222250977526
2025-03-19,SELL,-466.61665343958884,0.4284675657955206,2.567777780540827
2025-03-20,BUY,58152.39013480907,0.14696632988968616,2.5683333359881977
2025-03-21,BUY,42840.95556163741,0.029528842139758815,2.568888891439704
2025-03-24,SELL,-10302.361533164978,0.17070015435758368,2.570555557817528
2025-03-25,SELL,3365.3042888659984,-0.13393764420113197,2.5711111132840934
2025-03-26,SELL,-20607.76149368519,0.3241733832207494,2.5716666687540783
2025-03-27,HOLD,6839.282752989791,0.15883073392299885,2.572222224227354
2025-03-28,BUY,-1360.252496718429,-0.4845985602356828,2.5727777797037987
2025-03-31,HOLD,0.0,0.0,2.574444446150971
2025-04-01,BUY,42854.55576515291,-1.016539557728957,2.57500000163894
2025-04-02,HOLD,25015.856376646552,-0.564770098698042,2.5755555571295243
2025-04-03,SELL,-73464.14949607523,-0.19446231096706956,2.5761111126226255
2025-04-04,SELL,-67468.35022926424,-0.19582292750243147,2.5766666681181483
2025-04-07,SELL,-116627.00975227542,-2.0823566022094235,2.578333334618346
2025-04-08,BUY,106845.01749706315,0.8815339537169287,2.5788888901226716
2025-04-09,SELL,-69242.52213954832,-0.08482220208825275,2.5794444456289938
2025-04-10,BUY,144456.5694751721,1.7981444840686533,2.5800000011372357
2025-04-11,SELL,-19283.655311583076,-0.004418362539593268,2.580555556647325
2025-04-14,HOLD,0.0,0.0,2.582222223187985
2025-04-15,SELL,0.0,0.0,2.5827777787047848
2025-04-16,BUY,23268.093909265008,-0.10626887747000602,2.5833333342231053
2025-04-17,BUY,2394.455078125,-0.5132275778916173,2.583888889742888
2025-04-21,BUY,9251.38931178907,-0.3633017212766432,2.5861111118355513
2025-04-22,SELL,-22083.155652999878,0.024581991654515356,2.586666667361845
2025-04-23,SELL,-9452.781339643989,0.36025671602124554,2.5872222228892947
2025-04-24,SELL,11916.028908730485,-0.1116137448983423,2.587777778417856
2025-04-25,BUY,24910.104869840667,-0.20165784927079766,2.588333333947485
2025-04-28,SELL,-55742.675166130066,2.2389566854106424,2.590000000542379
2025-04-29,SELL,7216.768545151688,0.1482145579461358,2.5905555560758846
2025-04-30,SELL,-17350.4569063182,-0.025335695231931687,2.591111111610267
2025-05-01,HOLD,-2521806.194376942,82.69368578350857,2.591666667145492
2025-05-02,BUY,2528842.7479553176,-479.2726856074236,2.592222222681528
2025-05-05,SELL,9097.011270523071,0.27442474970276187,2.5938888892941847
2025-05-06,BUY,8711.267097472679,-0.06775156174614327,2.594444444833157
2025-05-07,SELL,-23454.688915252686,-0.10893896045740536,2.595000000372793
2025-05-08,BUY,10509.389122010209,0.1084446999485289,2.595555555913067
2025-05-09,HOLD,355.63667964888737,0.04535360438338021,2.5961111114539546
2025-05-12,SELL,0.0,0.0,2.597777778080058
2025-05-13,HOLD,0.0,0.0,2.5983333336231667
2025-05-14,BUY,56495.096662998665,-0.21052112754769148,2.598888889166776
2025-05-15,HOLD,23038.561134337448,0.5613885095131499,2.5994444447108678
2025-05-16,HOLD,-6815.831443786621,0.7393011782486081,2.6000000002554224
2025-05-19,SELL,-10545.341707226355,0.6349474942473732,2.6016666668916844
2025-05-20,SELL,-14828.310266973916,-0.017924482015785337,2.602222222437915
2025-05-21,SELL,6993.214108467568,-0.11784589750885033,2.602777777984524
2025-05-22,BUY,17904.398455141112,-0.032581393152120164,2.6033333335314968
2025-05-23,HOLD,4009.745204926934,-0.13702413263998459,2.603888889078817
2025-05-26,HOLD,7042.829567432404,-0.2896680073132707,2.605555555722739
2025-05-27,HOLD,4748.953839781228,1.297924596271982,2.6061111112713222
2025-05-28,BUY,8128.590490338393,-0.063949966409238,2.6066666668201908
2025-05-29,SELL,27934.673404694535,0.021336807858918228,2.607222222369332
2025-05-30,SELL,22151.332183838356,-0.32799051041876304,2.607777777918736
2025-06-02,BUY,79882.76909208298,-1.424323327396948,2.60944444456842
2025-06-03,BUY,80148.5857181549,-0.52915667753477,2.610000000118773
2025-06-04,BUY,25027.67968797451,-0.19176136958016787,2.61055555566934
2025-06-05,BUY,25401.158786773216,-0.22469512217324628,2.611111111220112
2025-06-06,HOLD,-13957.877374646254,0.200552735959314,2.611666666771081
2025-06-09,BUY,19323.267822263762,0.06859025179746236,2.6133333334250923
2025-06-11,BUY,40427.57302093599,0.2985381683163091,2.6144444445286146
2025-06-12,BUY,8480.108563900925,-0.45646207053284815,2.6150000000806095
2025-06-13,SELL,-42979.68047619006,-0.335331294314245,2.615555555632752
2025-06-16,HOLD,-15009.212571621407,-0.26203099594808155,2.6172222222900072
2025-06-17,HOLD,-16488.47790956404,0.4116985498869963,2.617777777842682
2025-06-18,SELL,-48295.60817194171,0.31058328511033295,2.6183333333954777
2025-06-19,SELL,-45716.43349075038,-0.10684531628636362,2.6188888889483883
2025-06-20,BUY,65346.61943244934,-0.3870563308828512,2.619444444501409
2025-06-23,SELL,-78703.79903984023,0.2230249683784491,2.621111111161089
2025-06-24,BUY,89144.50377845578,0.14180072543914513,2.6216666667145083
2025-06-25,BUY,0.0,1.6577293091531553,2.6222222222680167
2025-06-26,BUY,115477.28985881852,-2.5398639216720476,2.6227777778216113
2025-06-27,SELL,-9976.367843625601,0.6226833053840308,2.623333333375288
2025-06-30,BUY,62072.52107477002,-0.472216205401943,2.625000000036779
2025-07-01,BUY,6574.153265000787,-0.3642408699331856,2.625555555590753
2025-07-02,BUY,39794.10328387935,-0.8226645616824735,2.626111111144793
2025-07-03,SELL,-14711.65082692774,0.1935604279719505,2.626666666698897
2025-07-04,SELL,-2104.5444831871428,0.40744693122478637,2.627222222253063
2025-07-07,HOLD,-5839.268859861419,-0.32137160990273195,2.628888888915903
2025-07-08,HOLD,11939.645244596992,-0.6772122396921709,2.6294444444702894
2025-07-09,BUY,36271.56663894793,-0.3228561842538724,2.6300000000247254
2025-07-10,SELL,0.0,0.0,2.6305555555792095
2025-07-11,BUY,75413.91968297772,0.29429809794867534,2.631111111133739
2025-07-14,BUY,81456.0144252791,0.37877593685595734,2.6327777777975814
2025-07-15,BUY,62313.14658880187,-0.3805810827573364,2.6333333333522746
2025-07-16,SELL,-39627.36005783267,0.4677666305255235,2.633888888907005
2025-07-17,BUY,38137.58023452805,-1.6993908802853674,2.6344444444617707
2025-07-18,SELL,23739.65875434829,-0.15042089059820185,2.6350000000165696
2025-07-21,HOLD,5722.7175388345495,-0.298043878749199,2.636666666681157
2025-07-22,HOLD,35009.87476348737,-0.7208384417844771,2.637222222236078
2025-07-23,BUY,32678.336856843438,-0.27541314622283597,2.637777777791026
2025-07-24,HOLD,30208.542341231834,-0.10754069448515313,2.638333333346
2025-07-25,BUY,46359.559320450295,-0.6910144066741841,2.6388888889009996
2025-07-28,BUY,9721.102949142456,0.09512445159407523,2.640555555566137
2025-07-29,SELL,5075.35652732756,-0.5086379951339315,2.641111111121227
2025-07-30,SELL,-6742.901054382324,0.15456004142333502,2.641666666676336
2025-07-31,BUY,17650.069061279763,-0.25874130827887587,2.642222222231465
2025-08-01,BUY,72713.29738330934,0.4911963528164476,2.6427777777866126
2025-08-04,SELL,-42837.10521364212,0.41715221350783205,2.6444444444521573
2025-08-05,SELL,-17376.9120216351,-0.037005770692211115,2.6450000000073715
2025-08-06,BUY,289.7693347921595,-0.04904042664616304,2.6455555555626
2025-08-07,HOLD,-11069.935708999168,0.23260833589928698,2.6461111111178424
2025-08-11,BUY,-6743.685123443138,0.15959842834560867,2.6483333333389445
2025-08-12,BUY,16164.193204877898,-0.37483314962725167,2.64888888889425
2025-08-13,SELL,-9696.475852966309,0.05360417677061635,2.649444444449566
2025-08-14,SELL,-12439.613049029838,-0.29306927000426475,2.650000000004893
2025-08-15,BUY,46616.8787350636,0.8117841509869717,2.65055555556023
2025-08-18,HOLD,43812.9494266524,0.6583829389332774,2.652222222226297
2025-08-19,BUY,-3032.0449619293213,1.048891641798022,2.6527777777816692
2025-08-20,BUY,16836.788202286232,0.39859803344242106,2.6533333333370503
2025-08-21,SELL,-16689.129469874315,0.46376554247076207,2.653888888892439
2025-08-22,SELL,-18254.26601600414,0.1412829655183856,2.6544444444478352
2025-08-25,SELL,-19812.699331284035,-0.29020297205953893,2.656111111114064
2025-08-26,SELL,9805.831722259521,-0.1381825314957119,2.6566666666694863
2025-08-27,BUY,30953.595335009042,-0.537298227573535,2.657222222224915
2025-08-28,BUY,-3732.389939310029,-0.18356852214944652,2.657777777780349
2025-08-29,BUY,27369.756563188508,-0.15704399989986406,2.6583333333357877
2025-09-01,SELL,4791.769838331733,-0.20596874941937182,2.6600000000021358
2025-09-02,SELL,-29240.99349975586,-0.010056904539557099,2.660555555557594
2025-09-03,SELL,-24648.534898758866,0.22302424190970838,2.6611111111130574
2025-09-04,SELL,-4750.734697340522,0.11541919741983042,2.6616666666685247
2025-09-08,SELL,-19697.653917314485,-0.33423897960978,2.6638888888904306
2025-09-09,SELL,-33466.09641456418,-0.1814944827281062,2.664444444445916
2025-09-10,SELL,9988.408498764504,0.33666035202379874,2.6650000000014042
2025-09-11,SELL,-13761.81234741211,-0.3910000695500848,2.665555555556896
2025-09-12,SELL,-1510.2989559182897,-0.18372209123304062,2.6661111111123903
2025-09-15,SELL,-31904.94328689482,-0.4654631735242609,2.667777777778889
2025-09-16,BUY,36008.28297758009,0.28509616501639634,2.6683333333343935
2025-09-17,BUY,23298.277715684846,0.011260039695404345,2.6688888888899003
2025-09-18,BUY,56660.24013137678,-0.25370950490692934,2.6694444444454093
2025-09-19,BUY,14878.31021118071,0.05094990817555711,2.6700000000009205
2025-09-22,HOLD,25738.87450790452,0.3868239968646714,2.6716666666674653
2025-09-23,BUY,19724.78449726058,-0.21551592632351735,2.6722222222229846
2025-09-24,BUY,23597.197907924652,-0.44086052000329445,2.6727777777785047
2025-09-25,BUY,22124.585052968003,-0.17874908257704547,2.6733333333340266
2025-09-26,BUY,6673.183221814688,-0.012466323217141806,2.6738888888895502
2025-09-29,BUY,-2046.188814160414,0.17386524747349252,2.6755555555561292
2025-09-30,HOLD,-1437.021518707741,0.15402265163330098,2.6761111111116582
2025-10-01,HOLD,6597.54062080197,0.042237805405598294,2.676666666667188
2025-10-02,BUY,23867.58349990798,-0.41703352171762464,2.6772222222227198
2025-10-03,BUY,6730.767986296676,0.47918135961000363,2.6777777777782523
2025-10-07,SELL,-8894.89395713713,0.2762611008685911,2.680000000000392
2025-10-08,HOLD,-12590.00966453366,-0.15799683093526973,2.6805555555559293
2025-10-09,BUY,-13159.046396255959,0.3002693585049565,2.681111111111467
2025-10-10,HOLD,26807.646488190163,0.39139241004138015,2.681666666667006
2025-10-13,SELL,-2403.7644882192835,-0.2426067930469955,2.6833333333336276
2025-10-14,BUY,17955.949195859022,-0.13499923290720695,2.683888888889169
2025-10-15,HOLD,-1490.2920455923304,-0.3934289198168073,2.6844444444447113
2025-10-16,BUY,26850.921072006226,-0.1878461459870806,2.6850000000002545
2025-10-17,HOLD,24766.5848731976,0.0008313394573411514,2.685555555555798
2025-10-21,BUY,40060.53482818883,-0.6023581615607121,2.6877777777779777
2025-10-22,SELL,-14575.018754960969,0.223496539409207,2.688333333333524
2025-10-23,SELL,5958.553873539902,-0.2660485816352032,2.6888888888890703
2025-10-24,BUY,-4083.7505707740784,0.054165131455219395,2.689444444444617
2025-10-27,SELL,-8026.641796588898,0.016504630627345307,2.6911111111112604
2025-10-28,SELL,-14040.326660634018,-0.5122596371995414,2.6916666666668085
2025-10-29,SELL,13940.597131730057,-0.20489921254815968,2.6922222222223575
2025-10-30,SELL,-5524.618843078613,0.0014518110853289912,2.692777777777907
2025-10-31,SELL,-5334.06774520874,0.30517650403218965,2.6933333333334564
2025-11-03,BUY,22456.19641494751,0.09387386403256759,2.695000000000106
2025-11-04,SELL,-5267.449108123779,0.07277102771184873,2.6955555555556567
2025-11-05,HOLD,-3589782.0900592776,83.71930755729565,2.6961111111112075
2025-11-06,BUY,3622956.4788265172,-518.0008063605762,2.6966666666667587
2025-11-07,SELL,26169.850433351472,0.5226896025573025,2.69722222222231
2025-11-10,BUY,55862.591566084884,0.5722549152949785,2.6988888888889644
2025-11-11,BUY,38453.92617988493,-0.4346335168998072,2.6994444444445165
2025-11-12,SELL,627.2268743524328,0.43016740514900675,2.7000000000000686
2025-11-13,SELL,-43178.8305931082,-0.5435497880691975,2.7005555555556207
2025-11-14,HOLD,-3324.387669561431,-0.2684007421616452,2.7011111111111727
2025-11-17,HOLD,-7613.995910644531,-0.22938589472241144,2.702777777777831
2025-11-18,SELL,-34757.687338831834,0.27119005685515285,2.7033333333333838
2025-11-19,SELL,-13835.136839865707,0.08360539974096026,2.703888888888937
2025-11-20,SELL,11417.664812088013,0.06029699005605238,2.7044444444444906
2025-11-21,SELL,-6271.497854231857,-0.13089107354575802,2.705000000000044
2025-11-24,SELL,-42818.2605142612,-0.3465301084291106,2.7066666666667043
2025-11-25,BUY,19832.478112220764,-0.15874588895006259,2.707222222222258
2025-11-26,BUY,7572.480914116837,0.023594155369921488,2.707777777777812
2025-11-27,SELL,-28408.156442642212,-0.020911312221283396,2.708333333333366
2025-11-28,BUY,5543.601937294938,-0.1520483046139831,2.7088888888889198
2025-12-01,SELL,-91844.84342670534,-0.7508975273845531,2.7105555555555823
2025-12-02,BUY,25563.438143730164,0.244424134847554,2.7111111111111366
2025-12-03,SELL,-65508.97329616733,-0.1946915463701293,2.711666666666691
2025-12-05,SELL,-47188.07853221707,-0.6067727648274568,2.7127777777777995
2025-12-08,SELL,2417.0337972636335,-0.04171242427637445,2.714444444444463
2025-12-09,BUY,45204.096594334114,0.2077747333457225,2.7150000000000176
2025-12-10,BUY,57113.96861409955,-0.04265149749831387,2.7155555555555724
2025-12-11,BUY,21365.804410937242,-0.32489013564607205,2.716111111111127
2025-12-12,HOLD,5042.444849014282,-0.0779263917627171,2.7166666666666823
2025-12-15,SELL,-29241.40837287996,-0.05400076902708495,2.7183333333333466
2025-12-16,SELL,-721.8687171926722,0.32822414597103444,2.7188888888889013
2025-12-17,SELL,5955.980489253998,-0.15455275128084534,2.7194444444444565
2025-12-18,SELL,-15207.135544776917,0.29676843549156784,2.7200000000000113
2025-12-19,SELL,-11818.99060821766,0.11863633327400258,2.720555555555566
2025-12-22,SELL,-21773.19415140152,-0.1760445831296087,2.7222222222222316
2025-12-23,SELL,1608.6491699228063,-0.08938008806322895,2.722777777777787
2025-12-24,BUY,35.087324142921716,0.068483849193135,2.7233333333333416
2025-12-25,HOLD,-2401694.9229459744,57.71246615622767,2.723888888888897
2025-12-26,BUY,2420507.781638619,-137.11231457686873,2.724444444444452
2025-12-29,SELL,-2987.7354035377502,0.00959776575142346,2.726111111111118
2025-12-30,BUY,31724.92454528995,0.4587002473085411,2.726666666666673
2025-12-31,BUY,25718.979478837922,0.14177626397791077,2.727222222222228
2026-01-02,HOLD,34562.8976020813,-0.35051156594394506,2.728333333333339
2026-01-05,SELL,12124.775222774595,0.3842287509572051,2.7300000000000044
2026-01-06,BUY,66014.41811561584,0.6472338786698506,2.73055555555556
2026-01-07,BUY,0.0,0.0,2.7311111111111153
2026-01-08,SELL,0.0,1.4799217454842584,2.731666666666671
2026-01-09,BUY,84339.86386299226,-1.2459197404882216,2.7322222222222257
2026-01-12,BUY,-973.8274860372767,0.013240526112112683,2.733888888888892
2026-01-13,BUY,6019.898441314697,-0.25434240391544183,2.7344444444444473
2026-01-14,BUY,56537.30075645354,-0.5495263300588027,2.7350000000000025
2026-01-16,HOLD,-1297.2146549234167,0.3057480951953573,2.736111111111114
2026-01-19,SELL,-28195.30743789673,0.31276716583835684,2.73777777777778
2026-01-20,BUY,20961.366603854112,-0.3871112684385558,2.7383333333333355
2026-01-21,BUY,66535.98985481076,-0.34784862156820306,2.7388888888888907
2026-01-22,SELL,-31571.292961118743,0.6728395084602878,2.7394444444444463
2026-01-23,HOLD,25301.076570509,-0.08279541331013274,2.740000000000002
2026-01-26,BUY,6996.562520978972,0.05054534726256499,2.741666666666668
2026-01-27,HOLD,-4243.840215682052,0.23227062359193473,2.7422222222222237
2026-01-28,HOLD,-7075.447147370316,0.12357044228524794,2.7427777777777793
2026-01-29,SELL,-11155.752834319137,0.028122580839839983,2.7433333333333345
2026-01-30,SELL,9068.20436859224,-0.41868788957574177,2.74388888888889
2026-02-02,SELL,-31778.571449278854,0.04012137767499535,2.7455555555555566
2026-02-03,HOLD,2180.338520048186,-0.04637775008771161,2.746111111111112
2026-02-05,HOLD,-220.6153430910781,0.08781723450241863,2.747222222222223
2026-02-06,BUY,5179.702896114439,0.0652096617796305,2.7477777777777788
2026-02-09,SELL,-3965.8700866661966,-0.0032241128156029752,2.7494444444444452
2026-02-10,SELL,-9615.30378532596,0.16434564429610443,2.750000000000001
2026-02-11,BUY,2703.417398452759,0.03224207020153802,2.750555555555556
2026-02-12,SELL,-11973.12761878781,0.08525758038006037,2.7511111111111113
2026-02-13,HOLD,10204.692220687866,0.06306019091439907,2.751666666666667
2026-02-16,SELL,37111.03124999907,0.5566000774839486,2.753333333333334
2026-02-17,BUY,7058.7551364907995,-0.1802345935212113,2.7538888888888895
2026-02-18,BUY,6652.030332565308,0.4760240834136287,2.754444444444445
2026-02-19,SELL,0.0,-0.10828827494260285,2.7550000000000003
2026-02-20,HOLD,0.0,-0.3221027436569268,2.755555555555556
2026-02-23,HOLD,0.0,0.10771453268407782,2.7572222222222225
2026-02-24,BUY,0.0,-0.7072678121066267,2.757777777777778
2026-02-25,BUY,0.0,0.062115333955992114,2.7583333333333337
2026-02-26,HOLD,0.0,0.37246064856018,2.7588888888888894
2026-02-27,HOLD,0.0,-1.105784205169169,2.759444444444445
2026-03-02,BUY,-3336.9343261700124,0.07362679070912481,2.7611111111111115
2026-03-03,BUY,0.0,-4.857164815392478,2.761666666666667
2026-03-04,SELL,-1430865.939163207,32.29798893062701,2.7622222222222224
