Date,Investor_ID,Cash_Balance,Stock_Value,Total_Equity,Qty_AEL,Qty_CFIN,Qty_COMB,Qty_DFCC,Qty_DIAL,Qty_HAYL,Qty_HHL,Qty_HNB,Qty_JKH,Qty_LFIN,Qty_LIOC,Qty_LOFC,Qty_MELS,Qty_NDB,Qty_NTB
2020-01-01,INV_01,1000000.0,0.0,1000000.0,0,0,0,0,0,0,0,0,0,0,0,0,0,0,0
2020-01-02,INV_01,1000000.0,0.0,1000000.0,0,0,0,0,0,0,0,0,0,0,0,0,0,0,0
2020-01-03,INV_01,1000000.0,0.0,1000000.0,0,0,0,0,0,0,0,0,0,0,0,0,0,0,0
2020-01-06,INV_01,1000000.0,0.0,1000000.0,0,0,0,0,0,0,0,0,0,0,0,0,0,0,0
2020-01-07,INV_01,848516.01,149984.15,998500.16,0,0,2345,0,0,0,0,0,0,0,0,0,0,0,0
2020-01-08,INV_01,848516.01,147106.0,995622.01,0,0,2345,0,0,0,0,0,0,0,0,0,0,0,0
2020-01-09,INV_01,848516.01,148385.19,996901.2,0,0,2345,0,0,0,0,0,0,0,0,0,0,0,0
2020-01-10,INV_01,719973.78,275654.73,995628.51,0,0,2345,0,0,0,0,0,0,0,0,0,0,0,2036
2020-01-13,INV_01,751433.17,240518.71,991951.87,0,0,2345,0,0,0,0,0,0,0,0,0,0,0,1527
2020-01-14,INV_01,751433.17,241514.32,992947.49,0,0,2345,0,0,0,0,0,0,0,0,0,0,0,1527
2020-01-15,INV_01,787809.23,204770.82,992580.05,0,0,1758,0,0,0,0,0,0,0,0,0,0,0,1527
2020-01-16,INV_01,787809.23,204407.2,992216.42,0,0,1758,0,0,0,0,0,0,0,0,0,0,0,1527
2020-01-17,INV_01,814511.44,173711.2,988222.64,0,0,1318,0,0,0,0,0,0,0,0,0,0,0,1527
2020-01-20,INV_01,834560.38,153549.62,988110.0,0,0,988,0,0,0,0,0,0,0,0,0,0,0,1527
2020-01-21,INV_01,708142.35,281270.1,989412.45,0,0,988,0,0,0,0,0,0,0,0,0,5492,0,1527
2020-01-22,INV_01,731752.34,261509.4,993261.75,0,0,988,0,0,0,0,0,0,0,0,0,5492,0,1145
2020-01-23,INV_01,731752.34,262144.31,993896.65,0,0,988,0,0,0,0,0,0,0,0,0,5492,0,1145
2020-01-24,INV_01,747342.24,246396.93,993739.18,0,0,741,0,0,0,0,0,0,0,0,0,5492,0,1145
2020-01-27,INV_01,747342.24,243923.97,991266.22,0,0,741,0,0,0,0,0,0,0,0,0,5492,0,1145
2020-01-28,INV_01,747342.24,243923.97,991266.22,0,0,741,0,0,0,0,0,0,0,0,0,5492,0,1145
2020-01-29,INV_01,634159.55,356531.65,990691.2,0,0,741,0,0,0,0,0,0,0,0,0,5492,0,2963
2020-01-30,INV_01,665058.99,322759.14,987818.13,0,0,741,0,0,0,0,0,0,0,0,0,4119,0,2963
2020-01-31,INV_01,564398.64,421702.58,986101.22,0,0,741,0,0,0,0,869,0,0,0,0,4119,0,2963
2020-02-03,INV_01,609501.41,374135.55,983636.95,0,0,741,0,0,0,0,869,0,0,0,0,4119,0,2222
2020-02-04,INV_01,609501.41,374135.55,983636.95,0,0,741,0,0,0,0,869,0,0,0,0,4119,0,2222
2020-02-05,INV_01,632087.25,349621.33,981708.58,0,0,741,0,0,0,0,869,0,0,0,0,3089,0,2222
2020-02-06,INV_01,643663.79,333548.65,977212.44,0,0,555,0,0,0,0,869,0,0,0,0,3089,0,2222
2020-02-07,INV_01,546196.16,430906.98,977103.13,0,0,2090,0,0,0,0,869,0,0,0,0,3089,0,2222
2020-02-10,INV_01,463473.62,511925.09,975398.71,0,0,2090,0,0,0,0,869,0,3102,0,0,3089,0,2222
2020-02-11,INV_01,393271.76,581753.71,975025.47,0,0,3198,0,0,0,0,869,0,3102,0,0,3089,0,2222
2020-02-12,INV_01,425852.57,547406.13,973258.7,0,0,3198,0,0,0,0,869,0,3102,0,0,3089,0,1666
2020-02-13,INV_01,425852.57,539082.8,964935.37,0,0,3198,0,0,0,0,869,0,3102,0,0,3089,0,1666
2020-02-14,INV_01,446671.21,515756.5,962427.71,0,0,3198,0,0,0,0,869,0,2326,0,0,3089,0,1666
2020-02-17,INV_01,379001.61,582750.54,961752.14,0,0,3198,0,0,0,0,869,0,2326,0,18108,3089,0,1666
2020-02-18,INV_01,379001.61,588351.93,967353.54,0,0,3198,0,0,0,0,869,0,2326,0,18108,3089,0,1666
2020-02-19,INV_01,321585.87,653413.25,974999.12,0,0,3198,0,0,0,0,869,0,2326,0,18108,5761,0,1666
2020-02-20,INV_01,345554.22,622728.83,968283.05,0,0,3198,0,0,0,0,651,0,2326,0,18108,5761,0,1666
2020-02-21,INV_01,293216.84,674548.02,967764.86,0,0,3198,0,0,0,0,651,0,4291,0,18108,5761,0,1666
2020-02-24,INV_01,248801.29,719996.54,968797.83,0,0,3198,0,0,0,0,651,0,4291,0,18108,7828,0,1666
2020-02-25,INV_01,248801.29,710127.94,958929.23,0,0,3198,0,0,0,0,651,0,4291,0,18108,7828,0,1666
2020-02-26,INV_01,297270.51,650727.36,947997.88,0,0,2398,0,0,0,0,651,0,4291,0,18108,7828,0,1666
2020-02-27,INV_01,314502.52,630571.05,945073.57,0,0,2398,0,0,0,0,488,0,4291,0,18108,7828,0,1666
2020-02-28,INV_01,354027.74,581935.28,935963.02,0,0,2398,0,0,0,0,488,0,4291,0,18108,5871,0,1666
2020-03-02,INV_01,389961.82,545543.17,935505.0,0,0,1798,0,0,0,0,488,0,4291,0,18108,5871,0,1666
2020-03-03,INV_01,330898.91,609973.47,940872.38,0,0,1798,0,0,0,921,488,0,4291,0,18108,5871,0,1666
2020-03-04,INV_01,346136.79,582615.99,928752.78,0,0,1798,0,0,0,921,488,0,4291,0,13581,5871,0,1666
2020-03-05,INV_01,372792.31,546357.44,919149.76,0,0,1798,0,0,0,921,488,0,3218,0,13581,5871,0,1666
2020-03-06,INV_01,383214.64,518460.51,901675.15,0,0,1798,0,0,0,921,488,0,3218,0,10185,5871,0,1666
2020-03-09,INV_01,391031.38,510564.81,901596.19,0,0,1798,0,0,0,921,488,0,3218,0,7638,5871,0,1666
2020-03-10,INV_01,416360.07,471219.63,887579.7,0,0,1798,0,0,0,921,488,0,3218,0,7638,4403,0,1666
2020-03-11,INV_01,353295.03,539996.85,893291.87,0,0,1798,0,0,0,921,488,0,3218,4587,7638,4403,0,1666
2020-03-12,INV_01,376092.83,488703.73,864796.56,0,0,1798,0,0,0,921,488,0,3218,4587,7638,4403,0,1249
2020-03-13,INV_01,388905.02,458361.09,847266.11,0,0,1798,0,0,0,690,488,0,3218,4587,7638,4403,0,1249
2020-03-16,INV_01,388905.02,458361.09,847266.11,0,0,1798,0,0,0,690,488,0,3218,4587,7638,4403,0,1249
2020-03-17,INV_01,329997.48,516685.39,846682.87,0,0,1798,0,0,0,690,488,0,3218,4587,7638,8109,0,1249
2020-03-18,INV_01,280042.88,566145.39,846188.27,0,0,1798,0,0,0,690,1066,0,3218,4587,7638,8109,0,1249
2020-03-19,INV_01,237645.25,608123.24,845768.49,0,628,1798,0,0,0,690,1066,0,3218,4587,7638,8109,0,1249
2020-03-20,INV_01,251844.51,529868.17,781712.69,0,628,1798,0,0,0,690,1066,0,3218,3440,7638,8109,0,1249
2020-03-23,INV_01,251844.51,529868.17,781712.69,0,628,1798,0,0,0,690,1066,0,3218,3440,7638,8109,0,1249
2020-03-24,INV_01,271621.99,509890.92,781512.91,0,628,1798,0,0,0,690,799,0,3218,3440,7638,8109,0,1249
2020-03-25,INV_01,271621.99,509890.92,781512.91,0,628,1798,0,0,0,690,799,0,3218,3440,7638,8109,0,1249
2020-03-26,INV_01,230528.97,550577.08,781106.05,0,1275,1798,0,0,0,690,799,0,3218,3440,7638,8109,0,1249
2020-03-27,INV_01,195609.54,585150.78,780760.31,0,1275,1798,0,0,3673,690,799,0,3218,3440,7638,8109,0,1249
2020-03-30,INV_01,195609.54,585150.78,780760.31,0,1275,1798,0,0,3673,690,799,0,3218,3440,7638,8109,0,1249
2020-03-31,INV_01,215469.04,567339.31,782808.35,0,956,1798,0,0,3673,690,799,0,3218,3440,7638,8109,0,1249
2020-04-01,INV_01,182844.81,599640.53,782485.34,0,956,1798,0,0,3673,690,799,0,3218,3440,7638,8109,604,1249
2020-04-02,INV_01,155175.88,627035.51,782211.39,0,956,2446,0,0,3673,690,799,0,3218,3440,7638,8109,604,1249
2020-04-03,INV_01,170712.57,611341.88,782054.45,0,956,2446,0,0,3673,690,799,0,2413,3440,7638,8109,604,1249
2020-04-06,INV_01,186084.4,595814.78,781899.18,0,956,2446,0,0,3673,690,599,0,2413,3440,7638,8109,604,1249
2020-04-07,INV_01,157907.8,623712.41,781620.21,0,956,2446,0,0,3673,690,599,0,3844,3440,7638,8109,604,1249
2020-04-08,INV_01,168554.15,612958.52,781512.67,0,956,2446,0,0,3673,690,599,0,3844,2580,7638,8109,604,1249
2020-04-09,INV_01,143023.48,638236.41,781259.89,2310,956,2446,0,0,3673,690,599,0,3844,2580,7638,8109,604,1249
2020-04-10,INV_01,143023.48,638236.41,781259.89,2310,956,2446,0,0,3673,690,599,0,3844,2580,7638,8109,604,1249
2020-04-13,INV_01,143023.48,638236.41,781259.89,2310,956,2446,0,0,3673,690,599,0,3844,2580,7638,8109,604,1249
2020-04-14,INV_01,157902.54,623207.05,781109.6,2310,717,2446,0,0,3673,690,599,0,3844,2580,7638,8109,604,1249
2020-04-15,INV_01,133980.49,646892.26,780872.74,2310,717,2446,0,0,3673,690,599,0,3844,2580,18404,8109,604,1249
2020-04-16,INV_01,133980.49,646892.26,780872.74,2310,717,2446,0,0,3673,690,599,0,3844,2580,18404,8109,604,1249
2020-04-17,INV_01,133980.49,646892.26,780872.74,2310,717,2446,0,0,3673,690,599,0,3844,2580,18404,8109,604,1249
2020-04-20,INV_01,149931.52,630780.1,780711.62,2310,717,2446,0,0,3673,690,599,0,3844,2580,18404,8109,604,936
2020-04-21,INV_01,127219.15,653267.6,780486.75,2310,717,2446,0,0,6062,690,599,0,3844,2580,18404,8109,604,936
2020-04-22,INV_01,127219.15,653267.6,780486.75,2310,717,2446,0,0,6062,690,599,0,3844,2580,18404,8109,604,936
2020-04-23,INV_01,138425.14,641948.42,780373.55,2310,537,2446,0,0,6062,690,599,0,3844,2580,18404,8109,604,936
2020-04-24,INV_01,117455.13,662710.8,780165.93,2310,537,2446,0,0,6062,690,599,0,4909,2580,18404,8109,604,936
2020-04-27,INV_01,131582.44,648440.79,780023.23,2310,537,2446,0,0,4546,690,599,0,4909,2580,18404,8109,604,936
2020-04-28,INV_01,111702.82,668123.59,779826.4,2310,850,2446,0,0,4546,690,599,0,4909,2580,18404,8109,604,936
2020-04-29,INV_01,111702.82,668123.59,779826.4,2310,850,2446,0,0,4546,690,599,0,4909,2580,18404,8109,604,936
2020-04-30,INV_01,111702.82,668123.59,779826.4,2310,850,2446,0,0,4546,690,599,0,4909,2580,18404,8109,604,936
2020-05-01,INV_01,119697.37,660048.28,779745.65,2310,850,2446,0,0,4546,690,599,0,4909,2580,18404,8109,453,936
2020-05-04,INV_01,132957.78,646653.92,779611.71,2310,637,2446,0,0,4546,690,599,0,4909,2580,18404,8109,453,936
2020-05-05,INV_01,140942.55,638588.5,779531.05,2310,637,2446,0,0,4546,690,599,0,4909,1935,18404,8109,453,936
2020-05-06,INV_01,119591.35,659728.31,779319.65,2310,637,2446,0,0,4546,690,599,0,4909,1935,28013,8109,453,936
2020-05-07,INV_01,101490.1,677650.34,779140.43,2310,922,2446,0,0,4546,690,599,0,4909,1935,28013,8109,453,936
2020-05-08,INV_01,127104.41,651777.3,778881.7,2310,922,1834,0,0,4546,690,599,0,4909,1935,28013,8109,453,936
2020-05-11,INV_01,137391.28,613440.41,750831.69,2310,922,1834,0,0,3409,690,599,0,4909,1935,28013,8109,453,936
2020-05-12,INV_01,155003.78,568300.38,723304.16,2310,922,1375,0,0,3409,690,599,0,4909,1935,28013,8109,453,936
2020-05-13,INV_01,131541.74,639869.46,771411.2,2310,922,1375,612,0,3409,690,599,0,4909,1935,28013,8109,453,936
2020-05-14,INV_01,131541.74,642204.51,773746.25,2310,922,1375,612,0,3409,690,599,0,4909,1935,28013,8109,453,936
2020-05-15,INV_01,111656.63,683877.4,795534.02,2310,1239,1375,612,0,3409,690,599,0,4909,1935,28013,8109,453,936
2020-05-18,INV_01,94752.14,731643.18,826395.32,3665,1239,1375,612,0,3409,690,599,0,4909,1935,28013,8109,453,936
2020-05-19,INV_01,80452.29,760157.47,840609.76,3665,1239,1375,612,0,3409,947,599,0,4909,1935,28013,8109,453,936
2020-05-20,INV_01,91528.25,738383.89,829912.14,3665,1239,1375,612,0,3409,947,599,0,4909,1935,28013,8109,453,702
2020-05-21,INV_01,91528.25,771458.01,862986.26,3665,1239,1375,612,0,3409,947,599,0,4909,1935,28013,8109,453,702
2020-05-22,INV_01,99400.09,753004.28,852404.37,3665,1239,1375,459,0,3409,947,599,0,4909,1935,28013,8109,453,702
2020-05-25,INV_01,111159.32,741126.28,852285.59,3665,1239,1375,459,0,3409,947,449,0,4909,1935,28013,8109,453,702
2020-05-26,INV_01,111159.32,731288.57,842447.89,3665,1239,1375,459,0,3409,947,449,0,4909,1935,28013,8109,453,702
2020-05-27,INV_01,137121.9,712862.6,849984.5,3665,1239,1375,459,0,3409,947,449,0,3681,1935,28013,8109,453,702
2020-05-28,INV_01,116358.69,736821.36,853180.05,3665,1239,1826,459,0,3409,947,449,0,3681,1935,28013,8109,453,702
2020-05-29,INV_01,136804.22,707534.95,844339.18,3665,1239,1826,459,0,3409,947,449,0,2760,1935,28013,8109,453,702
2020-06-01,INV_01,145206.14,692965.18,838171.32,3665,1239,1826,459,0,3409,947,336,0,2760,1935,28013,8109,453,702
2020-06-02,INV_01,123210.43,712269.19,835479.62,5382,1239,1826,459,0,3409,947,336,0,2760,1935,28013,8109,453,702
2020-06-03,INV_01,123210.43,712634.64,835845.07,5382,1239,1826,459,0,3409,947,336,0,2760,1935,28013,8109,453,702
2020-06-04,INV_01,104551.85,734281.25,838833.1,5382,1239,1826,459,0,3409,947,336,0,2760,1935,28013,9305,453,702
2020-06-05,INV_01,112912.38,725836.27,838748.65,5382,1239,1826,459,0,2556,947,336,0,2760,1935,28013,9305,453,702
2020-06-08,INV_01,131949.49,721200.92,853150.42,5382,929,1826,459,0,2556,947,336,0,2760,1935,28013,9305,453,702
2020-06-09,INV_01,111982.87,755899.7,867882.57,5382,929,1826,459,0,2556,947,336,171,2760,1935,28013,9305,453,702
2020-06-10,INV_01,111982.87,754373.49,866356.36,5382,929,1826,459,0,2556,947,336,171,2760,1935,28013,9305,453,702
2020-06-11,INV_01,111982.87,764493.21,876476.08,5382,929,1826,459,0,2556,947,336,171,2760,1935,28013,9305,453,702
2020-06-12,INV_01,95024.32,780021.95,875046.27,5382,929,1826,459,2416,2556,947,336,171,2760,1935,28013,9305,453,702
2020-06-15,INV_01,95024.32,774270.53,869294.85,5382,929,1826,459,2416,2556,947,336,171,2760,1935,28013,9305,453,702
2020-06-16,INV_01,80711.05,791740.39,872451.44,5382,929,1826,459,2416,2556,947,336,294,2760,1935,28013,9305,453,702
2020-06-17,INV_01,100153.36,784499.56,884652.92,4036,929,1826,459,2416,2556,947,336,294,2760,1935,28013,9305,453,702
2020-06-18,INV_01,84985.09,808009.75,892994.84,4036,929,1826,459,2416,2556,947,336,294,2760,3121,28013,9305,453,702
2020-06-19,INV_01,84985.09,808975.78,893960.87,4036,929,1826,459,2416,2556,947,336,294,2760,3121,28013,9305,453,702
2020-06-22,INV_01,72116.35,839675.21,911791.56,4036,929,1826,459,2416,2556,947,336,294,2760,3121,28013,10041,453,702
2020-06-23,INV_01,72116.35,850505.75,922622.1,4036,929,1826,459,2416,2556,947,336,294,2760,3121,28013,10041,453,702
2020-06-24,INV_01,87367.54,829867.14,917234.69,4036,929,1826,459,2416,2556,947,336,294,2070,3121,28013,10041,453,702
2020-06-25,INV_01,74145.92,855738.0,929883.93,4036,929,2068,459,2416,2556,947,336,294,2070,3121,28013,10041,453,702
2020-06-26,INV_01,74145.92,859792.54,933938.46,4036,929,2068,459,2416,2556,947,336,294,2070,3121,28013,10041,453,702
2020-06-29,INV_01,62948.82,869581.35,932530.17,4036,929,2268,459,2416,2556,947,336,294,2070,3121,28013,10041,453,702
2020-06-30,INV_01,78434.24,855249.3,933683.54,3027,929,2268,459,2416,2556,947,336,294,2070,3121,28013,10041,453,702
2020-07-01,INV_01,78434.24,853762.91,932197.15,3027,929,2268,459,2416,2556,947,336,294,2070,3121,28013,10041,453,702
2020-07-02,INV_01,78434.24,838615.01,917049.25,3027,929,2268,459,2416,2556,947,336,294,2070,3121,28013,10041,453,702
2020-07-03,INV_01,121324.03,783018.2,904342.23,3027,929,2268,459,2416,2556,947,336,294,2070,3121,28013,7530,453,702
2020-07-06,INV_01,121324.03,781881.79,903205.82,3027,929,2268,459,2416,2556,947,336,294,2070,3121,28013,7530,453,702
2020-07-07,INV_01,128089.03,779282.88,907371.91,3027,929,2268,459,2416,2556,947,336,294,2070,3121,28013,7530,339,702
2020-07-08,INV_01,108708.97,797631.36,906340.33,3027,929,2268,459,2416,2556,947,559,294,2070,3121,28013,7530,339,702
2020-07-09,INV_01,131591.04,777193.76,908784.8,3027,929,2268,459,2416,2556,947,559,294,2070,3121,21009,7530,339,702
2020-07-10,INV_01,136397.19,751572.52,887969.71,3027,929,2268,459,2416,2556,947,559,294,2070,3121,21009,7530,254,702
2020-07-13,INV_01,149684.97,709721.96,859406.93,3027,696,2268,459,2416,2556,947,559,294,2070,3121,21009,7530,254,702
2020-07-14,INV_01,127034.13,747433.57,874467.7,3027,696,2268,459,2416,2556,947,831,294,2070,3121,21009,7530,254,702
2020-07-15,INV_01,135506.69,733690.87,869197.55,3027,696,2268,459,2416,2556,947,831,294,2070,3121,21009,7530,254,526
2020-07-16,INV_01,114987.34,763675.72,878663.06,3027,696,2268,459,2416,4535,947,831,294,2070,3121,21009,7530,254,526
2020-07-17,INV_01,97573.28,789992.76,887566.05,3027,696,2268,459,2416,4535,947,831,294,2070,3121,21009,8550,254,526
2020-07-20,INV_01,82792.76,815772.45,898565.2,3971,696,2268,459,2416,4535,947,831,294,2070,3121,21009,8550,254,526
2020-07-21,INV_01,82792.76,813175.97,895968.72,3971,696,2268,459,2416,4535,947,831,294,2070,3121,21009,8550,254,526
2020-07-22,INV_01,70286.05,827314.16,897600.2,3971,696,2268,716,2416,4535,947,831,294,2070,3121,21009,8550,254,526
2020-07-23,INV_01,59643.05,840886.84,900529.9,3971,696,2268,716,2416,4535,947,831,294,2070,3121,21009,8550,254,733
2020-07-24,INV_01,59643.05,839557.67,899200.72,3971,696,2268,716,2416,4535,947,831,294,2070,3121,21009,8550,254,733
2020-07-27,INV_01,77844.7,829389.93,907234.62,3971,696,2268,716,2416,4535,947,831,294,2070,3121,15756,8550,254,733
2020-07-28,INV_01,66080.02,835333.35,901413.37,3971,696,2268,716,2416,4535,947,831,294,2070,3121,15756,8550,254,960
2020-07-29,INV_01,82053.35,815321.6,897374.96,2978,696,2268,716,2416,4535,947,831,294,2070,3121,15756,8550,254,960
2020-07-30,INV_01,69699.43,825689.93,895389.35,2978,696,2268,716,2416,4535,947,972,294,2070,3121,15756,8550,254,960
2020-07-31,INV_01,59145.09,845137.75,904282.83,2978,696,2268,716,2416,4535,947,972,294,2568,3121,15756,8550,254,960
2020-08-03,INV_01,62784.31,841461.76,904246.07,2978,696,2268,716,2416,4535,947,972,294,2568,3121,15756,8550,190,960
2020-08-04,INV_01,72881.03,837839.79,910720.82,2978,696,2268,716,2416,4535,947,972,294,2568,2340,15756,8550,190,960
2020-08-05,INV_01,61839.77,848567.01,910406.77,2978,696,2268,716,2416,4535,947,972,294,2568,2340,15756,9232,190,960
2020-08-06,INV_01,61839.77,850986.65,912826.41,2978,696,2268,716,2416,4535,947,972,294,2568,2340,15756,9232,190,960
2020-08-07,INV_01,61839.77,852250.71,914090.48,2978,696,2268,716,2416,4535,947,972,294,2568,2340,15756,9232,190,960
2020-08-10,INV_01,52485.98,855434.59,907920.58,2978,696,2268,716,2416,4535,947,972,294,2568,2340,15756,9814,190,960
2020-08-11,INV_01,44550.06,871282.84,915832.91,2978,696,2268,881,2416,4535,947,972,294,2568,2340,15756,9814,190,960
2020-08-12,INV_01,44550.06,883215.59,927765.66,2978,696,2268,881,2416,4535,947,972,294,2568,2340,15756,9814,190,960
2020-08-13,INV_01,44550.06,895772.5,940322.56,2978,696,2268,881,2416,4535,947,972,294,2568,2340,15756,9814,190,960
2020-08-14,INV_01,47571.23,899622.61,947193.85,2978,696,2268,881,2416,4535,947,972,294,2568,2340,15756,9814,142,960
2020-08-17,INV_01,52216.19,888047.44,940263.63,2978,696,2268,881,1812,4535,947,972,294,2568,2340,15756,9814,142,960
2020-08-18,INV_01,44353.08,899937.94,944291.02,2978,696,2268,881,1812,4535,947,972,294,2568,2340,15756,9814,142,1111
2020-08-19,INV_01,44353.08,915057.54,959410.63,2978,696,2268,881,1812,4535,947,972,294,2568,2340,15756,9814,142,1111
2020-08-20,INV_01,44353.08,914674.45,959027.54,2978,696,2268,881,1812,4535,947,972,294,2568,2340,15756,9814,142,1111
2020-08-21,INV_01,77933.26,890514.42,968447.68,2978,696,1701,881,1812,4535,947,972,294,2568,2340,15756,9814,142,1111
2020-08-24,INV_01,66130.27,901123.62,967253.89,2978,696,1701,881,3290,4535,947,972,294,2568,2340,15756,9814,142,1111
2020-08-25,INV_01,56113.09,911631.84,967744.92,2978,696,1701,881,3290,4535,947,972,294,2568,2340,18366,9814,142,1111
2020-08-26,INV_01,56113.09,906611.16,962724.25,2978,696,1701,881,3290,4535,947,972,294,2568,2340,18366,9814,142,1111
2020-08-27,INV_01,69323.79,889780.96,959104.74,2978,696,1701,881,3290,4535,710,972,294,2568,2340,18366,9814,142,1111
2020-08-28,INV_01,69323.79,889923.64,959247.42,2978,696,1701,881,3290,4535,710,972,294,2568,2340,18366,9814,142,1111
2020-08-31,INV_01,69323.79,884993.65,954317.44,2978,696,1701,881,3290,4535,710,972,294,2568,2340,18366,9814,142,1111
2020-09-01,INV_01,83442.05,870732.78,954174.83,2978,696,1701,881,3290,4535,710,972,294,1926,2340,18366,9814,142,1111
2020-09-02,INV_01,70803.31,883771.9,954575.21,2978,696,1701,881,3290,4535,710,972,294,1926,2340,21842,9814,142,1111
2020-09-03,INV_01,60083.2,894518.25,954601.45,2978,696,1701,881,3290,4535,710,972,294,1926,3102,21842,9814,142,1111
2020-09-04,INV_01,60083.2,887207.38,947290.59,2978,696,1701,881,3290,4535,710,972,294,1926,3102,21842,9814,142,1111
2020-09-07,INV_01,99308.83,842789.92,942098.75,2978,696,1701,881,3290,4535,710,972,294,1926,3102,21842,7360,142,1111
2020-09-08,INV_01,118231.2,826157.66,944388.86,2978,696,1701,881,3290,4535,710,972,294,1926,3102,16381,7360,142,1111
2020-09-09,INV_01,118231.2,834212.49,952443.68,2978,696,1701,881,3290,4535,710,972,294,1926,3102,16381,7360,142,1111
2020-09-10,INV_01,128846.33,830762.21,959608.54,2978,696,1701,881,3290,4535,710,972,294,1444,3102,16381,7360,142,1111
2020-09-11,INV_01,109332.28,857278.72,966611.01,2978,696,1701,881,3290,5735,710,972,294,1444,3102,16381,7360,142,1111
2020-09-14,INV_01,92778.3,894985.83,987764.13,3790,696,1701,881,3290,5735,710,972,294,1444,3102,16381,7360,142,1111
2020-09-15,INV_01,106452.5,883783.63,990236.13,3790,696,1701,881,3290,5735,710,972,294,1444,3102,16381,7360,142,833
2020-09-16,INV_01,90332.46,920340.15,1010672.61,3790,696,1701,881,3290,5735,710,972,294,1444,3102,16381,7360,372,833
2020-09-17,INV_01,76650.08,958298.45,1034948.52,3790,696,1701,881,3290,5735,710,972,294,1444,3921,16381,7360,372,833
2020-09-18,INV_01,76650.08,968000.63,1044650.7,3790,696,1701,881,3290,5735,710,972,294,1444,3921,16381,7360,372,833
2020-09-21,INV_01,76650.08,981295.51,1057945.59,3790,696,1701,881,3290,5735,710,972,294,1444,3921,16381,7360,372,833
2020-09-22,INV_01,65172.54,997010.51,1062183.06,3790,696,1701,881,3290,5735,710,972,379,1444,3921,16381,7360,372,833
2020-09-23,INV_01,55349.41,1007032.78,1062382.19,3790,696,1868,881,3290,5735,710,972,379,1444,3921,16381,7360,372,833
2020-09-24,INV_01,47001.06,1019494.33,1066495.4,3790,696,1868,1027,3290,5735,710,972,379,1444,3921,16381,7360,372,833
2020-09-25,INV_01,47001.06,1022679.84,1069680.91,3790,696,1868,1027,3290,5735,710,972,379,1444,3921,16381,7360,372,833
2020-09-28,INV_01,47001.06,1035706.71,1082707.77,3790,696,1868,1027,3290,5735,710,972,379,1444,3921,16381,7360,372,833
2020-09-29,INV_01,47001.06,1029106.3,1076107.36,3790,696,1868,1027,3290,5735,710,972,379,1444,3921,16381,7360,372,833
2020-09-30,INV_01,47001.06,1024258.12,1071259.19,3790,696,1868,1027,3290,5735,710,972,379,1444,3921,16381,7360,372,833
2020-10-01,INV_01,47001.06,1024258.12,1071259.19,3790,696,1868,1027,3290,5735,710,972,379,1444,3921,16381,7360,372,833
2020-10-02,INV_01,47001.06,1029378.14,1076379.21,3790,696,1868,1027,3290,5735,710,972,379,1444,3921,16381,7360,372,833
2020-10-05,INV_01,58436.82,925630.33,984067.16,3790,696,1868,1027,3290,5735,532,972,379,1444,3921,16381,7360,372,833
2020-10-06,INV_01,49597.67,923339.88,972937.55,3790,696,1868,1027,3290,6188,532,972,379,1444,3921,16381,7360,372,833
2020-10-07,INV_01,49597.67,930011.39,979609.06,3790,696,1868,1027,3290,6188,532,972,379,1444,3921,16381,7360,372,833
2020-10-08,INV_01,49597.67,953346.63,1002944.3,3790,696,1868,1027,3290,6188,532,972,379,1444,3921,16381,7360,372,833
2020-10-09,INV_01,49597.67,967617.22,1017214.89,3790,696,1868,1027,3290,6188,532,972,379,1444,3921,16381,7360,372,833
2020-10-12,INV_01,72234.18,945302.91,1017537.09,3790,696,1868,1027,3290,6188,532,729,379,1444,3921,16381,7360,372,833
2020-10-13,INV_01,90373.72,917792.51,1008166.23,3790,696,1868,1027,3290,6188,532,729,379,1444,2940,16381,7360,372,833
2020-10-14,INV_01,76703.8,964685.35,1041389.15,3790,696,1868,1027,3290,6188,532,729,379,1444,2940,16381,7360,372,1123
2020-10-15,INV_01,76703.8,993442.61,1070146.41,3790,696,1868,1027,3290,6188,532,729,379,1444,2940,16381,7360,372,1123
2020-10-16,INV_01,76703.8,992143.38,1068847.18,3790,696,1868,1027,3290,6188,532,729,379,1444,2940,16381,7360,372,1123
2020-10-19,INV_01,65110.87,1001335.51,1066446.38,3790,696,2074,1027,3290,6188,532,729,379,1444,2940,16381,7360,372,1123
2020-10-20,INV_01,55312.05,1014633.08,1069945.13,3790,696,2074,1027,3290,6188,532,729,379,1444,2940,16381,7360,516,1123
2020-10-21,INV_01,67816.28,943867.92,1011684.19,3790,696,2074,770,3290,6188,532,729,379,1444,2940,16381,7360,516,1123
2020-10-22,INV_01,57557.87,965965.65,1023523.52,3790,696,2074,770,3290,6188,532,729,379,1444,2940,16381,7360,516,1338
2020-10-23,INV_01,48875.48,972845.75,1021721.22,3790,832,2074,770,3290,6188,532,729,379,1444,2940,16381,7360,516,1338
2020-10-26,INV_01,56530.61,945412.38,1001942.99,3790,832,2074,770,3290,6188,532,729,379,1444,2940,16381,7360,387,1338
2020-10-27,INV_01,47998.85,957538.66,1005537.51,3790,832,2233,770,3290,6188,532,729,379,1444,2940,16381,7360,387,1338
2020-10-28,INV_01,60511.74,929274.18,989785.92,3790,624,2233,770,3290,6188,532,729,379,1444,2940,16381,7360,387,1338
2020-10-29,INV_01,60511.74,958853.36,1019365.1,3790,624,2233,770,3290,6188,532,729,379,1444,2940,16381,7360,387,1338
2020-10-30,INV_01,51415.34,967859.7,1019275.03,3790,624,2233,770,3290,6188,532,830,379,1444,2940,16381,7360,387,1338
2020-11-02,INV_01,51415.34,955588.6,1007003.94,3790,624,2233,770,3290,6188,532,830,379,1444,2940,16381,7360,387,1338
2020-11-03,INV_01,51415.34,980425.82,1031841.15,3790,624,2233,770,3290,6188,532,830,379,1444,2940,16381,7360,387,1338
2020-11-04,INV_01,51415.34,990569.68,1041985.01,3790,624,2233,770,3290,6188,532,830,379,1444,2940,16381,7360,387,1338
2020-11-05,INV_01,63952.27,1005720.4,1069672.68,3790,624,2233,770,3290,6188,532,830,284,1444,2940,16381,7360,387,1338
2020-11-06,INV_01,54265.97,1044728.6,1098994.57,3790,624,2233,770,3290,6188,532,830,284,1444,2940,19045,7360,387,1338
2020-11-09,INV_01,54265.97,1050239.77,1104505.74,3790,624,2233,770,3290,6188,532,830,284,1444,2940,19045,7360,387,1338
2020-11-10,INV_01,90791.1,1000107.78,1090898.88,3790,624,2233,770,3290,6188,532,830,284,1444,2940,19045,5520,387,1338
2020-11-11,INV_01,100498.39,992605.93,1093104.32,3790,624,2233,770,3290,6188,532,830,213,1444,2940,19045,5520,387,1338
2020-11-12,INV_01,100498.39,981522.88,1082021.27,3790,624,2233,770,3290,6188,532,830,213,1444,2940,19045,5520,387,1338
2020-11-13,INV_01,117470.16,961538.65,1079008.82,3790,624,2233,770,3290,6188,532,830,213,1444,2940,14283,5520,387,1338
2020-11-16,INV_01,160812.93,914044.2,1074857.13,3790,624,2233,770,3290,4641,532,830,213,1444,2940,14283,5520,387,1338
2020-11-17,INV_01,136500.94,942564.4,1079065.33,3790,624,2233,770,3290,4641,532,1099,213,1444,2940,14283,5520,387,1338
2020-11-18,INV_01,166818.57,911989.74,1078808.31,3790,624,1674,770,3290,4641,532,1099,213,1444,2940,14283,5520,387,1338
2020-11-19,INV_01,174716.87,900973.12,1075689.99,3790,624,1674,770,3290,4641,532,1099,213,1083,2940,14283,5520,387,1338
2020-11-20,INV_01,148270.1,929879.47,1078149.57,3790,624,1674,770,3290,4641,532,1099,402,1083,2940,14283,5520,387,1338
2020-11-23,INV_01,160290.09,917052.81,1077342.89,3790,624,1674,770,3290,4641,532,1099,402,1083,2940,10712,5520,387,1338
2020-11-24,INV_01,166901.78,910938.91,1077840.69,3790,624,1674,770,2467,4641,532,1099,402,1083,2940,10712,5520,387,1338
2020-11-25,INV_01,176399.52,917323.1,1093722.62,3790,624,1674,577,2467,4641,532,1099,402,1083,2940,10712,5520,387,1338
2020-11-26,INV_01,176399.52,921932.43,1098331.95,3790,624,1674,577,2467,4641,532,1099,402,1083,2940,10712,5520,387,1338
2020-11-27,INV_01,176399.52,924707.8,1101107.31,3790,624,1674,577,2467,4641,532,1099,402,1083,2940,10712,5520,387,1338
2020-11-30,INV_01,149682.49,965733.1,1115415.59,3790,624,1674,577,2467,4641,532,1099,402,1083,4416,10712,5520,387,1338
2020-12-01,INV_01,127041.9,1003445.49,1130487.39,3790,963,1674,577,2467,4641,532,1099,402,1083,4416,10712,5520,387,1338
2020-12-02,INV_01,127041.9,1002411.25,1129453.15,3790,963,1674,577,2467,4641,532,1099,402,1083,4416,10712,5520,387,1338
2020-12-03,INV_01,141718.5,988601.68,1130320.18,3790,963,1674,577,2467,4641,532,1099,301,1083,4416,10712,5520,387,1338
2020-12-04,INV_01,141718.5,998785.4,1140503.9,3790,963,1674,577,2467,4641,532,1099,301,1083,4416,10712,5520,387,1338
2020-12-07,INV_01,150997.77,999734.54,1150732.31,3790,963,1674,577,2467,4641,532,1099,301,1083,4416,8034,5520,387,1338
2020-12-08,INV_01,128128.58,1040203.63,1168332.21,3790,963,1674,577,5058,4641,532,1099,301,1083,4416,8034,5520,387,1338
2020-12-09,INV_01,128128.58,1043044.85,1171173.43,3790,963,1674,577,5058,4641,532,1099,301,1083,4416,8034,5520,387,1338
2020-12-10,INV_01,139415.81,1025793.47,1165209.29,3790,963,1674,577,5058,4641,532,1099,225,1083,4416,8034,5520,387,1338
2020-12-11,INV_01,139415.81,1042385.75,1181801.57,3790,963,1674,577,5058,4641,532,1099,225,1083,4416,8034,5520,387,1338
2020-12-14,INV_01,118296.68,1072271.46,1190568.13,3790,963,1674,577,5058,4641,532,1099,225,1951,4416,8034,5520,387,1338
2020-12-15,INV_01,129864.64,1051067.91,1180932.56,3790,963,1674,577,5058,4641,532,1099,225,1463,4416,8034,5520,387,1338
2020-12-16,INV_01,129864.64,1052526.72,1182391.36,3790,963,1674,577,5058,4641,532,1099,225,1463,4416,8034,5520,387,1338
2020-12-17,INV_01,110190.38,1063955.64,1174146.02,3790,963,1674,577,5058,5288,532,1099,225,1463,4416,8034,5520,387,1338
2020-12-18,INV_01,110190.38,1060208.16,1170398.54,3790,963,1674,577,5058,5288,532,1099,225,1463,4416,8034,5520,387,1338
2020-12-21,INV_01,93513.52,1079515.54,1173029.05,3790,963,1674,577,5058,5288,532,1099,225,1463,4416,8034,5520,387,1677
2020-12-22,INV_01,93513.52,1086142.2,1179655.72,3790,963,1674,577,5058,5288,532,1099,225,1463,4416,8034,5520,387,1677
2020-12-23,INV_01,113833.71,1060822.16,1174655.87,3790,963,1674,577,5058,5288,532,1099,225,1463,4416,8034,5520,387,1257
2020-12-24,INV_01,113833.71,1075933.14,1189766.85,3790,963,1674,577,5058,5288,532,1099,225,1463,4416,8034,5520,387,1257
2020-12-25,INV_01,113833.71,1075933.14,1189766.85,3790,963,1674,577,5058,5288,532,1099,225,1463,4416,8034,5520,387,1257
2020-12-28,INV_01,113833.71,1084900.0,1198733.72,3790,963,1674,577,5058,5288,532,1099,225,1463,4416,8034,5520,387,1257
2020-12-29,INV_01,96588.35,1101974.62,1198562.97,3790,963,1674,577,5058,5288,532,1099,225,2200,4416,8034,5520,387,1257
2020-12-30,INV_01,81987.62,1116758.25,1198745.87,3790,963,1674,851,5058,5288,532,1099,225,2200,4416,8034,5520,387,1257
2020-12-31,INV_01,106145.64,1090002.05,1196147.69,3790,963,1255,851,5058,5288,532,1099,225,2200,4416,8034,5520,387,1257
2021-01-01,INV_01,124249.74,1071715.08,1195964.82,3790,963,941,851,5058,5288,532,1099,225,2200,4416,8034,5520,387,1257
2021-01-04,INV_01,151654.46,1056893.34,1208547.8,3790,963,941,851,5058,5288,532,824,225,2200,4416,8034,5520,387,1257
2021-01-05,INV_01,163690.12,1055539.54,1219229.66,3790,963,941,851,5058,5288,399,824,225,2200,4416,8034,5520,387,1257
2021-01-06,INV_01,163690.12,1054342.32,1218032.44,3790,963,941,851,5058,5288,399,824,225,2200,4416,8034,5520,387,1257
2021-01-07,INV_01,163690.12,1050562.25,1214252.37,3790,963,941,851,5058,5288,399,824,225,2200,4416,8034,5520,387,1257
2021-01-08,INV_01,174663.16,1045664.66,1220327.82,3790,963,941,638,5058,5288,399,824,225,2200,4416,8034,5520,387,1257
2021-01-11,INV_01,174663.16,1046895.89,1221559.05,3790,963,941,638,5058,5288,399,824,225,2200,4416,8034,5520,387,1257
2021-01-12,INV_01,148210.58,1095317.88,1243528.46,3790,963,941,1150,5058,5288,399,824,225,2200,4416,8034,5520,387,1257
2021-01-13,INV_01,125757.77,1143532.16,1269289.94,3790,963,941,1150,5058,5288,399,824,225,3078,4416,8034,5520,387,1257
2021-01-14,INV_01,141628.6,1127501.03,1269129.63,3790,722,941,1150,5058,5288,399,824,225,3078,4416,8034,5520,387,1257
2021-01-15,INV_01,120189.27,1201986.6,1322175.87,3790,722,941,1150,5058,5288,399,824,225,3078,4416,8034,5520,711,1257
2021-01-18,INV_01,101989.28,1276482.63,1378471.9,3790,722,941,1150,5058,5288,399,824,225,3078,4416,9951,5520,711,1257
2021-01-19,INV_01,121201.61,1253318.08,1374519.7,3790,722,941,1150,5058,5288,399,824,225,3078,4416,7463,5520,711,1257
2021-01-20,INV_01,102853.3,1325295.9,1428149.2,3790,722,941,1150,5058,5288,399,824,225,3078,4416,7463,5520,951,1257
2021-01-21,INV_01,87271.53,1442278.45,1529549.98,3790,722,941,1150,5058,5288,399,824,225,3078,4416,9278,5520,951,1257
2021-01-22,INV_01,74074.15,1494843.98,1568918.13,4287,722,941,1150,5058,5288,399,824,225,3078,4416,9278,5520,951,1257
2021-01-25,INV_01,62885.33,1565505.02,1628390.35,4287,722,941,1150,5058,5288,399,824,225,3078,4416,9278,5520,951,1460
2021-01-26,INV_01,62885.33,1549749.43,1612634.75,4287,722,941,1150,5058,5288,399,824,225,3078,4416,9278,5520,951,1460
2021-01-27,INV_01,53429.98,1582409.06,1635839.05,4287,722,941,1150,5058,5288,501,824,225,3078,4416,9278,5520,951,1460
2021-01-28,INV_01,69388.67,1566289.18,1635677.85,4287,541,941,1150,5058,5288,501,824,225,3078,4416,9278,5520,951,1460
2021-01-29,INV_01,92643.54,1502757.92,1595401.46,4287,541,941,1150,5058,5288,501,824,225,3078,3312,9278,5520,951,1460
2021-02-01,INV_01,167908.89,1388895.36,1556804.25,4287,541,941,1150,5058,3966,501,824,225,3078,3312,9278,5520,951,1460
2021-02-02,INV_01,182608.41,1278999.8,1461608.21,4287,541,941,1150,5058,3966,501,824,225,3078,3312,6958,5520,951,1460
2021-02-03,INV_01,154947.12,1351196.7,1506143.82,4287,541,941,1150,8217,3966,501,824,225,3078,3312,6958,5520,951,1460
2021-02-04,INV_01,154947.12,1351196.7,1506143.82,4287,541,941,1150,8217,3966,501,824,225,3078,3312,6958,5520,951,1460
2021-02-05,INV_01,154947.12,1360917.29,1515864.41,4287,541,941,1150,8217,3966,501,824,225,3078,3312,6958,5520,951,1460
2021-02-08,INV_01,131510.24,1384122.13,1515632.37,4287,541,941,1150,8217,3966,501,824,225,3078,3312,6958,5520,951,1924
2021-02-09,INV_01,131510.24,1384133.14,1515643.38,4287,541,941,1150,8217,3966,501,824,225,3078,3312,6958,5520,951,1924
2021-02-10,INV_01,142970.71,1243255.15,1386225.87,4287,405,941,1150,8217,3966,501,824,225,3078,3312,6958,5520,951,1924
2021-02-11,INV_01,151327.31,1227885.96,1379213.27,4287,303,941,1150,8217,3966,501,824,225,3078,3312,6958,5520,951,1924
2021-02-12,INV_01,128432.25,1319960.97,1448393.22,4287,303,941,1579,8217,3966,501,824,225,3078,3312,6958,5520,951,1924
2021-02-15,INV_01,151024.11,1253764.28,1404788.39,3215,303,941,1579,8217,3966,501,824,225,3078,3312,6958,5520,951,1924
2021-02-16,INV_01,161073.9,1203228.48,1364302.39,3215,303,941,1579,8217,3966,375,824,225,3078,3312,6958,5520,951,1924
2021-02-17,INV_01,136677.93,1234872.08,1371550.01,3215,303,941,1579,8217,3966,375,824,225,3078,4766,6958,5520,951,1924
2021-02-18,INV_01,116066.74,1289511.19,1405577.93,3215,303,941,1579,8217,3966,375,1016,225,3078,4766,6958,5520,951,1924
2021-02-19,INV_01,116066.74,1280932.1,1396998.84,3215,303,941,1579,8217,3966,375,1016,225,3078,4766,6958,5520,951,1924
2021-02-22,INV_01,134269.12,1232675.17,1366944.28,3215,303,941,1579,6162,3966,375,1016,225,3078,4766,6958,5520,951,1924
2021-02-23,INV_01,180349.87,1132968.26,1313318.13,3215,303,941,1579,6162,2974,375,1016,225,3078,4766,6958,5520,951,1924
2021-02-24,INV_01,180349.87,1131946.65,1312296.52,3215,303,941,1579,6162,2974,375,1016,225,3078,4766,6958,5520,951,1924
2021-02-25,INV_01,153057.73,1179876.03,1332933.77,3215,303,941,1579,6162,2974,375,1016,225,3078,4766,6958,5520,951,2496
2021-02-26,INV_01,153057.73,1179876.03,1332933.77,3215,303,941,1579,6162,2974,375,1016,225,3078,4766,6958,5520,951,2496
2021-03-01,INV_01,129873.59,1205122.84,1334996.43,3215,303,941,1579,8768,2974,375,1016,225,3078,4766,6958,5520,951,2496
2021-03-02,INV_01,158503.78,1148769.39,1307273.17,3215,303,941,1579,8768,2974,375,1016,225,3078,4766,6958,5520,951,1872
2021-03-03,INV_01,183747.75,1091781.69,1275529.45,3215,303,941,1579,8768,2974,375,1016,225,2308,4766,6958,5520,951,1872
2021-03-04,INV_01,183747.75,1066706.97,1250454.73,3215,303,941,1579,8768,2974,375,1016,225,2308,4766,6958,5520,951,1872
2021-03-05,INV_01,155913.29,1105758.35,1261671.65,3215,303,941,1579,8768,3626,375,1016,225,2308,4766,6958,5520,951,1872
2021-03-08,INV_01,132295.26,1179026.7,1311321.96,3215,648,941,1579,8768,3626,375,1016,225,2308,4766,6958,5520,951,1872
2021-03-09,INV_01,132295.26,1181986.63,1314281.89,3215,648,941,1579,8768,3626,375,1016,225,2308,4766,6958,5520,951,1872
2021-03-10,INV_01,146776.78,1149239.75,1296016.53,3215,648,705,1579,8768,3626,375,1016,225,2308,4766,6958,5520,951,1872
2021-03-11,INV_01,146776.78,1149239.75,1296016.53,3215,648,705,1579,8768,3626,375,1016,225,2308,4766,6958,5520,951,1872
2021-03-12,INV_01,162693.36,1141418.7,1304112.06,3215,648,705,1579,8768,3626,375,1016,225,2308,4766,6958,5520,713,1872
2021-03-15,INV_01,138066.02,1150198.63,1288264.65,3215,648,705,1579,8768,3626,375,1256,225,2308,4766,6958,5520,713,1872
2021-03-16,INV_01,117153.7,1158681.19,1275834.89,3215,648,705,1579,8768,3626,375,1256,225,2308,4766,6958,6255,713,1872
2021-03-17,INV_01,134558.88,1125197.49,1259756.37,3215,648,705,1579,8768,3626,375,1256,225,1731,4766,6958,6255,713,1872
2021-03-18,INV_01,153974.76,1083137.2,1237111.95,3215,648,705,1579,6576,3626,375,1256,225,1731,4766,6958,6255,713,1872
2021-03-19,INV_01,130662.14,1098769.54,1229431.68,3215,648,705,1579,6576,3626,375,1256,225,1731,4766,6958,7122,713,1872
2021-03-22,INV_01,130662.14,1112478.96,1243141.1,3215,648,705,1579,6576,3626,375,1256,225,1731,4766,6958,7122,713,1872
2021-03-23,INV_01,130662.14,1115560.45,1246222.59,3215,648,705,1579,6576,3626,375,1256,225,1731,4766,6958,7122,713,1872
2021-03-24,INV_01,130662.14,1142042.29,1272704.43,3215,648,705,1579,6576,3626,375,1256,225,1731,4766,6958,7122,713,1872
2021-03-25,INV_01,178367.01,1083046.89,1261413.91,3215,648,705,1579,6576,3626,375,1256,225,1731,4766,6958,5341,713,1872
2021-03-26,INV_01,151355.93,1112221.75,1263577.68,3215,648,705,1579,6576,3626,375,1256,225,1731,4766,6958,6334,713,1872
2021-03-29,INV_01,128455.68,1137642.84,1266098.52,3215,648,705,1579,6576,4119,375,1256,225,1731,4766,6958,6334,713,1872
2021-03-30,INV_01,138820.66,1124086.13,1262906.79,3215,486,705,1579,6576,4119,375,1256,225,1731,4766,6958,6334,713,1872
2021-03-31,INV_01,147039.75,1130906.3,1277946.05,3215,486,705,1579,6576,4119,375,1256,168,1731,4766,6958,6334,713,1872
2021-04-01,INV_01,147039.75,1145802.69,1292842.43,3215,486,705,1579,6576,4119,375,1256,168,1731,4766,6958,6334,713,1872
2021-04-02,INV_01,124764.66,1167857.23,1292621.89,3215,486,705,1579,9041,4119,375,1256,168,1731,4766,6958,6334,713,1872
2021-04-05,INV_01,140628.46,1165809.01,1306437.47,2411,486,705,1579,9041,4119,375,1256,168,1731,4766,6958,6334,713,1872
2021-04-06,INV_01,119374.33,1221631.42,1341005.74,2411,486,705,1579,9041,4119,644,1256,168,1731,4766,6958,6334,713,1872
2021-04-07,INV_01,152965.3,1196112.91,1349078.21,2411,486,705,1579,9041,4119,644,942,168,1731,4766,6958,6334,713,1872
2021-04-08,INV_01,174240.87,1191138.49,1365379.35,2411,486,705,1579,9041,4119,644,942,168,1731,4766,6958,6334,713,1404
2021-04-09,INV_01,147899.65,1235644.24,1383543.89,2411,486,705,1579,9041,4556,644,942,168,1731,4766,6958,6334,713,1404
2021-04-12,INV_01,125499.45,1292578.56,1418078.02,2411,486,705,1579,11482,4556,644,942,168,1731,4766,6958,6334,713,1404
2021-04-13,INV_01,125499.45,1292578.56,1418078.02,2411,486,705,1579,11482,4556,644,942,168,1731,4766,6958,6334,713,1404
2021-04-14,INV_01,125499.45,1292578.56,1418078.02,2411,486,705,1579,11482,4556,644,942,168,1731,4766,6958,6334,713,1404
2021-04-15,INV_01,106504.72,1328749.47,1435254.19,3298,486,705,1579,11482,4556,644,942,168,1731,4766,6958,6334,713,1404
2021-04-16,INV_01,90409.15,1341351.33,1431760.48,3298,486,705,1579,11482,4795,644,942,168,1731,4766,6958,6334,713,1404
2021-04-19,INV_01,90409.15,1321366.78,1411775.93,3298,486,705,1579,11482,4795,644,942,168,1731,4766,6958,6334,713,1404
2021-04-20,INV_01,96383.75,1259290.07,1355673.82,3298,486,705,1579,11482,4795,644,942,126,1731,4766,6958,6334,713,1404
2021-04-21,INV_01,81787.03,1294508.6,1376295.63,3298,486,705,1579,11482,4795,644,942,126,1731,4766,9252,6334,713,1404
2021-04-22,INV_01,94047.44,1249634.23,1343681.67,3298,486,705,1579,11482,4795,483,942,126,1731,4766,9252,6334,713,1404
2021-04-23,INV_01,94047.44,1229371.62,1323419.07,3298,486,705,1579,11482,4795,483,942,126,1731,4766,9252,6334,713,1404
2021-04-26,INV_01,79821.95,1243456.27,1323278.22,3298,486,705,1579,11482,4795,667,942,126,1731,4766,9252,6334,713,1404
2021-04-27,INV_01,84280.81,1211798.41,1296079.22,3298,486,705,1579,11482,4795,667,942,94,1731,4766,9252,6334,713,1404
2021-04-28,INV_01,71530.02,1265674.25,1337204.27,3298,486,705,1579,11482,4795,667,942,94,2074,4766,9252,6334,713,1404
2021-04-29,INV_01,71530.02,1261414.69,1332944.7,3298,486,705,1579,11482,4795,667,942,94,2074,4766,9252,6334,713,1404
2021-04-30,INV_01,60735.61,1272413.87,1333149.48,3298,653,705,1579,11482,4795,667,942,94,2074,4766,9252,6334,713,1404
2021-05-03,INV_01,85885.41,1240871.6,1326757.01,3298,653,705,1579,11482,4795,667,706,94,2074,4766,9252,6334,713,1404
2021-05-04,INV_01,96378.36,1211636.57,1308014.93,3298,489,705,1579,11482,4795,667,706,94,2074,4766,9252,6334,713,1404
2021-05-05,INV_01,81804.98,1237546.48,1319351.46,3298,489,705,1579,11482,5040,667,706,94,2074,4766,9252,6334,713,1404
2021-05-06,INV_01,69420.56,1258760.65,1328181.21,3298,489,705,1579,11482,5246,667,706,94,2074,4766,9252,6334,713,1404
2021-05-07,INV_01,58906.63,1290084.02,1348990.65,3298,489,705,1579,11482,5246,667,706,94,2074,5432,9252,6334,713,1404
2021-05-10,INV_01,71268.54,1253396.77,1324665.31,3298,489,705,1579,11482,5246,500,706,94,2074,5432,9252,6334,713,1404
2021-05-11,INV_01,60473.86,1274222.11,1334695.98,3298,489,705,1579,12705,5246,500,706,94,2074,5432,9252,6334,713,1404
2021-05-12,INV_01,51314.46,1286982.29,1338296.75,3298,489,705,1579,12705,5246,500,706,94,2074,5432,9252,6649,713,1404
2021-05-13,INV_01,70294.02,1275932.87,1346226.9,3298,489,705,1184,12705,5246,500,706,94,2074,5432,9252,6649,713,1404
2021-05-14,INV_01,59674.8,1286446.96,1346121.76,3298,489,705,1184,12705,5246,500,706,94,2074,5432,9252,6649,879,1404
2021-05-17,INV_01,50665.51,1319095.09,1369760.59,3298,489,705,1184,12705,5246,500,790,94,2074,5432,9252,6649,879,1404
2021-05-18,INV_01,62090.86,1306037.32,1368128.18,3298,489,528,1184,12705,5246,500,790,94,2074,5432,9252,6649,879,1404
2021-05-19,INV_01,76264.21,1287649.05,1363913.26,3298,489,528,888,12705,5246,500,790,94,2074,5432,9252,6649,879,1404
2021-05-20,INV_01,79520.97,1278388.07,1357909.04,3298,489,528,888,12705,5246,500,790,70,2074,5432,9252,6649,879,1404
2021-05-21,INV_01,100534.77,1242706.12,1343240.89,3298,489,528,888,12705,5246,500,790,70,2074,4074,9252,6649,879,1404
2021-05-24,INV_01,120000.38,1217880.34,1337880.73,3298,489,528,888,12705,5246,500,790,70,1555,4074,9252,6649,879,1404
2021-05-25,INV_01,120000.38,1227310.84,1347311.23,3298,489,528,888,12705,5246,500,790,70,1555,4074,9252,6649,879,1404
2021-05-26,INV_01,147922.85,1199106.33,1347029.18,3298,489,528,888,9528,5246,500,790,70,1555,4074,9252,6649,879,1404
2021-05-27,INV_01,168982.45,1177834.0,1346816.46,3298,489,528,888,9528,5246,500,592,70,1555,4074,9252,6649,879,1404
2021-05-28,INV_01,143383.11,1211028.62,1354411.72,3298,489,528,888,12383,5246,500,592,70,1555,4074,9252,6649,879,1404
2021-05-31,INV_01,191291.04,1167023.06,1358314.09,3298,489,528,888,12383,5246,500,592,70,1555,4074,9252,4986,879,1404
2021-06-01,INV_01,191291.04,1184494.88,1375785.92,3298,489,528,888,12383,5246,500,592,70,1555,4074,9252,4986,879,1404
2021-06-02,INV_01,191291.04,1184757.57,1376048.61,3298,489,528,888,12383,5246,500,592,70,1555,4074,9252,4986,879,1404
2021-06-03,INV_01,162313.13,1226404.93,1388718.05,3298,489,528,888,12383,5246,500,592,70,1555,4074,13666,4986,879,1404
2021-06-04,INV_01,189948.86,1196891.95,1386840.81,3298,489,528,888,9287,5246,500,592,70,1555,4074,13666,4986,879,1404
2021-06-07,INV_01,161171.74,1233780.63,1394952.37,3298,489,528,888,9287,5246,500,592,70,1555,4074,17983,4986,879,1404
2021-06-08,INV_01,161171.74,1227193.99,1388365.72,3298,489,528,888,9287,5246,500,592,70,1555,4074,17983,4986,879,1404
2021-06-09,INV_01,136828.55,1261548.1,1398376.66,3298,489,528,888,9287,5246,500,808,70,1555,4074,17983,4986,879,1404
2021-06-10,INV_01,116140.39,1290397.29,1406537.68,3298,489,528,888,9287,5583,500,808,70,1555,4074,17983,4986,879,1404
2021-06-11,INV_01,116140.39,1288328.28,1404468.67,3298,489,528,888,9287,5583,500,808,70,1555,4074,17983,4986,879,1404
2021-06-14,INV_01,98582.28,1309399.19,1407981.47,3298,489,528,888,9287,5877,500,808,70,1555,4074,17983,4986,879,1404
2021-06-15,INV_01,83648.98,1330484.7,1414133.68,3298,489,528,888,9287,5877,500,808,70,1555,4877,17983,4986,879,1404
2021-06-16,INV_01,71009.16,1353701.86,1424711.02,3298,489,528,888,9287,5877,500,808,70,1838,4877,17983,4986,879,1404
2021-06-17,INV_01,71009.16,1354692.59,1425701.76,3298,489,528,888,9287,5877,500,808,70,1838,4877,17983,4986,879,1404
2021-06-18,INV_01,60265.7,1370850.15,1431115.85,3298,489,528,888,9287,5877,500,808,70,1838,5476,17983,4986,879,1404
2021-06-21,INV_01,60265.7,1369594.16,1429859.87,3298,489,528,888,9287,5877,500,808,70,1838,5476,17983,4986,879,1404
2021-06-22,INV_01,69900.32,1339748.47,1409648.79,3298,489,528,888,9287,5877,375,808,70,1838,5476,17983,4986,879,1404
2021-06-23,INV_01,59327.23,1350529.1,1409856.33,3823,489,528,888,9287,5877,375,808,70,1838,5476,17983,4986,879,1404
2021-06-24,INV_01,83062.2,1326554.38,1409616.58,3823,489,528,888,9287,5877,375,808,70,1838,4107,17983,4986,879,1404
2021-06-25,INV_01,70486.14,1343072.45,1413558.6,3823,489,528,888,9287,6084,375,808,70,1838,4107,17983,4986,879,1404
2021-06-28,INV_01,70486.14,1331175.83,1401661.97,3823,489,528,888,9287,6084,375,808,70,1838,4107,17983,4986,879,1404
2021-06-29,INV_01,70486.14,1320335.93,1390822.07,3823,489,528,888,9287,6084,375,808,70,1838,4107,17983,4986,879,1404
2021-06-30,INV_01,77583.52,1300443.05,1378026.57,3823,489,528,888,9287,6084,281,808,70,1838,4107,17983,4986,879,1404
2021-07-01,INV_01,98349.66,1275648.38,1373998.04,3823,489,528,888,6965,6084,281,808,70,1838,4107,17983,4986,879,1404
2021-07-02,INV_01,127281.42,1254392.07,1381673.5,3823,489,528,888,6965,6084,281,808,70,1838,4107,13487,4986,879,1404
2021-07-05,INV_01,216911.02,1156616.46,1373527.48,3823,489,528,888,6965,4563,281,808,70,1838,4107,13487,4986,879,1404
2021-07-06,INV_01,184068.01,1197481.67,1381549.68,3823,489,528,888,6965,4563,281,808,70,2570,4107,13487,4986,879,1404
2021-07-07,INV_01,195160.21,1179755.3,1374915.51,3823,489,528,666,6965,4563,281,808,70,2570,4107,13487,4986,879,1404
2021-07-08,INV_01,165608.45,1210895.91,1376504.36,3823,489,528,666,6965,4563,281,808,70,3234,4107,13487,4986,879,1404
2021-07-09,INV_01,165608.45,1220959.56,1386568.01,3823,489,528,666,6965,4563,281,808,70,3234,4107,13487,4986,879,1404
2021-07-12,INV_01,165608.45,1228034.3,1393642.75,3823,489,528,666,6965,4563,281,808,70,3234,4107,13487,4986,879,1404
2021-07-13,INV_01,174381.43,1225350.89,1399732.32,3823,489,396,666,6965,4563,281,808,70,3234,4107,13487,4986,879,1404
2021-07-14,INV_01,174381.43,1231105.27,1405486.7,3823,489,396,666,6965,4563,281,808,70,3234,4107,13487,4986,879,1404
2021-07-15,INV_01,174381.43,1237614.64,1411996.07,3823,489,396,666,6965,4563,281,808,70,3234,4107,13487,4986,879,1404
2021-07-16,INV_01,148020.24,1259104.41,1407124.65,3823,489,783,666,6965,4563,281,808,70,3234,4107,13487,4986,879,1404
2021-07-19,INV_01,125652.06,1295594.36,1421246.41,3823,785,783,666,6965,4563,281,808,70,3234,4107,13487,4986,879,1404
2021-07-20,INV_01,106637.38,1311527.24,1418164.61,3823,785,783,666,6965,4563,281,808,70,3234,4107,13487,5551,879,1404
2021-07-21,INV_01,130005.34,1287923.24,1417928.57,3823,785,783,666,6965,4563,281,808,70,3234,4107,10115,5551,879,1404
2021-07-22,INV_01,110356.42,1321408.03,1431764.46,3823,785,783,666,6965,4563,281,808,70,3234,4107,10115,5551,1179,1404
2021-07-23,INV_01,93710.67,1337888.97,1431599.65,3823,785,783,666,6965,4563,499,808,70,3234,4107,10115,5551,1179,1404
2021-07-26,INV_01,93710.67,1323477.71,1417188.38,3823,785,783,666,6965,4563,499,808,70,3234,4107,10115,5551,1179,1404
2021-07-27,INV_01,79520.8,1332419.5,1411940.3,3823,785,783,666,8600,4563,499,808,70,3234,4107,10115,5551,1179,1404
2021-07-28,INV_01,67595.35,1344082.95,1411678.29,3823,785,783,666,8600,4563,499,808,158,3234,4107,10115,5551,1179,1404
2021-07-29,INV_01,57396.39,1367612.85,1425009.24,3823,785,783,666,8600,4563,499,808,158,3234,4107,10115,5551,1179,1615
2021-07-30,INV_01,62748.56,1353727.69,1416476.26,3823,785,783,666,8600,4563,499,808,118,3234,4107,10115,5551,1179,1615
2021-08-02,INV_01,53252.99,1361268.19,1414521.18,3823,785,783,666,8600,4563,499,808,118,3234,4662,10115,5551,1179,1615
2021-08-03,INV_01,53252.99,1365821.19,1419074.18,3823,785,783,666,8600,4563,499,808,118,3234,4662,10115,5551,1179,1615
2021-08-04,INV_01,61444.14,1357041.5,1418485.65,3823,785,783,499,8600,4563,499,808,118,3234,4662,10115,5551,1179,1615
2021-08-05,INV_01,70497.93,1326594.36,1397092.3,3823,785,783,499,8600,4563,374,808,118,3234,4662,10115,5551,1179,1615
2021-08-06,INV_01,70497.93,1328299.61,1398797.54,3823,785,783,499,8600,4563,374,808,118,3234,4662,10115,5551,1179,1615
2021-08-09,INV_01,59836.84,1325473.07,1385309.9,3823,785,783,499,8600,4563,374,808,118,3466,4662,10115,5551,1179,1615
2021-08-10,INV_01,76361.32,1299812.48,1376173.8,3823,785,783,499,8600,4563,374,808,118,3466,4662,7586,5551,1179,1615
2021-08-11,INV_01,64830.95,1312324.66,1377155.61,3823,785,783,733,8600,4563,374,808,118,3466,4662,7586,5551,1179,1615
2021-08-12,INV_01,64830.95,1295291.61,1360122.56,3823,785,783,733,8600,4563,374,808,118,3466,4662,7586,5551,1179,1615
2021-08-13,INV_01,86440.43,1277446.81,1363887.24,3823,785,783,733,8600,4563,374,606,118,3466,4662,7586,5551,1179,1615
2021-08-16,INV_01,86440.43,1276919.33,1363359.76,3823,785,783,733,8600,4563,374,606,118,3466,4662,7586,5551,1179,1615
2021-08-17,INV_01,73350.83,1309816.5,1383167.33,3823,785,783,733,8600,4563,374,606,118,3466,4662,9186,5551,1179,1615
2021-08-18,INV_01,73350.83,1342616.92,1415967.75,3823,785,783,733,8600,4563,374,606,118,3466,4662,9186,5551,1179,1615
2021-08-19,INV_01,86406.95,1318957.06,1405364.01,3823,588,783,733,8600,4563,374,606,118,3466,4662,9186,5551,1179,1615
2021-08-20,INV_01,129765.35,1267339.45,1397104.8,3823,588,783,733,8600,4563,374,606,118,3466,4662,9186,4163,1179,1615
2021-08-23,INV_01,110133.98,1308078.99,1418212.96,3823,588,783,733,8600,4563,374,606,118,3466,4662,9186,4779,1179,1615
2021-08-24,INV_01,93494.91,1375437.0,1468931.91,3823,588,1033,733,8600,4563,374,606,118,3466,4662,9186,4779,1179,1615
2021-08-25,INV_01,79373.14,1399020.92,1478394.06,3823,588,1033,733,8600,4563,374,606,118,3466,4662,9186,4779,1179,1914
2021-08-26,INV_01,67390.36,1471307.76,1538698.12,3823,588,1033,733,8600,4563,374,606,118,3466,4662,9186,4779,1356,1914
2021-08-27,INV_01,57275.64,1503127.63,1560403.27,3823,588,1033,733,8600,4563,374,693,118,3466,4662,9186,4779,1356,1914
2021-08-30,INV_01,154533.81,1375052.99,1529586.81,3823,588,1033,733,8600,3422,374,693,118,3466,4662,9186,4779,1356,1914
2021-08-31,INV_01,131126.59,1395026.86,1526153.45,3823,588,1033,733,11495,3422,374,693,118,3466,4662,9186,4779,1356,1914
2021-09-01,INV_01,111266.19,1438277.14,1549543.33,3823,588,1033,733,11495,3422,374,693,118,3466,4662,9186,4779,1662,1914
2021-09-02,INV_01,94465.26,1487798.71,1582263.97,3823,588,1033,733,11495,3422,621,693,118,3466,4662,9186,4779,1662,1914
2021-09-03,INV_01,80204.2,1509820.14,1590024.34,3823,588,1033,1010,11495,3422,621,693,118,3466,4662,9186,4779,1662,1914
2021-09-06,INV_01,68096.47,1524737.58,1592834.04,3823,588,1033,1010,11495,3422,800,693,118,3466,4662,9186,4779,1662,1914
2021-09-07,INV_01,88123.01,1454820.76,1542943.77,3823,588,1033,1010,11495,3422,800,693,118,3466,3496,9186,4779,1662,1914
2021-09-08,INV_01,129634.6,1354209.0,1483843.6,3823,588,1033,1010,11495,3422,800,693,118,3466,3496,9186,3584,1662,1914
2021-09-09,INV_01,109995.17,1418287.38,1528282.55,3823,588,1033,1010,13924,3422,800,693,118,3466,3496,9186,3584,1662,1914
2021-09-10,INV_01,148186.49,1360806.24,1508992.72,3823,588,1033,1010,13924,3422,800,693,118,2599,3496,9186,3584,1662,1914
2021-09-13,INV_01,174789.79,1312697.11,1487486.91,3823,588,1033,1010,13924,3422,800,693,118,2599,3496,9186,3584,1246,1914
2021-09-14,INV_01,174789.79,1316584.22,1491374.01,3823,588,1033,1010,13924,3422,800,693,118,2599,3496,9186,3584,1246,1914
2021-09-15,INV_01,174789.79,1332698.56,1507488.35,3823,588,1033,1010,13924,3422,800,693,118,2599,3496,9186,3584,1246,1914
2021-09-16,INV_01,174789.79,1330223.19,1505012.98,3823,588,1033,1010,13924,3422,800,693,118,2599,3496,9186,3584,1246,1914
2021-09-17,INV_01,194797.28,1284131.67,1478928.95,3823,588,1033,1010,13924,3422,800,519,118,2599,3496,9186,3584,1246,1914
2021-09-20,INV_01,209029.71,1269755.48,1478785.19,3823,588,1033,1010,13924,3422,800,519,118,2599,2622,9186,3584,1246,1914
2021-09-21,INV_01,230805.34,1234903.86,1465709.2,3823,588,1033,1010,13924,3422,800,519,118,2599,2622,9186,3584,1246,1435
2021-09-22,INV_01,230805.34,1235652.35,1466457.69,3823,588,1033,1010,13924,3422,800,519,118,2599,2622,9186,3584,1246,1435
2021-09-23,INV_01,230805.34,1248439.24,1479244.58,3823,588,1033,1010,13924,3422,800,519,118,2599,2622,9186,3584,1246,1435
2021-09-24,INV_01,195842.68,1291430.84,1487273.52,3823,588,1033,1010,18329,3422,800,519,118,2599,2622,9186,3584,1246,1435
2021-09-27,INV_01,212252.88,1307006.95,1519259.83,3823,588,1033,1010,18329,3422,800,519,118,2599,2622,9186,3584,1246,1076
2021-09-28,INV_01,234310.97,1283542.04,1517853.01,3823,588,1033,1010,18329,3422,800,519,118,2599,2622,6889,3584,1246,1076
2021-09-29,INV_01,198818.19,1326037.48,1524855.67,3823,588,1033,1010,18329,3422,800,519,118,2599,4727,6889,3584,1246,1076
2021-09-30,INV_01,198818.19,1330831.71,1529649.9,3823,588,1033,1010,18329,3422,800,519,118,2599,4727,6889,3584,1246,1076
2021-10-01,INV_01,217894.72,1308957.95,1526852.67,2867,588,1033,1010,18329,3422,800,519,118,2599,4727,6889,3584,1246,1076
2021-10-04,INV_01,217894.72,1322908.69,1540803.41,2867,588,1033,1010,18329,3422,800,519,118,2599,4727,6889,3584,1246,1076
2021-10-05,INV_01,253883.1,1278960.42,1532843.51,2867,588,1033,1010,13746,3422,800,519,118,2599,4727,6889,3584,1246,1076
2021-10-06,INV_01,267435.87,1272241.21,1539677.08,2867,588,1033,1010,13746,3422,800,519,118,2599,4727,6889,3584,1246,807
2021-10-07,INV_01,267435.87,1289332.13,1556767.99,2867,588,1033,1010,13746,3422,800,519,118,2599,4727,6889,3584,1246,807
2021-10-08,INV_01,227019.48,1337238.64,1564258.12,2867,588,1033,1010,13746,3422,800,519,385,2599,4727,6889,3584,1246,807
2021-10-11,INV_01,227019.48,1339344.1,1566363.58,2867,588,1033,1010,13746,3422,800,519,385,2599,4727,6889,3584,1246,807
2021-10-12,INV_01,227019.48,1337984.64,1565004.12,2867,588,1033,1010,13746,3422,800,519,385,2599,4727,6889,3584,1246,807
2021-10-13,INV_01,227019.48,1326734.75,1553754.23,2867,588,1033,1010,13746,3422,800,519,385,2599,4727,6889,3584,1246,807
2021-10-14,INV_01,192658.86,1361769.94,1554428.8,2867,588,1033,1639,13746,3422,800,519,385,2599,4727,6889,3584,1246,807
2021-10-15,INV_01,202684.39,1347175.32,1549859.71,2867,588,1033,1639,13746,3422,800,519,385,2599,4727,6889,3584,1246,605
2021-10-18,INV_01,172040.48,1387423.24,1559463.72,2867,588,1033,1639,13746,3422,800,762,385,2599,4727,6889,3584,1246,605
2021-10-19,INV_01,188415.87,1370882.44,1559298.31,2867,588,1033,1639,13746,3422,800,762,385,2599,4727,5166,3584,1246,605
2021-10-20,INV_01,188415.87,1370882.44,1559298.31,2867,588,1033,1639,13746,3422,800,762,385,2599,4727,5166,3584,1246,605
2021-10-21,INV_01,188415.87,1366266.07,1554681.94,2867,588,1033,1639,13746,3422,800,762,385,2599,4727,5166,3584,1246,605
2021-10-22,INV_01,188415.87,1371204.28,1559620.15,2867,588,1033,1639,13746,3422,800,762,385,2599,4727,5166,3584,1246,605
2021-10-25,INV_01,188415.87,1371071.77,1559487.64,2867,588,1033,1639,13746,3422,800,762,385,2599,4727,5166,3584,1246,605
2021-10-26,INV_01,159909.23,1411569.81,1571479.04,2867,588,1033,1639,13746,3422,800,762,385,3180,4727,5166,3584,1246,605
2021-10-27,INV_01,135691.07,1446864.14,1582555.21,2867,588,1033,1639,13746,3707,800,762,385,3180,4727,5166,3584,1246,605
2021-10-28,INV_01,135691.07,1459883.94,1595575.01,2867,588,1033,1639,13746,3707,800,762,385,3180,4727,5166,3584,1246,605
2021-10-29,INV_01,115139.62,1471757.17,1586896.79,2867,588,1033,1639,16242,3707,800,762,385,3180,4727,5166,3584,1246,605
2021-11-01,INV_01,137707.91,1432537.62,1570245.53,2867,588,1033,1229,16242,3707,800,762,385,3180,4727,5166,3584,1246,605
2021-11-02,INV_01,116887.07,1452671.07,1569558.15,2867,588,1033,1229,16242,3707,800,762,385,3612,4727,5166,3584,1246,605
2021-11-03,INV_01,99225.56,1472016.4,1571241.96,2867,588,1033,1229,16242,3707,800,762,385,3979,4727,5166,3584,1246,605
2021-11-04,INV_01,119178.04,1451862.38,1571040.42,2867,588,1033,1229,16242,3707,800,762,385,3979,4727,5166,3584,934,605
2021-11-05,INV_01,101161.0,1467774.25,1568935.25,2867,828,1033,1229,16242,3707,800,762,385,3979,4727,5166,3584,934,605
2021-11-08,INV_01,85854.96,1516858.64,1602713.6,2867,828,1033,1229,16242,3707,800,762,385,3979,4727,5166,3993,934,605
2021-11-09,INV_01,100527.81,1472646.18,1573173.99,2867,828,1033,1229,16242,3707,800,762,385,3979,4727,5166,3993,700,605
2021-11-10,INV_01,85298.7,1514444.63,1599743.33,2867,828,1033,1229,16242,3707,800,762,385,3979,5476,5166,3993,700,605
2021-11-11,INV_01,72420.7,1547856.51,1620277.22,2867,828,1033,1229,16242,3874,800,762,385,3979,5476,5166,3993,700,605
2021-11-12,INV_01,72420.7,1571115.54,1643536.24,2867,828,1033,1229,16242,3874,800,762,385,3979,5476,5166,3993,700,605
2021-11-15,INV_01,61454.08,1577886.57,1639340.64,2867,828,1033,1229,16242,3874,800,762,385,3979,5955,5166,3993,700,605
2021-11-16,INV_01,52181.56,1616661.93,1668843.49,2867,828,1033,1229,16242,3874,800,762,385,4185,5955,5166,3993,700,605
2021-11-17,INV_01,127084.59,1554107.45,1681192.04,2867,828,1033,1229,16242,2905,800,762,385,4185,5955,5166,3993,700,605
2021-11-18,INV_01,127084.59,1554107.45,1681192.04,2867,828,1033,1229,16242,2905,800,762,385,4185,5955,5166,3993,700,605
2021-11-19,INV_01,127084.59,1490436.64,1617521.23,2867,828,1033,1229,16242,2905,800,762,385,4185,5955,5166,3993,700,605
2021-11-22,INV_01,107851.16,1533592.66,1641443.82,2867,828,1033,1229,16242,2905,800,762,385,4185,5955,5861,3993,700,605
2021-11-23,INV_01,120934.21,1498728.49,1619662.69,2867,828,1033,1229,16242,2905,600,762,385,4185,5955,5861,3993,700,605
2021-11-24,INV_01,137553.61,1461426.68,1598980.29,2867,828,774,1229,16242,2905,600,762,385,4185,5955,5861,3993,700,605
2021-11-25,INV_01,116739.9,1505442.74,1622182.64,2867,828,774,1229,16242,2905,600,762,385,4185,5955,5861,3993,700,1014
2021-11-26,INV_01,134344.22,1506712.08,1641056.31,2150,828,774,1229,16242,2905,600,762,385,4185,5955,5861,3993,700,1014
2021-11-29,INV_01,134344.22,1508245.23,1642589.45,2150,828,774,1229,16242,2905,600,762,385,4185,5955,5861,3993,700,1014
2021-11-30,INV_01,114002.33,1549372.58,1663374.91,2911,828,774,1229,16242,2905,600,762,385,4185,5955,5861,3993,700,1014
2021-12-01,INV_01,128023.82,1522425.38,1650449.2,2911,621,774,1229,16242,2905,600,762,385,4185,5955,5861,3993,700,1014
2021-12-02,INV_01,108644.22,1543667.2,1652311.42,3636,621,774,1229,16242,2905,600,762,385,4185,5955,5861,3993,700,1014
2021-12-03,INV_01,122310.91,1518441.74,1640752.66,3636,621,774,1229,16242,2905,600,762,288,4185,5955,5861,3993,700,1014
2021-12-06,INV_01,103864.16,1548992.47,1652856.63,3636,621,774,1229,16242,2905,600,910,288,4185,5955,5861,3993,700,1014
2021-12-07,INV_01,88156.89,1587263.27,1675420.16,3636,621,774,1229,16242,2905,600,910,288,4185,5955,5861,3993,960,1014
2021-12-08,INV_01,147720.75,1526804.22,1674524.97,3636,621,774,1229,16242,2178,600,910,288,4185,5955,5861,3993,960,1014
2021-12-09,INV_01,147720.75,1541296.45,1689017.21,3636,621,774,1229,16242,2178,600,910,288,4185,5955,5861,3993,960,1014
2021-12-10,INV_01,147720.75,1548660.75,1696381.51,3636,621,774,1229,16242,2178,600,910,288,4185,5955,5861,3993,960,1014
2021-12-13,INV_01,159458.43,1539306.92,1698765.35,3636,621,774,1229,16242,2178,600,910,288,4185,5955,5861,3993,960,760
2021-12-14,INV_01,159458.43,1580563.28,1740021.71,3636,621,774,1229,16242,2178,600,910,288,4185,5955,5861,3993,960,760
2021-12-15,INV_01,135321.14,1603658.41,1738979.55,3636,621,774,1229,16242,2178,600,910,288,4185,6612,5861,3993,960,760
2021-12-16,INV_01,149313.79,1582578.3,1731892.09,3636,621,774,1229,16242,2178,600,910,288,4185,6612,5861,3993,720,760
2021-12-17,INV_01,126716.27,1630116.66,1756832.93,3636,621,774,1229,16242,2178,600,910,288,4185,6612,5861,3993,1101,760
2021-12-20,INV_01,126716.27,1627874.5,1754590.77,3636,621,774,1229,16242,2178,600,910,288,4185,6612,5861,3993,1101,760
2021-12-21,INV_01,175064.62,1580028.22,1755092.84,3636,621,774,1229,16242,2178,600,910,288,3138,6612,5861,3993,1101,760
2021-12-22,INV_01,148546.01,1716075.09,1864621.1,3636,621,774,1229,19492,2178,600,910,288,3138,6612,5861,3993,1101,760
2021-12-23,INV_01,126060.93,1756189.67,1882250.6,3636,621,774,1229,19492,2178,600,910,288,3138,6991,5861,3993,1101,760
2021-12-24,INV_01,106967.75,1801517.15,1908484.9,3636,621,774,1229,19492,2178,600,910,288,3138,7297,5861,3993,1101,760
2021-12-27,INV_01,106967.75,1806583.83,1913551.58,3636,621,774,1229,19492,2178,600,910,288,3138,7297,5861,3993,1101,760
2021-12-28,INV_01,132440.75,1775106.62,1907547.36,2727,621,774,1229,19492,2178,600,910,288,3138,7297,5861,3993,1101,760
2021-12-29,INV_01,132440.75,1773965.03,1906405.78,2727,621,774,1229,19492,2178,600,910,288,3138,7297,5861,3993,1101,760
2021-12-30,INV_01,142952.39,1740997.58,1883949.98,2727,621,774,1229,19492,2178,600,910,216,3138,7297,5861,3993,1101,760
2021-12-31,INV_01,121321.28,1779460.01,1900781.29,2727,621,774,1229,19492,2178,600,910,216,3138,7297,5861,4548,1101,760
2022-01-03,INV_01,121321.28,1830080.38,1951401.66,2727,621,774,1229,19492,2178,600,910,216,3138,7297,5861,4548,1101,760
2022-01-04,INV_01,146742.12,1813113.85,1959855.97,2727,621,774,1229,19492,2178,600,682,216,3138,7297,5861,4548,1101,760
2022-01-05,INV_01,146742.12,1808110.39,1954852.51,2727,621,774,1229,19492,2178,600,682,216,3138,7297,5861,4548,1101,760
2022-01-06,INV_01,146742.12,1821545.06,1968287.18,2727,621,774,1229,19492,2178,600,682,216,3138,7297,5861,4548,1101,760
2022-01-07,INV_01,124513.57,1895508.64,2020022.21,2727,621,1131,1229,19492,2178,600,682,216,3138,7297,5861,4548,1101,760
2022-01-10,INV_01,142456.56,1862325.44,2004782.0,2727,621,848,1229,19492,2178,600,682,216,3138,7297,5861,4548,1101,760
2022-01-11,INV_01,120948.52,1875650.74,1996599.26,2727,885,848,1229,19492,2178,600,682,216,3138,7297,5861,4548,1101,760
2022-01-12,INV_01,120948.52,1873887.97,1994836.49,2727,885,848,1229,19492,2178,600,682,216,3138,7297,5861,4548,1101,760
2022-01-13,INV_01,163212.01,1814891.9,1978103.91,2727,885,848,1229,19492,2178,600,682,216,2353,7297,5861,4548,1101,760
2022-01-14,INV_01,176475.05,1801494.9,1977969.94,2727,885,636,1229,19492,2178,600,682,216,2353,7297,5861,4548,1101,760
2022-01-17,INV_01,176475.05,1801494.9,1977969.94,2727,885,636,1229,19492,2178,600,682,216,2353,7297,5861,4548,1101,760
2022-01-18,INV_01,149745.47,1905153.4,2054898.88,2727,885,636,1229,19492,2178,600,914,216,2353,7297,5861,4548,1101,760
2022-01-19,INV_01,127156.26,1923082.65,2050238.91,2727,885,636,1229,19492,2178,600,1109,216,2353,7297,5861,4548,1101,760
2022-01-20,INV_01,108045.77,1932336.46,2040382.22,2727,885,636,1229,19492,2178,600,1109,335,2353,7297,5861,4548,1101,760
2022-01-21,INV_01,124127.45,1912183.87,2036311.32,2727,885,636,921,19492,2178,600,1109,335,2353,7297,5861,4548,1101,760
2022-01-24,INV_01,156321.76,1867878.6,2024200.35,2727,885,636,921,19492,2178,600,831,335,2353,7297,5861,4548,1101,760
2022-01-25,INV_01,203165.61,1780291.13,1983456.74,2727,885,636,921,19492,2178,600,831,335,2353,7297,5861,3411,1101,760
2022-01-26,INV_01,221407.1,1733506.71,1954913.82,2727,663,636,921,19492,2178,600,831,335,2353,7297,5861,3411,1101,760
2022-01-27,INV_01,237636.18,1693825.75,1931461.94,2727,663,636,921,19492,2178,600,831,335,2353,7297,5861,3411,825,760
2022-01-28,INV_01,326381.52,1576782.02,1903163.54,2727,663,636,921,19492,2178,600,831,335,2353,5472,5861,3411,825,760
2022-01-31,INV_01,276948.71,1660998.33,1937947.04,2727,663,1403,921,19492,2178,600,831,335,2353,5472,5861,3411,825,760
2022-02-01,INV_01,235015.49,1740705.05,1975720.54,4137,663,1403,921,19492,2178,600,831,335,2353,5472,5861,3411,825,760
2022-02-02,INV_01,199453.16,1740580.31,1940033.47,4137,663,1403,921,19492,2178,600,831,335,2353,6068,5861,3411,825,760
2022-02-03,INV_01,169237.04,1801142.51,1970379.55,4137,663,1403,921,19492,2463,600,831,335,2353,6068,5861,3411,825,760
2022-02-04,INV_01,143685.87,1826440.7,1970126.57,4137,663,1403,921,19492,2704,600,831,335,2353,6068,5861,3411,825,760
2022-02-07,INV_01,167133.06,1776345.6,1943478.66,4137,663,1403,921,19492,2704,600,623,335,2353,6068,5861,3411,825,760
2022-02-08,INV_01,176692.67,1725515.6,1902208.26,4137,663,1403,921,19492,2704,450,623,335,2353,6068,5861,3411,825,760
2022-02-09,INV_01,183777.92,1659856.83,1843634.75,4137,663,1403,921,19492,2704,337,623,335,2353,6068,5861,3411,825,760
2022-02-10,INV_01,183777.92,1663233.77,1847011.69,4137,663,1403,921,19492,2704,337,623,335,2353,6068,5861,3411,825,760
2022-02-11,INV_01,156065.99,1719134.55,1875200.54,4137,663,1403,921,19492,2704,337,623,513,2353,6068,5861,3411,825,760
2022-02-14,INV_01,132448.84,1756126.31,1888575.14,4137,663,1403,921,19492,2704,337,623,513,2353,6491,5861,3411,825,760
2022-02-15,INV_01,166139.83,1725676.39,1891816.23,4137,663,1403,921,19492,2704,337,623,513,2353,6491,5861,2558,825,760
2022-02-16,INV_01,140999.3,1750568.01,1891567.31,4137,663,1403,921,19492,2704,337,623,513,2831,6491,5861,2558,825,760
2022-02-17,INV_01,152752.78,1736490.74,1889243.52,4137,663,1403,690,19492,2704,337,623,513,2831,6491,5861,2558,825,760
2022-02-18,INV_01,164873.02,1689015.3,1853888.32,4137,663,1403,690,19492,2704,337,623,513,2831,6491,5861,2558,618,760
2022-02-21,INV_01,187971.99,1580654.34,1768626.33,4137,663,1403,690,19492,2704,337,623,513,2831,6491,5861,1918,618,760
2022-02-22,INV_01,159535.17,1615750.43,1775285.59,4137,663,1403,690,19492,2704,337,623,513,3374,6491,5861,1918,618,760
2022-02-23,INV_01,199926.66,1514980.1,1714906.76,4137,663,1403,690,14619,2704,337,623,513,3374,6491,5861,1918,618,760
2022-02-24,INV_01,221107.24,1394959.5,1616066.74,4137,663,1052,690,14619,2704,337,623,513,3374,6491,5861,1918,618,760
2022-02-25,INV_01,187653.25,1489438.3,1677091.55,4137,663,1052,690,14619,2704,337,623,513,3374,6491,5861,1918,1233,760
2022-02-28,INV_01,159235.42,1591142.04,1750377.46,4137,663,1052,690,14619,2704,805,623,513,3374,6491,5861,1918,1233,760
2022-03-01,INV_01,135148.29,1614990.68,1750138.97,4137,663,1052,690,14619,2704,805,623,513,3842,6491,5861,1918,1233,760
2022-03-02,INV_01,114675.18,1653505.56,1768180.74,4137,663,1052,690,17019,2704,805,623,513,3842,6491,5861,1918,1233,760
2022-03-03,INV_01,122972.07,1588316.91,1711288.98,4137,663,1052,517,17019,2704,805,623,513,3842,6491,5861,1918,1233,760
2022-03-04,INV_01,122972.07,1601233.82,1724205.89,4137,663,1052,517,17019,2704,805,623,513,3842,6491,5861,1918,1233,760
2022-03-07,INV_01,141090.41,1525255.12,1666345.53,4137,663,1052,517,17019,2704,805,623,384,3842,6491,5861,1918,1233,760
2022-03-08,INV_01,157842.98,1409702.93,1567545.91,4137,663,1052,517,17019,2704,805,467,384,3842,6491,5861,1918,1233,760
2022-03-09,INV_01,200167.0,1312645.95,1512812.95,4137,663,1052,517,17019,2704,805,467,384,2881,6491,5861,1918,1233,760
2022-03-10,INV_01,169855.43,1468548.74,1638404.17,4137,663,1052,517,17019,2704,805,467,384,2881,6491,5861,1918,1233,1406
2022-03-11,INV_01,185251.11,1443919.75,1629170.86,4137,663,1052,517,17019,2704,805,467,384,2881,6491,5861,1438,1233,1406
2022-03-14,INV_01,199084.45,1392045.72,1591130.16,4137,663,1052,517,17019,2704,805,467,288,2881,6491,5861,1438,1233,1406
2022-03-15,INV_01,209538.34,1314758.84,1524297.19,4137,663,1052,517,17019,2704,603,467,288,2881,6491,5861,1438,1233,1406
2022-03-16,INV_01,209538.34,1304502.19,1514040.53,4137,663,1052,517,17019,2704,603,467,288,2881,6491,5861,1438,1233,1406
2022-03-17,INV_01,232614.65,1281192.79,1513807.44,4137,663,1052,517,17019,2704,603,467,288,2881,6491,4395,1438,1233,1406
2022-03-18,INV_01,197393.08,1322854.19,1520247.27,4137,663,1052,517,17019,2704,603,467,288,2881,6491,4395,2492,1233,1406
2022-03-21,INV_01,197393.08,1337145.5,1534538.58,4137,663,1052,517,17019,2704,603,467,288,2881,6491,4395,2492,1233,1406
2022-03-22,INV_01,231733.94,1284781.87,1516515.82,4137,663,1052,517,12764,2704,603,467,288,2881,6491,4395,2492,1233,1406
2022-03-23,INV_01,237706.93,1273176.16,1510883.08,4137,663,1052,387,12764,2704,603,467,288,2881,6491,4395,2492,1233,1406
2022-03-24,INV_01,258283.2,1242720.27,1501003.47,4137,663,1052,387,12764,2704,603,467,288,2881,6491,4395,1869,1233,1406
2022-03-25,INV_01,219227.99,1278987.26,1498215.25,4137,663,1052,387,12764,3178,603,467,288,2881,6491,4395,1869,1233,1406
2022-03-28,INV_01,281342.92,1164581.27,1445924.2,4137,663,1052,387,12764,2383,603,467,288,2881,6491,4395,1869,1233,1406
2022-03-29,INV_01,296608.14,1076019.97,1372628.11,3102,663,1052,387,12764,2383,603,467,288,2881,6491,4395,1869,1233,1406
2022-03-30,INV_01,310791.36,1029567.8,1340359.16,3102,663,1052,387,12764,2383,603,467,288,2881,6491,4395,1401,1233,1406
2022-03-31,INV_01,310791.36,1019583.02,1330374.39,3102,663,1052,387,12764,2383,603,467,288,2881,6491,4395,1401,1233,1406
2022-04-01,INV_01,349167.8,916352.3,1265520.1,3102,663,1052,387,12764,2383,603,467,288,2881,4868,4395,1401,1233,1406
2022-04-04,INV_01,349167.8,912554.61,1261722.41,3102,663,1052,387,12764,2383,603,467,288,2881,4868,4395,1401,1233,1406
2022-04-05,INV_01,296309.77,1038469.0,1334778.78,3102,663,1052,387,12764,2383,603,467,650,2881,4868,4395,1401,1233,1406
2022-04-06,INV_01,305905.78,998219.28,1304125.05,3102,497,1052,387,12764,2383,603,467,650,2881,4868,4395,1401,1233,1406
2022-04-07,INV_01,315667.88,939549.11,1255216.99,2326,497,1052,387,12764,2383,603,467,650,2881,4868,4395,1401,1233,1406
2022-04-08,INV_01,328432.5,913152.5,1241585.0,2326,497,789,387,12764,2383,603,467,650,2881,4868,4395,1401,1233,1406
2022-04-11,INV_01,328432.5,913152.5,1241585.0,2326,497,789,387,12764,2383,603,467,650,2881,4868,4395,1401,1233,1406
2022-04-12,INV_01,278708.91,962383.78,1241092.69,2326,497,789,387,12764,2383,603,467,650,2881,4868,4395,1401,2247,1406
2022-04-13,INV_01,278708.91,962383.78,1241092.69,2326,497,789,387,12764,2383,603,467,650,2881,4868,4395,1401,2247,1406
2022-04-14,INV_01,286080.98,954937.24,1241018.23,1744,497,789,387,12764,2383,603,467,650,2881,4868,4395,1401,2247,1406
2022-04-15,INV_01,242774.19,997815.25,1240589.45,1744,497,789,1406,12764,2383,603,467,650,2881,4868,4395,1401,2247,1406
2022-04-18,INV_01,242774.19,997815.25,1240589.45,1744,497,789,1406,12764,2383,603,467,650,2881,4868,4395,1401,2247,1406
2022-04-19,INV_01,269787.31,970529.28,1240316.59,1744,497,789,1406,12764,2383,603,467,650,2881,4868,4395,1401,1685,1406
2022-04-20,INV_01,279397.17,960822.34,1240219.52,1744,497,591,1406,12764,2383,603,467,650,2881,4868,4395,1401,1685,1406
2022-04-21,INV_01,237072.97,1002727.5,1239800.47,1744,497,591,1406,12764,2383,603,467,650,2881,6635,4395,1401,1685,1406
2022-04-22,INV_01,243390.48,996346.18,1239736.65,1744,372,591,1406,12764,2383,603,467,650,2881,6635,4395,1401,1685,1406
2022-04-25,INV_01,264735.83,890151.25,1154887.08,1744,372,591,1406,9573,2383,603,467,650,2881,6635,4395,1401,1685,1406
2022-04-26,INV_01,271003.83,794374.67,1065378.5,1744,372,443,1406,9573,2383,603,467,650,2881,6635,4395,1401,1685,1406
2022-04-27,INV_01,229995.38,896109.78,1126105.16,1744,372,443,1406,9573,2383,603,974,650,2881,6635,4395,1401,1685,1406
2022-04-28,INV_01,195170.87,965764.06,1160934.93,1744,372,443,1406,9573,2383,603,974,650,2881,6635,4395,2690,1685,1406
2022-04-29,INV_01,213099.68,936030.9,1149130.58,1744,372,443,1406,9573,2383,603,974,650,2881,6635,4395,2690,1263,1406
2022-05-02,INV_01,217941.71,931139.95,1149081.67,1744,372,332,1406,9573,2383,603,974,650,2881,6635,4395,2690,1263,1406
2022-05-03,INV_01,237429.1,911455.73,1148884.83,1744,372,332,1406,9573,2383,603,974,487,2881,6635,4395,2690,1263,1406
2022-05-04,INV_01,201489.89,987666.95,1189156.84,1744,372,1138,1406,9573,2383,603,974,487,2881,6635,4395,2690,1263,1406
2022-05-05,INV_01,248757.16,930962.33,1179719.48,1744,372,1138,1406,9573,2383,603,974,487,2881,4976,4395,2690,1263,1406
2022-05-06,INV_01,282537.46,874999.53,1157536.99,1744,372,1138,1406,9573,2383,603,974,487,2881,3732,4395,2690,1263,1406
2022-05-09,INV_01,239754.87,929553.17,1169308.04,1744,372,1138,1406,9573,2383,603,974,487,2881,3732,4395,2690,1263,2739
2022-05-10,INV_01,261304.57,907785.8,1169090.37,1744,372,1138,1406,9573,2383,603,974,487,2881,3732,4395,2690,1263,2054
2022-05-11,INV_01,261304.57,907785.8,1169090.37,1744,372,1138,1406,9573,2383,603,974,487,2881,3732,4395,2690,1263,2054
2022-05-12,INV_01,221781.17,971704.48,1193485.64,1744,372,1138,1406,9573,2383,603,1504,487,2881,3732,4395,2690,1263,2054
2022-05-13,INV_01,188209.65,1053709.43,1241919.09,1744,372,1138,1406,9573,2383,603,1504,487,2881,3732,4395,2690,1263,3016
2022-05-16,INV_01,188209.65,1053709.43,1241919.09,1744,372,1138,1406,9573,2383,603,1504,487,2881,3732,4395,2690,1263,3016
2022-05-17,INV_01,159722.56,1117084.03,1276806.59,1744,372,1138,1406,9573,2841,603,1504,487,2881,3732,4395,2690,1263,3016
2022-05-18,INV_01,187306.27,1078022.25,1265328.53,1744,372,1138,1406,9573,2841,603,1128,487,2881,3732,4395,2690,1263,3016
2022-05-19,INV_01,187306.27,1053968.13,1241274.41,1744,372,1138,1406,9573,2841,603,1128,487,2881,3732,4395,2690,1263,3016
2022-05-20,INV_01,158946.87,1092753.12,1251700.0,1744,372,1138,1406,9573,2841,1272,1128,487,2881,3732,4395,2690,1263,3016
2022-05-23,INV_01,134880.14,1162105.11,1296985.25,1744,372,1138,1406,9573,2841,1272,1128,487,2881,3732,4395,2690,1893,3016
2022-05-24,INV_01,134880.14,1169081.15,1303961.29,1744,372,1138,1406,9573,2841,1272,1128,487,2881,3732,4395,2690,1893,3016
2022-05-25,INV_01,114466.35,1193808.79,1308275.14,1744,372,1138,1406,9573,2841,1272,1128,487,2881,3732,4395,3355,1893,3016
2022-05-26,INV_01,131148.5,1168020.66,1299169.17,1744,372,1138,1406,9573,2841,1272,1128,487,2881,3732,4395,3355,1419,3016
2022-05-27,INV_01,141702.2,1136015.64,1277717.84,1744,372,1138,1406,9573,2841,1272,1128,487,2881,3732,3296,3355,1419,3016
2022-05-30,INV_01,155213.12,1113730.34,1268943.46,1744,372,1138,1406,9573,2841,954,1128,487,2881,3732,3296,3355,1419,3016
2022-05-31,INV_01,174654.65,1078090.49,1252745.13,1744,372,1138,1406,9573,2841,954,846,487,2881,3732,3296,3355,1419,3016
2022-06-01,INV_01,189305.49,1070342.17,1259647.65,1744,372,1138,1406,9573,2841,954,846,365,2881,3732,3296,3355,1419,3016
2022-06-02,INV_01,196321.02,1074581.72,1270902.74,1744,372,1138,1406,9573,2841,954,846,365,2881,3732,2472,3355,1419,3016
2022-06-03,INV_01,166582.58,1103255.86,1269838.44,1744,372,1138,1406,9573,2841,954,846,365,2881,3732,5936,3355,1419,3016
2022-06-06,INV_01,178086.03,1059279.87,1237365.9,1744,372,1138,1406,9573,2841,954,846,365,2881,3732,5936,3355,1064,3016
2022-06-07,INV_01,178086.03,1055719.57,1233805.6,1744,372,1138,1406,9573,2841,954,846,365,2881,3732,5936,3355,1064,3016
2022-06-08,INV_01,151146.16,1108320.09,1259466.26,1744,372,1138,1406,9573,2841,954,1231,365,2881,3732,5936,3355,1064,3016
2022-06-09,INV_01,151146.16,1119857.64,1271003.8,1744,372,1138,1406,9573,2841,954,1231,365,2881,3732,5936,3355,1064,3016
2022-06-10,INV_01,128251.51,1161050.34,1289301.85,1744,372,1138,1406,9573,2841,954,1231,550,2881,3732,5936,3355,1064,3016
2022-06-13,INV_01,128251.51,1162277.25,1290528.75,1744,372,1138,1406,9573,2841,954,1231,550,2881,3732,5936,3355,1064,3016
2022-06-14,INV_01,153375.58,1136899.4,1290274.97,1744,372,1138,1406,9573,2841,954,1231,550,2881,3732,5936,2516,1064,3016
2022-06-15,INV_01,207631.93,1057596.04,1265227.97,1744,372,1138,1406,9573,2841,954,1231,550,2881,2799,5936,2516,1064,3016
2022-06-16,INV_01,232642.21,1017096.45,1249738.66,1744,372,1138,1406,9573,2841,954,1231,550,2160,2799,5936,2516,1064,3016
2022-06-17,INV_01,249526.56,969473.35,1218999.92,1744,372,1138,1406,7179,2841,954,1231,550,2160,2799,5936,2516,1064,3016
2022-06-20,INV_01,284296.84,936267.9,1220564.74,1744,372,1138,1406,7179,2130,954,1231,550,2160,2799,5936,2516,1064,3016
2022-06-21,INV_01,294026.3,941215.84,1235242.15,1744,372,1138,1406,7179,2130,715,1231,550,2160,2799,5936,2516,1064,3016
2022-06-22,INV_01,294026.3,943358.86,1237385.16,1744,372,1138,1406,7179,2130,715,1231,550,2160,2799,5936,2516,1064,3016
2022-06-23,INV_01,298642.05,941626.15,1240268.2,1744,279,1138,1406,7179,2130,715,1231,550,2160,2799,5936,2516,1064,3016
2022-06-24,INV_01,253416.19,1008222.27,1261638.46,1744,279,1138,1406,7179,2130,1770,1231,550,2160,2799,5936,2516,1064,3016
2022-06-27,INV_01,263406.48,977636.84,1241043.32,1744,279,1138,1406,7179,2130,1770,1231,550,2160,2799,4452,2516,1064,3016
2022-06-28,INV_01,266759.3,956406.11,1223165.4,1744,209,1138,1406,7179,2130,1770,1231,550,2160,2799,4452,2516,1064,3016
2022-06-29,INV_01,270576.51,957380.59,1227957.1,1308,209,1138,1406,7179,2130,1770,1231,550,2160,2799,4452,2516,1064,3016
2022-06-30,INV_01,270576.51,960128.23,1230704.74,1308,209,1138,1406,7179,2130,1770,1231,550,2160,2799,4452,2516,1064,3016
2022-07-01,INV_01,229589.57,1031564.97,1261154.54,5849,209,1138,1406,7179,2130,1770,1231,550,2160,2799,4452,2516,1064,3016
2022-07-04,INV_01,194842.35,1073111.5,1267953.85,5849,209,1939,1406,7179,2130,1770,1231,550,2160,2799,4452,2516,1064,3016
2022-07-05,INV_01,194842.35,1050471.87,1245314.22,5849,209,1939,1406,7179,2130,1770,1231,550,2160,2799,4452,2516,1064,3016
2022-07-06,INV_01,201453.57,1012077.86,1213531.43,5849,209,1939,1406,7179,2130,1770,1231,550,2160,2799,3339,2516,1064,3016
2022-07-07,INV_01,222300.8,980340.82,1202641.62,5849,209,1939,1406,7179,2130,1770,1231,550,2160,2799,3339,2516,1064,2262
2022-07-08,INV_01,242923.38,959282.53,1202205.91,5849,209,1454,1406,7179,2130,1770,1231,550,2160,2799,3339,2516,1064,2262
2022-07-11,INV_01,260493.88,962231.92,1222725.8,5849,209,1454,1406,7179,2130,1327,1231,550,2160,2799,3339,2516,1064,2262
2022-07-12,INV_01,221081.8,1002126.69,1223208.48,5849,209,1454,1406,7179,2130,1327,1231,873,2160,2799,3339,2516,1064,2262
2022-07-13,INV_01,223697.42,999484.64,1223182.06,5849,156,1454,1406,7179,2130,1327,1231,873,2160,2799,3339,2516,1064,2262
2022-07-14,INV_01,239246.35,981474.66,1220721.01,5849,156,1454,1406,7179,2130,1327,1231,873,2160,2799,3339,2516,1064,1696
2022-07-15,INV_01,203013.56,1045505.71,1248519.27,5849,156,1454,1406,7179,2130,1327,1231,873,2160,2799,3339,2516,2145,1696
2022-07-18,INV_01,172313.57,1089216.73,1261530.3,5849,156,1454,1406,7179,2664,1327,1231,873,2160,2799,3339,2516,2145,1696
2022-07-19,INV_01,146222.57,1123094.01,1269316.58,5849,156,1454,1406,7179,2664,1327,1231,873,2160,3196,3339,2516,2145,1696
2022-07-20,INV_01,146222.57,1140164.4,1286386.96,5849,156,1454,1406,7179,2664,1327,1231,873,2160,3196,3339,2516,2145,1696
2022-07-21,INV_01,146222.57,1152784.15,1299006.72,5849,156,1454,1406,7179,2664,1327,1231,873,2160,3196,3339,2516,2145,1696
2022-07-22,INV_01,146222.57,1155542.32,1301764.89,5849,156,1454,1406,7179,2664,1327,1231,873,2160,3196,3339,2516,2145,1696
2022-07-25,INV_01,146222.57,1147197.49,1293420.05,5849,156,1454,1406,7179,2664,1327,1231,873,2160,3196,3339,2516,2145,1696
2022-07-26,INV_01,146222.57,1139872.77,1286095.34,5849,156,1454,1406,7179,2664,1327,1231,873,2160,3196,3339,2516,2145,1696
2022-07-27,INV_01,124073.27,1156172.48,1280245.74,5849,156,1454,1406,7179,2664,1327,1231,873,2160,3196,6564,2516,2145,1696
2022-07-28,INV_01,105304.58,1185277.34,1290581.92,5849,156,1454,1406,7179,2664,1327,1231,873,2160,3196,6564,2516,2145,2327
2022-07-29,INV_01,118545.89,1171902.29,1290448.17,5849,156,1454,1406,5384,2664,1327,1231,873,2160,3196,6564,2516,2145,2327
2022-08-01,INV_01,100597.45,1210998.28,1311595.73,5849,156,1454,1406,5384,2664,1327,1231,873,2160,3196,6564,3121,2145,2327
2022-08-02,INV_01,85385.66,1271126.35,1356512.01,5849,156,1454,1406,5384,2664,1327,1231,873,2160,3196,6564,3625,2145,2327
2022-08-03,INV_01,72452.26,1307879.8,1380332.06,5849,156,1738,1406,5384,2664,1327,1231,873,2160,3196,6564,3625,2145,2327
2022-08-04,INV_01,61491.97,1352455.05,1413947.01,5849,156,1738,1406,5384,2664,1565,1231,873,2160,3196,6564,3625,2145,2327
2022-08-05,INV_01,52251.84,1416689.36,1468941.19,5849,156,1738,1406,5384,2782,1565,1231,873,2160,3196,6564,3625,2145,2327
2022-08-08,INV_01,44361.78,1478551.73,1522913.51,5849,156,1738,1406,5384,2782,1565,1231,873,2160,3196,6564,3858,2145,2327
2022-08-09,INV_01,44361.78,1511863.67,1556225.45,5849,156,1738,1406,5384,2782,1565,1231,873,2160,3196,6564,3858,2145,2327
2022-08-10,INV_01,44361.78,1571226.48,1615588.26,5849,156,1738,1406,5384,2782,1565,1231,873,2160,3196,6564,3858,2145,2327
2022-08-11,INV_01,78968.75,1536269.94,1615238.7,5849,156,1738,1406,5384,2782,1565,1231,873,2160,3196,6564,2893,2145,2327
2022-08-12,INV_01,67031.72,1661689.9,1728721.62,5849,356,1738,1406,5384,2782,1565,1231,873,2160,3196,6564,2893,2145,2327
2022-08-15,INV_01,84963.87,1628555.68,1713519.55,4386,356,1738,1406,5384,2782,1565,1231,873,2160,3196,6564,2893,2145,2327
2022-08-16,INV_01,84963.87,1635015.49,1719979.36,4386,356,1738,1406,5384,2782,1565,1231,873,2160,3196,6564,2893,2145,2327
2022-08-17,INV_01,72139.0,1642926.68,1715065.68,4386,356,1738,1406,5384,2782,1565,1231,974,2160,3196,6564,2893,2145,2327
2022-08-18,INV_01,72139.0,1639737.53,1711876.53,4386,356,1738,1406,5384,2782,1565,1231,974,2160,3196,6564,2893,2145,2327
2022-08-19,INV_01,130886.16,1562457.21,1693343.37,4386,356,1738,1406,5384,2086,1565,1231,974,2160,3196,6564,2893,2145,2327
2022-08-22,INV_01,130886.16,1562179.71,1693065.87,4386,356,1738,1406,5384,2086,1565,1231,974,2160,3196,6564,2893,2145,2327
2022-08-23,INV_01,111169.7,1586340.89,1697510.59,4386,356,1738,1406,5384,2086,1565,1231,1133,2160,3196,6564,2893,2145,2327
2022-08-24,INV_01,124110.26,1571305.78,1695416.04,3289,356,1738,1406,5384,2086,1565,1231,1133,2160,3196,6564,2893,2145,2327
2022-08-25,INV_01,142767.52,1500739.55,1643507.07,3289,356,1738,1406,5384,2086,1173,1231,1133,2160,3196,6564,2893,2145,2327
2022-08-26,INV_01,162037.82,1470060.46,1632098.28,3289,356,1303,1406,5384,2086,1173,1231,1133,2160,3196,6564,2893,2145,2327
2022-08-29,INV_01,162037.82,1451247.77,1613285.59,3289,356,1303,1406,5384,2086,1173,1231,1133,2160,3196,6564,2893,2145,2327
2022-08-30,INV_01,137499.53,1494640.88,1632140.41,3289,356,1303,1406,5384,2086,1173,1231,1133,2160,3196,6564,3586,2145,2327
2022-08-31,INV_01,116692.37,1578122.11,1694814.48,3289,356,1303,1406,5384,2086,1173,1231,1133,2777,3196,6564,3586,2145,2327
2022-09-01,INV_01,99135.05,1653352.31,1752487.36,3289,356,1303,1406,5384,2086,1173,1231,1271,2777,3196,6564,3586,2145,2327
2022-09-02,INV_01,84180.43,1695245.35,1779425.78,3289,356,1303,1406,5384,2086,1173,1436,1271,2777,3196,6564,3586,2145,2327
2022-09-05,INV_01,84180.43,1719458.43,1803638.86,3289,356,1303,1406,5384,2086,1173,1436,1271,2777,3196,6564,3586,2145,2327
2022-09-06,INV_01,71431.5,1769675.38,1841106.87,3289,356,1303,1406,5384,2086,1173,1436,1271,2777,3196,6564,3586,2145,2684
2022-09-07,INV_01,60689.89,1794124.17,1854814.06,3289,356,1303,1406,5384,2086,1173,1436,1271,2777,3250,6564,3586,2145,2684
2022-09-08,INV_01,85852.43,1776638.7,1862491.13,3289,356,1303,1406,5384,2086,1173,1077,1271,2777,3250,6564,3586,2145,2684
2022-09-09,INV_01,72866.75,1828525.43,1901392.18,3289,356,1303,1406,5384,2086,1173,1077,1271,2777,3250,6564,3886,2145,2684
2022-09-12,INV_01,61877.0,1897195.1,1959072.09,3289,538,1303,1406,5384,2086,1173,1077,1271,2777,3250,6564,3886,2145,2684
2022-09-13,INV_01,52539.3,1930585.88,1983125.18,3289,538,1303,1406,5384,2086,1334,1077,1271,2777,3250,6564,3886,2145,2684
2022-09-14,INV_01,44606.87,1974381.65,2018988.52,3289,538,1303,1406,5384,2086,1334,1077,1271,2777,3250,6564,3886,2145,2898
2022-09-15,INV_01,44606.87,2001667.77,2046274.64,3289,538,1303,1406,5384,2086,1334,1077,1271,2777,3250,6564,3886,2145,2898
2022-09-16,INV_01,44606.87,1999979.15,2044586.03,3289,538,1303,1406,5384,2086,1334,1077,1271,2777,3250,6564,3886,2145,2898
2022-09-19,INV_01,71912.32,1974476.74,2046389.06,3289,538,1303,1406,5384,2086,1334,1077,1271,2777,3250,6564,3886,2145,2173
2022-09-20,INV_01,61112.16,2005606.6,2066718.76,3289,538,1303,1406,5384,2086,1334,1077,1347,2777,3250,6564,3886,2145,2173
2022-09-21,INV_01,51863.55,2044838.41,2096701.96,4137,538,1303,1406,5384,2086,1334,1077,1347,2777,3250,6564,3886,2145,2173
2022-09-22,INV_01,51863.55,2060599.24,2112462.79,4137,538,1303,1406,5384,2086,1334,1077,1347,2777,3250,6564,3886,2145,2173
2022-09-23,INV_01,60027.07,2042831.06,2102858.13,4137,403,1303,1406,5384,2086,1334,1077,1347,2777,3250,6564,3886,2145,2173
2022-09-26,INV_01,65987.73,2007567.01,2073554.74,4137,302,1303,1406,5384,2086,1334,1077,1347,2777,3250,6564,3886,2145,2173
2022-09-27,INV_01,55993.08,2025228.57,2081221.65,4137,468,1303,1406,5384,2086,1334,1077,1347,2777,3250,6564,3886,2145,2173
2022-09-28,INV_01,81757.71,1999719.61,2081477.31,4137,468,1303,1406,5384,2086,1334,1077,1347,2082,3250,6564,3886,2145,2173
2022-09-29,INV_01,81757.71,1998292.61,2080050.32,4137,468,1303,1406,5384,2086,1334,1077,1347,2082,3250,6564,3886,2145,2173
2022-09-30,INV_01,81757.71,2016467.65,2098225.36,4137,468,1303,1406,5384,2086,1334,1077,1347,2082,3250,6564,3886,2145,2173
2022-10-03,INV_01,96834.46,1929176.79,2026011.25,4137,468,977,1406,5384,2086,1334,1077,1347,2082,3250,6564,3886,2145,2173
2022-10-04,INV_01,132323.7,1746788.24,1879111.93,4137,468,977,1406,5384,2086,1334,1077,1347,2082,3250,6564,2914,2145,2173
2022-10-05,INV_01,132323.7,1769957.8,1902281.5,4137,468,977,1406,5384,2086,1334,1077,1347,2082,3250,6564,2914,2145,2173
2022-10-06,INV_01,142907.31,1711267.12,1854174.43,4137,468,732,1406,5384,2086,1334,1077,1347,2082,3250,6564,2914,2145,2173
2022-10-07,INV_01,162048.39,1664527.91,1826576.3,4137,468,732,1406,5384,2086,1334,1077,1347,2082,3250,6564,2914,1608,2173
2022-10-10,INV_01,162048.39,1664527.91,1826576.3,4137,468,732,1406,5384,2086,1334,1077,1347,2082,3250,6564,2914,1608,2173
2022-10-11,INV_01,195817.44,1553962.96,1749780.4,4137,468,732,1406,5384,1564,1334,1077,1347,2082,3250,6564,2914,1608,2173
2022-10-12,INV_01,195817.44,1560790.07,1756607.51,4137,468,732,1406,5384,1564,1334,1077,1347,2082,3250,6564,2914,1608,2173
2022-10-13,INV_01,166154.44,1688695.31,1854849.75,4137,468,732,1406,5384,1564,1334,1077,1347,2082,3250,6564,3733,1608,2173
2022-10-14,INV_01,166154.44,1678393.07,1844547.51,4137,468,732,1406,5384,1564,1334,1077,1347,2082,3250,6564,3733,1608,2173
2022-10-17,INV_01,176782.42,1623970.15,1800752.56,4137,468,732,1054,5384,1564,1334,1077,1347,2082,3250,6564,3733,1608,2173
2022-10-18,INV_01,188154.55,1574940.08,1763094.62,4137,468,732,1054,5384,1564,1334,1077,1347,2082,3250,4923,3733,1608,2173
2022-10-19,INV_01,188154.55,1576095.57,1764250.12,4137,468,732,1054,5384,1564,1334,1077,1347,2082,3250,4923,3733,1608,2173
2022-10-20,INV_01,198265.28,1512950.88,1711216.16,3102,468,732,1054,5384,1564,1334,1077,1347,2082,3250,4923,3733,1608,2173
2022-10-21,INV_01,222926.57,1452560.03,1675486.6,3102,468,732,1054,5384,1173,1334,1077,1347,2082,3250,4923,3733,1608,2173
2022-10-24,INV_01,189167.8,1485984.56,1675152.36,3102,1092,732,1054,5384,1173,1334,1077,1347,2082,3250,4923,3733,1608,2173
2022-10-25,INV_01,197454.89,1428261.58,1625716.46,3102,1092,732,1054,5384,1173,1334,1077,1347,2082,3250,3692,3733,1608,2173
2022-10-26,INV_01,167542.13,1512614.71,1680156.84,3102,1092,732,1054,9698,1173,1334,1077,1347,2082,3250,3692,3733,1608,2173
2022-10-27,INV_01,167542.13,1552336.69,1719878.82,3102,1092,732,1054,9698,1173,1334,1077,1347,2082,3250,3692,3733,1608,2173
2022-10-28,INV_01,184605.9,1495317.06,1679922.96,3102,1092,732,1054,9698,1173,1000,1077,1347,2082,3250,3692,3733,1608,2173
2022-10-31,INV_01,313156.95,1341882.13,1655039.08,3102,1092,732,1054,9698,1173,1000,1077,1347,2082,2437,3692,3733,1608,2173
2022-11-01,INV_01,329292.35,1303458.74,1632751.09,3102,1092,732,1054,9698,1173,1000,1077,1347,1561,2437,3692,3733,1608,2173
2022-11-02,INV_01,371974.21,1261997.82,1633972.03,3102,1092,732,1054,9698,1173,1000,1077,1010,1561,2437,3692,3733,1608,2173
2022-11-03,INV_01,371974.21,1266558.54,1638532.75,3102,1092,732,1054,9698,1173,1000,1077,1010,1561,2437,3692,3733,1608,2173
2022-11-04,INV_01,315635.41,1323620.92,1639256.32,3102,1092,732,2883,9698,1173,1000,1077,1010,1561,2437,3692,3733,1608,2173
2022-11-07,INV_01,323385.71,1315792.33,1639178.04,3102,1092,549,2883,9698,1173,1000,1077,1010,1561,2437,3692,3733,1608,2173
2022-11-08,INV_01,355982.29,1247970.78,1603953.07,3102,1092,549,2883,9698,1173,1000,1077,757,1561,2437,3692,3733,1608,2173
2022-11-09,INV_01,302104.55,1313933.14,1616037.69,3102,1092,549,2883,9698,1173,1000,1900,757,1561,2437,3692,3733,1608,2173
2022-11-10,INV_01,302104.55,1326115.24,1628219.78,3102,1092,549,2883,9698,1173,1000,1900,757,1561,2437,3692,3733,1608,2173
2022-11-11,INV_01,318787.24,1328390.24,1647177.48,3102,1092,549,2883,7273,1173,1000,1900,757,1561,2437,3692,3733,1608,2173
2022-11-14,INV_01,341445.11,1307042.99,1648488.1,3102,1092,549,2883,7273,1173,1000,1900,757,1561,2437,3692,3733,1608,1629
2022-11-15,INV_01,347406.49,1273692.33,1621098.82,3102,1092,411,2883,7273,1173,1000,1900,757,1561,2437,3692,3733,1608,1629
2022-11-16,INV_01,347406.49,1257102.15,1604508.65,3102,1092,411,2883,7273,1173,1000,1900,757,1561,2437,3692,3733,1608,1629
2022-11-17,INV_01,294857.73,1309940.38,1604798.12,3102,1092,411,2883,7273,1173,1000,1900,757,1561,2782,3692,3733,1608,1629
2022-11-18,INV_01,310235.08,1254094.39,1564329.47,3102,1092,411,2883,7273,879,1000,1900,757,1561,2782,3692,3733,1608,1629
2022-11-21,INV_01,322435.52,1220750.65,1543186.18,3102,1092,411,2883,7273,879,750,1900,757,1561,2782,3692,3733,1608,1629
2022-11-22,INV_01,273600.61,1339887.58,1613488.19,3102,1092,411,4603,7273,879,750,1900,757,1561,2782,3692,3733,1608,1629
2022-11-23,INV_01,273600.61,1366849.35,1640449.97,3102,1092,411,4603,7273,879,750,1900,757,1561,2782,3692,3733,1608,1629
2022-11-24,INV_01,305088.37,1307171.59,1612259.96,3102,1092,411,4603,7273,879,750,1425,757,1561,2782,3692,3733,1608,1629
2022-11-25,INV_01,315027.66,1317893.61,1632921.27,3102,1092,411,4603,7273,879,562,1425,757,1561,2782,3692,3733,1608,1629
2022-11-28,INV_01,267302.83,1389728.41,1657031.24,8178,1092,411,4603,7273,879,562,1425,757,1561,2782,3692,3733,1608,1629
2022-11-29,INV_01,299536.81,1359584.48,1659121.29,8178,1092,411,3452,7273,879,562,1425,757,1561,2782,3692,3733,1608,1629
2022-11-30,INV_01,254182.0,1431003.88,1685185.88,8178,1092,411,3452,7273,1621,562,1425,757,1561,2782,3692,3733,1608,1629
2022-12-01,INV_01,215721.11,1494840.77,1710561.88,8178,1092,411,3452,7273,2241,562,1425,757,1561,2782,3692,3733,1608,1629
2022-12-02,INV_01,183039.53,1558279.44,1741318.98,8178,1092,411,3452,11474,2241,562,1425,757,1561,2782,3692,3733,1608,1629
2022-12-05,INV_01,155314.3,1596391.54,1751705.84,8178,1092,411,3452,11474,2241,562,1425,757,1561,2782,3692,3733,2496,1629
2022-12-06,INV_01,131856.88,1623310.44,1755167.31,8178,1092,411,3452,11474,2241,562,1425,757,1561,2910,3692,3733,2496,1629
2022-12-07,INV_01,131856.88,1623310.44,1755167.31,8178,1092,411,3452,11474,2241,562,1425,757,1561,2910,3692,3733,2496,1629
2022-12-08,INV_01,131856.88,1630736.39,1762593.26,8178,1092,411,3452,11474,2241,562,1425,757,1561,2910,3692,3733,2496,1629
2022-12-09,INV_01,111891.72,1652166.58,1764058.29,8178,1092,411,3452,11474,2241,562,1425,757,1561,2910,3692,3733,3145,1629
2022-12-12,INV_01,94960.04,1675867.88,1770827.91,8178,1092,411,3452,11474,2241,562,1425,757,2112,2910,3692,3733,3145,1629
2022-12-13,INV_01,80577.64,1692150.38,1772728.01,8178,1092,411,3452,11474,2241,562,1425,757,2112,2910,5472,3733,3145,1629
2022-12-14,INV_01,68401.75,1750037.84,1818439.59,8178,1092,411,3452,11474,2241,783,1425,757,2112,2910,5472,3733,3145,1629
2022-12-15,INV_01,91920.27,1709942.65,1801862.92,8178,1092,411,3452,11474,2241,783,1425,757,2112,2910,5472,3733,2358,1629
2022-12-16,INV_01,109498.58,1679016.75,1788515.33,8178,1092,411,3452,11474,2241,783,1425,757,2112,2910,5472,3733,1768,1629
2022-12-19,INV_01,135382.12,1612297.32,1747679.43,8178,1092,411,3452,11474,2241,783,1425,567,2112,2910,5472,3733,1768,1629
2022-12-20,INV_01,265058.07,1442948.8,1708006.87,8178,1092,411,3452,11474,2241,783,1425,567,2112,2182,5472,3733,1768,1629
2022-12-21,INV_01,275215.47,1425673.76,1700889.23,8178,1092,411,3452,11474,2241,783,1425,567,2112,2182,4104,3733,1768,1629
2022-12-22,INV_01,299459.48,1395415.57,1694875.05,8178,1092,411,2589,11474,2241,783,1425,567,2112,2182,4104,3733,1768,1629
2022-12-23,INV_01,394602.18,1291206.01,1685808.19,8178,1092,411,2589,11474,2241,783,1425,567,2112,1636,4104,3733,1768,1629
2022-12-26,INV_01,411776.36,1273858.35,1685634.71,8178,1092,411,2589,11474,2241,783,1425,567,2112,1636,4104,3733,1768,1221
2022-12-27,INV_01,430740.92,1269814.09,1700555.01,8178,1092,411,2589,11474,2241,783,1425,425,2112,1636,4104,3733,1768,1221
2022-12-28,INV_01,450906.64,1245902.38,1696809.02,6133,1092,411,2589,11474,2241,783,1425,425,2112,1636,4104,3733,1768,1221
2022-12-29,INV_01,450906.64,1236197.56,1687104.19,6133,1092,411,2589,11474,2241,783,1425,425,2112,1636,4104,3733,1768,1221
2022-12-30,INV_01,481793.47,1209859.18,1691652.64,6133,1092,411,2589,11474,1680,783,1425,425,2112,1636,4104,3733,1768,1221
2023-01-02,INV_01,481793.47,1209523.71,1691317.17,6133,1092,411,2589,11474,1680,783,1425,425,2112,1636,4104,3733,1768,1221
2023-01-03,INV_01,481793.47,1222677.66,1704471.12,6133,1092,411,2589,11474,1680,783,1425,425,2112,1636,4104,3733,1768,1221
2023-01-04,INV_01,492544.99,1196145.67,1688690.66,6133,1092,411,2589,11474,1680,587,1425,425,2112,1636,4104,3733,1768,1221
2023-01-05,INV_01,563198.96,1122119.46,1685318.42,6133,1092,411,2589,11474,1680,587,1425,425,2112,1227,4104,3733,1768,1221
2023-01-06,INV_01,587621.79,1097449.94,1685071.73,6133,1092,411,2589,11474,1680,587,1068,425,2112,1227,4104,3733,1768,1221
2023-01-09,INV_01,621113.8,1051701.38,1672815.17,6133,1092,411,2589,11474,1680,587,1068,425,2112,1227,4104,2799,1768,1221
2023-01-10,INV_01,621113.8,1047815.75,1668929.54,6133,1092,411,2589,11474,1680,587,1068,425,2112,1227,4104,2799,1768,1221
2023-01-11,INV_01,621113.8,1043764.87,1664878.67,6133,1092,411,2589,11474,1680,587,1068,425,2112,1227,4104,2799,1768,1221
2023-01-12,INV_01,621113.8,1031553.11,1652666.91,6133,1092,411,2589,11474,1680,587,1068,425,2112,1227,4104,2799,1768,1221
2023-01-13,INV_01,621113.8,1031553.11,1652666.91,6133,1092,411,2589,11474,1680,587,1068,425,2112,1227,4104,2799,1768,1221
2023-01-16,INV_01,621113.8,1031553.11,1652666.91,6133,1092,411,2589,11474,1680,587,1068,425,2112,1227,4104,2799,1768,1221
2023-01-17,INV_01,621113.8,1046384.91,1667498.7,6133,1092,411,2589,11474,1680,587,1068,425,2112,1227,4104,2799,1768,1221
2023-01-18,INV_01,621113.8,1040398.23,1661512.03,6133,1092,411,2589,11474,1680,587,1068,425,2112,1227,4104,2799,1768,1221
2023-01-19,INV_01,527109.14,1148444.92,1675554.06,6133,1092,411,2589,11474,1680,587,1068,1120,2112,1227,4104,2799,1768,1221
2023-01-20,INV_01,447255.32,1264190.03,1711445.35,6133,1092,411,2589,11474,1680,587,1068,1120,4560,1227,4104,2799,1768,1221
2023-01-23,INV_01,467387.55,1273751.54,1741139.09,6133,1092,411,1941,11474,1680,587,1068,1120,4560,1227,4104,2799,1768,1221
2023-01-24,INV_01,489502.7,1231638.68,1721141.38,6133,1092,411,1941,8605,1680,587,1068,1120,4560,1227,4104,2799,1768,1221
2023-01-25,INV_01,415387.97,1322112.69,1737500.66,6133,1092,411,1941,8605,1680,587,1068,1661,4560,1227,4104,2799,1768,1221
2023-01-26,INV_01,352502.4,1395012.79,1747515.19,6133,1092,411,1941,8605,1680,587,1068,1661,4560,1579,4104,2799,1768,1221
2023-01-27,INV_01,352502.4,1421631.23,1774133.63,6133,1092,411,1941,8605,1680,587,1068,1661,4560,1579,4104,2799,1768,1221
2023-01-30,INV_01,352502.4,1413596.78,1766099.18,6133,1092,411,1941,8605,1680,587,1068,1661,4560,1579,4104,2799,1768,1221
2023-01-31,INV_01,299185.72,1467745.13,1766930.85,6133,1092,411,1941,8605,1680,587,1068,2046,4560,1579,4104,2799,1768,1221
2023-02-01,INV_01,253899.77,1520048.75,1773948.52,6133,1092,411,1941,8605,1680,587,1640,2046,4560,1579,4104,2799,1768,1221
2023-02-02,INV_01,253899.77,1542420.28,1796320.05,6133,1092,411,1941,8605,1680,587,1640,2046,4560,1579,4104,2799,1768,1221
2023-02-03,INV_01,253899.77,1569740.62,1823640.39,6133,1092,411,1941,8605,1680,587,1640,2046,4560,1579,4104,2799,1768,1221
2023-02-06,INV_01,215437.85,1604815.75,1820253.6,9542,1092,411,1941,8605,1680,587,1640,2046,4560,1579,4104,2799,1768,1221
2023-02-07,INV_01,256818.79,1546554.57,1803373.37,9542,1092,411,1941,8605,1680,587,1640,2046,3420,1579,4104,2799,1768,1221
2023-02-08,INV_01,217953.56,1593010.32,1810963.88,9542,1092,411,1941,8605,2357,587,1640,2046,3420,1579,4104,2799,1768,1221
2023-02-09,INV_01,217953.56,1592099.24,1810052.81,9542,1092,411,1941,8605,2357,587,1640,2046,3420,1579,4104,2799,1768,1221
2023-02-10,INV_01,233139.16,1564232.81,1797371.97,9542,1092,411,1941,8605,2357,587,1640,2046,3420,1579,4104,2799,1768,915
2023-02-13,INV_01,238382.52,1526091.72,1764474.24,9542,1092,308,1941,8605,2357,587,1640,2046,3420,1579,4104,2799,1768,915
2023-02-14,INV_01,251511.57,1480768.87,1732280.43,9542,1092,308,1941,8605,2357,587,1640,2046,3420,1579,4104,2799,1326,915
2023-02-15,INV_01,251511.57,1484508.36,1736019.93,9542,1092,308,1941,8605,2357,587,1640,2046,3420,1579,4104,2799,1326,915
2023-02-16,INV_01,213416.37,1554240.1,1767656.47,9542,1092,308,1941,8605,2357,587,1640,2046,3420,1579,4104,2799,2539,915
2023-02-17,INV_01,181086.91,1601902.65,1782989.56,9542,1092,308,2917,8605,2357,587,1640,2046,3420,1579,4104,2799,2539,915
2023-02-20,INV_01,153656.01,1688398.32,1842054.33,9542,1092,308,2917,8605,2357,587,1640,2046,3420,1579,8415,2799,2539,915
2023-02-21,INV_01,153656.01,1721065.41,1874721.42,9542,1092,308,2917,8605,2357,587,1640,2046,3420,1579,8415,2799,2539,915
2023-02-22,INV_01,162456.51,1727354.7,1889811.2,9542,1092,308,2917,8605,2357,440,1640,2046,3420,1579,8415,2799,2539,915
2023-02-23,INV_01,162456.51,1737282.35,1899738.86,9542,1092,308,2917,8605,2357,440,1640,2046,3420,1579,8415,2799,2539,915
2023-02-24,INV_01,137846.06,1770783.7,1908629.77,9542,1092,308,2917,8605,2738,440,1640,2046,3420,1579,8415,2799,2539,915
2023-02-27,INV_01,176893.09,1700581.54,1877474.63,9542,1092,308,2917,8605,2738,440,1230,2046,3420,1579,8415,2799,2539,915
2023-02-28,INV_01,244174.67,1623737.14,1867911.82,9542,1092,308,2917,8605,2738,440,1230,1534,3420,1579,8415,2799,2539,915
2023-03-01,INV_01,256880.73,1627484.95,1884365.68,9542,1092,308,2917,8605,2738,440,1230,1534,3420,1579,6311,2799,2539,915
2023-03-02,INV_01,256880.73,1642786.68,1899667.41,9542,1092,308,2917,8605,2738,440,1230,1534,3420,1579,6311,2799,2539,915
2023-03-03,INV_01,256880.73,1686360.86,1943241.58,9542,1092,308,2917,8605,2738,440,1230,1534,3420,1579,6311,2799,2539,915
2023-03-06,INV_01,291416.21,1651476.53,1942892.74,9542,1092,308,2917,8605,2738,440,1230,1534,2565,1579,6311,2799,2539,915
2023-03-07,INV_01,247294.08,1770627.5,2017921.58,9542,1092,308,2917,8605,2738,440,1230,1534,3585,1579,6311,2799,2539,915
2023-03-08,INV_01,247294.08,1779255.26,2026549.35,9542,1092,308,2917,8605,2738,440,1230,1534,3585,1579,6311,2799,2539,915
2023-03-09,INV_01,314934.76,1703394.48,2018329.24,9542,1092,308,2917,8605,2738,440,1230,1534,3585,1184,6311,2799,2539,915
2023-03-10,INV_01,319304.57,1668188.43,1987493.01,9542,1092,231,2917,8605,2738,440,1230,1534,3585,1184,6311,2799,2539,915
2023-03-13,INV_01,326326.92,1627278.06,1953604.99,9542,1092,231,2917,8605,2738,330,1230,1534,3585,1184,6311,2799,2539,915
2023-03-14,INV_01,335700.24,1634062.72,1969762.96,9542,1092,231,2917,8605,2738,330,1230,1534,3585,1184,4733,2799,2539,915
2023-03-15,INV_01,335700.24,1656712.02,1992412.26,9542,1092,231,2917,8605,2738,330,1230,1534,3585,1184,4733,2799,2539,915
2023-03-16,INV_01,335700.24,1659725.93,1995426.17,9542,1092,231,2917,8605,2738,330,1230,1534,3585,1184,4733,2799,2539,915
2023-03-17,INV_01,335700.24,1676612.35,2012312.59,9542,1092,231,2917,8605,2738,330,1230,1534,3585,1184,4733,2799,2539,915
2023-03-20,INV_01,284842.84,1734390.43,2019233.27,12944,1092,231,2917,8605,2738,330,1230,1534,3585,1184,4733,2799,2539,915
2023-03-21,INV_01,315571.16,1678412.48,1993983.64,12944,1092,231,2187,8605,2738,330,1230,1534,3585,1184,4733,2799,2539,915
2023-03-22,INV_01,323190.2,1649381.24,1972571.43,12944,1092,231,2187,8605,2738,330,1230,1534,3585,1184,3549,2799,2539,915
2023-03-23,INV_01,345262.28,1592354.41,1937616.69,12944,1092,231,1640,8605,2738,330,1230,1534,3585,1184,3549,2799,2539,915
2023-03-24,INV_01,292988.2,1650452.73,1943440.93,12944,1092,231,1640,8605,2738,330,1230,1534,3585,1184,3549,2799,3804,915
2023-03-27,INV_01,330909.34,1579915.5,1910824.84,12944,1092,231,1640,8605,2738,330,1230,1534,3585,1184,3549,2799,2853,915
2023-03-28,INV_01,348920.39,1551057.17,1899977.56,12944,819,231,1640,8605,2738,330,1230,1534,3585,1184,3549,2799,2853,915
2023-03-29,INV_01,296095.09,1620109.19,1916204.28,12944,819,231,1640,8605,2738,330,1230,1534,3585,1539,3549,2799,2853,915
2023-03-30,INV_01,251274.39,1655433.1,1906707.49,12944,819,231,1640,8605,3443,330,1230,1534,3585,1539,3549,2799,2853,915
2023-03-31,INV_01,213214.11,1712852.72,1926066.83,12944,819,231,1640,8605,4040,330,1230,1534,3585,1539,3549,2799,2853,915
2023-04-03,INV_01,218214.5,1691473.22,1909687.71,12944,819,231,1640,8605,4040,247,1230,1534,3585,1539,3549,2799,2853,915
2023-04-04,INV_01,185162.51,1711546.38,1896708.9,15455,819,231,1640,8605,4040,247,1230,1534,3585,1539,3549,2799,2853,915
2023-04-05,INV_01,185162.51,1711546.38,1896708.9,15455,819,231,1640,8605,4040,247,1230,1534,3585,1539,3549,2799,2853,915
2023-04-06,INV_01,157114.54,1752776.62,1909891.16,15455,819,231,1640,11764,4040,247,1230,1534,3585,1539,3549,2799,2853,915
2023-04-07,INV_01,133401.42,1776254.96,1909656.38,15455,819,231,1640,11764,4040,247,1431,1534,3585,1539,3549,2799,2853,915
2023-04-10,INV_01,133401.42,1774874.1,1908275.52,15455,819,231,1640,11764,4040,247,1431,1534,3585,1539,3549,2799,2853,915
2023-04-11,INV_01,113202.78,1817740.39,1930943.17,15455,819,231,1640,11764,4040,247,1431,1534,3585,1539,3549,3261,2853,915
2023-04-12,INV_01,113202.78,1811166.0,1924368.78,15455,819,231,1640,11764,4040,247,1431,1534,3585,1539,3549,3261,2853,915
2023-04-13,INV_01,96091.11,1828108.25,1924199.35,15455,1081,231,1640,11764,4040,247,1431,1534,3585,1539,3549,3261,2853,915
2023-04-14,INV_01,96091.11,1828108.25,1924199.35,15455,1081,231,1640,11764,4040,247,1431,1534,3585,1539,3549,3261,2853,915
2023-04-17,INV_01,81544.72,1847831.21,1929375.92,16522,1081,231,1640,11764,4040,247,1431,1534,3585,1539,3549,3261,2853,915
2023-04-18,INV_01,81544.72,1841799.44,1923344.16,16522,1081,231,1640,11764,4040,247,1431,1534,3585,1539,3549,3261,2853,915
2023-04-19,INV_01,132753.47,1781380.53,1914134.0,16522,1081,231,1640,11764,4040,247,1431,1150,3585,1539,3549,3261,2853,915
2023-04-20,INV_01,112642.96,1810571.38,1923214.34,16522,1081,231,1640,11764,4040,247,1431,1150,3585,1539,6982,3261,2853,915
2023-04-21,INV_01,116395.78,1800662.69,1917058.46,16522,1081,231,1640,11764,4040,185,1431,1150,3585,1539,6982,3261,2853,915
2023-04-24,INV_01,132112.55,1768311.96,1900424.51,16522,1081,231,1230,11764,4040,185,1431,1150,3585,1539,6982,3261,2853,915
2023-04-25,INV_01,132112.55,1761634.21,1893746.76,16522,1081,231,1230,11764,4040,185,1431,1150,3585,1539,6982,3261,2853,915
2023-04-26,INV_01,112101.22,1773961.4,1886062.62,16522,1081,231,1230,11764,4040,185,1431,1150,3585,1539,10458,3261,2853,915
2023-04-27,INV_01,128534.57,1741953.81,1870488.39,16522,810,231,1230,11764,4040,185,1431,1150,3585,1539,10458,3261,2853,915
2023-04-28,INV_01,109117.93,1755313.74,1864431.67,16522,810,231,1230,11764,4040,185,1611,1150,3585,1539,10458,3261,2853,915
2023-05-01,INV_01,144279.48,1719797.03,1864076.5,16522,810,231,1230,11764,4040,185,1611,1150,3585,1539,10458,2445,2853,915
2023-05-02,INV_01,144279.48,1660913.32,1805192.8,16522,810,231,1230,11764,4040,185,1611,1150,3585,1539,10458,2445,2853,915
2023-05-03,INV_01,122439.05,1707691.07,1830130.12,16522,810,231,1230,11764,4040,185,1611,1150,3585,1539,10458,2445,2853,1301
2023-05-04,INV_01,159129.31,1667558.05,1826687.36,16522,810,231,1230,11764,4040,185,1611,1150,2688,1539,10458,2445,2853,1301
2023-05-05,INV_01,161959.12,1664699.66,1826658.78,16522,810,173,1230,11764,4040,185,1611,1150,2688,1539,10458,2445,2853,1301
2023-05-08,INV_01,161959.12,1680646.3,1842605.42,16522,810,173,1230,11764,4040,185,1611,1150,2688,1539,10458,2445,2853,1301
2023-05-09,INV_01,161959.12,1677116.29,1839075.41,16522,810,173,1230,11764,4040,185,1611,1150,2688,1539,10458,2445,2853,1301
2023-05-10,INV_01,137459.35,1698983.43,1836442.78,16522,810,173,1230,11764,4040,185,1611,1150,2688,1539,10458,2445,3442,1301
2023-05-11,INV_01,116638.19,1738225.71,1854863.9,16522,810,551,1230,11764,4040,185,1611,1150,2688,1539,10458,2445,3442,1301
2023-05-12,INV_01,144664.17,1704137.31,1848801.48,16522,810,551,1230,11764,4040,185,1611,1150,2016,1539,10458,2445,3442,1301
2023-05-15,INV_01,144664.17,1702248.46,1846912.63,16522,810,551,1230,11764,4040,185,1611,1150,2016,1539,10458,2445,3442,1301
2023-05-16,INV_01,157867.3,1661399.56,1819266.86,16522,810,551,1230,11764,4040,185,1611,1150,2016,1539,7843,2445,3442,1301
2023-05-17,INV_01,157867.3,1662936.4,1820803.7,16522,810,551,1230,11764,4040,185,1611,1150,2016,1539,7843,2445,3442,1301
2023-05-18,INV_01,196203.79,1613586.24,1809790.02,16522,810,551,1230,11764,4040,185,1611,862,2016,1539,7843,2445,3442,1301
2023-05-19,INV_01,166479.04,1640784.62,1807263.65,16522,810,1127,1230,11764,4040,185,1611,862,2016,1539,7843,2445,3442,1301
2023-05-22,INV_01,220920.26,1562585.9,1783506.16,12391,810,1127,1230,11764,4040,185,1611,862,2016,1539,7843,2445,3442,1301
2023-05-23,INV_01,241454.67,1550129.7,1791584.38,12391,810,1127,1230,11764,4040,185,1611,862,1512,1539,7843,2445,3442,1301
2023-05-24,INV_01,205001.17,1610075.82,1815076.98,12391,810,1127,1230,11764,4040,185,1611,1128,1512,1539,7843,2445,3442,1301
2023-05-25,INV_01,205001.17,1602268.74,1807269.91,12391,810,1127,1230,11764,4040,185,1611,1128,1512,1539,7843,2445,3442,1301
2023-05-26,INV_01,205001.17,1609000.92,1814002.08,12391,810,1127,1230,11764,4040,185,1611,1128,1512,1539,7843,2445,3442,1301
2023-05-29,INV_01,219417.49,1564592.44,1784009.92,12391,810,845,1230,11764,4040,185,1611,1128,1512,1539,7843,2445,3442,1301
2023-05-30,INV_01,277272.92,1493166.24,1770439.17,12391,810,845,1230,11764,3030,185,1611,1128,1512,1539,7843,2445,3442,1301
2023-05-31,INV_01,288053.68,1489068.79,1777122.47,12391,810,633,1230,11764,3030,185,1611,1128,1512,1539,7843,2445,3442,1301
2023-06-01,INV_01,244474.62,1577088.58,1821563.2,12391,810,633,1230,11764,3030,185,1611,1128,1512,1902,7843,2445,3442,1301
2023-06-02,INV_01,270460.81,1552385.42,1822846.23,12391,810,633,1230,11764,3030,185,1611,1128,1512,1902,7843,1833,3442,1301
2023-06-05,INV_01,229512.41,1589323.5,1818835.91,12391,810,633,1230,11764,3030,185,1974,1128,1512,1902,7843,1833,3442,1301
2023-06-06,INV_01,194745.57,1626670.31,1821415.89,12391,810,633,2159,11764,3030,185,1974,1128,1512,1902,7843,1833,3442,1301
2023-06-07,INV_01,229850.15,1592320.41,1822170.56,12391,810,633,2159,11764,3030,185,1974,1128,1512,1902,7843,1833,2581,1301
2023-06-08,INV_01,195057.86,1635915.52,1830973.38,12391,810,633,2159,11764,3030,185,1974,1128,1512,1902,7843,2623,2581,1301
2023-06-09,INV_01,221335.38,1615974.68,1837310.06,12391,810,633,2159,11764,3030,185,1974,1128,1512,1902,7843,2623,1935,1301
2023-06-12,INV_01,187803.35,1677563.61,1865366.96,12391,810,633,2159,11764,3030,185,1974,1128,1512,1902,7843,3383,1935,1301
2023-06-13,INV_01,159405.23,1722114.37,1881519.6,12391,810,633,2159,11764,3030,185,1974,1128,1512,1902,7843,3383,1935,1741
2023-06-14,INV_01,135258.63,1780527.38,1915786.01,12391,810,1039,2159,11764,3030,185,1974,1128,1512,1902,7843,3383,1935,1741
2023-06-15,INV_01,114800.55,1809595.1,1924395.66,12391,810,1039,2646,11764,3030,185,1974,1128,1512,1902,7843,3383,1935,1741
2023-06-16,INV_01,160767.31,1761984.49,1922751.81,9293,810,1039,2646,11764,3030,185,1974,1128,1512,1902,7843,3383,1935,1741
2023-06-19,INV_01,188269.01,1719852.24,1908121.25,9293,810,1039,1984,11764,3030,185,1974,1128,1512,1902,7843,3383,1935,1741
2023-06-20,INV_01,201354.99,1699255.18,1900610.17,9293,607,1039,1984,11764,3030,185,1974,1128,1512,1902,7843,3383,1935,1741
2023-06-21,INV_01,170887.62,1754564.04,1925451.66,9293,1069,1039,1984,11764,3030,185,1974,1128,1512,1902,7843,3383,1935,1741
2023-06-22,INV_01,145002.6,1787286.06,1932288.66,9293,1069,1039,1984,14736,3030,185,1974,1128,1512,1902,7843,3383,1935,1741
2023-06-23,INV_01,123041.53,1815494.0,1938535.53,9293,1069,1039,1984,14736,3030,185,1974,1128,1512,1902,7843,3847,1935,1741
2023-06-26,INV_01,104476.78,1859553.92,1964030.7,9293,1069,1039,1984,14736,3030,185,1974,1253,1512,1902,7843,3847,1935,1741
2023-06-27,INV_01,139815.97,1822258.79,1962074.76,6969,1069,1039,1984,14736,3030,185,1974,1253,1512,1902,7843,3847,1935,1741
2023-06-28,INV_01,118680.42,1860844.92,1979525.34,6969,1069,1039,1984,14736,3030,185,1974,1253,1512,1902,7843,3847,2373,1741
2023-06-29,INV_01,100703.74,1878643.61,1979347.36,6969,1069,1039,1984,16800,3030,185,1974,1253,1512,1902,7843,3847,2373,1741
2023-06-30,INV_01,100703.74,1885466.46,1986170.2,6969,1069,1039,1984,16800,3030,185,1974,1253,1512,1902,7843,3847,2373,1741
2023-07-03,INV_01,100703.74,1885466.46,1986170.2,6969,1069,1039,1984,16800,3030,185,1974,1253,1512,1902,7843,3847,2373,1741
2023-07-04,INV_01,85449.11,2074711.3,2160160.41,6969,1069,1039,1984,16800,3030,185,1974,1253,1512,1902,10319,3847,2373,1741
2023-07-05,INV_01,72539.57,2116079.13,2188618.7,6969,1069,1039,1984,16800,3194,185,1974,1253,1512,1902,10319,3847,2373,1741
2023-07-06,INV_01,75829.62,2105982.47,2181812.09,6969,1069,1039,1984,16800,3194,138,1974,1253,1512,1902,10319,3847,2373,1741
2023-07-07,INV_01,75829.62,2114109.72,2189939.34,6969,1069,1039,1984,16800,3194,138,1974,1253,1512,1902,10319,3847,2373,1741
2023-07-10,INV_01,75829.62,2116559.32,2192388.94,6969,1069,1039,1984,16800,3194,138,1974,1253,1512,1902,10319,3847,2373,1741
2023-07-11,INV_01,75829.62,2132207.8,2208037.41,6969,1069,1039,1984,16800,3194,138,1974,1253,1512,1902,10319,3847,2373,1741
2023-07-12,INV_01,64405.95,2174025.82,2238431.78,6969,1069,1039,1984,16800,3335,138,1974,1253,1512,1902,10319,3847,2373,1741
2023-07-13,INV_01,64405.95,2185456.18,2249862.14,6969,1069,1039,1984,16800,3335,138,1974,1253,1512,1902,10319,3847,2373,1741
2023-07-14,INV_01,54751.29,2231703.05,2286454.34,6969,1069,1039,1984,16800,3335,138,1974,1315,1512,1902,10319,3847,2373,1741
2023-07-17,INV_01,46526.4,2282880.43,2329406.83,6969,1171,1039,1984,16800,3335,138,1974,1315,1512,1902,10319,3847,2373,1741
2023-07-18,INV_01,46526.4,2302028.91,2348555.31,6969,1171,1039,1984,16800,3335,138,1974,1315,1512,1902,10319,3847,2373,1741
2023-07-19,INV_01,46526.4,2351604.72,2398131.12,6969,1171,1039,1984,16800,3335,138,1974,1315,1512,1902,10319,3847,2373,1741
2023-07-20,INV_01,46526.4,2363042.5,2409568.9,6969,1171,1039,1984,16800,3335,138,1974,1315,1512,1902,10319,3847,2373,1741
2023-07-21,INV_01,46526.4,2369325.94,2415852.34,6969,1171,1039,1984,16800,3335,138,1974,1315,1512,1902,10319,3847,2373,1741
2023-07-24,INV_01,46526.4,2353191.76,2399718.16,6969,1171,1039,1984,16800,3335,138,1974,1315,1512,1902,10319,3847,2373,1741
2023-07-25,INV_01,128004.87,2239551.06,2367555.92,6969,1171,1039,1984,16800,3335,138,1480,1315,1512,1902,10319,3847,2373,1741
2023-07-26,INV_01,128004.87,2231344.81,2359349.68,6969,1171,1039,1984,16800,3335,138,1480,1315,1512,1902,10319,3847,2373,1741
2023-07-27,INV_01,108686.85,2320364.23,2429051.09,6969,1171,1267,1984,16800,3335,138,1480,1315,1512,1902,10319,3847,2373,1741
2023-07-28,INV_01,92224.66,2349440.9,2441665.56,6969,1171,1267,1984,16800,3335,138,1480,1315,1512,1902,12991,3847,2373,1741
2023-07-31,INV_01,78321.58,2388066.96,2466388.54,6969,1171,1267,2165,16800,3335,138,1480,1315,1512,1902,12991,3847,2373,1741
2023-08-01,INV_01,66489.56,2399781.83,2466271.39,6969,1171,1267,2165,16800,3335,138,1480,1386,1512,1902,12991,3847,2373,1741
2023-08-02,INV_01,56477.85,2446680.14,2503157.99,6969,1171,1267,2165,16800,3335,272,1480,1386,1512,1902,12991,3847,2373,1741
2023-08-03,INV_01,56477.85,2482118.07,2538595.93,6969,1171,1267,2165,16800,3335,272,1480,1386,1512,1902,12991,3847,2373,1741
2023-08-04,INV_01,118734.93,2432194.88,2550929.82,6969,1171,1267,2165,16800,3335,272,1480,1039,1512,1902,12991,3847,2373,1741
2023-08-07,INV_01,100761.96,2462248.83,2563010.79,8049,1171,1267,2165,16800,3335,272,1480,1039,1512,1902,12991,3847,2373,1741
2023-08-08,INV_01,85547.93,2487284.13,2572832.06,8049,1171,1267,2165,16800,3335,272,1480,1039,1512,1902,12991,4062,2373,1741
2023-08-09,INV_01,85547.93,2487594.43,2573142.36,8049,1171,1267,2165,16800,3335,272,1480,1039,1512,1902,12991,4062,2373,1741
2023-08-10,INV_01,85547.93,2493333.54,2578881.47,8049,1171,1267,2165,16800,3335,272,1480,1039,1512,1902,12991,4062,2373,1741
2023-08-11,INV_01,107567.16,2466852.04,2574419.2,8049,1171,1267,2165,16800,3335,272,1480,1039,1134,1902,12991,4062,2373,1741
2023-08-14,INV_01,147948.77,2389249.61,2537198.38,8049,1171,1267,2165,12600,3335,272,1480,1039,1134,1902,12991,4062,2373,1741
2023-08-15,INV_01,153071.01,2337673.36,2490744.37,8049,1171,1267,2165,12600,3335,204,1480,1039,1134,1902,12991,4062,2373,1741
2023-08-16,INV_01,129926.17,2408146.08,2538072.25,8049,1171,1267,2165,12600,3335,204,1480,1039,1134,2111,12991,4062,2373,1741
2023-08-17,INV_01,110249.51,2451509.14,2561758.65,8049,1171,1267,2165,14606,3335,204,1480,1039,1134,2111,12991,4062,2373,1741
2023-08-18,INV_01,160148.43,2385092.88,2545241.3,8049,1171,1267,2165,14606,3335,204,1480,1039,1134,2111,12991,4062,2373,1305
2023-08-21,INV_01,222399.01,2291899.93,2514298.94,8049,1171,1267,2165,14606,2501,204,1480,1039,1134,2111,12991,4062,2373,1305
2023-08-22,INV_01,256906.38,2234558.84,2491465.22,8049,1171,1267,2165,10954,2501,204,1480,1039,1134,2111,12991,4062,2373,1305
2023-08-23,INV_01,283375.49,2226694.67,2510070.16,8049,1171,950,2165,10954,2501,204,1480,1039,1134,2111,12991,4062,2373,1305
2023-08-24,INV_01,348992.66,2119140.72,2468133.38,8049,1171,950,2165,10954,2501,204,1480,1039,1134,2111,12991,3046,2373,1305
2023-08-25,INV_01,393130.95,2077641.19,2470772.14,8049,1171,950,1623,10954,2501,204,1480,1039,1134,2111,12991,3046,2373,1305
2023-08-28,INV_01,452282.22,2003968.07,2456250.29,8049,1171,950,1623,10954,2501,204,1110,1039,1134,2111,12991,3046,2373,1305
2023-08-29,INV_01,452282.22,2003120.34,2455402.56,8049,1171,950,1623,10954,2501,204,1110,1039,1134,2111,12991,3046,2373,1305
2023-08-30,INV_01,452282.22,2003120.34,2455402.56,8049,1171,950,1623,10954,2501,204,1110,1039,1134,2111,12991,3046,2373,1305
2023-08-31,INV_01,484488.86,1958187.32,2442676.18,8049,1171,950,1217,10954,2501,204,1110,1039,1134,2111,12991,3046,2373,1305
2023-09-01,INV_01,411111.87,2056137.94,2467249.81,8049,1171,950,1217,10954,2501,204,1110,1039,1134,2111,12991,3046,2373,1999
2023-09-04,INV_01,411111.87,2109354.53,2520466.4,8049,1171,950,1217,10954,2501,204,1110,1039,1134,2111,12991,3046,2373,1999
2023-09-05,INV_01,348843.24,2196074.83,2544918.07,8049,1171,950,1217,10954,2501,204,1478,1039,1134,2111,12991,3046,2373,1999
2023-09-06,INV_01,390256.29,2121890.24,2512146.53,8049,1171,950,1217,10954,2501,204,1478,1039,1134,2111,12991,3046,1779,1999
2023-09-07,INV_01,331144.63,2176975.33,2508119.96,8049,1171,950,1903,10954,2501,204,1478,1039,1134,2111,12991,3046,1779,1999
2023-09-08,INV_01,281072.95,2246650.22,2527723.18,8049,1171,950,1903,10954,2501,204,1478,1039,1134,2111,12991,3046,1779,2455
2023-09-11,INV_01,339111.77,2170577.79,2509689.56,8049,1171,950,1903,10954,2501,204,1478,1039,1134,1583,12991,3046,1779,2455
2023-09-12,INV_01,287752.29,2213353.16,2501105.45,11067,1171,950,1903,10954,2501,204,1478,1039,1134,1583,12991,3046,1779,2455
2023-09-13,INV_01,287752.29,2241929.05,2529681.34,11067,1171,950,1903,10954,2501,204,1478,1039,1134,1583,12991,3046,1779,2455
2023-09-14,INV_01,244160.69,2302296.29,2546456.98,11067,1171,950,1903,10954,2501,204,1478,1039,1134,1583,21291,3046,1779,2455
2023-09-15,INV_01,248128.49,2288691.05,2536819.54,11067,1171,950,1903,10954,2501,153,1478,1039,1134,1583,21291,3046,1779,2455
2023-09-18,INV_01,298619.14,2213467.18,2512086.32,8300,1171,950,1903,10954,2501,153,1478,1039,1134,1583,21291,3046,1779,2455
2023-09-19,INV_01,327244.58,2160382.78,2487627.37,8300,1171,950,1903,10954,2501,153,1478,1039,1134,1583,21291,3046,1334,2455
2023-09-20,INV_01,348603.37,2132268.61,2480871.97,8300,1171,950,1903,10954,2501,153,1478,1039,1134,1583,21291,3046,1000,2455
2023-09-21,INV_01,385510.64,2076252.92,2461763.56,6225,1171,950,1903,10954,2501,153,1478,1039,1134,1583,21291,3046,1000,2455
2023-09-22,INV_01,327188.99,2149183.75,2476372.75,6225,1171,950,1903,10954,2501,153,1478,1039,1134,2121,21291,3046,1000,2455
2023-09-25,INV_01,327188.99,2143652.38,2470841.37,6225,1171,950,1903,10954,2501,153,1478,1039,1134,2121,21291,3046,1000,2455
2023-09-26,INV_01,364642.93,2109655.57,2474298.5,6225,1171,950,1427,10954,2501,153,1478,1039,1134,2121,21291,3046,1000,2455
2023-09-27,INV_01,364642.93,2124859.0,2489501.92,6225,1171,950,1427,10954,2501,153,1478,1039,1134,2121,21291,3046,1000,2455
2023-09-28,INV_01,364642.93,2124859.0,2489501.92,6225,1171,950,1427,10954,2501,153,1478,1039,1134,2121,21291,3046,1000,2455
2023-09-29,INV_01,364642.93,2124859.0,2489501.92,6225,1171,950,1427,10954,2501,153,1478,1039,1134,2121,21291,3046,1000,2455
2023-10-02,INV_01,412873.25,2036905.68,2449778.93,6225,1171,950,1427,10954,2501,153,1478,779,1134,2121,21291,3046,1000,2455
2023-10-03,INV_01,473187.55,1946323.7,2419511.25,6225,1171,950,1427,10954,2501,153,1478,779,1134,2121,21291,3046,1000,1841
2023-10-04,INV_01,401533.58,2033110.0,2434643.59,6225,1171,950,1427,10954,2501,153,1478,779,1134,2121,21291,3046,2144,1841
2023-10-05,INV_01,340710.09,2087560.16,2428270.25,9612,1171,950,1427,10954,2501,153,1478,779,1134,2121,21291,3046,2144,1841
2023-10-06,INV_01,392308.28,2017421.42,2409729.7,9612,1171,950,1427,10954,2501,153,1478,779,1134,2121,21291,2284,2144,1841
2023-10-09,INV_01,407603.26,1962352.03,2369955.29,9612,1171,950,1427,10954,2501,153,1478,779,850,2121,21291,2284,2144,1841
2023-10-10,INV_01,452238.08,1914204.02,2366442.1,9612,1171,950,1427,10954,2501,153,1478,779,850,2121,21291,2284,2144,1380
2023-10-11,INV_01,484911.89,1848377.46,2333289.35,9612,1171,950,1427,10954,2501,153,1478,779,850,2121,21291,2284,2144,1035
2023-10-12,INV_01,411463.04,1951822.17,2363285.21,13812,1171,950,1427,10954,2501,153,1478,779,850,2121,21291,2284,2144,1035
2023-10-13,INV_01,442849.24,1910471.41,2353320.65,13812,1171,950,1427,10954,2501,153,1478,779,850,2121,21291,2284,1608,1035
2023-10-16,INV_01,442849.24,1893778.18,2336627.42,13812,1171,950,1427,10954,2501,153,1478,779,850,2121,21291,2284,1608,1035
2023-10-17,INV_01,467617.15,1847857.53,2315474.69,13812,1171,950,1427,10954,2501,153,1478,779,850,2121,15968,2284,1608,1035
2023-10-18,INV_01,515819.87,1776237.23,2292057.1,13812,1171,950,1427,10954,2501,153,1478,779,850,1590,15968,2284,1608,1035
2023-10-19,INV_01,437710.98,1860172.53,2297883.52,13812,1171,950,1427,10954,2501,153,1478,779,850,1590,15968,2284,2924,1035
2023-10-20,INV_01,371473.71,1976514.62,2347988.33,13812,1171,1784,1427,10954,2501,153,1478,779,850,1590,15968,2284,2924,1035
2023-10-23,INV_01,374162.94,1979476.44,2353639.39,13812,1171,1784,1427,10954,2501,114,1478,779,850,1590,15968,2284,2924,1035
2023-10-24,INV_01,385328.04,1936946.67,2322274.71,13812,1171,1784,1427,10954,2501,114,1478,779,637,1590,15968,2284,2924,1035
2023-10-25,INV_01,420874.07,1874506.53,2295380.6,13812,1171,1784,1427,10954,2501,114,1478,779,637,1192,15968,2284,2924,1035
2023-10-26,INV_01,453754.47,1819761.92,2273516.38,13812,1171,1338,1427,10954,2501,114,1478,779,637,1192,15968,2284,2924,1035
2023-10-27,INV_01,385041.81,1925249.67,2310291.49,13812,1171,1338,1427,10954,2501,114,1921,779,637,1192,15968,2284,2924,1035
2023-10-30,INV_01,427915.65,1890907.76,2318823.41,13812,1171,1338,1427,10954,2501,114,1921,779,637,1192,15968,2284,2193,1035
2023-10-31,INV_01,454139.96,1843883.96,2298023.91,13812,1171,1338,1070,10954,2501,114,1921,779,637,1192,15968,2284,2193,1035
2023-11-01,INV_01,385361.39,1949472.71,2334834.1,13812,1171,2235,1070,10954,2501,114,1921,779,637,1192,15968,2284,2193,1035
2023-11-02,INV_01,326982.25,2026188.71,2353170.96,17205,1171,2235,1070,10954,2501,114,1921,779,637,1192,15968,2284,2193,1035
2023-11-03,INV_01,326982.25,2006941.89,2333924.13,17205,1171,2235,1070,10954,2501,114,1921,779,637,1192,15968,2284,2193,1035
2023-11-06,INV_01,347135.81,1983404.77,2330540.59,17205,1171,2235,802,10954,2501,114,1921,779,637,1192,15968,2284,2193,1035
2023-11-07,INV_01,347135.81,2009435.23,2356571.04,17205,1171,2235,802,10954,2501,114,1921,779,637,1192,15968,2284,2193,1035
2023-11-08,INV_01,294565.31,2088710.1,2383275.42,17205,1171,2235,802,10954,2501,114,1921,779,637,1192,15968,3003,2193,1035
2023-11-09,INV_01,320372.53,2039615.77,2359988.3,17205,1171,2235,802,10954,2501,114,1921,779,637,1192,15968,3003,2193,776
2023-11-10,INV_01,355376.36,1995280.84,2350657.2,17205,1171,2235,802,10954,2501,114,1921,779,637,1192,15968,3003,1644,776
2023-11-13,INV_01,301582.12,2056294.09,2357876.22,17205,1171,2235,802,10954,2501,884,1921,779,637,1192,15968,3003,1644,776
2023-11-14,INV_01,316610.94,2012189.4,2328800.34,17205,1171,2235,802,10954,2501,663,1921,779,637,1192,15968,3003,1644,776
2023-11-15,INV_01,358392.01,1958606.56,2316998.56,17205,1171,2235,802,10954,1875,663,1921,779,637,1192,15968,3003,1644,776
2023-11-16,INV_01,358392.01,1940834.46,2299226.47,17205,1171,2235,802,10954,1875,663,1921,779,637,1192,15968,3003,1644,776
2023-11-17,INV_01,304112.2,1990082.74,2294194.94,17205,1171,2235,802,10954,1875,663,1921,779,637,1192,15968,3003,1644,1342
2023-11-20,INV_01,340151.89,1949089.57,2289241.46,17205,1171,2235,802,10954,1875,663,1921,584,637,1192,15968,3003,1644,1342
2023-11-21,INV_01,340151.89,1934757.32,2274909.21,17205,1171,2235,802,10954,1875,663,1921,584,637,1192,15968,3003,1644,1342
2023-11-22,INV_01,288626.55,1992213.97,2280840.52,17205,1171,2235,802,10954,1875,663,1921,584,637,1726,15968,3003,1644,1342
2023-11-23,INV_01,288626.55,1998964.67,2287591.22,17205,1171,2235,802,10954,1875,663,1921,584,637,1726,15968,3003,1644,1342
2023-11-24,INV_01,288626.55,1995426.89,2284053.44,17205,1171,2235,802,10954,1875,663,1921,584,637,1726,15968,3003,1644,1342
2023-11-27,INV_01,244981.34,2031583.64,2276564.98,17205,1171,2235,802,10954,1875,663,1921,584,637,2185,15968,3003,1644,1342
2023-11-28,INV_01,244981.34,2029269.73,2274251.07,17205,1171,2235,802,10954,1875,663,1921,584,637,2185,15968,3003,1644,1342
2023-11-29,INV_01,207981.14,2078528.63,2286509.77,17205,1171,2235,802,10954,1875,663,2161,584,637,2185,15968,3003,1644,1342
2023-11-30,INV_01,176503.32,2132012.69,2308516.0,17205,1171,2235,802,10954,2349,663,2161,584,637,2185,15968,3003,1644,1342
2023-12-01,INV_01,149827.35,2197048.12,2346875.48,17205,1171,2235,802,10954,2349,663,2161,584,637,2185,15968,3003,2040,1342
2023-12-04,INV_01,127129.02,2232685.88,2359814.9,17205,1171,2235,802,10954,2349,663,2161,584,637,2185,20650,3003,2040,1342
2023-12-05,INV_01,138335.7,2206032.7,2344368.41,17205,1171,2235,802,10954,2349,497,2161,584,637,2185,20650,3003,2040,1342
2023-12-06,INV_01,138335.7,2204774.16,2343109.87,17205,1171,2235,802,10954,2349,497,2161,584,637,2185,20650,3003,2040,1342
2023-12-07,INV_01,161336.87,2177587.05,2338923.92,17205,1171,2235,802,10954,2349,497,2161,584,637,2185,15487,3003,2040,1342
2023-12-08,INV_01,136926.91,2226132.81,2363059.72,17205,1171,2235,802,10954,2349,846,2161,584,637,2185,15487,3003,2040,1342
2023-12-11,INV_01,136926.91,2238665.8,2375592.71,17205,1171,2235,802,10954,2349,846,2161,584,637,2185,15487,3003,2040,1342
2023-12-12,INV_01,116231.56,2276917.04,2393148.6,17205,1171,2235,802,10954,2349,846,2161,584,1005,2185,15487,3003,2040,1342
2023-12-13,INV_01,149520.7,2228845.42,2378366.12,17205,1171,2235,802,10954,2349,846,2161,584,1005,2185,15487,3003,1530,1342
2023-12-14,INV_01,149520.7,2221165.22,2370685.92,17205,1171,2235,802,10954,2349,846,2161,584,1005,2185,15487,3003,1530,1342
2023-12-15,INV_01,149520.7,2204735.15,2354255.85,17205,1171,2235,802,10954,2349,846,2161,584,1005,2185,15487,3003,1530,1342
2023-12-18,INV_01,187336.6,2148374.2,2335710.8,17205,1171,2235,802,10954,1761,846,2161,584,1005,2185,15487,3003,1530,1342
2023-12-19,INV_01,219552.86,2101014.33,2320567.19,17205,1171,2235,802,10954,1761,846,2161,584,1005,2185,15487,3003,1530,1006
2023-12-20,INV_01,219552.86,2106968.72,2326521.57,17205,1171,2235,802,10954,1761,846,2161,584,1005,2185,15487,3003,1530,1006
2023-12-21,INV_01,247532.03,2080916.77,2328448.8,17205,1171,2235,802,10954,1320,846,2161,584,1005,2185,15487,3003,1530,1006
2023-12-22,INV_01,247532.03,2075347.94,2322879.97,17205,1171,2235,802,10954,1320,846,2161,584,1005,2185,15487,3003,1530,1006
2023-12-25,INV_01,247532.03,2075347.94,2322879.97,17205,1171,2235,802,10954,1320,846,2161,584,1005,2185,15487,3003,1530,1006
2023-12-26,INV_01,247532.03,2075347.94,2322879.97,17205,1171,2235,802,10954,1320,846,2161,584,1005,2185,15487,3003,1530,1006
2023-12-27,INV_01,210099.31,2125450.54,2335549.85,17205,1171,2235,1304,10954,1320,846,2161,584,1005,2185,15487,3003,1530,1006
2023-12-28,INV_01,178334.72,2170966.17,2349300.89,17205,1171,2235,1304,10954,1320,846,2161,584,1005,2185,15487,3427,1530,1006
2023-12-29,INV_01,151327.79,2206128.52,2357456.31,18620,1171,2235,1304,10954,1320,846,2161,584,1005,2185,15487,3427,1530,1006
2024-01-01,INV_01,179408.86,2177763.81,2357172.67,18620,878,2235,1304,10954,1320,846,2161,584,1005,2185,15487,3427,1530,1006
2024-01-02,INV_01,152242.12,2202491.04,2354733.17,18620,878,2235,1304,10954,1738,846,2161,584,1005,2185,15487,3427,1530,1006
2024-01-03,INV_01,203225.09,2174618.13,2377843.22,18620,878,2235,1304,10954,1738,846,2161,584,1005,1638,15487,3427,1530,1006
2024-01-04,INV_01,203225.09,2162567.14,2365792.23,18620,878,2235,1304,10954,1738,846,2161,584,1005,1638,15487,3427,1530,1006
2024-01-05,INV_01,172448.73,2210483.49,2382932.23,18620,1192,2235,1304,10954,1738,846,2161,584,1005,1638,15487,3427,1530,1006
2024-01-08,INV_01,146396.13,2225472.29,2371868.41,18620,1192,2235,1304,10954,1738,846,2161,584,1005,1901,15487,3427,1530,1006
2024-01-09,INV_01,193673.57,2165092.42,2358765.99,18620,1192,1676,1304,10954,1738,846,2161,584,1005,1901,15487,3427,1530,1006
2024-01-10,INV_01,193673.57,2145652.02,2339325.58,18620,1192,1676,1304,10954,1738,846,2161,584,1005,1901,15487,3427,1530,1006
2024-01-11,INV_01,221611.86,2102932.45,2324544.31,18620,1192,1676,1304,10954,1303,846,2161,584,1005,1901,15487,3427,1530,1006
2024-01-12,INV_01,221611.86,2097275.74,2318887.6,18620,1192,1676,1304,10954,1303,846,2161,584,1005,1901,15487,3427,1530,1006
2024-01-15,INV_01,221611.86,2097275.74,2318887.6,18620,1192,1676,1304,10954,1303,846,2161,584,1005,1901,15487,3427,1530,1006
2024-01-16,INV_01,302991.04,1998442.31,2301433.35,18620,1192,1676,1304,10954,1303,846,1620,584,1005,1901,15487,3427,1530,1006
2024-01-17,INV_01,323787.24,1959588.61,2283375.84,18620,1192,1676,1304,10954,977,846,1620,584,1005,1901,15487,3427,1530,1006
2024-01-18,INV_01,274775.17,2004858.01,2279633.18,18620,1192,1676,1304,10954,977,1573,1620,584,1005,1901,15487,3427,1530,1006
2024-01-19,INV_01,308408.32,1956963.61,2265371.92,18620,1192,1257,1304,10954,977,1573,1620,584,1005,1901,15487,3427,1530,1006
2024-01-22,INV_01,308408.32,1946924.96,2255333.27,18620,1192,1257,1304,10954,977,1573,1620,584,1005,1901,15487,3427,1530,1006
2024-01-23,INV_01,333969.82,1903122.69,2237092.51,18620,1192,1257,1304,10954,977,1573,1620,438,1005,1901,15487,3427,1530,1006
2024-01-24,INV_01,350452.92,1886798.06,2237250.98,18620,1192,1257,1304,10954,977,1573,1620,438,1005,1901,11615,3427,1530,1006
2024-01-25,INV_01,350452.92,1886798.06,2237250.98,18620,1192,1257,1304,10954,977,1573,1620,438,1005,1901,11615,3427,1530,1006
2024-01-26,INV_01,372516.56,1875844.48,2248361.05,18620,1192,1257,978,10954,977,1573,1620,438,1005,1901,11615,3427,1530,1006
2024-01-29,INV_01,372516.56,1868150.99,2240667.56,18620,1192,1257,978,10954,977,1573,1620,438,1005,1901,11615,3427,1530,1006
2024-01-30,INV_01,372516.56,1869856.49,2242373.06,18620,1192,1257,978,10954,977,1573,1620,438,1005,1901,11615,3427,1530,1006
2024-01-31,INV_01,316127.43,1930187.28,2246314.71,18620,1192,1257,978,10954,1847,1573,1620,438,1005,1901,11615,3427,1530,1006
2024-02-01,INV_01,268293.09,1994004.09,2262297.18,18620,1192,1257,978,10954,2582,1573,1620,438,1005,1901,11615,3427,1530,1006
2024-02-02,INV_01,227653.11,2044396.9,2272050.01,18620,1192,1257,978,16178,2582,1573,1620,438,1005,1901,11615,3427,1530,1006
2024-02-06,INV_01,193243.94,2104184.19,2297428.13,18620,1192,1257,978,16178,2582,1573,1620,438,1005,1901,11615,3427,1530,1351
2024-02-07,INV_01,193243.94,2098954.85,2292198.78,18620,1192,1257,978,16178,2582,1573,1620,438,1005,1901,11615,3427,1530,1351
2024-02-08,INV_01,164001.54,2149754.77,2313756.31,18620,1472,1257,978,16178,2582,1573,1620,438,1005,1901,11615,3427,1530,1351
2024-02-09,INV_01,189286.6,2122844.62,2312131.23,18620,1472,942,978,16178,2582,1573,1620,438,1005,1901,11615,3427,1530,1351
2024-02-12,INV_01,208230.33,2109103.39,2317333.73,18620,1472,706,978,16178,2582,1573,1620,438,1005,1901,11615,3427,1530,1351
2024-02-13,INV_01,253576.83,2060793.29,2314370.12,18620,1472,706,978,16178,2582,1573,1620,438,1005,1425,11615,3427,1530,1351
2024-02-14,INV_01,215160.77,2102880.9,2318041.67,18620,1472,706,978,16178,2582,1573,1620,438,1005,1425,20892,3427,1530,1351
2024-02-15,INV_01,182592.26,2138909.79,2321502.04,18620,1472,706,978,16178,2582,1573,1620,438,1624,1425,20892,3427,1530,1351
2024-02-16,INV_01,182592.26,2144062.27,2326654.53,18620,1472,706,978,16178,2582,1573,1620,438,1624,1425,20892,3427,1530,1351
2024-02-19,INV_01,154953.93,2191115.56,2346069.49,18620,1472,706,978,16178,2582,1573,1620,438,1624,1425,20892,3799,1530,1351
2024-02-20,INV_01,131516.89,2223070.36,2354587.26,18620,1472,706,978,16178,2928,1573,1620,438,1624,1425,20892,3799,1530,1351
2024-02-21,INV_01,217316.7,2139022.08,2356338.78,13965,1472,706,978,16178,2928,1573,1620,438,1624,1425,20892,3799,1530,1351
2024-02-22,INV_01,276465.67,2077990.97,2354456.64,13965,1472,706,978,16178,2928,1573,1215,438,1624,1425,20892,3799,1530,1351
2024-02-23,INV_01,276465.67,380638.89,657104.56,13965,1472,706,978,16178,2928,1573,1215,438,1624,1425,20892,3799,1530,1351
2024-02-26,INV_01,234583.8,2105332.81,2339916.62,13965,1472,1209,978,16178,2928,1573,1215,438,1624,1425,20892,3799,1530,1351
2024-02-27,INV_01,266645.86,2070481.95,2337127.82,13965,1472,1209,978,16178,2928,1573,1215,438,1624,1425,20892,3799,1530,1013
2024-02-28,INV_01,302515.61,2038394.49,2340910.1,13965,1104,1209,978,16178,2928,1573,1215,438,1624,1425,20892,3799,1530,1013
2024-02-29,INV_01,336852.49,1996586.51,2333439.0,13965,1104,1209,978,16178,2928,1573,1215,438,1624,1068,20892,3799,1530,1013
2024-03-01,INV_01,285824.37,2061857.35,2347681.73,13965,1104,1209,978,21871,2928,1573,1215,438,1624,1068,20892,3799,1530,1013
2024-03-04,INV_01,285824.37,2085286.94,2371111.31,13965,1104,1209,978,21871,2928,1573,1215,438,1624,1068,20892,3799,1530,1013
2024-03-05,INV_01,242591.07,2143205.65,2385796.72,13965,1104,1734,978,21871,2928,1573,1215,438,1624,1068,20892,3799,1530,1013
2024-03-06,INV_01,205851.11,2190381.21,2396232.32,13965,1104,1734,978,21871,2928,1573,1215,438,1624,1068,20892,3799,2146,1013
2024-03-07,INV_01,174713.78,2263960.32,2438674.1,13965,1104,1734,978,21871,2928,1573,1215,438,1624,1068,20892,4195,2146,1013
2024-03-08,INV_01,174713.78,179239.29,353953.07,13965,1104,1734,978,21871,2928,1573,1215,438,1624,1068,20892,4195,2146,1013
2024-03-11,INV_01,148281.02,2307742.78,2456023.8,13965,1104,1734,978,21871,2928,1573,1215,438,1624,1068,20892,4195,2578,1013
2024-03-12,INV_01,177356.1,2280959.31,2458315.41,13965,1104,1734,978,21871,2928,1179,1215,438,1624,1068,20892,4195,2578,1013
2024-03-13,INV_01,177356.1,2321683.77,2499039.87,13965,1104,1734,978,21871,2928,1179,1215,438,1624,1068,20892,4195,2578,1013
2024-03-14,INV_01,227209.8,2267384.05,2494593.86,13965,1104,1734,978,16403,2928,1179,1215,438,1624,1068,20892,4195,2578,1013
2024-03-15,INV_01,281529.35,2221251.17,2502780.52,13965,1104,1734,978,16403,2196,1179,1215,438,1624,1068,20892,4195,2578,1013
2024-03-18,INV_01,320655.02,2170786.86,2491441.88,13965,1104,1734,978,16403,2196,1179,1215,438,1624,1068,20892,4195,1933,1013
2024-03-19,INV_01,346049.27,2129351.65,2475400.93,13965,1104,1734,978,16403,2196,1179,1215,438,1624,1068,20892,4195,1933,759
2024-03-20,INV_01,368283.17,2103668.78,2471951.95,13965,1104,1734,978,16403,2196,1179,1215,438,1218,1068,20892,4195,1933,759
2024-03-21,INV_01,449504.91,2000298.96,2449803.88,13965,1104,1734,978,16403,2196,1179,1215,438,1218,1068,20892,3146,1933,759
2024-03-22,INV_01,495053.91,1980980.63,2476034.54,13965,1104,1734,978,16403,2196,1179,911,438,1218,1068,20892,3146,1933,759
2024-03-26,INV_01,420095.17,2064914.22,2485009.39,13965,1856,1734,978,16403,2196,1179,911,438,1218,1068,20892,3146,1933,759
2024-03-27,INV_01,459262.42,2048700.89,2507963.31,13965,1856,1734,978,16403,1647,1179,911,438,1218,1068,20892,3146,1933,759
2024-03-28,INV_01,389692.71,2126495.27,2516187.98,13965,1856,1734,978,16403,2604,1179,911,438,1218,1068,20892,3146,1933,759
2024-03-29,INV_01,435893.57,2079827.73,2515721.31,13965,1392,1734,978,16403,2604,1179,911,438,1218,1068,20892,3146,1933,759
2024-04-01,INV_01,435893.57,2064456.35,2500349.92,13965,1392,1734,978,16403,2604,1179,911,438,1218,1068,20892,3146,1933,759
2024-04-02,INV_01,369858.96,2186541.81,2556400.77,13965,1392,1734,978,16403,2604,1179,911,438,1218,1068,33228,3146,1933,759
2024-04-03,INV_01,313889.53,2277899.53,2591789.06,13965,1392,1734,978,16403,3339,1179,911,438,1218,1068,33228,3146,1933,759
2024-04-04,INV_01,266370.18,2343146.43,2609516.61,13965,1392,1734,978,16403,3339,1179,911,438,1218,1068,33228,3146,1933,1183
2024-04-05,INV_01,226017.87,2416375.61,2642393.49,15807,1392,1734,978,16403,3339,1179,911,438,1218,1068,33228,3146,1933,1183
2024-04-08,INV_01,191870.44,2478249.01,2670119.45,15807,1392,1734,978,16403,3339,1179,911,438,1218,1358,33228,3146,1933,1183
2024-04-09,INV_01,191870.44,2504074.39,2695944.82,15807,1392,1734,978,16403,3339,1179,911,438,1218,1358,33228,3146,1933,1183
2024-04-10,INV_01,191870.44,2504074.39,2695944.82,15807,1392,1734,978,16403,3339,1179,911,438,1218,1358,33228,3146,1933,1183
2024-04-11,INV_01,191870.44,2504074.39,2695944.82,15807,1392,1734,978,16403,3339,1179,911,438,1218,1358,33228,3146,1933,1183
2024-04-15,INV_01,162802.84,2534214.37,2697017.21,15807,1392,1734,978,16403,3339,1179,911,438,1218,1358,37946,3146,1933,1183
2024-04-16,INV_01,226433.85,2410631.74,2637065.59,15807,1392,1734,978,16403,2504,1179,911,438,1218,1358,37946,3146,1933,1183
2024-04-17,INV_01,192139.95,2455302.59,2647442.54,17386,1392,1734,978,16403,2504,1179,911,438,1218,1358,37946,3146,1933,1183
2024-04-18,INV_01,232249.53,2404142.9,2636392.43,17386,1392,1734,978,12302,2504,1179,911,438,1218,1358,37946,3146,1933,1183
2024-04-19,INV_01,197096.36,2433782.14,2630878.5,17386,1392,1734,978,12302,2504,1179,911,438,1823,1358,37946,3146,1933,1183
2024-04-22,INV_01,167271.45,2503883.93,2671155.38,17386,1392,1734,1367,12302,2504,1179,911,438,1823,1358,37946,3146,1933,1183
2024-04-24,INV_01,141956.04,2550318.84,2692274.88,17386,1629,1734,1367,12302,2504,1179,911,438,1823,1358,37946,3146,1933,1183
2024-04-25,INV_01,141956.04,2581265.61,2723221.64,17386,1629,1734,1367,12302,2504,1179,911,438,1823,1358,37946,3146,1933,1183
2024-04-26,INV_01,184948.61,2567276.83,2752225.45,17386,1629,1734,1367,12302,2504,1179,683,438,1823,1358,37946,3146,1933,1183
2024-04-29,INV_01,212024.16,2576914.36,2788938.53,17386,1629,1734,1025,12302,2504,1179,683,438,1823,1358,37946,3146,1933,1183
2024-04-30,INV_01,212024.16,2597361.44,2809385.6,17386,1629,1734,1025,12302,2504,1179,683,438,1823,1358,37946,3146,1933,1183
2024-05-02,INV_01,179962.92,2640482.6,2820445.52,17386,1898,1734,1025,12302,2504,1179,683,438,1823,1358,37946,3146,1933,1183
2024-05-03,INV_01,152718.15,2682930.05,2835648.2,17386,1898,1734,1025,12302,2504,1501,683,438,1823,1358,37946,3146,1933,1183
2024-05-06,INV_01,129610.39,2713282.83,2842893.22,17386,1898,1734,1025,12302,2504,1776,683,438,1823,1358,37946,3146,1933,1183
2024-05-07,INV_01,170409.77,2660508.98,2830918.75,17386,1898,1734,1025,12302,2504,1776,683,438,1823,1018,37946,3146,1933,1183
2024-05-08,INV_01,189920.54,2620139.27,2810059.81,17386,1898,1734,768,12302,2504,1776,683,438,1823,1018,37946,3146,1933,1183
2024-05-09,INV_01,161185.8,2664975.4,2826161.2,17386,1898,1734,768,12302,2504,2124,683,438,1823,1018,37946,3146,1933,1183
2024-05-10,INV_01,136838.46,2723500.84,2860339.3,17386,1898,1734,768,12302,2504,2124,683,438,1823,1215,37946,3146,1933,1183
2024-05-13,INV_01,173666.0,2686301.31,2859967.3,17386,1898,1734,768,12302,2504,2124,683,438,1823,911,37946,3146,1933,1183
2024-05-14,INV_01,202985.76,2600832.73,2803818.49,17386,1898,1734,768,9226,2504,2124,683,438,1823,911,37946,3146,1933,1183
2024-05-15,INV_01,224634.14,2553617.5,2778251.64,17386,1898,1734,768,9226,2504,2124,683,328,1823,911,37946,3146,1933,1183
2024-05-16,INV_01,224634.14,2548045.58,2772679.71,17386,1898,1734,768,9226,2504,2124,683,328,1823,911,37946,3146,1933,1183
2024-05-17,INV_01,190602.9,2596874.93,2787477.83,17386,1898,1734,768,9226,2504,2124,683,328,1823,911,42975,3146,1933,1183
2024-05-20,INV_01,286750.28,2465440.94,2752191.22,13039,1898,1734,768,9226,2504,2124,683,328,1823,911,42975,3146,1933,1183
2024-05-21,INV_01,286750.28,2458780.11,2745530.39,13039,1898,1734,768,9226,2504,2124,683,328,1823,911,42975,3146,1933,1183
2024-05-22,INV_01,243314.11,2547386.16,2790700.27,13039,1898,1734,768,9226,2504,2124,683,328,1823,911,42975,3146,2497,1183
2024-05-27,INV_01,243314.11,2529266.96,2772581.07,13039,1898,1734,768,9226,2504,2124,683,328,1823,911,42975,3146,2497,1183
2024-05-28,INV_01,243314.11,2504121.94,2747436.05,13039,1898,1734,768,9226,2504,2124,683,328,1823,911,42975,3146,2497,1183
2024-05-29,INV_01,296511.53,2418214.92,2714726.45,13039,1898,1734,768,9226,1878,2124,683,328,1823,911,42975,3146,2497,1183
2024-05-30,INV_01,251634.5,2478275.51,2729910.01,13039,2291,1734,768,9226,1878,2124,683,328,1823,911,42975,3146,2497,1183
2024-05-31,INV_01,213582.41,2502893.9,2716476.3,13039,2291,1734,1272,9226,1878,2124,683,328,1823,911,42975,3146,2497,1183
2024-06-03,INV_01,245061.04,2471113.41,2716174.45,13039,2291,1734,1272,9226,1878,2124,512,328,1823,911,42975,3146,2497,1183
2024-06-04,INV_01,207948.98,2515821.03,2723770.01,13039,2616,1734,1272,9226,1878,2124,512,328,1823,911,42975,3146,2497,1183
2024-06-05,INV_01,176477.9,2565305.66,2741783.55,13039,2616,1734,1691,9226,1878,2124,512,328,1823,911,42975,3146,2497,1183
2024-06-06,INV_01,176477.9,2606625.95,2783103.84,13039,2616,1734,1691,9226,1878,2124,512,328,1823,911,42975,3146,2497,1183
2024-06-07,INV_01,149761.49,2633886.57,2783648.06,13039,2616,1734,1691,9226,1878,2124,512,328,2241,911,42975,3146,2497,1183
2024-06-10,INV_01,149761.49,2653043.44,2802804.93,13039,2616,1734,1691,9226,1878,2124,512,328,2241,911,42975,3146,2497,1183
2024-06-11,INV_01,149761.49,2643299.18,2793060.67,13039,2616,1734,1691,9226,1878,2124,512,328,2241,911,42975,3146,2497,1183
2024-06-12,INV_01,149761.49,2643299.18,2793060.67,13039,2616,1734,1691,9226,1878,2124,512,328,2241,911,42975,3146,2497,1183
2024-06-13,INV_01,149761.49,2629650.35,2779411.84,13039,2616,1734,1691,9226,1878,2124,512,328,2241,911,42975,3146,2497,1183
2024-06-14,INV_01,149761.49,2618927.89,2768689.38,13039,2616,1734,1691,9226,1878,2124,512,328,2241,911,42975,3146,2497,1183
2024-06-18,INV_01,180863.43,2584856.71,2765720.15,13039,2616,1734,1268,9226,1878,2124,512,328,2241,911,42975,3146,2497,1183
2024-06-19,INV_01,248937.42,2508734.97,2757672.39,13039,2616,1734,1268,9226,1878,2124,512,328,2241,911,32231,3146,2497,1183
2024-06-20,INV_01,270797.38,2488204.03,2759001.41,13039,2616,1734,1268,6919,1878,2124,512,328,2241,911,32231,3146,2497,1183
2024-06-24,INV_01,270797.38,2493299.6,2764096.98,13039,2616,1734,1268,6919,1878,2124,512,328,2241,911,32231,3146,2497,1183
2024-06-25,INV_01,309233.02,2451298.89,2760531.91,13039,2616,1734,1268,6919,1878,2124,512,328,2241,911,32231,3146,2497,887
2024-06-26,INV_01,262446.81,2505124.18,2767570.99,13039,2616,1734,1879,6919,1878,2124,512,328,2241,911,32231,3146,2497,887
2024-06-27,INV_01,297498.85,2449271.06,2746769.91,13039,2616,1734,1409,6919,1878,2124,512,328,2241,911,32231,3146,2497,887
2024-06-28,INV_01,252429.87,2492411.19,2744841.06,13039,2616,1734,1409,6919,1878,2677,512,328,2241,911,32231,3146,2497,887
2024-07-01,INV_01,252429.87,2477262.74,2729692.61,13039,2616,1734,1409,6919,1878,2677,512,328,2241,911,32231,3146,2497,887
2024-07-02,INV_01,323934.01,2402528.88,2726462.89,9779,2616,1734,1409,6919,1878,2677,512,328,2241,911,32231,3146,2497,887
2024-07-03,INV_01,383154.77,2319058.24,2702213.01,9779,2616,1734,1409,6919,1878,2677,512,328,2241,911,32231,2359,2497,887
2024-07-04,INV_01,431019.29,2244964.15,2675983.44,9779,2616,1734,1409,6919,1878,2677,512,328,2241,911,24173,2359,2497,887
2024-07-05,INV_01,431019.29,2242925.68,2673944.97,9779,2616,1734,1409,6919,1878,2677,512,328,2241,911,24173,2359,2497,887
2024-07-08,INV_01,471692.26,2162239.68,2633931.94,9779,2616,1300,1409,6919,1878,2677,512,328,2241,911,24173,2359,2497,887
2024-07-09,INV_01,471692.26,2150812.61,2622504.87,9779,2616,1300,1409,6919,1878,2677,512,328,2241,911,24173,2359,2497,887
2024-07-10,INV_01,400241.5,2235755.11,2635996.61,9779,2616,1300,1409,6919,1878,2677,512,328,2241,1528,24173,2359,2497,887
2024-07-11,INV_01,400241.5,2243425.89,2643667.39,9779,2616,1300,1409,6919,1878,2677,512,328,2241,1528,24173,2359,2497,887
2024-07-12,INV_01,339618.53,2321105.78,2660724.3,9779,2616,1300,1409,6919,1878,2677,512,328,3186,1528,24173,2359,2497,887
2024-07-15,INV_01,288181.76,2386057.45,2674239.22,12107,2616,1300,1409,6919,1878,2677,512,328,3186,1528,24173,2359,2497,887
2024-07-16,INV_01,314922.7,2350011.91,2664934.61,12107,2616,1300,1409,6919,1878,2677,512,328,3186,1528,24173,2359,2497,665
2024-07-17,INV_01,334877.7,2322233.18,2657110.88,12107,2616,1300,1409,6919,1878,2677,512,328,3186,1528,24173,2359,2497,498
2024-07-18,INV_01,387244.23,2246305.91,2633550.14,12107,2616,1300,1409,6919,1878,2007,512,328,3186,1528,24173,2359,2497,498
2024-07-19,INV_01,387244.23,2238753.27,2625997.5,12107,2616,1300,1409,6919,1878,2007,512,328,3186,1528,24173,2359,2497,498
2024-07-22,INV_01,402526.98,2175476.56,2578003.54,12107,2616,1300,1409,6919,1878,2007,512,246,3186,1528,24173,2359,2497,498
2024-07-23,INV_01,402526.98,2191076.36,2593603.34,12107,2616,1300,1409,6919,1878,2007,512,246,3186,1528,24173,2359,2497,498
2024-07-24,INV_01,341556.53,2278283.0,2619839.53,15002,2616,1300,1409,6919,1878,2007,512,246,3186,1528,24173,2359,2497,498
2024-07-25,INV_01,289866.91,2307594.09,2597461.0,15002,2616,1300,2146,6919,1878,2007,512,246,3186,1528,24173,2359,2497,498
2024-07-26,INV_01,289866.91,2310094.14,2599961.05,15002,2616,1300,2146,6919,1878,2007,512,246,3186,1528,24173,2359,2497,498
2024-07-29,INV_01,245971.46,2346455.65,2592427.11,15002,2616,1300,2771,6919,1878,2007,512,246,3186,1528,24173,2359,2497,498
2024-07-30,INV_01,287772.08,2271372.79,2559144.87,15002,2616,1300,2771,6919,1878,2007,512,246,3186,1528,24173,2359,1872,498
2024-07-31,INV_01,287772.08,2254641.9,2542413.99,15002,2616,1300,2771,6919,1878,2007,512,246,3186,1528,24173,2359,1872,498
2024-08-01,INV_01,244207.81,2310614.84,2554822.65,15002,2616,1790,2771,6919,1878,2007,512,246,3186,1528,24173,2359,1872,498
2024-08-02,INV_01,287274.15,2264971.96,2552246.1,15002,2616,1790,2771,6919,1408,2007,512,246,3186,1528,24173,2359,1872,498
2024-08-05,INV_01,320183.73,2175232.09,2495415.82,15002,2616,1790,2771,6919,1408,2007,512,246,3186,1528,18129,2359,1872,498
2024-08-06,INV_01,271738.85,2230074.82,2501813.67,15002,2616,1790,2771,6919,1408,2641,512,246,3186,1528,18129,2359,1872,498
2024-08-07,INV_01,309476.13,2194025.67,2503501.8,15002,2616,1342,2771,6919,1408,2641,512,246,3186,1528,18129,2359,1872,498
2024-08-08,INV_01,334158.32,2159095.67,2493253.99,15002,2616,1342,2771,6919,1408,2641,512,246,3186,1528,13596,2359,1872,498
2024-08-09,INV_01,376571.16,2136298.8,2512869.95,15002,2616,1342,2771,6919,1408,2641,512,246,3186,1528,13596,1769,1872,498
2024-08-12,INV_01,405410.52,2109249.4,2514659.92,15002,2616,1006,2771,6919,1408,2641,512,246,3186,1528,13596,1769,1872,498
2024-08-13,INV_01,344043.15,2175051.8,2519094.96,15002,2616,1006,2771,6919,1408,2641,512,246,3186,1528,13596,1769,1872,1027
2024-08-14,INV_01,291967.14,2236287.0,2528254.14,15002,2616,1006,2771,6919,1408,2641,512,537,3186,1528,13596,1769,1872,1027
2024-08-15,INV_01,247789.68,2312696.57,2560486.25,15002,2616,1006,2771,6919,1408,2641,512,537,3186,1528,13596,1769,2525,1027
2024-08-16,INV_01,315413.3,2236654.85,2552068.15,15002,1962,1006,2771,6919,1408,2641,512,537,3186,1528,13596,1769,2525,1027
2024-08-20,INV_01,333920.86,2196470.97,2530391.83,15002,1962,1006,2771,6919,1408,2641,512,537,3186,1528,10197,1769,2525,1027
2024-08-21,INV_01,384340.95,2141923.91,2526264.86,15002,1471,1006,2771,6919,1408,2641,512,537,3186,1528,10197,1769,2525,1027
2024-08-22,INV_01,326217.23,2196559.56,2522776.79,15002,1471,1006,2771,6919,1408,2641,512,860,3186,1528,10197,1769,2525,1027
2024-08-23,INV_01,372268.2,2131486.99,2503755.19,15002,1471,1006,2078,6919,1408,2641,512,860,3186,1528,10197,1769,2525,1027
2024-08-26,INV_01,386713.17,2077454.52,2464167.69,15002,1471,1006,2078,5189,1408,2641,512,860,3186,1528,10197,1769,2525,1027
2024-08-27,INV_01,423274.33,2002210.65,2425484.98,15002,1471,1006,2078,5189,1408,2641,512,645,3186,1528,10197,1769,2525,1027
2024-08-28,INV_01,453751.07,1949808.89,2403559.95,15002,1471,1006,2078,5189,1408,2641,512,645,3186,1528,10197,1326,2525,1027
2024-08-29,INV_01,385053.38,2016409.63,2401463.01,15002,1471,1006,2078,5189,2218,2641,512,645,3186,1528,10197,1326,2525,1027
2024-08-30,INV_01,417868.05,1973146.97,2391015.02,15002,1471,1006,1558,5189,2218,2641,512,645,3186,1528,10197,1326,2525,1027
2024-09-02,INV_01,417868.05,1949851.45,2367719.5,15002,1471,1006,1558,5189,2218,2641,512,645,3186,1528,10197,1326,2525,1027
2024-09-03,INV_01,456489.89,1898962.51,2355452.39,15002,1471,1006,1558,5189,2218,2641,512,645,3186,1528,10197,1326,1893,1027
2024-09-04,INV_01,456489.89,1934894.88,2391384.77,15002,1471,1006,1558,5189,2218,2641,512,645,3186,1528,10197,1326,1893,1027
2024-09-05,INV_01,481287.34,1901788.42,2383075.76,15002,1471,1006,1168,5189,2218,2641,512,645,3186,1528,10197,1326,1893,1027
2024-09-06,INV_01,408454.69,1964689.93,2373144.62,15002,1471,1006,1168,5189,3059,2641,512,645,3186,1528,10197,1326,1893,1027
2024-09-09,INV_01,427788.74,1921875.75,2349664.5,15002,1471,754,1168,5189,3059,2641,512,645,3186,1528,10197,1326,1893,1027
2024-09-10,INV_01,442058.55,1883387.29,2325445.84,15002,1471,565,1168,5189,3059,2641,512,645,3186,1528,10197,1326,1893,1027
2024-09-11,INV_01,442058.55,1886905.97,2328964.52,15002,1471,565,1168,5189,3059,2641,512,645,3186,1528,10197,1326,1893,1027
2024-09-12,INV_01,442058.55,1897316.11,2339374.66,15002,1471,565,1168,5189,3059,2641,512,645,3186,1528,10197,1326,1893,1027
2024-09-13,INV_01,442058.55,1924251.22,2366309.77,15002,1471,565,1168,5189,3059,2641,512,645,3186,1528,10197,1326,1893,1027
2024-09-18,INV_01,375168.5,2019705.34,2394873.85,15002,1471,565,1168,5189,3059,2641,512,1054,3186,1528,10197,1326,1893,1027
2024-09-19,INV_01,318398.45,2087584.98,2405983.43,15002,1471,565,1168,5189,3059,2641,512,1054,3186,1528,10197,2111,1893,1027
2024-09-20,INV_01,270163.07,2151365.1,2421528.17,15002,1471,565,1168,5189,3059,2641,512,1054,3186,1528,10197,2111,2607,1027
2024-09-23,INV_01,313513.15,2131722.22,2445235.37,15002,1471,565,1168,5189,3059,2641,512,790,3186,1528,10197,2111,2607,1027
2024-09-24,INV_01,266017.9,2227187.17,2493205.07,15002,1471,565,1168,5189,3059,2641,512,790,3186,1528,18447,2111,2607,1027
2024-09-25,INV_01,225751.5,2359200.55,2584952.05,15002,1471,565,1168,5189,3059,3170,512,790,3186,1528,18447,2111,2607,1027
2024-09-26,INV_01,225751.5,2357168.59,2582920.09,15002,1471,565,1168,5189,3059,3170,512,790,3186,1528,18447,2111,2607,1027
2024-09-27,INV_01,191671.44,2422229.98,2613901.42,15002,1471,565,1168,5189,3059,3170,512,790,3186,1528,18447,2111,2607,1306
2024-09-30,INV_01,191671.44,2449939.24,2641610.68,15002,1471,565,1168,5189,3059,3170,512,790,3186,1528,18447,2111,2607,1306
2024-10-01,INV_01,162756.36,2520874.51,2683630.87,15002,1471,565,1168,5189,3059,3170,512,790,3186,1528,18447,2111,2607,1534
2024-10-02,INV_01,191064.82,2468547.72,2659612.53,15002,1471,565,1168,5189,3059,3170,512,790,3186,1528,13835,2111,2607,1534
2024-10-03,INV_01,241694.58,2404140.89,2645835.47,15002,1471,565,1168,5189,3059,3170,512,790,2389,1528,13835,2111,2607,1534
2024-10-04,INV_01,205128.9,2470874.28,2676003.17,15002,1471,565,1168,5189,3059,3170,512,790,2389,1862,13835,2111,2607,1534
2024-10-07,INV_01,174118.86,2515138.42,2689257.28,15002,1471,565,1168,5189,3059,3170,512,790,2389,2144,13835,2111,2607,1534
2024-10-08,INV_01,147773.55,2552289.82,2700063.37,15002,1471,822,1168,5189,3059,3170,512,790,2389,2144,13835,2111,2607,1534
2024-10-09,INV_01,190240.01,2500798.15,2691038.16,15002,1471,822,1168,5189,3059,3170,512,790,2389,2144,13835,1583,2607,1534
2024-10-10,INV_01,190240.01,2511127.93,2701367.94,15002,1471,822,1168,5189,3059,3170,512,790,2389,2144,13835,1583,2607,1534
2024-10-11,INV_01,190240.01,2539574.5,2729814.51,15002,1471,822,1168,5189,3059,3170,512,790,2389,2144,13835,1583,2607,1534
2024-10-14,INV_01,263552.49,2441353.23,2704905.72,15002,1471,822,1168,5189,2294,3170,512,790,2389,2144,13835,1583,2607,1534
2024-10-15,INV_01,263552.49,2439841.55,2703394.04,15002,1471,822,1168,5189,2294,3170,512,790,2389,2144,13835,1583,2607,1534
2024-10-16,INV_01,285748.29,2421244.97,2706993.26,15002,1471,822,876,5189,2294,3170,512,790,2389,2144,13835,1583,2607,1534
2024-10-18,INV_01,242505.92,2483559.68,2726065.6,15002,1471,1238,876,5189,2294,3170,512,790,2389,2144,13835,1583,2607,1534
2024-10-21,INV_01,242505.92,2473418.29,2715924.22,15002,1471,1238,876,5189,2294,3170,512,790,2389,2144,13835,1583,2607,1534
2024-10-22,INV_01,242505.92,2471777.09,2714283.01,15002,1471,1238,876,5189,2294,3170,512,790,2389,2144,13835,1583,2607,1534
2024-10-23,INV_01,274895.6,2455182.74,2730078.34,15002,1471,1238,876,5189,2294,3170,512,790,2389,2144,13835,1187,2607,1534
2024-10-24,INV_01,274895.6,2494917.06,2769812.66,15002,1471,1238,876,5189,2294,3170,512,790,2389,2144,13835,1187,2607,1534
2024-10-25,INV_01,233307.78,2566066.35,2799374.13,15002,1471,1238,876,5189,2294,3170,512,790,2389,2144,13835,1187,3139,1534
2024-10-28,INV_01,273718.42,2534522.26,2808240.68,15002,1471,1238,876,5189,2294,3170,512,790,1791,2144,13835,1187,3139,1534
2024-10-29,INV_01,273718.42,2555386.92,2829105.34,15002,1471,1238,876,5189,2294,3170,512,790,1791,2144,13835,1187,3139,1534
2024-10-30,INV_01,232342.33,2626551.51,2858893.83,15002,1471,1604,876,5189,2294,3170,512,790,1791,2144,13835,1187,3139,1534
2024-10-31,INV_01,262781.5,2447081.41,2709862.92,15002,1471,1604,876,5189,2294,3170,512,790,1343,2144,13835,1187,3139,1534
2024-11-01,INV_01,222995.42,2500650.85,2723646.27,15002,1471,1604,876,5189,2294,3170,512,790,1343,2144,13835,1187,3608,1534
2024-11-04,INV_01,246196.01,2465306.35,2711502.36,15002,1471,1604,876,5189,2294,3170,512,790,1007,2144,13835,1187,3608,1534
2024-11-05,INV_01,246196.01,2446396.33,2692592.34,15002,1471,1604,876,5189,2294,3170,512,790,1007,2144,13835,1187,3608,1534
2024-11-06,INV_01,246196.01,2428065.43,2674261.43,15002,1471,1604,876,5189,2294,3170,512,790,1007,2144,13835,1187,3608,1534
2024-11-07,INV_01,208897.59,2471368.0,2680265.59,16499,1471,1604,876,5189,2294,3170,512,790,1007,2144,13835,1187,3608,1534
2024-11-08,INV_01,208897.59,2483673.53,2692571.11,16499,1471,1604,876,5189,2294,3170,512,790,1007,2144,13835,1187,3608,1534
2024-11-11,INV_01,177251.61,2528800.33,2706051.95,16499,1471,1604,876,5189,2294,3170,512,2313,1007,2144,13835,1187,3608,1534
2024-11-12,INV_01,195069.67,2529735.81,2724805.47,16499,1471,1604,876,5189,2294,3170,512,2313,755,2144,13835,1187,3608,1534
2024-11-13,INV_01,195069.67,2550407.73,2745477.4,16499,1471,1604,876,5189,2294,3170,512,2313,755,2144,13835,1187,3608,1534
2024-11-14,INV_01,165552.12,2591289.18,2756841.3,16499,1715,1604,876,5189,2294,3170,512,2313,755,2144,13835,1187,3608,1534
2024-11-18,INV_01,165552.12,2589504.93,2755057.05,16499,1715,1604,876,5189,2294,3170,512,2313,755,2144,13835,1187,3608,1534
2024-11-19,INV_01,183392.52,2540093.53,2723486.04,16499,1715,1604,657,5189,2294,3170,512,2313,755,2144,13835,1187,3608,1534
2024-11-20,INV_01,155643.91,2576569.45,2732213.36,16499,1715,1839,657,5189,2294,3170,512,2313,755,2144,13835,1187,3608,1534
2024-11-21,INV_01,257905.58,2453120.93,2711026.51,12374,1715,1839,657,5189,2294,3170,512,2313,755,2144,13835,1187,3608,1534
2024-11-22,INV_01,257905.58,2462013.52,2719919.1,12374,1715,1839,657,5189,2294,3170,512,2313,755,2144,13835,1187,3608,1534
2024-11-25,INV_01,286921.33,2389838.26,2676759.58,12374,1715,1839,657,5189,2294,3170,512,2313,755,2144,13835,890,3608,1534
2024-11-26,INV_01,286921.33,2416524.2,2703445.52,12374,1715,1839,657,5189,2294,3170,512,2313,755,2144,13835,890,3608,1534
2024-11-27,INV_01,243461.27,2475876.47,2719337.73,14086,1715,1839,657,5189,2294,3170,512,2313,755,2144,13835,890,3608,1534
2024-11-28,INV_01,254772.27,2487206.47,2741978.74,14086,1715,1839,657,5189,2294,3170,512,1734,755,2144,13835,890,3608,1534
2024-11-29,INV_01,254772.27,2482287.82,2737060.09,14086,1715,1839,657,5189,2294,3170,512,1734,755,2144,13835,890,3608,1534
2024-12-02,INV_01,268639.62,2494453.69,2763093.32,14086,1715,1839,492,5189,2294,3170,512,1734,755,2144,13835,890,3608,1534
2024-12-03,INV_01,268639.62,2519548.8,2788188.43,14086,1715,1839,492,5189,2294,3170,512,1734,755,2144,13835,890,3608,1534
2024-12-04,INV_01,227951.47,2605431.98,2833383.45,14086,1715,1839,966,5189,2294,3170,512,1734,755,2144,13835,890,3608,1534
2024-12-05,INV_01,227951.47,2631217.75,2859169.22,14086,1715,1839,966,5189,2294,3170,512,1734,755,2144,13835,890,3608,1534
2024-12-06,INV_01,193537.26,2689025.18,2882562.44,14086,1715,2118,966,5189,2294,3170,512,1734,755,2144,13835,890,3608,1534
2024-12-09,INV_01,164323.6,2745709.32,2910032.92,14086,1931,2118,966,5189,2294,3170,512,1734,755,2144,13835,890,3608,1534
2024-12-10,INV_01,164323.6,2747339.06,2911662.66,14086,1931,2118,966,5189,2294,3170,512,1734,755,2144,13835,890,3608,1534
2024-12-11,INV_01,262347.71,2642839.4,2905187.11,10564,1931,2118,966,5189,2294,3170,512,1734,755,2144,13835,890,3608,1534
2024-12-12,INV_01,324911.39,2590332.22,2915243.61,10564,1931,2118,966,5189,1720,3170,512,1734,755,2144,13835,890,3608,1534
2024-12-13,INV_01,275693.58,2693875.08,2969568.66,10564,1931,2118,966,5189,1720,3170,512,1734,755,2144,21332,890,3608,1534
2024-12-16,INV_01,233953.14,2812077.28,3046030.42,10564,1931,2118,966,5189,2093,3170,512,1734,755,2144,21332,890,3608,1534
2024-12-17,INV_01,303918.39,2751014.53,3054932.92,10564,1931,2118,966,5189,2093,2377,512,1734,755,2144,21332,890,3608,1534
2024-12-18,INV_01,258074.39,2812517.42,3070591.81,10564,1931,2118,966,5189,2093,2377,685,1734,755,2144,21332,890,3608,1534
2024-12-19,INV_01,258074.39,2820909.17,3078983.56,10564,1931,2118,966,5189,2093,2377,685,1734,755,2144,21332,890,3608,1534
2024-12-20,INV_01,219034.23,2906160.76,3125194.99,10564,1931,2118,966,5189,2093,2377,685,1734,755,2144,21332,890,4054,1534
2024-12-23,INV_01,185897.26,2979526.33,3165423.59,10564,1931,2118,966,5189,2391,2377,685,1734,755,2144,21332,890,4054,1534
2024-12-24,INV_01,185897.26,3027578.79,3213476.04,10564,1931,2118,966,5189,2391,2377,685,1734,755,2144,21332,890,4054,1534
2024-12-26,INV_01,185897.26,3066323.29,3252220.55,10564,1931,2118,966,5189,2391,2377,685,1734,755,2144,21332,890,4054,1534
2024-12-27,INV_01,185897.26,3072890.47,3258787.73,10564,1931,2118,966,5189,2391,2377,685,1734,755,2144,21332,890,4054,1534
2024-12-30,INV_01,157763.94,3196223.45,3353987.39,10564,1931,2118,966,5189,2391,2661,685,1734,755,2144,21332,890,4054,1534
2024-12-31,INV_01,133901.36,3278683.52,3412584.89,10564,1931,2118,966,5189,2391,2661,685,1734,755,2339,21332,890,4054,1534
2025-01-01,INV_01,113632.49,3298751.72,3412384.21,10564,1931,2118,966,5189,2391,2661,685,2634,755,2339,21332,890,4054,1534
2025-01-02,INV_01,96440.49,3394579.62,3491020.11,11059,1931,2118,966,5189,2391,2661,685,2634,755,2339,21332,890,4054,1534
2025-01-03,INV_01,185969.58,3232253.33,3418222.91,11059,1448,2118,966,5189,2391,2661,685,2634,755,2339,21332,890,4054,1534
2025-01-06,INV_01,275367.21,3112462.35,3387829.56,8294,1448,2118,966,5189,2391,2661,685,2634,755,2339,21332,890,4054,1534
2025-01-07,INV_01,340280.59,3021977.35,3362257.94,8294,1086,2118,966,5189,2391,2661,685,2634,755,2339,21332,890,4054,1534
2025-01-08,INV_01,388397.93,2984327.41,3372725.34,8294,814,2118,966,5189,2391,2661,685,2634,755,2339,21332,890,4054,1534
2025-01-09,INV_01,423243.76,2911542.53,3334786.28,8294,814,2118,966,5189,2391,2661,685,2634,755,2339,15999,890,4054,1534
2025-01-10,INV_01,423243.76,2933817.51,3357061.26,8294,814,2118,966,5189,2391,2661,685,2634,755,2339,15999,890,4054,1534
2025-01-13,INV_01,492223.15,2864141.35,3356364.5,8294,814,2118,966,5189,2391,1995,685,2634,755,2339,15999,890,4054,1534
2025-01-14,INV_01,492223.15,2864141.35,3356364.5,8294,814,2118,966,5189,2391,1995,685,2634,755,2339,15999,890,4054,1534
2025-01-15,INV_01,417663.21,2997270.36,3414933.57,8294,814,2668,966,5189,2391,1995,685,2634,755,2339,15999,890,4054,1534
2025-01-16,INV_01,354459.86,3086671.96,3441131.82,8294,814,2668,966,5189,2391,2603,685,2634,755,2339,15999,890,4054,1534
2025-01-17,INV_01,300884.73,3148858.04,3449742.77,8294,814,3053,966,5189,2391,2603,685,2634,755,2339,15999,890,4054,1534
2025-01-20,INV_01,300884.73,3169928.24,3470812.97,8294,814,3053,966,5189,2391,2603,685,2634,755,2339,15999,890,4054,1534
2025-01-21,INV_01,255455.12,3266348.88,3521804.0,8294,1063,3053,966,5189,2391,2603,685,2634,755,2339,15999,890,4054,1534
2025-01-22,INV_01,216773.89,3363153.22,3579927.11,8294,1063,3053,966,5189,2391,2956,685,2634,755,2339,15999,890,4054,1534
2025-01-23,INV_01,184017.28,3450262.04,3634279.32,8294,1063,3053,966,5189,2391,2956,685,2634,1130,2339,15999,890,4054,1534
2025-01-24,INV_01,200091.47,3399483.91,3599575.38,8294,1063,3053,966,3891,2391,2956,685,2634,1130,2339,15999,890,4054,1534
2025-01-27,INV_01,169821.3,3488852.05,3658673.36,8294,1063,3053,966,3891,2391,2956,685,2634,1130,2339,15999,890,4300,1534
2025-01-28,INV_01,169821.3,3505463.74,3675285.05,8294,1063,3053,966,3891,2391,2956,685,2634,1130,2339,15999,890,4300,1534
2025-01-29,INV_01,144172.75,3537866.06,3682038.82,8294,1063,3053,966,3891,2581,2956,685,2634,1130,2339,15999,890,4300,1534
2025-01-30,INV_01,122485.58,3572205.78,3694691.36,8294,1166,3053,966,3891,2581,2956,685,2634,1130,2339,15999,890,4300,1534
2025-01-31,INV_01,122485.58,3568613.01,3691098.59,8294,1166,3053,966,3891,2581,2956,685,2634,1130,2339,15999,890,4300,1534
2025-02-03,INV_01,196422.32,3458350.67,3654773.0,8294,1166,3053,966,3891,2581,2956,685,2634,1130,1754,15999,890,4300,1534
2025-02-05,INV_01,224651.36,3310170.04,3534821.39,8294,1166,3053,724,3891,2581,2956,685,2634,1130,1754,15999,890,4300,1534
2025-02-06,INV_01,236426.95,3313410.03,3549836.98,8294,1166,3053,724,2918,2581,2956,685,2634,1130,1754,15999,890,4300,1534
2025-02-07,INV_01,200805.17,3400755.22,3601560.39,8294,1338,3053,724,2918,2581,2956,685,2634,1130,1754,15999,890,4300,1534
2025-02-10,INV_01,224045.9,3339431.54,3563477.44,8294,1338,3053,724,2918,2581,2956,685,2634,847,1754,15999,890,4300,1534
2025-02-11,INV_01,233086.09,3283045.52,3516131.6,8294,1338,3053,724,2188,2581,2956,685,2634,847,1754,15999,890,4300,1534
2025-02-13,INV_01,197778.27,3367638.84,3565417.11,8294,1338,3053,724,2188,2581,2956,685,2634,1261,1754,15999,890,4300,1534
2025-02-14,INV_01,167826.53,3482217.91,3650044.44,8294,1338,3053,724,4489,2581,2956,685,2634,1261,1754,15999,890,4300,1534
2025-02-17,INV_01,142476.23,3575987.81,3718464.04,8294,1338,3053,724,4489,2764,2956,685,2634,1261,1754,15999,890,4300,1534
2025-02-18,INV_01,121020.32,3635027.92,3756048.25,8294,1436,3053,724,4489,2764,2956,685,2634,1261,1754,15999,890,4300,1534
2025-02-19,INV_01,198062.6,3518660.32,3716722.92,8294,1077,3053,724,4489,2764,2956,685,2634,1261,1754,15999,890,4300,1534
2025-02-20,INV_01,226723.0,3438999.1,3665722.09,8294,1077,3053,724,4489,2764,2956,685,2634,1261,1754,15999,667,4300,1534
2025-02-21,INV_01,192375.52,3486951.05,3679326.58,8294,1077,3053,724,4489,2764,2956,685,2634,1261,1754,21397,667,4300,1534
2025-02-24,INV_01,278660.42,3343697.04,3622357.46,8294,1077,3053,724,4489,2764,2217,685,2634,1261,1754,21397,667,4300,1534
2025-02-25,INV_01,292788.67,3257175.9,3549964.57,8294,1077,3053,724,4489,2764,2217,685,1975,1261,1754,21397,667,4300,1534
2025-02-26,INV_01,303379.49,3246478.1,3549857.59,8294,1077,3053,724,4489,2764,2217,685,1481,1261,1754,21397,667,4300,1534
2025-02-27,INV_01,355029.04,3207482.69,3562511.73,8294,1077,3053,724,4489,2764,2217,513,1481,1261,1754,21397,667,4300,1534
2025-02-28,INV_01,355029.04,3218248.45,3573277.49,8294,1077,3053,724,4489,2764,2217,513,1481,1261,1754,21397,667,4300,1534
2025-03-03,INV_01,426622.68,3056852.47,3483475.14,8294,1077,3053,724,4489,2764,2217,513,1481,1261,1754,21397,667,4300,1150
2025-03-04,INV_01,464326.03,2981843.09,3446169.12,8294,1077,3053,724,4489,2764,2217,384,1481,1261,1754,21397,667,4300,1150
2025-03-05,INV_01,394095.37,3109452.47,3503547.84,8294,1077,3053,724,4489,3307,2217,384,1481,1261,1754,21397,667,4300,1150
2025-03-06,INV_01,446100.21,3061820.39,3507920.61,8294,807,3053,724,4489,3307,2217,384,1481,1261,1754,21397,667,4300,1150
2025-03-07,INV_01,378540.24,3140394.54,3518934.78,8294,807,3547,724,4489,3307,2217,384,1481,1261,1754,21397,667,4300,1150
2025-03-10,INV_01,493397.95,2998494.34,3491892.3,8294,807,3547,724,4489,3307,2217,384,1481,1261,1754,21397,667,3225,1150
2025-03-11,INV_01,547295.37,2892765.52,3440060.89,8294,807,3547,724,4489,3307,2217,384,1481,1261,1754,21397,667,3225,862
2025-03-12,INV_01,464531.11,3024770.48,3489301.59,8294,807,3547,724,4489,3307,2217,384,1481,1261,1754,21397,667,3225,1291
2025-03-14,INV_01,529199.29,2953352.39,3482551.68,8294,807,3547,724,4489,3307,1662,384,1481,1261,1754,21397,667,3225,1291
2025-03-17,INV_01,548103.84,2885338.7,3433442.54,8294,807,3547,543,4489,3307,1662,384,1481,1261,1754,21397,667,3225,1291
2025-03-18,INV_01,573442.05,2804088.37,3377530.41,8294,807,3547,543,4489,3307,1662,384,1481,945,1754,21397,667,3225,1291
2025-03-19,INV_01,573442.05,2817677.02,3391119.07,8294,807,3547,543,4489,3307,1662,384,1481,945,1754,21397,667,3225,1291
2025-03-20,INV_01,486570.31,2965227.05,3451797.37,8294,1264,3547,543,4489,3307,1662,384,1481,945,1754,21397,667,3225,1291
2025-03-21,INV_01,412864.58,3087885.69,3500750.26,8294,1264,3547,543,4489,3307,1662,384,5081,945,1754,21397,667,3225,1291
2025-03-24,INV_01,438247.08,3053186.16,3491433.24,8294,1264,3547,543,4489,3307,1662,384,3810,945,1754,21397,667,3225,1291
2025-03-25,INV_01,438247.08,3059368.99,3497616.07,8294,1264,3547,543,4489,3307,1662,384,3810,945,1754,21397,667,3225,1291
2025-03-26,INV_01,485821.46,2997067.21,3482888.66,8294,1264,3547,543,4489,3307,1246,384,3810,945,1754,21397,667,3225,1291
2025-03-27,INV_01,412225.11,3077896.52,3490121.63,8294,1264,3547,543,9792,3307,1246,384,3810,945,1754,21397,667,3225,1291
2025-03-28,INV_01,445066.98,3042512.43,3487579.41,8294,1264,3547,543,7344,3307,1246,384,3810,945,1754,21397,667,3225,1291
2025-03-31,INV_01,445066.98,3042512.43,3487579.41,8294,1264,3547,543,7344,3307,1246,384,3810,945,1754,21397,667,3225,1291
2025-04-01,INV_01,377799.81,3182720.12,3560519.93,8294,1612,3547,543,7344,3307,1246,384,3810,945,1754,21397,667,3225,1291
2025-04-02,INV_01,377799.81,3206959.96,3584759.76,8294,1612,3547,543,7344,3307,1246,384,3810,945,1754,21397,667,3225,1291
2025-04-03,INV_01,499201.28,2986078.36,3485279.64,8294,1612,2660,543,7344,3307,1246,384,3810,945,1754,21397,667,3225,1291
2025-04-04,INV_01,529391.33,2882955.58,3412346.9,8294,1612,2660,543,7344,3307,1246,384,3810,945,1754,16047,667,3225,1291
2025-04-07,INV_01,548535.39,2704704.23,3253239.62,8294,1612,2660,543,7344,3307,1246,384,3810,945,1754,16047,500,3225,1291
2025-04-08,INV_01,465448.56,2917604.55,3383053.1,8294,1612,2660,543,7344,3307,1246,384,8033,945,1754,16047,500,3225,1291
2025-04-09,INV_01,517268.66,2794467.31,3311735.98,8294,1612,2660,543,7344,3307,1246,384,8033,945,1315,16047,500,3225,1291
2025-04-10,INV_01,438918.56,3041783.19,3480701.75,8294,1612,2660,543,7344,3307,1246,384,11936,945,1315,16047,500,3225,1291
2025-04-11,INV_01,438918.56,3020267.35,3459185.91,8294,1612,2660,543,7344,3307,1246,384,11936,945,1315,16047,500,3225,1291
2025-04-14,INV_01,438918.56,3020267.35,3459185.91,8294,1612,2660,543,7344,3307,1246,384,11936,945,1315,16047,500,3225,1291
2025-04-15,INV_01,546332.67,2911768.25,3458100.92,8294,1612,2660,543,7344,2480,1246,384,11936,945,1315,16047,500,3225,1291
2025-04-16,INV_01,546332.67,2935959.95,3482292.62,8294,1612,2660,543,7344,2480,1246,384,11936,945,1315,16047,500,3225,1291
2025-04-17,INV_01,546332.67,2936687.22,3483019.89,8294,1612,2660,543,7344,2480,1246,384,11936,945,1315,16047,500,3225,1291
2025-04-21,INV_01,463569.71,3025811.51,3489381.22,8294,1612,2660,543,13610,2480,1246,384,11936,945,1315,16047,500,3225,1291
2025-04-22,INV_01,504366.67,2956133.01,3460499.68,8294,1612,2660,543,13610,2480,1246,384,11936,945,986,16047,500,3225,1291
2025-04-23,INV_01,519440.82,2936431.37,3455872.2,8294,1612,2660,543,13610,2480,1246,384,11936,945,986,16047,375,3225,1291
2025-04-24,INV_01,440761.44,3027128.86,3467890.3,8294,1612,2660,543,13610,2480,1246,384,15875,945,986,16047,375,3225,1291
2025-04-25,INV_01,440761.44,3052364.83,3493126.26,8294,1612,2660,543,13610,2480,1246,384,15875,945,986,16047,375,3225,1291
2025-04-28,INV_01,499626.49,2891170.65,3390797.14,8294,1612,2660,543,13610,2480,1246,384,15875,945,986,16047,375,3225,968
2025-04-29,INV_01,499626.49,2899846.87,3399473.35,8294,1612,2660,543,13610,2480,1246,384,15875,945,986,16047,375,3225,968
2025-04-30,INV_01,576544.02,2802396.53,3378940.55,6220,1612,2660,543,13610,2480,1246,384,15875,945,986,16047,375,3225,968
2025-05-01,INV_01,576544.02,29390.24,605934.26,6220,1612,2660,543,13610,2480,1246,384,15875,945,986,16047,375,3225,968
2025-05-02,INV_01,489206.88,2887221.19,3376428.06,6220,1612,2660,543,13610,2480,4912,384,15875,945,986,16047,375,3225,968
2025-05-05,INV_01,517124.88,2874435.19,3391560.06,6220,1612,2660,543,13610,2480,4912,288,15875,945,986,16047,375,3225,968
2025-05-06,INV_01,438870.44,2957162.44,3396032.89,6220,1612,2660,543,13610,2480,4912,288,15875,1809,986,16047,375,3225,968
2025-05-07,INV_01,462701.72,2906993.59,3369695.31,6220,1612,2660,543,13610,2480,4912,288,15875,1809,986,12035,375,3225,968
2025-05-08,INV_01,392697.36,2990988.26,3383685.62,6220,1612,3165,543,13610,2480,4912,288,15875,1809,986,12035,375,3225,968
2025-05-09,INV_01,333317.04,3049667.23,3382984.28,6220,1612,3165,543,13610,2924,4912,288,15875,1809,986,12035,375,3225,968
2025-05-12,INV_01,333317.04,3049667.23,3382984.28,6220,1612,3165,543,13610,2924,4912,288,15875,1809,986,12035,375,3225,968
2025-05-13,INV_01,390247.3,2992161.93,3382409.22,4665,1612,3165,543,13610,2924,4912,288,15875,1809,986,12035,375,3225,968
2025-05-14,INV_01,331142.48,3115004.97,3446147.46,4665,1612,3165,543,13610,2924,4912,288,18776,1809,986,12035,375,3225,968
2025-05-15,INV_01,280986.42,3197075.88,3478062.3,4665,1612,3165,543,13610,2924,7013,288,18776,1809,986,12035,375,3225,968
2025-05-16,INV_01,238440.68,3245085.55,3483526.22,4665,1612,3165,543,13610,2924,7013,426,18776,1809,986,12035,375,3225,968
2025-05-19,INV_01,252409.58,3225519.58,3477929.15,4665,1612,3165,407,13610,2924,7013,426,18776,1809,986,12035,375,3225,968
2025-05-20,INV_01,294166.57,3170415.03,3464581.6,4665,1612,3165,407,13610,2924,7013,426,18776,1356,986,12035,375,3225,968
2025-05-21,INV_01,249771.01,3224292.8,3474063.81,4665,1612,3165,407,13610,2924,7013,570,18776,1356,986,12035,375,3225,968
2025-05-22,INV_01,212005.09,3290333.1,3502338.19,4665,1612,3165,407,13610,2924,7013,693,18776,1356,986,12035,375,3225,968
2025-05-23,INV_01,180072.93,3330183.87,3510256.8,4665,1612,3165,407,13610,2924,7013,797,18776,1356,986,12035,375,3225,968
2025-05-26,INV_01,152855.69,3367704.52,3520560.22,4665,1612,3165,407,13610,2924,7013,797,18776,1356,986,12035,568,3225,968
2025-05-27,INV_01,129713.69,3415263.22,3544976.91,4665,1612,3165,407,13610,2924,7013,797,19869,1356,986,12035,568,3225,968
2025-05-28,INV_01,110202.83,3451135.86,3561338.69,4665,1707,3165,407,13610,2924,7013,797,19869,1356,986,12035,568,3225,968
2025-05-29,INV_01,93549.5,3504523.78,3598073.28,4665,1786,3165,407,13610,2924,7013,797,19869,1356,986,12035,568,3225,968
2025-05-30,INV_01,93549.5,3536104.69,3629654.18,4665,1786,3165,407,13610,2924,7013,797,19869,1356,986,12035,568,3225,968
2025-06-02,INV_01,79467.97,3604149.06,3683617.03,4665,1786,3165,407,13610,2924,7013,797,19869,1356,986,12035,667,3225,968
2025-06-03,INV_01,67504.52,3702818.88,3770323.41,4665,1786,3165,510,13610,2924,7013,797,19869,1356,986,12035,667,3225,968
2025-06-04,INV_01,57333.57,3741600.5,3798934.07,4665,1786,3165,510,13610,2924,7013,797,19869,1356,986,12035,667,3312,968
2025-06-05,INV_01,48744.02,3776083.23,3824827.26,4665,1786,3165,510,13610,2924,7013,797,19869,1356,986,12035,667,3385,968
2025-06-06,INV_01,63348.5,3745049.45,3808397.95,4665,1786,3165,382,13610,2924,7013,797,19869,1356,986,12035,667,3385,968
2025-06-09,INV_01,53773.88,3792558.47,3846332.35,4665,1786,3165,382,13610,2924,7347,797,19869,1356,986,12035,667,3385,968
2025-06-11,INV_01,53773.88,3846577.55,3900351.43,4665,1786,3165,382,13610,2924,7347,797,19869,1356,986,12035,667,3385,968
2025-06-12,INV_01,45670.4,3863044.88,3908715.28,4665,1786,3165,449,13610,2924,7347,797,19869,1356,986,12035,667,3385,968
2025-06-13,INV_01,145874.73,3721910.77,3867785.5,4665,1786,3165,449,13610,2924,7347,797,19869,1356,986,12035,667,2538,968
2025-06-16,INV_01,209630.73,3633700.44,3843331.17,4665,1786,3165,449,13610,2924,7347,597,19869,1356,986,12035,667,2538,968
2025-06-17,INV_01,177875.22,3663497.06,3841372.29,4665,1786,3165,449,13610,2924,7347,597,19869,1356,986,17364,667,2538,968
2025-06-18,INV_01,223679.76,3564360.68,3788040.44,3498,1786,3165,449,13610,2924,7347,597,19869,1356,986,17364,667,2538,968
2025-06-19,INV_01,334155.08,3402263.75,3736418.83,3498,1786,3165,449,13610,2193,7347,597,19869,1356,986,17364,667,2538,968
2025-06-20,INV_01,283735.88,3517287.68,3801023.56,3498,1786,3165,449,13610,2193,7347,753,19869,1356,986,17364,667,2538,968
2025-06-23,INV_01,295733.93,3426357.62,3722091.56,3498,1786,3165,336,13610,2193,7347,753,19869,1356,986,17364,667,2538,968
2025-06-24,INV_01,250944.47,3573012.89,3823957.37,3498,1786,3165,336,15944,2193,7347,753,19869,1356,986,17364,667,2538,968
2025-06-25,INV_01,250944.47,3573012.89,3823957.37,3498,1786,3165,336,15944,2193,7347,753,19869,1356,986,17364,667,2538,968
2025-06-26,INV_01,213110.38,3724080.94,3937191.31,3498,1786,3165,336,15944,2193,7347,866,19869,1356,986,17364,667,2538,968
2025-06-27,INV_01,319084.11,3620241.23,3939325.34,3498,1339,3165,336,15944,2193,7347,866,19869,1356,986,17364,667,2538,968
2025-06-30,INV_01,270826.92,3729789.97,4000616.89,3498,1339,3165,336,15944,2193,7347,866,19869,1742,986,17364,667,2538,968
2025-07-01,INV_01,229811.83,3773010.49,4002822.32,3498,1339,3165,336,15944,2193,7347,866,21666,1742,986,17364,667,2538,968
2025-07-02,INV_01,195042.58,3828580.17,4023622.74,3498,1339,3165,636,15944,2193,7347,866,21666,1742,986,17364,667,2538,968
2025-07-03,INV_01,250122.35,3760338.76,4010461.11,3498,1339,3165,636,15944,2193,5510,866,21666,1742,986,17364,667,2538,968
2025-07-04,INV_01,212255.04,3806398.07,4018653.1,3498,1339,3165,636,15944,2193,6752,866,21666,1742,986,17364,667,2538,968
2025-07-07,INV_01,212255.04,3793847.69,4006102.73,3498,1339,3165,636,15944,2193,6752,866,21666,1742,986,17364,667,2538,968
2025-07-08,INV_01,180109.33,3825893.91,4006003.24,3498,1339,3165,636,15944,2193,6752,866,21666,1742,986,17364,893,2538,968
2025-07-09,INV_01,180109.33,3865694.82,4045804.15,3498,1339,3165,636,15944,2193,6752,866,21666,1742,986,17364,893,2538,968
2025-07-10,INV_01,152877.96,3892656.57,4045534.53,3498,1339,3165,636,15944,2193,6752,866,21666,1742,1193,17364,893,2538,968
2025-07-11,INV_01,152877.96,3973097.27,4125975.23,3498,1339,3165,636,15944,2193,6752,866,21666,1742,1193,17364,893,2538,968
2025-07-14,INV_01,129724.22,4082998.98,4212723.2,3498,1339,3165,636,15944,2193,6752,866,21666,1742,1193,17364,893,2724,968
2025-07-15,INV_01,110101.77,4149493.57,4259595.34,3498,1339,3165,636,15944,2193,6752,866,21666,1889,1193,17364,893,2724,968
2025-07-16,INV_01,161792.65,4063196.57,4224989.22,3498,1339,3165,636,15944,2193,6752,866,21666,1889,1193,17364,893,2724,726
2025-07-17,INV_01,161792.65,4053115.85,4214908.5,3498,1339,3165,636,15944,2193,6752,866,21666,1889,1193,17364,893,2724,726
2025-07-18,INV_01,137286.01,4103215.94,4240501.94,3498,1339,3165,636,15944,2193,6752,866,21666,1889,1193,21408,893,2724,726
2025-07-21,INV_01,137286.01,4104047.46,4241333.46,3498,1339,3165,636,15944,2193,6752,866,21666,1889,1193,21408,893,2724,726
2025-07-22,INV_01,230500.08,4013977.13,4244477.21,3498,1004,3165,636,15944,2193,6752,866,21666,1889,1193,21408,893,2724,726
2025-07-23,INV_01,195627.81,4075114.91,4270742.73,3498,1004,3369,636,15944,2193,6752,866,21666,1889,1193,21408,893,2724,726
2025-07-24,INV_01,166123.11,4132679.92,4298803.03,3498,1105,3369,636,15944,2193,6752,866,21666,1889,1193,21408,893,2724,726
2025-07-25,INV_01,140967.65,4185976.5,4326944.15,3498,1105,3369,636,17248,2193,6752,866,21666,1889,1193,21408,893,2724,726
2025-07-28,INV_01,119612.21,4223033.38,4342645.58,3498,1105,3369,636,17248,2193,6752,866,21666,1889,1193,24932,893,2724,726
2025-07-29,INV_01,119612.21,4218197.29,4337809.5,3498,1105,3369,636,17248,2193,6752,866,21666,1889,1193,24932,893,2724,726
2025-07-30,INV_01,119612.21,4216000.01,4335612.21,3498,1105,3369,636,17248,2193,6752,866,21666,1889,1193,24932,893,2724,726
2025-07-31,INV_01,101538.3,4244673.6,4346211.9,3498,1105,3369,636,17248,2193,6752,866,21666,2020,1193,24932,893,2724,726
2025-08-01,INV_01,86248.92,4350949.28,4437198.19,3498,1105,3456,636,17248,2193,6752,866,21666,2020,1193,24932,893,2724,726
2025-08-04,INV_01,86248.92,4309802.02,4396050.94,3498,1105,3456,636,17248,2193,6752,866,21666,2020,1193,24932,893,2724,726
2025-08-05,INV_01,136653.69,4242451.17,4379104.87,2623,1105,3456,636,17248,2193,6752,866,21666,2020,1193,24932,893,2724,726
2025-08-06,INV_01,115990.74,4257521.07,4373511.81,2974,1105,3456,636,17248,2193,6752,866,21666,2020,1193,24932,893,2724,726
2025-08-07,INV_01,155508.07,4211991.43,4367499.5,2974,1105,3456,636,17248,2193,6752,866,21666,2020,894,24932,893,2724,726
2025-08-11,INV_01,155508.07,4213945.49,4369453.56,2974,1105,3456,636,17248,2193,6752,866,21666,2020,894,24932,893,2724,726
2025-08-12,INV_01,206618.13,4176460.38,4383078.51,2974,1105,3456,636,17248,2193,5064,866,21666,2020,894,24932,893,2724,726
2025-08-13,INV_01,175366.49,4207463.7,4382830.2,2974,1105,3456,636,17248,2193,5064,866,21666,2020,894,24932,893,2724,854
2025-08-14,INV_01,209105.91,4143693.75,4352799.66,2974,1105,3456,636,17248,2193,5064,866,21666,2020,894,24932,669,2724,854
2025-08-15,INV_01,177430.29,4239337.45,4416767.75,2974,1105,3456,636,17248,2193,5064,866,21666,2020,894,30159,669,2724,854
2025-08-18,INV_01,150564.8,4334965.96,4485530.76,2974,1105,3456,636,17248,2193,5064,866,22808,2020,894,30159,669,2724,854
2025-08-19,INV_01,150564.8,4361739.79,4512304.59,2974,1105,3456,636,17248,2193,5064,866,22808,2020,894,30159,669,2724,854
2025-08-20,INV_01,127815.79,4423777.47,4551593.27,2974,1105,3456,636,17248,2322,5064,866,22808,2020,894,30159,669,2724,854
2025-08-21,INV_01,127815.79,4436772.73,4564588.52,2974,1105,3456,636,17248,2322,5064,866,22808,2020,894,30159,669,2724,854
2025-08-22,INV_01,157143.55,4394399.96,4551543.51,2974,1105,3456,636,17248,2322,5064,866,22808,2020,670,30159,669,2724,854
2025-08-25,INV_01,179264.11,4333179.27,4512443.38,2974,1105,3456,636,17248,2322,5064,866,22808,2020,502,30159,669,2724,854
2025-08-26,INV_01,152200.32,4367349.44,4519549.76,2974,1105,3456,636,17248,2322,5064,866,22808,2212,502,30159,669,2724,854
2025-08-27,INV_01,129230.43,4406102.64,4535333.07,2974,1185,3456,636,17248,2322,5064,866,22808,2212,502,30159,669,2724,854
2025-08-28,INV_01,129230.43,4401759.51,4530989.94,2974,1185,3456,636,17248,2322,5064,866,22808,2212,502,30159,669,2724,854
2025-08-29,INV_01,109757.38,4463347.86,4573105.24,2974,1185,3555,636,17248,2322,5064,866,22808,2212,502,30159,669,2724,854
2025-09-01,INV_01,93193.38,4486191.33,4579384.71,2974,1185,3555,636,17248,2322,5064,907,22808,2212,502,30159,669,2724,854
2025-09-02,INV_01,119777.3,4427577.15,4547354.45,2974,1185,3555,636,17248,2322,5064,907,22808,2212,502,30159,501,2724,854
2025-09-03,INV_01,163434.81,4364675.33,4528110.14,2230,1185,3555,636,17248,2322,5064,907,22808,2212,502,30159,501,2724,854
2025-09-04,INV_01,163434.81,4363987.04,4527421.85,2230,1185,3555,636,17248,2322,5064,907,22808,2212,502,30159,501,2724,854
2025-09-08,INV_01,201145.07,4300308.75,4501453.82,2230,1185,3555,636,17248,2322,3798,907,22808,2212,502,30159,501,2724,854
2025-09-09,INV_01,299050.12,4143231.63,4442281.75,2230,1185,3555,636,17248,1741,3798,907,22808,2212,502,30159,501,2724,854
2025-09-10,INV_01,253844.54,4219270.46,4473115.0,2230,1185,3555,636,17248,1741,3798,907,22808,2212,502,30159,501,3046,854
2025-09-11,INV_01,362700.98,4082456.35,4445157.33,2230,1185,3555,636,12936,1741,3798,907,22808,2212,502,30159,501,3046,854
2025-09-12,INV_01,527281.55,3905629.42,4432910.97,2230,1185,2666,636,12936,1741,3798,907,22808,2212,502,30159,501,3046,854
2025-09-15,INV_01,650372.04,3738033.45,4388405.49,2230,1185,2666,636,12936,1741,3798,907,17106,2212,502,30159,501,3046,854
2025-09-16,INV_01,551897.04,3877574.65,4429471.7,2230,1185,2666,636,12936,1741,3798,907,17106,2212,1252,30159,501,3046,854
2025-09-17,INV_01,468374.63,3986469.43,4454844.07,2230,1185,2666,636,12936,1741,3798,907,17106,2824,1252,30159,501,3046,854
2025-09-18,INV_01,397594.16,4106575.33,4504169.5,2230,1435,2666,636,12936,1741,3798,907,17106,2824,1252,30159,501,3046,854
2025-09-19,INV_01,337449.02,4186159.05,4523608.07,2230,1648,2666,636,12936,1741,3798,907,17106,2824,1252,30159,501,3046,854
2025-09-22,INV_01,286635.92,4269419.11,4556055.03,2230,1648,2666,636,12936,1741,3798,1036,17106,2824,1252,30159,501,3046,854
2025-09-23,INV_01,243306.92,4330334.43,4573641.35,2230,1648,2666,636,12936,1741,3798,1036,17106,2824,1577,30159,501,3046,854
2025-09-24,INV_01,206448.89,4397066.04,4603514.93,2230,1648,2666,636,14345,1741,3798,1036,17106,2824,1577,30159,501,3046,854
2025-09-25,INV_01,175174.93,4460758.18,4635933.11,2230,1751,2666,636,14345,1741,3798,1036,17106,2824,1577,30159,501,3046,854
2025-09-26,INV_01,148648.9,4498853.02,4647501.91,2230,1751,2666,636,14345,1741,3798,1036,18305,2824,1577,30159,501,3046,854
2025-09-29,INV_01,191943.58,4457395.33,4649338.9,2230,1751,2666,636,14345,1741,3798,1036,18305,2824,1577,22619,501,3046,854
2025-09-30,INV_01,212700.88,4433520.68,4646221.56,2230,1751,2666,636,14345,1741,3798,1036,18305,2824,1577,22619,375,3046,854
2025-10-01,INV_01,238594.83,4413223.09,4651817.92,2230,1751,2666,477,14345,1741,3798,1036,18305,2824,1577,22619,375,3046,854
2025-10-02,INV_01,202485.31,4456890.3,4659375.6,2230,1751,2666,695,14345,1741,3798,1036,18305,2824,1577,22619,375,3046,854
2025-10-03,INV_01,234396.47,4434625.08,4669021.55,2230,1751,2666,695,14345,1741,3798,1036,18305,2824,1577,16964,375,3046,854
2025-10-07,INV_01,315025.01,4353421.96,4668446.98,2230,1751,2666,695,14345,1305,3798,1036,18305,2824,1577,16964,375,3046,854
2025-10-08,INV_01,444844.91,4210557.53,4655402.44,2230,1313,2666,695,14345,1305,3798,1036,18305,2824,1577,16964,375,3046,854
2025-10-09,INV_01,444844.91,4215841.4,4660686.32,2230,1313,2666,695,14345,1305,3798,1036,18305,2824,1577,16964,375,3046,854
2025-10-10,INV_01,377453.47,4331060.86,4708514.33,2230,1313,2666,695,14345,1305,3798,1036,18305,2824,1577,28670,375,3046,854
2025-10-13,INV_01,404412.16,4298219.17,4702631.34,2230,1313,2666,521,14345,1305,3798,1036,18305,2824,1577,28670,375,3046,854
2025-10-14,INV_01,343146.17,4388897.18,4732043.35,2230,1313,2666,521,14345,1305,3798,1036,18305,2824,1577,39312,375,3046,854
2025-10-15,INV_01,343146.17,4384004.88,4727151.05,2230,1313,2666,521,14345,1305,3798,1036,18305,2824,1577,39312,375,3046,854
2025-10-16,INV_01,291175.61,4460058.69,4751234.3,2230,1313,2666,521,14345,1305,3798,1036,18305,2824,1961,39312,375,3046,854
2025-10-17,INV_01,291175.61,4485843.36,4777018.97,2230,1313,2666,521,14345,1305,3798,1036,18305,2824,1961,39312,375,3046,854
2025-10-21,INV_01,247100.22,4561928.22,4809028.44,2230,1313,2666,521,14345,1305,3798,1036,18305,2824,1961,39312,375,3348,854
2025-10-22,INV_01,310004.04,4483168.41,4793172.46,2230,1313,2666,521,14345,1305,3798,1036,18305,2824,1961,39312,375,3348,640
2025-10-23,INV_01,263105.7,4536059.86,4799165.57,2230,1313,2666,805,14345,1305,3798,1036,18305,2824,1961,39312,375,3348,640
2025-10-24,INV_01,223276.96,4580567.55,4803844.51,2230,1313,2666,805,14345,1511,3798,1036,18305,2824,1961,39312,375,3348,640
2025-10-27,INV_01,189718.24,4598935.08,4788653.32,2230,1313,2666,805,14345,1511,3798,1036,18305,2824,1961,39312,375,3348,752
2025-10-28,INV_01,288683.16,4470140.26,4758823.42,2230,984,2666,805,14345,1511,3798,1036,18305,2824,1961,39312,375,3348,752
2025-10-29,INV_01,245073.78,4516515.24,4761589.02,2230,984,2666,805,14345,1511,3798,1036,18305,2824,1961,39312,607,3348,752
2025-10-30,INV_01,380276.35,4373306.75,4753583.1,2230,984,1999,805,14345,1511,3798,1036,18305,2824,1961,39312,607,3348,752
2025-10-31,INV_01,433695.61,4323467.75,4757163.36,2230,984,1999,805,14345,1511,3798,1036,18305,2824,1961,39312,607,3348,564
2025-11-03,INV_01,367992.13,4424837.35,4792829.49,2230,984,1999,805,14345,1511,3798,1036,21372,2824,1961,39312,607,3348,564
2025-11-04,INV_01,367992.13,4415409.59,4783401.73,2230,984,1999,805,14345,1511,3798,1036,21372,2824,1961,39312,607,3348,564
2025-11-05,INV_01,367992.13,132376.25,500368.38,2230,984,1999,805,14345,1511,3798,1036,21372,2824,1961,39312,607,3348,564
2025-11-06,INV_01,312644.13,4517038.42,4829682.56,2230,984,1999,805,14345,1511,3798,1173,21372,2824,1961,39312,607,3348,564
2025-11-07,INV_01,265408.25,4606212.35,4871620.6,2230,984,1999,805,14345,1755,3798,1173,21372,2824,1961,39312,607,3348,564
2025-11-10,INV_01,330665.83,4622292.62,4952958.45,2230,984,1999,805,14345,1755,3798,1173,21372,2824,1470,39312,607,3348,564
2025-11-11,INV_01,330665.83,4649065.28,4979731.11,2230,984,1999,805,14345,1755,3798,1173,21372,2824,1470,39312,607,3348,564
2025-11-12,INV_01,280752.64,4711709.75,4992462.39,2230,984,2227,805,14345,1755,3798,1173,21372,2824,1470,39312,607,3348,564
2025-11-13,INV_01,329571.52,4592433.73,4922005.24,2230,984,2227,805,14345,1755,3798,1173,21372,2824,1102,39312,607,3348,564
2025-11-14,INV_01,357064.88,4561012.03,4918076.91,2230,984,2227,805,14345,1755,3798,1173,21372,2824,1102,39312,455,3348,564
2025-11-17,INV_01,390405.61,4513582.77,4903988.38,2230,984,2227,805,14345,1755,2848,1173,21372,2824,1102,39312,455,3348,564
2025-11-18,INV_01,410778.52,4456950.5,4867729.02,2230,984,2227,805,14345,1755,2848,1173,21372,2824,1102,39312,341,3348,564
2025-11-19,INV_01,534658.7,4310687.03,4845345.73,2230,984,2227,805,14345,1755,2848,1173,21372,2824,1102,39312,341,2511,564
2025-11-20,INV_01,453883.91,4403005.22,4856889.12,2230,984,2227,805,14345,1755,2848,1173,21372,2824,1102,39312,341,2511,827
2025-11-21,INV_01,569684.21,4271965.02,4841649.23,2230,984,1670,805,14345,1755,2848,1173,21372,2824,1102,39312,341,2511,827
2025-11-24,INV_01,606731.35,4169811.55,4776542.9,1672,984,1670,805,14345,1755,2848,1173,21372,2824,1102,39312,341,2511,827
2025-11-25,INV_01,514888.98,4279463.87,4794352.86,1672,984,1670,805,14345,1755,2848,1173,21372,3415,1102,39312,341,2511,827
2025-11-26,INV_01,437002.87,4363074.79,4800077.66,1672,984,1670,805,14345,1755,2848,1173,21372,3913,1102,39312,341,2511,827
2025-11-27,INV_01,518610.13,4247667.54,4766277.67,1672,984,1670,805,14345,1316,2848,1173,21372,3913,1102,39312,341,2511,827
2025-11-28,INV_01,550456.95,4209744.27,4760201.21,1672,984,1670,603,14345,1316,2848,1173,21372,3913,1102,39312,341,2511,827
2025-12-01,INV_01,647757.91,3989264.91,4637022.82,1672,984,1670,603,10758,1316,2848,1173,21372,3913,1102,39312,341,2511,827
2025-12-02,INV_01,549735.33,4118309.56,4668044.89,1672,984,1670,603,10758,1316,2848,1173,21372,4569,1102,39312,341,2511,827
2025-12-03,INV_01,617439.45,3969819.64,4587259.09,1672,738,1670,603,10758,1316,2848,1173,21372,4569,1102,39312,341,2511,827
2025-12-05,INV_01,631988.04,3899829.04,4531817.08,1672,738,1670,603,10758,1316,2848,1173,21372,4569,1102,39312,255,2511,827
2025-12-08,INV_01,661372.68,3852211.87,4513584.55,1254,738,1670,603,10758,1316,2848,1173,21372,4569,1102,39312,255,2511,827
2025-12-09,INV_01,561261.48,4010899.36,4572160.84,1254,738,1670,603,10758,1316,2848,1173,21372,4569,1102,39312,255,3219,827
2025-12-10,INV_01,476290.69,4153653.97,4629944.66,1254,738,1670,1162,10758,1316,2848,1173,21372,4569,1102,39312,255,3219,827
2025-12-11,INV_01,404246.38,4259818.09,4664064.46,1254,738,2024,1162,10758,1316,2848,1173,21372,4569,1102,39312,255,3219,827
2025-12-12,INV_01,343128.7,4322833.83,4665962.53,1254,738,2024,1162,10758,1316,2848,1173,21372,4970,1102,39312,255,3219,827
2025-12-15,INV_01,399561.08,4248440.04,4648001.12,1254,738,2024,1162,10758,1316,2848,1173,21372,4970,1102,29484,255,3219,827
2025-12-16,INV_01,399561.08,4248306.87,4647867.94,1254,738,2024,1162,10758,1316,2848,1173,21372,4970,1102,29484,255,3219,827
2025-12-17,INV_01,399561.08,4256115.7,4655676.78,1254,738,2024,1162,10758,1316,2848,1173,21372,4970,1102,29484,255,3219,827
2025-12-18,INV_01,498747.2,4138364.46,4637111.65,1254,738,1518,1162,10758,1316,2848,1173,21372,4970,1102,29484,255,3219,827
2025-12-19,INV_01,533721.92,4081264.38,4614986.3,1254,738,1518,1162,10758,1316,2848,1173,21372,4970,826,29484,255,3219,827
2025-12-22,INV_01,533721.92,4053635.3,4587357.22,1254,738,1518,1162,10758,1316,2848,1173,21372,4970,826,29484,255,3219,827
2025-12-23,INV_01,645780.02,3939427.22,4585207.23,1254,738,1518,1162,10758,1316,2848,879,21372,4970,826,29484,255,3219,827
2025-12-24,INV_01,720455.72,3861635.12,4582090.84,1254,738,1138,1162,10758,1316,2848,879,21372,4970,826,29484,255,3219,827
2025-12-25,INV_01,720455.72,1209464.79,1929920.51,1254,738,1138,1162,10758,1316,2848,879,21372,4970,826,29484,255,3219,827
2025-12-26,INV_01,611324.81,3999290.46,4610615.27,1254,738,1138,1162,10758,1316,5989,879,21372,4970,826,29484,255,3219,827
2025-12-29,INV_01,518867.25,4078971.74,4597838.99,1254,738,1138,1162,10758,1801,5989,879,21372,4970,826,29484,255,3219,827
2025-12-30,INV_01,440390.25,4205858.99,4646249.24,1254,738,1138,1162,10758,1801,5989,879,21372,4970,826,29484,255,3774,827
2025-12-31,INV_01,373747.61,4309016.95,4682764.57,1254,738,1138,1162,10758,1801,5989,879,21372,4970,826,29484,255,3774,1040
2026-01-02,INV_01,317197.99,4400785.19,4717983.18,1254,738,1138,1162,10758,2092,5989,879,21372,4970,826,29484,255,3774,1040
2026-01-05,INV_01,328118.45,4386930.86,4715049.31,1254,738,1138,1162,10758,2092,5989,879,21372,4970,826,29484,191,3774,1040
2026-01-06,INV_01,278782.48,4533820.84,4812603.31,1254,738,1138,1162,10758,2092,5989,996,21372,4970,826,29484,191,3774,1040
2026-01-07,INV_01,236617.0,4575568.84,4812185.83,1254,738,1138,1162,10758,2092,5989,996,21372,4970,826,29484,191,4058,1040
2026-01-08,INV_01,340531.24,4470604.96,4811136.2,1254,738,1138,1162,10758,1569,5989,996,21372,4970,826,29484,191,4058,1040
2026-01-09,INV_01,288999.22,4626520.32,4915519.55,1928,738,1138,1162,10758,1569,5989,996,21372,4970,826,29484,191,4058,1040
2026-01-12,INV_01,245215.98,4665377.12,4910593.1,1928,738,1138,1162,10758,1569,5989,996,21372,4970,1143,29484,191,4058,1040
2026-01-13,INV_01,208073.35,4709450.51,4917523.86,1928,738,1138,1162,10758,1569,5989,996,23021,4970,1143,29484,191,4058,1040
2026-01-14,INV_01,176556.88,4786901.09,4963457.96,1928,738,1138,1162,10758,1569,5989,996,24414,4970,1143,29484,191,4058,1040
2026-01-16,INV_01,176556.88,4788503.49,4965060.37,1928,738,1138,1162,10758,1569,5989,996,24414,4970,1143,29484,191,4058,1040
2026-01-19,INV_01,176556.88,4763130.0,4939686.87,1928,738,1138,1162,10758,1569,5989,996,24414,4970,1143,29484,191,4058,1040
2026-01-20,INV_01,149814.1,4802055.86,4951869.96,1928,738,1138,1162,10758,1569,5989,996,24414,4970,1143,33897,191,4058,1040
2026-01-21,INV_01,127316.35,4882493.5,5009809.85,1928,738,1237,1162,10758,1569,5989,996,24414,4970,1143,33897,191,4058,1040
2026-01-22,INV_01,179468.31,4807726.14,4987194.45,1928,553,1237,1162,10758,1569,5989,996,24414,4970,1143,33897,191,4058,1040
2026-01-23,INV_01,179468.31,4843112.41,5022580.72,1928,553,1237,1162,10758,1569,5989,996,24414,4970,1143,33897,191,4058,1040
2026-01-26,INV_01,179468.31,4846342.21,5025810.52,1928,553,1237,1162,10758,1569,5989,996,24414,4970,1143,33897,191,4058,1040
2026-01-27,INV_01,230648.83,4798500.37,5029149.21,1928,553,1237,1162,10758,1569,5989,996,24414,4970,1143,25422,191,4058,1040
2026-01-28,INV_01,230648.83,4796084.82,5026733.66,1928,553,1237,1162,10758,1569,5989,996,24414,4970,1143,25422,191,4058,1040
2026-01-29,INV_01,268403.47,4743264.63,5011668.11,1928,553,1237,1162,10758,1569,5989,996,24414,4970,1143,19066,191,4058,1040
2026-01-30,INV_01,268403.47,4748723.75,5017127.23,1928,553,1237,1162,10758,1569,5989,996,24414,4970,1143,19066,191,4058,1040
2026-02-02,INV_01,354954.22,4629537.0,4984491.22,1928,553,1237,1162,8068,1569,5989,996,24414,4970,1143,19066,191,4058,1040
2026-02-03,INV_01,354954.22,4631207.73,4986161.95,1928,553,1237,1162,8068,1569,5989,996,24414,4970,1143,19066,191,4058,1040
2026-02-05,INV_01,354954.22,4635489.67,4990443.9,1928,553,1237,1162,8068,1569,5989,996,24414,4970,1143,19066,191,4058,1040
2026-02-06,INV_01,301218.69,4696189.37,4997408.06,1928,553,1237,1162,8068,1569,5989,996,24414,4970,1521,19066,191,4058,1040
2026-02-09,INV_01,255612.34,4729231.93,4984844.28,1928,553,1237,1162,9424,1569,5989,996,24414,4970,1521,19066,191,4058,1040
2026-02-10,INV_01,255612.34,4722920.2,4978532.54,1928,553,1237,1162,9424,1569,5989,996,24414,4970,1521,19066,191,4058,1040
2026-02-11,INV_01,255612.34,4731396.1,4987008.44,1928,553,1237,1162,9424,1569,5989,996,24414,4970,1521,19066,191,4058,1040
2026-02-12,INV_01,361611.64,4615235.45,4976847.09,1928,553,1237,1162,9424,1569,5989,747,24414,4970,1521,19066,191,4058,1040
2026-02-13,INV_01,307000.47,4678567.71,4985568.18,1928,553,1237,1162,9424,1569,5989,747,24414,4970,1521,19066,496,4058,1040
2026-02-16,INV_01,260778.76,4778648.54,5039427.3,1928,553,1237,1162,9424,1569,5989,747,24414,4970,1521,19066,496,4058,1176
2026-02-17,INV_01,221285.74,4819408.35,5040694.09,1928,700,1237,1162,9424,1569,5989,747,24414,4970,1521,19066,496,4058,1176
2026-02-18,INV_01,187797.92,4875317.64,5063115.56,1928,825,1237,1162,9424,1569,5989,747,24414,4970,1521,19066,496,4058,1176
2026-02-19,INV_01,233604.23,4829048.64,5062652.87,1928,825,1237,871,9424,1569,5989,747,24414,4970,1521,19066,496,4058,1176
2026-02-20,INV_01,268963.27,4793332.44,5062295.71,1446,825,1237,871,9424,1569,5989,747,24414,4970,1521,19066,496,4058,1176
2026-02-23,INV_01,228367.33,4833526.44,5061893.77,1446,825,1237,871,9424,1569,5989,747,24414,4970,1521,19066,496,4319,1176
2026-02-24,INV_01,228367.33,4833526.44,5061893.77,1446,825,1237,871,9424,1569,5989,747,24414,4970,1521,19066,496,4319,1176
2026-02-25,INV_01,255739.45,4805877.84,5061617.29,1446,825,1237,871,9424,1569,5989,747,24414,4970,1521,14299,496,4319,1176
2026-02-26,INV_01,333409.7,4727423.04,5060832.74,1446,825,1237,871,7068,1569,5989,747,24414,4970,1521,14299,496,4319,1176
2026-02-27,INV_01,283069.28,4777265.04,5060334.32,1446,825,1450,871,7068,1569,5989,747,24414,4970,1521,14299,496,4319,1176
2026-03-02,INV_01,317384.66,4739172.77,5056557.42,1446,825,1450,653,7068,1569,5989,747,24414,4970,1521,14299,496,4319,1176
2026-03-03,INV_01,269302.19,4786779.17,5056081.36,1446,825,1450,653,7068,1569,5989,747,24414,4970,1521,22507,496,4319,1176
2026-03-04,INV_01,362289.92,3688380.92,4050670.85,1446,825,1450,653,7068,1176,5989,747,24414,4970,1521,22507,496,4319,1176
2020-01-01,INV_02,1000000.0,0.0,1000000.0,0,0,0,0,0,0,0,0,0,0,0,0,0,0,0
2020-01-02,INV_02,1000000.0,0.0,1000000.0,0,0,0,0,0,0,0,0,0,0,0,0,0,0,0
2020-01-03,INV_02,848504.21,149995.83,998500.04,0,0,0,0,0,0,0,0,0,5820,0,0,0,0,0
2020-01-06,INV_02,848504.21,148300.96,996805.17,0,0,0,0,0,0,0,0,0,5820,0,0,0,0,0
2020-01-07,INV_02,848504.21,150654.94,999159.15,0,0,0,0,0,0,0,0,0,5820,0,0,0,0,0
2020-01-08,INV_02,848504.21,146417.78,994921.99,0,0,0,0,0,0,0,0,0,5820,0,0,0,0,0
2020-01-09,INV_02,719961.98,275193.86,995155.84,0,0,0,0,0,0,0,0,0,5820,0,0,0,0,2036
2020-01-10,INV_02,751461.19,243376.48,994837.67,0,0,0,0,0,0,0,0,0,5820,0,0,0,0,1527
2020-01-13,INV_02,751461.19,243255.8,994716.99,0,0,0,0,0,0,0,0,0,5820,0,0,0,0,1527
2020-01-14,INV_02,787816.11,204894.54,992710.65,0,0,0,0,0,0,0,0,0,4365,0,0,0,0,1527
2020-01-15,INV_02,668465.78,323063.18,991528.96,0,0,0,0,0,0,1674,0,0,4365,0,0,0,0,1527
2020-01-16,INV_02,567244.76,423303.88,990548.63,0,0,0,0,0,0,1674,0,0,4365,0,0,0,1354,1527
2020-01-17,INV_02,594529.68,393513.98,988043.66,0,0,0,0,0,0,1674,0,0,3273,0,0,0,1354,1527
2020-01-20,INV_02,504467.15,481313.13,985780.28,0,0,0,0,0,0,1674,0,0,6852,0,0,0,1354,1527
2020-01-21,INV_02,533826.29,453273.2,987099.49,0,0,0,0,0,0,1255,0,0,6852,0,0,0,1354,1527
2020-01-22,INV_02,452961.04,535524.26,988485.3,0,0,0,0,0,0,1255,0,0,6852,0,0,3434,1354,1527
2020-01-23,INV_02,495433.16,493445.5,988878.66,0,0,0,0,0,0,1255,0,0,5139,0,0,3434,1354,1527
2020-01-24,INV_02,528363.69,464593.09,992956.77,0,0,0,0,0,0,1255,0,0,3854,0,0,3434,1354,1527
2020-01-27,INV_02,552898.15,435804.69,988702.85,0,0,0,0,0,0,1255,0,0,2890,0,0,3434,1354,1527
2020-01-28,INV_02,552898.15,433858.66,986756.82,0,0,0,0,0,0,1255,0,0,2890,0,0,3434,1354,1527
2020-01-29,INV_02,469162.88,517068.25,986231.13,0,0,0,0,0,0,1255,0,0,2890,0,0,3434,1354,2872
2020-01-30,INV_02,490787.38,494646.65,985434.03,0,0,0,0,0,0,941,0,0,2890,0,0,3434,1354,2872
2020-01-31,INV_02,490787.38,494981.28,985768.66,0,0,0,0,0,0,941,0,0,2890,0,0,3434,1354,2872
2020-02-03,INV_02,509623.53,472580.36,982203.9,0,0,0,0,0,0,941,0,0,2890,0,0,2575,1354,2872
2020-02-04,INV_02,432417.18,549022.3,981439.48,0,0,0,0,0,0,941,0,0,5871,0,0,2575,1354,2872
2020-02-05,INV_02,432417.18,546801.18,979218.36,0,0,0,0,0,0,941,0,0,5871,0,0,2575,1354,2872
2020-02-06,INV_02,448015.51,527315.22,975330.73,0,0,0,0,0,0,705,0,0,5871,0,0,2575,1354,2872
2020-02-07,INV_02,448015.51,529464.12,977479.64,0,0,0,0,0,0,705,0,0,5871,0,0,2575,1354,2872
2020-02-10,INV_02,472628.19,504013.23,976641.42,0,0,0,0,0,0,705,0,0,5871,0,0,2575,1015,2872
2020-02-11,INV_02,401077.92,576219.5,977297.42,0,0,0,0,0,0,705,0,0,5871,0,0,2575,1989,2872
2020-02-12,INV_02,340330.26,634141.05,974471.31,0,0,0,930,0,0,705,0,0,5871,0,0,2575,1989,2872
2020-02-13,INV_02,340330.26,630603.82,970934.09,0,0,0,930,0,0,705,0,0,5871,0,0,2575,1989,2872
2020-02-14,INV_02,288823.43,683690.52,972513.95,0,0,0,930,0,0,705,0,0,5871,0,0,2575,2699,2872
2020-02-17,INV_02,336922.48,633016.92,969939.4,0,0,0,930,0,0,705,0,0,5871,0,0,2575,2024,2872
2020-02-18,INV_02,375248.11,593139.11,968387.22,0,0,0,930,0,0,705,0,0,4403,0,0,2575,2024,2872
2020-02-19,INV_02,318404.1,662908.23,981312.33,0,0,0,1790,0,0,705,0,0,4403,0,0,2575,2024,2872
2020-02-20,INV_02,360534.06,609715.21,970249.27,0,0,0,1790,0,0,705,0,0,4403,0,0,2575,2024,2154
2020-02-21,INV_02,360534.06,609715.21,970249.27,0,0,0,1790,0,0,705,0,0,4403,0,0,2575,2024,2154
2020-02-24,INV_02,305926.48,667037.22,972963.7,0,0,0,2626,0,0,705,0,0,4403,0,0,2575,2024,2154
2020-02-25,INV_02,347741.57,617107.06,964848.63,0,0,0,1969,0,0,705,0,0,4403,0,0,2575,2024,2154
2020-02-26,INV_02,360896.99,595598.06,956495.05,0,0,0,1969,0,0,705,0,0,4403,0,0,1931,2024,2154
2020-02-27,INV_02,306225.13,650495.78,956720.9,0,0,0,1969,6649,0,705,0,0,4403,0,0,1931,2024,2154
2020-02-28,INV_02,306225.13,649518.59,955743.71,0,0,0,1969,6649,0,705,0,0,4403,0,0,1931,2024,2154
2020-03-02,INV_02,306225.13,651108.26,957333.39,0,0,0,1969,6649,0,705,0,0,4403,0,0,1931,2024,2154
2020-03-03,INV_02,306225.13,650929.11,957154.24,0,0,0,1969,6649,0,705,0,0,4403,0,0,1931,2024,2154
2020-03-04,INV_02,342079.6,599118.54,941198.14,0,0,0,1969,6649,0,705,0,0,4403,0,0,1931,1518,2154
2020-03-05,INV_02,353042.06,586791.57,939833.63,0,0,0,1969,6649,0,528,0,0,4403,0,0,1931,1518,2154
2020-03-06,INV_02,380304.99,541887.14,922192.12,0,0,0,1969,6649,0,528,0,0,3302,0,0,1931,1518,2154
2020-03-09,INV_02,322689.69,598931.99,921621.68,0,0,0,1969,6649,0,528,0,0,3302,4422,0,1931,1518,2154
2020-03-10,INV_02,337247.95,567127.21,904375.16,0,0,0,1969,6649,0,528,0,0,3302,3316,0,1931,1518,2154
2020-03-11,INV_02,286243.91,626038.97,912282.87,0,0,0,1969,6649,0,528,0,379,3302,3316,0,1931,1518,2154
2020-03-12,INV_02,294187.33,588102.26,882289.58,0,0,0,1969,6649,0,528,0,379,3302,3316,0,1448,1518,2154
2020-03-13,INV_02,301508.58,562983.36,864491.93,0,0,0,1969,6649,0,396,0,379,3302,3316,0,1448,1518,2154
2020-03-16,INV_02,306999.52,557436.95,864436.47,0,0,0,1969,6649,0,297,0,379,3302,3316,0,1448,1518,2154
2020-03-17,INV_02,318581.93,545737.54,864319.48,0,0,0,1969,6649,0,297,0,284,3302,3316,0,1448,1518,2154
2020-03-18,INV_02,318581.93,545737.54,864319.48,0,0,0,1969,6649,0,297,0,284,3302,3316,0,1448,1518,2154
2020-03-19,INV_02,322741.74,541535.72,864277.46,0,0,0,1969,6649,0,222,0,284,3302,3316,0,1448,1518,2154
2020-03-20,INV_02,333004.32,480486.06,813490.38,0,0,0,1969,6649,0,222,0,284,3302,2487,0,1448,1518,2154
2020-03-23,INV_02,342266.81,471130.01,813396.82,0,0,0,1969,4986,0,222,0,284,3302,2487,0,1448,1518,2154
2020-03-24,INV_02,342266.81,471130.01,813396.82,0,0,0,1969,4986,0,222,0,284,3302,2487,0,1448,1518,2154
2020-03-25,INV_02,290413.74,522469.69,812883.43,0,0,0,1969,4986,0,222,0,284,3302,2487,0,1448,2478,2154
2020-03-26,INV_02,317882.13,494723.84,812605.97,0,0,0,1969,4986,0,222,0,284,3302,2487,0,1448,2478,1615
2020-03-27,INV_02,317882.13,494723.84,812605.97,0,0,0,1969,4986,0,222,0,284,3302,2487,0,1448,2478,1615
2020-03-30,INV_02,322812.0,489744.17,812556.17,0,0,0,1969,4986,0,222,0,284,3302,2487,0,1086,2478,1615
2020-03-31,INV_02,273906.86,538165.1,812071.96,0,770,0,1969,4986,0,222,0,284,3302,2487,0,1086,2478,1615
2020-04-01,INV_02,232437.95,579223.42,811661.38,0,770,0,2849,4986,0,222,0,284,3302,2487,0,1086,2478,1615
2020-04-02,INV_02,232437.95,579223.42,811661.38,0,770,0,2849,4986,0,222,0,284,3302,2487,0,1086,2478,1615
2020-04-03,INV_02,244453.26,567086.75,811540.01,0,577,0,2849,4986,0,222,0,284,3302,2487,0,1086,2478,1615
2020-04-06,INV_02,244453.26,567086.75,811540.01,0,577,0,2849,4986,0,222,0,284,3302,2487,0,1086,2478,1615
2020-04-07,INV_02,248157.48,563345.11,811502.59,0,577,0,2849,4986,0,222,0,284,3302,2487,0,814,2478,1615
2020-04-08,INV_02,256104.5,555317.82,811422.32,0,577,0,2849,4986,0,222,0,213,3302,2487,0,814,2478,1615
2020-04-09,INV_02,256104.5,555317.82,811422.32,0,577,0,2849,4986,0,222,0,213,3302,2487,0,814,2478,1615
2020-04-10,INV_02,256104.5,555317.82,811422.32,0,577,0,2849,4986,0,222,0,213,3302,2487,0,814,2478,1615
2020-04-13,INV_02,217306.16,593732.02,811038.18,0,577,0,2849,4986,0,222,0,213,3302,2487,17461,814,2478,1615
2020-04-14,INV_02,226815.31,584126.82,810942.13,0,577,0,2849,4986,0,222,0,213,3302,2487,13095,814,2478,1615
2020-04-15,INV_02,226815.31,584126.82,810942.13,0,577,0,2849,4986,0,222,0,213,3302,2487,13095,814,2478,1615
2020-04-16,INV_02,233760.78,577111.19,810871.97,0,577,0,2849,3739,0,222,0,213,3302,2487,13095,814,2478,1615
2020-04-17,INV_02,242787.82,567992.96,810780.79,0,432,0,2849,3739,0,222,0,213,3302,2487,13095,814,2478,1615
2020-04-20,INV_02,206058.25,604358.88,810417.13,0,432,0,2849,3739,0,915,0,213,3302,2487,13095,814,2478,1615
2020-04-21,INV_02,206058.25,604358.88,810417.13,0,432,0,2849,3739,0,915,0,213,3302,2487,13095,814,2478,1615
2020-04-22,INV_02,174849.37,635258.76,810108.13,0,432,0,2849,3739,0,915,0,213,4887,2487,13095,814,2478,1615
2020-04-23,INV_02,174849.37,635258.76,810108.13,0,432,0,2849,3739,0,915,0,213,4887,2487,13095,814,2478,1615
2020-04-24,INV_02,174849.37,635258.76,810108.13,0,432,0,2849,3739,0,915,0,213,4887,2487,13095,814,2478,1615
2020-04-27,INV_02,148362.7,661483.19,809845.89,0,432,0,2849,3739,2786,915,0,213,4887,2487,13095,814,2478,1615
2020-04-28,INV_02,125890.34,683733.04,809623.39,0,432,0,2849,3739,2786,1339,0,213,4887,2487,13095,814,2478,1615
2020-04-29,INV_02,125890.34,683733.04,809623.39,0,432,0,2849,3739,2786,1339,0,213,4887,2487,13095,814,2478,1615
2020-04-30,INV_02,146478.9,662936.53,809415.42,0,432,0,2849,3739,2786,1339,0,213,4887,2487,13095,814,2478,1211
2020-05-01,INV_02,124289.66,684906.07,809195.73,0,432,0,2849,7644,2786,1339,0,213,4887,2487,13095,814,2478,1211
2020-05-04,INV_02,105471.6,703537.81,809009.41,0,432,0,2849,7644,2786,1339,0,213,4887,3977,13095,814,2478,1211
2020-05-05,INV_02,105471.6,703537.81,809009.41,0,432,0,2849,7644,2786,1339,0,213,4887,3977,13095,814,2478,1211
2020-05-06,INV_02,89537.58,719314.07,808851.65,0,432,0,2849,7644,2786,1339,0,213,4887,3977,13095,814,2773,1211
2020-05-07,INV_02,89537.58,719314.07,808851.65,0,432,0,2849,7644,2786,1339,0,213,4887,3977,13095,814,2773,1211
2020-05-08,INV_02,89537.58,719314.07,808851.65,0,432,0,2849,7644,2786,1339,0,213,4887,3977,13095,814,2773,1211
2020-05-11,INV_02,96261.17,682953.72,779214.89,0,324,0,2849,7644,2786,1339,0,213,4887,3977,13095,814,2773,1211
2020-05-12,INV_02,106153.63,633284.18,739437.81,0,324,0,2849,5733,2786,1339,0,213,4887,3977,13095,814,2773,1211
2020-05-13,INV_02,90094.83,680454.21,770549.04,0,324,408,2849,5733,2786,1339,0,213,4887,3977,13095,814,2773,1211
2020-05-14,INV_02,92578.7,673614.87,766193.57,0,324,408,2849,5733,2786,1339,0,213,4887,3977,13095,610,2773,1211
2020-05-15,INV_02,78562.64,716044.93,794607.56,0,324,768,2849,5733,2786,1339,0,213,4887,3977,13095,610,2773,1211
2020-05-18,INV_02,66661.3,765507.03,832168.34,0,324,768,2849,7607,2786,1339,0,213,4887,3977,13095,610,2773,1211
2020-05-19,INV_02,66661.3,769732.65,836393.95,0,324,768,2849,7607,2786,1339,0,213,4887,3977,13095,610,2773,1211
2020-05-20,INV_02,56593.31,780612.96,837206.27,0,324,768,2849,7607,2786,1339,0,213,4887,3977,13095,610,2958,1211
2020-05-21,INV_02,48020.09,824342.01,872362.09,0,324,768,2849,7607,2786,1339,108,213,4887,3977,13095,610,2958,1211
2020-05-22,INV_02,84703.9,786990.89,871694.78,0,324,768,2136,7607,2786,1339,108,213,4887,3977,13095,610,2958,1211
2020-05-25,INV_02,71879.29,799688.52,871567.81,0,324,768,2136,7607,2786,1339,108,213,4887,5123,13095,610,2958,1211
2020-05-26,INV_02,98783.72,763039.12,861822.84,0,324,768,1602,7607,2786,1339,108,213,4887,5123,13095,610,2958,1211
2020-05-27,INV_02,124619.45,738734.4,863353.85,0,324,768,1602,7607,2786,1339,108,213,3665,5123,13095,610,2958,1211
2020-05-28,INV_02,105762.01,767834.88,873596.88,0,324,768,1602,7607,2786,1339,108,213,3665,5123,13095,610,3279,1211
2020-05-29,INV_02,110742.45,755013.22,865755.66,0,243,768,1602,7607,2786,1339,108,213,3665,5123,13095,610,3279,1211
2020-06-01,INV_02,129322.89,723416.58,852739.48,0,243,768,1602,7607,2786,1004,108,213,3665,5123,13095,610,3279,1211
2020-06-02,INV_02,109735.56,742288.69,852024.26,1529,243,768,1602,7607,2786,1004,108,213,3665,5123,13095,610,3279,1211
2020-06-03,INV_02,93112.34,761199.84,854312.17,1529,243,768,1602,7607,2786,1004,108,213,3665,5123,13095,610,3279,1545
2020-06-04,INV_02,79013.27,776326.08,855339.36,1529,243,768,1602,7607,4196,1004,108,213,3665,5123,13095,610,3279,1545
2020-06-05,INV_02,84774.66,770506.5,855281.16,1529,243,768,1602,7607,4196,1004,108,159,3665,5123,13095,610,3279,1545
2020-06-08,INV_02,93265.13,768913.25,862178.38,1529,243,576,1602,7607,4196,1004,108,159,3665,5123,13095,610,3279,1545
2020-06-09,INV_02,93265.13,778089.26,871354.39,1529,243,576,1602,7607,4196,1004,108,159,3665,5123,13095,610,3279,1545
2020-06-10,INV_02,79137.36,793013.78,872151.14,2510,243,576,1602,7607,4196,1004,108,159,3665,5123,13095,610,3279,1545
2020-06-11,INV_02,82888.06,791927.6,874815.65,2510,182,576,1602,7607,4196,1004,108,159,3665,5123,13095,610,3279,1545
2020-06-12,INV_02,82888.06,788674.44,871562.5,2510,182,576,1602,7607,4196,1004,108,159,3665,5123,13095,610,3279,1545
2020-06-15,INV_02,97441.39,771244.71,868686.1,2510,182,576,1602,7607,4196,1004,108,159,3665,3842,13095,610,3279,1545
2020-06-16,INV_02,117989.06,755525.18,873514.24,2510,182,576,1602,7607,4196,1004,108,159,2748,3842,13095,610,3279,1545
2020-06-17,INV_02,100115.37,781374.23,881489.61,2510,182,576,1602,7607,6010,1004,108,159,2748,3842,13095,610,3279,1545
2020-06-18,INV_02,84990.27,810026.91,895017.19,2510,182,881,1602,7607,6010,1004,108,159,2748,3842,13095,610,3279,1545
2020-06-19,INV_02,72120.0,828603.3,900723.3,2510,182,881,1602,7607,6010,1004,108,159,3311,3842,13095,610,3279,1545
2020-06-22,INV_02,81191.15,835523.7,916714.85,1882,182,881,1602,7607,6010,1004,108,159,3311,3842,13095,610,3279,1545
2020-06-23,INV_02,81191.15,840389.41,921580.56,1882,182,881,1602,7607,6010,1004,108,159,3311,3842,13095,610,3279,1545
2020-06-24,INV_02,81191.15,840924.59,922115.74,1882,182,881,1602,7607,6010,1004,108,159,3311,3842,13095,610,3279,1545
2020-06-25,INV_02,68894.05,868595.17,937489.22,1882,182,881,1602,7607,6010,1004,243,159,3311,3842,13095,610,3279,1545
2020-06-26,INV_02,58460.53,879681.97,938142.5,1882,182,881,1602,7607,6010,1004,243,159,3311,3842,13095,610,3444,1545
2020-06-29,INV_02,58460.53,877162.07,935622.61,1882,182,881,1602,7607,6010,1004,243,159,3311,3842,13095,610,3444,1545
2020-06-30,INV_02,65689.11,866209.96,931899.07,1411,182,881,1602,7607,6010,1004,243,159,3311,3842,13095,610,3444,1545
2020-07-01,INV_02,76709.39,853992.95,930702.35,1411,182,881,1602,7607,6010,1004,243,159,3311,3842,9821,610,3444,1545
2020-07-02,INV_02,90978.9,829438.94,920417.84,1411,182,881,1602,7607,6010,753,243,159,3311,3842,9821,610,3444,1545
2020-07-03,INV_02,96309.58,809662.04,905971.62,1058,182,881,1602,7607,6010,753,243,159,3311,3842,9821,610,3444,1545
2020-07-06,INV_02,96309.58,806767.88,903077.47,1058,182,881,1602,7607,6010,753,243,159,3311,3842,9821,610,3444,1545
2020-07-07,INV_02,81736.62,829387.4,911124.03,1058,182,1143,1602,7607,6010,753,243,159,3311,3842,9821,610,3444,1545
2020-07-08,INV_02,81736.62,823144.23,904880.85,1058,182,1143,1602,7607,6010,753,243,159,3311,3842,9821,610,3444,1545
2020-07-09,INV_02,69365.24,836690.41,906055.65,1058,182,1143,1602,7607,6010,753,243,159,3311,4780,9821,610,3444,1545
2020-07-10,INV_02,74467.15,808546.99,883014.13,1058,182,1143,1602,7607,6010,753,182,159,3311,4780,9821,610,3444,1545
2020-07-13,INV_02,122530.9,739110.02,861640.91,1058,182,1143,1602,7607,6010,753,182,159,3311,4780,9821,610,2583,1545
2020-07-14,INV_02,103967.85,774935.43,878903.28,1058,182,1143,1602,7607,6010,753,182,159,4155,4780,9821,610,2583,1545
2020-07-15,INV_02,107665.15,765964.91,873630.06,793,182,1143,1602,7607,6010,753,182,159,4155,4780,9821,610,2583,1545
2020-07-16,INV_02,122940.48,757788.63,880729.11,793,182,1143,1602,7607,4507,753,182,159,4155,4780,9821,610,2583,1545
2020-07-17,INV_02,104345.23,785972.41,890317.63,793,492,1143,1602,7607,4507,753,182,159,4155,4780,9821,610,2583,1545
2020-07-20,INV_02,88544.68,809378.49,897923.17,793,492,1143,1602,7607,4507,753,182,159,4155,5978,9821,610,2583,1545
2020-07-21,INV_02,75142.68,822348.53,897491.21,793,492,1143,1602,7607,4507,753,182,159,4155,5978,9821,1395,2583,1545
2020-07-22,INV_02,63759.8,833135.2,896895.0,1520,492,1143,1602,7607,4507,753,182,159,4155,5978,9821,1395,2583,1545
2020-07-23,INV_02,63759.8,838154.77,901914.57,1520,492,1143,1602,7607,4507,753,182,159,4155,5978,9821,1395,2583,1545
2020-07-24,INV_02,68105.08,835040.74,903145.82,1520,492,1143,1602,7607,4507,753,182,119,4155,5978,9821,1395,2583,1545
2020-07-27,INV_02,83351.45,820857.93,904209.38,1520,492,857,1602,7607,4507,753,182,119,4155,5978,9821,1395,2583,1545
2020-07-28,INV_02,83351.45,813389.52,896740.98,1520,492,857,1602,7607,4507,753,182,119,4155,5978,9821,1395,2583,1545
2020-07-29,INV_02,93676.91,798171.53,891848.44,1520,492,857,1602,7607,4507,564,182,119,4155,5978,9821,1395,2583,1545
2020-07-30,INV_02,79488.35,808364.54,887852.89,1520,492,857,1602,7607,4507,819,182,119,4155,5978,9821,1395,2583,1545
2020-07-31,INV_02,67455.48,826172.45,893627.93,1520,492,857,1602,7607,4507,819,182,119,4155,6913,9821,1395,2583,1545
2020-08-03,INV_02,67455.48,826172.45,893627.93,1520,492,857,1602,7607,4507,819,182,119,4155,6913,9821,1395,2583,1545
2020-08-04,INV_02,57239.33,843477.12,900716.45,1520,492,857,1602,7607,4507,819,182,119,4155,6913,12711,1395,2583,1545
2020-08-05,INV_02,57239.33,846727.8,903967.14,1520,492,857,1602,7607,4507,819,182,119,4155,6913,12711,1395,2583,1545
2020-08-06,INV_02,48577.17,860283.1,908860.26,1520,492,857,1602,7607,4507,819,182,119,4155,6913,12711,1932,2583,1545
2020-08-07,INV_02,48577.17,861605.46,910182.63,1520,492,857,1602,7607,4507,819,182,119,4155,6913,12711,1932,2583,1545
2020-08-10,INV_02,51921.97,849934.45,901856.42,1520,492,857,1602,7607,4507,819,182,89,4155,6913,12711,1932,2583,1545
2020-08-11,INV_02,44066.7,864521.03,908587.73,1520,492,857,1602,7607,4507,819,182,89,4155,7505,12711,1932,2583,1545
2020-08-12,INV_02,44066.7,874793.01,918859.7,1520,492,857,1602,7607,4507,819,182,89,4155,7505,12711,1932,2583,1545
2020-08-13,INV_02,44066.7,884233.8,928300.5,1520,492,857,1602,7607,4507,819,182,89,4155,7505,12711,1932,2583,1545
2020-08-14,INV_02,44066.7,899536.21,943602.91,1520,492,857,1602,7607,4507,819,182,89,4155,7505,12711,1932,2583,1545
2020-08-17,INV_02,46912.25,889914.0,936826.25,1520,492,857,1602,7607,4507,819,182,66,4155,7505,12711,1932,2583,1545
2020-08-18,INV_02,69128.59,871247.99,940376.57,1520,492,857,1602,7607,4507,819,182,66,3116,7505,12711,1932,2583,1545
2020-08-19,INV_02,69128.59,889658.59,958787.18,1520,492,857,1602,7607,4507,819,182,66,3116,7505,12711,1932,2583,1545
2020-08-20,INV_02,69128.59,895610.33,964738.91,1520,492,857,1602,7607,4507,819,182,66,3116,7505,12711,1932,2583,1545
2020-08-21,INV_02,69128.59,913658.6,982787.19,1520,492,857,1602,7607,4507,819,182,66,3116,7505,12711,1932,2583,1545
2020-08-24,INV_02,69128.59,914747.83,983876.42,1520,492,857,1602,7607,4507,819,182,66,3116,7505,12711,1932,2583,1545
2020-08-25,INV_02,71322.55,908059.58,979382.13,1520,492,857,1602,7607,4507,819,182,49,3116,7505,12711,1932,2583,1545
2020-08-26,INV_02,82648.94,888486.3,971135.25,1520,492,857,1602,7607,4507,819,182,49,3116,7505,9533,1932,2583,1545
2020-08-27,INV_02,97406.54,872320.53,969727.07,1520,492,857,1602,5705,4507,819,182,49,3116,7505,9533,1932,2583,1545
2020-08-28,INV_02,97406.54,874434.18,971840.72,1520,492,857,1602,5705,4507,819,182,49,3116,7505,9533,1932,2583,1545
2020-08-31,INV_02,142251.26,826452.89,968704.15,1520,492,857,1602,5705,4507,819,182,49,3116,7505,9533,1932,1937,1545
2020-09-01,INV_02,161411.75,807098.85,968510.61,1520,492,857,1602,5705,4507,819,182,49,3116,7505,9533,1932,1937,1158
2020-09-02,INV_02,194420.6,771788.84,966209.44,1520,492,857,1602,5705,4507,819,182,49,3116,7505,9533,1932,1452,1158
2020-09-03,INV_02,165019.62,798308.66,963328.28,1520,492,1365,1602,5705,4507,819,182,49,3116,7505,9533,1932,1452,1158
2020-09-04,INV_02,179284.08,780154.09,959438.16,1520,492,1365,1602,5705,4507,819,182,49,3116,7505,9533,1932,1452,868
2020-09-07,INV_02,183437.49,769786.58,953224.07,1520,492,1365,1602,5705,4507,819,136,49,3116,7505,9533,1932,1452,868
2020-09-08,INV_02,183437.49,772352.74,955790.23,1520,492,1365,1602,5705,4507,819,136,49,3116,7505,9533,1932,1452,868
2020-09-09,INV_02,155660.06,809157.81,964817.87,1520,492,1365,1602,5705,6247,819,136,49,3116,7505,9533,1932,1452,868
2020-09-10,INV_02,155660.06,814251.63,969911.7,1520,492,1365,1602,5705,6247,819,136,49,3116,7505,9533,1932,1452,868
2020-09-11,INV_02,132116.95,841834.99,973951.93,1520,492,1365,1602,5705,6247,1233,136,49,3116,7505,9533,1932,1452,868
2020-09-14,INV_02,132116.95,856192.25,988309.2,1520,492,1365,1602,5705,6247,1233,136,49,3116,7505,9533,1932,1452,868
2020-09-15,INV_02,132116.95,863820.78,995937.73,1520,492,1365,1602,5705,6247,1233,136,49,3116,7505,9533,1932,1452,868
2020-09-16,INV_02,112181.75,902122.94,1014304.68,1520,492,1365,1602,5705,6247,1233,342,49,3116,7505,9533,1932,1452,868
2020-09-17,INV_02,142918.35,895764.19,1038682.53,1520,492,1365,1602,5705,6247,1233,342,49,3116,5628,9533,1932,1452,868
2020-09-18,INV_02,142918.35,909515.82,1052434.16,1520,492,1365,1602,5705,6247,1233,342,49,3116,5628,9533,1932,1452,868
2020-09-21,INV_02,142918.35,927111.89,1070030.24,1520,492,1365,1602,5705,6247,1233,342,49,3116,5628,9533,1932,1452,868
2020-09-22,INV_02,169540.0,908652.14,1078192.14,1520,492,1365,1602,5705,6247,1233,342,49,3116,5628,9533,1932,1089,868
2020-09-23,INV_02,143897.93,933983.51,1077881.44,1520,492,1365,2053,5705,6247,1233,342,49,3116,5628,9533,1932,1089,868
2020-09-24,INV_02,163567.66,919518.48,1083086.14,1520,492,1023,2053,5705,6247,1233,342,49,3116,5628,9533,1932,1089,868
2020-09-25,INV_02,174678.86,913309.21,1087988.06,1520,492,1023,2053,5705,6247,1233,342,49,3116,5628,9533,1932,1089,651
2020-09-28,INV_02,196730.24,905933.1,1102663.34,1520,492,1023,2053,5705,6247,924,342,49,3116,5628,9533,1932,1089,651
2020-09-29,INV_02,212852.25,886403.49,1099255.74,1520,492,1023,2053,5705,6247,693,342,49,3116,5628,9533,1932,1089,651
2020-09-30,INV_02,212852.25,878736.1,1091588.35,1520,492,1023,2053,5705,6247,693,342,49,3116,5628,9533,1932,1089,651
2020-10-01,INV_02,180673.32,910596.43,1091269.75,1520,492,1023,2053,5705,6247,693,663,49,3116,5628,9533,1932,1089,651
2020-10-02,INV_02,209073.45,884941.53,1094014.98,1520,492,1023,1539,5705,6247,693,663,49,3116,5628,9533,1932,1089,651
2020-10-05,INV_02,217630.04,796900.35,1014530.4,1520,492,1023,1539,5705,6247,693,663,49,3116,5628,9533,1449,1089,651
2020-10-06,INV_02,219268.68,784236.36,1003505.03,1520,492,1023,1539,5705,6247,693,663,36,3116,5628,9533,1449,1089,651
2020-10-07,INV_02,186065.41,825850.87,1011916.28,1520,492,1023,1539,5705,6247,693,663,36,3116,5628,9533,3329,1089,651
2020-10-08,INV_02,187209.46,844516.17,1031725.63,1520,492,1023,1539,5705,6247,693,663,27,3116,5628,9533,3329,1089,651
2020-10-09,INV_02,204178.29,839587.07,1043765.36,1520,492,1023,1539,5705,6247,693,663,27,2337,5628,9533,3329,1089,651
2020-10-12,INV_02,231076.86,812272.57,1043349.43,1520,492,1023,1539,5705,6247,693,663,27,2337,4221,9533,3329,1089,651
2020-10-13,INV_02,240045.47,794605.33,1034650.8,1520,492,1023,1539,5705,6247,693,663,27,2337,4221,7149,3329,1089,651
2020-10-14,INV_02,203678.83,862517.09,1066195.92,1520,492,1023,1539,10382,6247,693,663,27,2337,4221,7149,3329,1089,651
2020-10-15,INV_02,172825.15,918037.47,1090862.62,1520,492,1023,1539,10382,6247,693,663,27,2337,4221,15188,3329,1089,651
2020-10-16,INV_02,181328.28,906015.0,1087343.28,1520,369,1023,1539,10382,6247,693,663,27,2337,4221,15188,3329,1089,651
2020-10-19,INV_02,189109.3,892762.04,1081871.34,1520,369,1023,1539,10382,6247,693,663,27,2337,4221,15188,3329,1089,488
2020-10-20,INV_02,207318.37,876205.22,1083523.59,1520,369,1023,1539,10382,6247,693,663,27,2337,4221,15188,3329,816,488
2020-10-21,INV_02,242674.2,790960.89,1033635.09,1520,369,1023,1539,10382,4685,693,663,27,2337,4221,15188,3329,816,488
2020-10-22,INV_02,205914.86,835465.25,1041380.11,1520,369,1023,2270,10382,4685,693,663,27,2337,4221,15188,3329,816,488
2020-10-23,INV_02,205914.86,835029.39,1040944.25,1520,369,1023,2270,10382,4685,693,663,27,2337,4221,15188,3329,816,488
2020-10-26,INV_02,232973.97,792662.03,1025636.0,1520,369,1023,2270,10382,3513,693,663,27,2337,4221,15188,3329,816,488
2020-10-27,INV_02,233857.67,792445.02,1026302.69,1520,369,1023,2270,10382,3513,693,663,20,2337,4221,15188,3329,816,488
2020-10-28,INV_02,251150.08,762466.84,1013616.92,1520,369,1023,2270,10382,3513,693,663,20,2337,3165,15188,3329,816,488
2020-10-29,INV_02,251150.08,784226.26,1035376.34,1520,369,1023,2270,10382,3513,693,663,20,2337,3165,15188,3329,816,488
2020-10-30,INV_02,251150.08,784226.26,1035376.34,1520,369,1023,2270,10382,3513,693,663,20,2337,3165,15188,3329,816,488
2020-11-02,INV_02,262071.5,765860.88,1027932.37,1520,369,1023,2270,10382,3513,519,663,20,2337,3165,15188,3329,816,488
2020-11-03,INV_02,222377.56,821960.43,1044338.0,1520,369,1023,2270,10382,3513,519,663,20,2337,5343,15188,3329,816,488
2020-11-04,INV_02,188695.58,859769.72,1048465.3,1520,369,1023,2270,10382,3513,519,1036,20,2337,5343,15188,3329,816,488
2020-11-05,INV_02,160176.22,906166.44,1066342.67,1520,369,1023,2270,10382,3513,931,1036,20,2337,5343,15188,3329,816,488
2020-11-06,INV_02,160176.22,925958.33,1086134.56,1520,369,1023,2270,10382,3513,931,1036,20,2337,5343,15188,3329,816,488
2020-11-09,INV_02,189838.2,897109.71,1086947.92,1520,369,1023,2270,10382,2634,931,1036,20,2337,5343,15188,3329,816,488
2020-11-10,INV_02,161106.76,925632.64,1086739.4,1520,369,1023,2270,10382,2634,931,1036,20,2337,5343,15188,3329,816,1074
2020-11-11,INV_02,136714.05,954123.87,1090837.92,1520,369,1023,2270,10382,3446,931,1036,20,2337,5343,15188,3329,816,1074
2020-11-12,INV_02,152817.0,926716.72,1079533.72,1520,369,1023,2270,10382,3446,931,1036,20,2337,5343,15188,2496,816,1074
2020-11-13,INV_02,152817.0,926920.73,1079737.73,1520,369,1023,2270,10382,3446,931,1036,20,2337,5343,15188,2496,816,1074
2020-11-16,INV_02,152817.0,926276.03,1079093.03,1520,369,1023,2270,10382,3446,931,1036,20,2337,5343,15188,2496,816,1074
2020-11-17,INV_02,129667.84,951809.61,1081477.45,2601,369,1023,2270,10382,3446,931,1036,20,2337,5343,15188,2496,816,1074
2020-11-18,INV_02,141904.15,937849.44,1079753.59,2601,369,1023,2270,10382,3446,931,1036,20,2337,5343,15188,2496,612,1074
2020-11-19,INV_02,154376.48,921005.46,1075381.94,2601,369,1023,2270,10382,3446,931,1036,20,2337,5343,15188,2496,612,805
2020-11-20,INV_02,131022.84,945099.8,1076122.64,2601,369,1023,2270,10382,3446,931,1036,20,2337,5343,15188,2496,612,1297
2020-11-23,INV_02,131022.84,943444.57,1074467.41,2601,369,1023,2270,10382,3446,931,1036,20,2337,5343,15188,2496,612,1297
2020-11-24,INV_02,140089.95,935195.27,1075285.22,2601,369,1023,2270,10382,3446,931,1036,20,2337,5343,15188,2496,459,1297
2020-11-25,INV_02,152992.2,931416.01,1084408.21,2601,369,1023,2270,10382,3446,931,1036,20,1752,5343,15188,2496,459,1297
2020-11-26,INV_02,152992.2,933999.26,1086991.45,2601,369,1023,2270,10382,3446,931,1036,20,1752,5343,15188,2496,459,1297
2020-11-27,INV_02,181485.99,910493.12,1091979.1,2601,369,1023,1702,10382,3446,931,1036,20,1752,5343,15188,2496,459,1297
2020-11-30,INV_02,153993.73,949437.62,1103431.35,2601,369,1023,1702,13680,3446,931,1036,20,1752,5343,15188,2496,459,1297
2020-12-01,INV_02,153993.73,961615.05,1115608.78,2601,369,1023,1702,13680,3446,931,1036,20,1752,5343,15188,2496,459,1297
2020-12-02,INV_02,153993.73,962562.73,1116556.46,2601,369,1023,1702,13680,3446,931,1036,20,1752,5343,15188,2496,459,1297
2020-12-03,INV_02,130682.56,986496.46,1117179.02,2601,369,1023,1702,13680,3446,931,1036,20,2771,5343,15188,2496,459,1297
2020-12-04,INV_02,110920.02,1014966.51,1125886.53,2601,369,1023,2074,13680,3446,931,1036,20,2771,5343,15188,2496,459,1297
2020-12-07,INV_02,110920.02,1030601.13,1141521.15,2601,369,1023,2074,13680,3446,931,1036,20,2771,5343,15188,2496,459,1297
2020-12-08,INV_02,94128.15,1068811.65,1162939.8,2601,369,1023,2074,13680,3446,931,1036,20,2771,5343,15188,2496,459,1621
2020-12-09,INV_02,101679.07,1063431.43,1165110.5,2601,369,1023,2074,13680,3446,931,1036,20,2771,5343,15188,2496,344,1621
2020-12-10,INV_02,121643.02,1034839.62,1156482.64,2601,369,1023,2074,13680,3446,698,1036,20,2771,5343,15188,2496,344,1621
2020-12-11,INV_02,103278.81,1061219.74,1164498.55,2601,369,1023,2074,13680,3446,698,1036,142,2771,5343,15188,2496,344,1621
2020-12-14,INV_02,87659.19,1079202.98,1166862.17,2601,369,1023,2074,13680,3959,698,1036,142,2771,5343,15188,2496,344,1621
2020-12-15,INV_02,117418.27,1039929.33,1157347.6,2601,369,1023,2074,13680,2969,698,1036,142,2771,5343,15188,2496,344,1621
2020-12-16,INV_02,99709.47,1056423.23,1156132.7,2601,369,1023,2074,13680,2969,891,1036,142,2771,5343,15188,2496,344,1621
2020-12-17,INV_02,119417.8,1027651.82,1147069.62,2601,369,1023,2074,13680,2969,891,1036,142,2771,5343,15188,2496,344,1215
2020-12-18,INV_02,146031.15,996700.06,1142731.21,2601,369,1023,1555,13680,2969,891,1036,142,2771,5343,15188,2496,344,1215
2020-12-21,INV_02,165575.57,976925.9,1142501.47,2601,369,1023,1555,13680,2969,891,1036,142,2771,5343,15188,1872,344,1215
2020-12-22,INV_02,187710.24,958054.81,1145765.05,2601,369,1023,1555,13680,2226,891,1036,142,2771,5343,15188,1872,344,1215
2020-12-23,INV_02,187710.24,954945.14,1142655.37,2601,369,1023,1555,13680,2226,891,1036,142,2771,5343,15188,1872,344,1215
2020-12-24,INV_02,159281.61,991236.75,1150518.36,2601,369,1023,1555,13680,2226,891,1036,142,2771,5343,15188,1872,344,1790
2020-12-25,INV_02,159281.61,991236.75,1150518.36,2601,369,1023,1555,13680,2226,891,1036,142,2771,5343,15188,1872,344,1790
2020-12-28,INV_02,159281.61,1000654.05,1159935.66,2601,369,1023,1555,13680,2226,891,1036,142,2771,5343,15188,1872,344,1790
2020-12-29,INV_02,164618.88,995262.87,1159881.75,2601,369,1023,1555,13680,2226,891,1036,142,2771,5343,15188,1872,258,1790
2020-12-30,INV_02,180680.06,982846.74,1163526.8,2601,369,1023,1555,13680,2226,891,1036,142,2078,5343,15188,1872,258,1790
2020-12-31,INV_02,192840.01,968623.16,1161463.17,2601,369,1023,1555,13680,2226,891,1036,142,1558,5343,15188,1872,258,1790
2021-01-01,INV_02,163683.45,997491.04,1161174.5,2601,369,1023,1555,13680,2226,891,1328,142,1558,5343,15188,1872,258,1790
2021-01-04,INV_02,185358.33,983065.91,1168424.24,2601,369,1023,1555,13680,2226,891,1328,142,1558,5343,15188,1872,258,1342
2021-01-05,INV_02,185358.33,993526.87,1178885.19,2601,369,1023,1555,13680,2226,891,1328,142,1558,5343,15188,1872,258,1342
2021-01-06,INV_02,215181.68,963270.8,1178452.48,2601,369,1023,1555,10260,2226,891,1328,142,1558,5343,15188,1872,258,1342
2021-01-07,INV_02,228682.54,953133.52,1181816.05,1950,369,1023,1555,10260,2226,891,1328,142,1558,5343,15188,1872,258,1342
2021-01-08,INV_02,194062.18,998045.87,1192108.05,1950,369,1023,1555,10260,2226,891,1668,142,1558,5343,15188,1872,258,1342
2021-01-11,INV_02,213664.52,977966.8,1191631.32,1950,369,1023,1555,10260,2226,668,1668,142,1558,5343,15188,1872,258,1342
2021-01-12,INV_02,181310.8,1026167.9,1207478.7,1950,369,1023,1555,10260,2226,1033,1668,142,1558,5343,15188,1872,258,1342
2021-01-13,INV_02,153885.17,1077363.74,1231248.9,1950,369,1483,1555,10260,2226,1033,1668,142,1558,5343,15188,1872,258,1342
2021-01-14,INV_02,153885.17,1077363.74,1231248.9,1950,369,1483,1555,10260,2226,1033,1668,142,1558,5343,15188,1872,258,1342
2021-01-15,INV_02,130579.91,1149071.95,1279651.86,1950,369,1483,1555,12839,2226,1033,1668,142,1558,5343,15188,1872,258,1342
2021-01-18,INV_02,110815.96,1224128.73,1334944.69,1950,369,1483,1555,12839,2226,1033,1668,142,1558,6197,15188,1872,258,1342
2021-01-19,INV_02,132649.63,1202497.24,1335146.87,1950,369,1483,1166,12839,2226,1033,1668,142,1558,6197,15188,1872,258,1342
2021-01-20,INV_02,112611.54,1250233.16,1362844.71,1950,369,1768,1166,12839,2226,1033,1668,142,1558,6197,15188,1872,258,1342
2021-01-21,INV_02,112611.54,1292274.88,1404886.42,1950,369,1768,1166,12839,2226,1033,1668,142,1558,6197,15188,1872,258,1342
2021-01-22,INV_02,95566.08,1348893.1,1444459.18,1950,369,1768,1450,12839,2226,1033,1668,142,1558,6197,15188,1872,258,1342
2021-01-25,INV_02,81109.27,1403303.51,1484412.78,1950,369,1768,1450,12839,2226,1033,1668,142,1941,6197,15188,1872,258,1342
2021-01-26,INV_02,103503.74,1365281.44,1468785.18,1950,369,1768,1087,12839,2226,1033,1668,142,1941,6197,15188,1872,258,1342
2021-01-27,INV_02,87852.32,1386458.67,1474310.99,1950,543,1768,1087,12839,2226,1033,1668,142,1941,6197,15188,1872,258,1342
2021-01-28,INV_02,112800.56,1361258.43,1474058.99,1950,543,1768,1087,12839,2226,1033,1668,142,1455,6197,15188,1872,258,1342
2021-01-29,INV_02,145450.06,1307318.15,1452768.21,1950,543,1768,1087,12839,2226,1033,1668,142,1455,4647,15188,1872,258,1342
2021-02-01,INV_02,168608.69,1251292.2,1419900.88,1950,543,1768,1087,12839,2226,1033,1668,142,1455,3485,15188,1872,258,1342
2021-02-02,INV_02,184277.12,1149752.75,1334029.87,1950,543,1768,1087,12839,2226,1033,1668,142,1091,3485,15188,1872,258,1342
2021-02-03,INV_02,156368.11,1223480.52,1379848.63,1950,543,1768,1087,12839,2226,1033,1668,142,1729,3485,15188,1872,258,1342
2021-02-04,INV_02,169101.97,1210618.03,1379720.01,1950,407,1768,1087,12839,2226,1033,1668,142,1729,3485,15188,1872,258,1342
2021-02-05,INV_02,169101.97,1220108.87,1389210.84,1950,407,1768,1087,12839,2226,1033,1668,142,1729,3485,15188,1872,258,1342
2021-02-08,INV_02,143489.66,1245467.59,1388957.26,1950,407,1768,1087,15764,2226,1033,1668,142,1729,3485,15188,1872,258,1342
2021-02-09,INV_02,143489.66,1245474.54,1388964.21,1950,407,1768,1087,15764,2226,1033,1668,142,1729,3485,15188,1872,258,1342
2021-02-10,INV_02,148899.14,1149029.63,1297928.78,1950,407,1768,1087,15764,2226,1033,1668,106,1729,3485,15188,1872,258,1342
2021-02-11,INV_02,175926.8,1104903.87,1280830.67,1950,407,1326,1087,15764,2226,1033,1668,106,1729,3485,15188,1872,258,1342
2021-02-12,INV_02,149279.77,1186789.0,1336068.77,1950,407,1326,1087,18882,2226,1033,1668,106,1729,3485,15188,1872,258,1342
2021-02-15,INV_02,153932.37,1159187.58,1313119.95,1950,407,1326,1087,18882,2226,1033,1668,106,1729,3485,15188,1872,193,1342
2021-02-16,INV_02,161692.07,1119164.64,1280856.7,1950,305,1326,1087,18882,2226,1033,1668,106,1729,3485,15188,1872,193,1342
2021-02-17,INV_02,137212.2,1146060.5,1283272.7,1950,305,1326,1087,18882,2226,1033,1668,106,1729,4944,15188,1872,193,1342
2021-02-18,INV_02,116427.94,1193399.88,1309827.83,1950,305,1326,1087,18882,2226,1033,1668,106,1729,4944,15188,2525,193,1342
2021-02-19,INV_02,98792.26,1212269.14,1311061.41,2767,305,1326,1087,18882,2226,1033,1668,106,1729,4944,15188,2525,193,1342
2021-02-22,INV_02,113317.71,1174087.0,1287404.71,2075,305,1326,1087,18882,2226,1033,1668,106,1729,4944,15188,2525,193,1342
2021-02-23,INV_02,126638.26,1116941.51,1243579.77,2075,305,1326,815,18882,2226,1033,1668,106,1729,4944,15188,2525,193,1342
2021-02-24,INV_02,146750.28,1091978.12,1238728.4,2075,305,994,815,18882,2226,1033,1668,106,1729,4944,15188,2525,193,1342
2021-02-25,INV_02,124538.3,1133797.44,1258335.74,2075,305,994,815,18882,2226,1033,1668,106,1729,4944,15188,3234,193,1342
2021-02-26,INV_02,124538.3,1133797.44,1258335.74,2075,305,994,815,18882,2226,1033,1668,106,1729,4944,15188,3234,193,1342
2021-03-01,INV_02,149347.89,1109114.55,1258462.44,2075,305,994,815,18882,2226,1033,1668,106,1729,4944,11391,3234,193,1342
2021-03-02,INV_02,173050.37,1061763.48,1234813.85,2075,305,994,815,18882,2226,1033,1668,106,1729,4944,11391,2425,193,1342
2021-03-03,INV_02,214218.81,996981.27,1211200.08,2075,305,994,815,14161,2226,1033,1668,106,1729,4944,11391,2425,193,1342
2021-03-04,INV_02,236671.42,954719.92,1191391.34,2075,305,994,815,14161,1669,1033,1668,106,1729,4944,11391,2425,193,1342
2021-03-05,INV_02,236671.42,961555.18,1198226.6,2075,305,994,815,14161,1669,1033,1668,106,1729,4944,11391,2425,193,1342
2021-03-08,INV_02,236671.42,996129.24,1232800.67,2075,305,994,815,14161,1669,1033,1668,106,1729,4944,11391,2425,193,1342
2021-03-09,INV_02,200836.09,1035251.38,1236087.47,2075,834,994,815,14161,1669,1033,1668,106,1729,4944,11391,2425,193,1342
2021-03-10,INV_02,242133.49,978176.51,1220310.0,2075,834,994,815,14161,1669,1033,1251,106,1729,4944,11391,2425,193,1342
2021-03-11,INV_02,242133.49,978176.51,1220310.0,2075,834,994,815,14161,1669,1033,1251,106,1729,4944,11391,2425,193,1342
2021-03-12,INV_02,205479.45,1019833.69,1225313.14,2075,1377,994,815,14161,1669,1033,1251,106,1729,4944,11391,2425,193,1342
2021-03-15,INV_02,224651.53,990608.57,1215260.11,2075,1377,994,815,14161,1669,774,1251,106,1729,4944,11391,2425,193,1342
2021-03-16,INV_02,238341.47,970590.56,1208932.03,2075,1377,994,815,14161,1669,774,1251,106,1296,4944,11391,2425,193,1342
2021-03-17,INV_02,248102.57,948861.96,1196964.53,1556,1377,994,815,14161,1669,774,1251,106,1296,4944,11391,2425,193,1342
2021-03-18,INV_02,265305.15,915032.44,1180337.59,1556,1377,994,815,14161,1251,774,1251,106,1296,4944,11391,2425,193,1342
2021-03-19,INV_02,265305.15,910719.36,1176024.51,1556,1377,994,815,14161,1251,774,1251,106,1296,4944,11391,2425,193,1342
2021-03-22,INV_02,296669.93,887270.12,1183940.05,1556,1377,994,815,10620,1251,774,1251,106,1296,4944,11391,2425,193,1342
2021-03-23,INV_02,251725.03,932705.41,1184430.44,1556,1377,994,815,10620,1251,774,1251,106,1296,4944,19198,2425,193,1342
2021-03-24,INV_02,213590.34,994505.43,1208095.77,1556,1377,994,815,10620,1251,774,1251,106,1296,7298,19198,2425,193,1342
2021-03-25,INV_02,229401.94,967293.3,1196695.24,1556,1377,745,815,10620,1251,774,1251,106,1296,7298,19198,2425,193,1342
2021-03-26,INV_02,229401.94,967839.78,1197241.72,1556,1377,745,815,10620,1251,774,1251,106,1296,7298,19198,2425,193,1342
2021-03-29,INV_02,229401.94,968511.43,1197913.38,1556,1377,745,815,10620,1251,774,1251,106,1296,7298,19198,2425,193,1342
2021-03-30,INV_02,229401.94,966874.6,1196276.55,1556,1377,745,815,10620,1251,774,1251,106,1296,7298,19198,2425,193,1342
2021-03-31,INV_02,229401.94,971897.1,1201299.04,1556,1377,745,815,10620,1251,774,1251,106,1296,7298,19198,2425,193,1342
2021-04-01,INV_02,194690.45,1016960.85,1211651.3,1556,1377,745,1504,10620,1251,774,1251,106,1296,7298,19198,2425,193,1342
2021-04-02,INV_02,197879.69,1013739.39,1211619.08,1556,1377,745,1504,10620,1251,774,1251,106,1296,7298,19198,2425,144,1342
2021-04-05,INV_02,167932.9,1048316.93,1216249.83,1556,1377,745,1504,10620,1251,774,1251,106,2181,7298,19198,2425,144,1342
2021-04-06,INV_02,142498.8,1086406.96,1228905.76,1556,1377,745,2008,10620,1251,774,1251,106,2181,7298,19198,2425,144,1342
2021-04-07,INV_02,120914.54,1118276.36,1239190.9,1556,1377,745,2008,10620,1251,774,1251,106,2786,7298,19198,2425,144,1342
2021-04-08,INV_02,102673.21,1150987.48,1253660.69,1556,1377,745,2008,10620,1251,774,1251,230,2786,7298,19198,2425,144,1342
2021-04-09,INV_02,87136.47,1188571.97,1275708.44,1556,1377,745,2008,10620,1251,774,1251,230,2786,7298,19198,2930,144,1342
2021-04-12,INV_02,89528.37,1207268.4,1296796.77,1556,1377,745,2008,10620,1251,774,1251,230,2786,7298,19198,2930,108,1342
2021-04-13,INV_02,101971.07,1194700.02,1296671.09,1556,1377,558,2008,10620,1251,774,1251,230,2786,7298,19198,2930,108,1342
2021-04-14,INV_02,117426.62,1179088.36,1296514.97,1556,1377,558,2008,10620,1251,580,1251,230,2786,7298,19198,2930,108,1342
2021-04-15,INV_02,99654.85,1212456.12,1312110.97,1556,1377,558,2008,10620,1251,580,1251,350,2786,7298,19198,2930,108,1342
2021-04-16,INV_02,122388.64,1182840.91,1305229.55,1556,1377,558,2008,10620,1251,580,1251,350,2786,7298,19198,2197,108,1342
2021-04-19,INV_02,138873.63,1154581.6,1293455.24,1556,1377,558,2008,10620,1251,580,1251,350,2786,7298,19198,1647,108,1342
2021-04-20,INV_02,167385.63,1086441.64,1253827.28,1556,1377,558,2008,10620,1251,580,1251,350,2786,7298,14398,1647,108,1342
2021-04-21,INV_02,167385.63,1100869.09,1268254.72,1556,1377,558,2008,10620,1251,580,1251,350,2786,7298,14398,1647,108,1342
2021-04-22,INV_02,178926.3,1064898.75,1243825.05,1556,1377,558,2008,10620,1251,580,1251,350,2786,7298,14398,1235,108,1342
2021-04-23,INV_02,180630.53,1050822.26,1231452.79,1556,1377,558,2008,10620,1251,580,1251,350,2786,7298,14398,1235,81,1342
2021-04-26,INV_02,180630.53,1050822.26,1231452.79,1556,1377,558,2008,10620,1251,580,1251,350,2786,7298,14398,1235,81,1342
2021-04-27,INV_02,189121.45,1020072.15,1209193.61,1556,1377,418,2008,10620,1251,580,1251,350,2786,7298,14398,1235,81,1342
2021-04-28,INV_02,189121.45,1045053.99,1234175.45,1556,1377,418,2008,10620,1251,580,1251,350,2786,7298,14398,1235,81,1342
2021-04-29,INV_02,197606.49,1036742.78,1234349.27,1556,1377,418,2008,10620,1251,580,1251,350,2786,7298,14398,926,81,1342
2021-04-30,INV_02,197606.49,1033396.66,1231003.15,1556,1377,418,2008,10620,1251,580,1251,350,2786,7298,14398,926,81,1342
2021-05-03,INV_02,197606.49,1031783.36,1229389.85,1556,1377,418,2008,10620,1251,580,1251,350,2786,7298,14398,926,81,1342
2021-05-04,INV_02,198912.82,1019556.47,1218469.29,1556,1377,418,2008,10620,1251,580,1251,350,2786,7298,14398,926,60,1342
2021-05-05,INV_02,168806.52,1056667.75,1225474.27,1556,1377,418,2008,10620,1251,580,1251,350,2786,7298,14398,926,530,1342
2021-05-06,INV_02,180256.63,1050215.49,1230472.12,1556,1377,418,2008,10620,1251,580,1251,262,2786,7298,14398,926,530,1342
2021-05-07,INV_02,153010.62,1084456.69,1237467.3,1556,1377,418,2008,10620,1682,580,1251,262,2786,7298,14398,926,530,1342
2021-05-10,INV_02,180363.69,1036312.54,1216676.23,1556,1377,418,2008,10620,1682,580,1251,262,2786,5473,14398,926,530,1342
2021-05-11,INV_02,153040.74,1069205.5,1222246.24,2980,1377,418,2008,10620,1682,580,1251,262,2786,5473,14398,926,530,1342
2021-05-12,INV_02,129926.3,1092714.35,1222640.64,2980,1377,418,2008,10620,1682,888,1251,262,2786,5473,14398,926,530,1342
2021-05-13,INV_02,129926.3,1099014.52,1228940.81,2980,1377,418,2008,10620,1682,888,1251,262,2786,5473,14398,926,530,1342
2021-05-14,INV_02,129926.3,1099014.52,1228940.81,2980,1377,418,2008,10620,1682,888,1251,262,2786,5473,14398,926,530,1342
2021-05-17,INV_02,110245.15,1138233.65,1248478.8,2980,1377,719,2008,10620,1682,888,1251,262,2786,5473,14398,926,530,1342
2021-05-18,INV_02,136430.31,1111214.53,1247644.84,2980,1377,719,2008,10620,1261,888,1251,262,2786,5473,14398,926,530,1342
2021-05-19,INV_02,169657.23,1078395.68,1248052.91,2980,1377,719,2008,10620,1261,888,938,262,2786,5473,14398,926,530,1342
2021-05-20,INV_02,192809.57,1050798.36,1243607.93,2980,1377,719,2008,7965,1261,888,938,262,2786,5473,14398,926,530,1342
2021-05-21,INV_02,211430.84,1025085.48,1236516.32,2980,1377,719,2008,7965,945,888,938,262,2786,5473,14398,926,530,1342
2021-05-24,INV_02,235259.07,998578.46,1233837.52,2980,1377,719,1506,7965,945,888,938,262,2786,5473,14398,926,530,1342
2021-05-25,INV_02,199679.63,1043541.43,1243221.07,2980,1377,1258,1506,7965,945,888,938,262,2786,5473,14398,926,530,1342
2021-05-26,INV_02,199679.63,1043541.43,1243221.07,2980,1377,1258,1506,7965,945,888,938,262,2786,5473,14398,926,530,1342
2021-05-27,INV_02,199679.63,1043541.43,1243221.07,2980,1377,1258,1506,7965,945,888,938,262,2786,5473,14398,926,530,1342
2021-05-28,INV_02,169435.64,1081374.91,1250810.55,2980,1377,1258,1506,11338,945,888,938,262,2786,5473,14398,926,530,1342
2021-05-31,INV_02,169435.64,1090297.9,1259733.53,2980,1377,1258,1506,11338,945,888,938,262,2786,5473,14398,926,530,1342
2021-06-01,INV_02,143782.38,1132195.69,1275978.07,2980,1377,1258,1506,11338,945,888,938,262,2786,5473,14398,1797,530,1342
2021-06-02,INV_02,174110.45,1110003.59,1284114.04,2980,1377,1258,1506,11338,945,888,938,262,2089,5473,14398,1797,530,1342
2021-06-03,INV_02,174110.45,1116662.52,1290772.97,2980,1377,1258,1506,11338,945,888,938,262,2089,5473,14398,1797,530,1342
2021-06-04,INV_02,147746.68,1144224.45,1291971.12,2980,1377,1258,1506,11338,945,888,938,262,2089,7143,14398,1797,530,1342
2021-06-07,INV_02,169790.42,1141214.17,1311004.59,2980,1377,943,1506,11338,945,888,938,262,2089,7143,14398,1797,530,1342
2021-06-08,INV_02,189443.42,1116225.22,1305668.64,2980,1377,943,1129,11338,945,888,938,262,2089,7143,14398,1797,530,1342
2021-06-09,INV_02,189443.42,1124283.57,1313726.99,2980,1377,943,1129,11338,945,888,938,262,2089,7143,14398,1797,530,1342
2021-06-10,INV_02,160797.11,1159443.05,1320240.16,2980,1377,943,1129,11338,945,888,1188,262,2089,7143,14398,1797,530,1342
2021-06-11,INV_02,160797.11,1161582.0,1322379.11,2980,1377,943,1129,11338,945,888,1188,262,2089,7143,14398,1797,530,1342
2021-06-14,INV_02,160797.11,1170656.62,1331453.73,2980,1377,943,1129,11338,945,888,1188,262,2089,7143,14398,1797,530,1342
2021-06-15,INV_02,136501.6,1196329.58,1332831.18,2980,1377,943,1129,11338,945,888,1188,262,2089,7143,14398,1797,884,1342
2021-06-16,INV_02,136501.6,1196674.39,1333175.99,2980,1377,943,1129,11338,945,888,1188,262,2089,7143,14398,1797,884,1342
2021-06-17,INV_02,115835.8,1211191.18,1327026.98,2980,1377,943,1129,11338,945,888,1188,262,2089,7143,14398,1797,884,1755
2021-06-18,INV_02,115835.8,1218149.17,1333984.97,2980,1377,943,1129,11338,945,888,1188,262,2089,7143,14398,1797,884,1755
2021-06-21,INV_02,130373.67,1202916.05,1333289.72,2980,1377,943,1129,11338,708,888,1188,262,2089,7143,14398,1797,884,1755
2021-06-22,INV_02,145080.29,1176781.26,1321861.55,2235,1377,943,1129,11338,708,888,1188,262,2089,7143,14398,1797,884,1755
2021-06-23,INV_02,145080.29,1179392.26,1324472.55,2235,1377,943,1129,11338,708,888,1188,262,2089,7143,14398,1797,884,1755
2021-06-24,INV_02,145080.29,1179392.26,1324472.55,2235,1377,943,1129,11338,708,888,1188,262,2089,7143,14398,1797,884,1755
2021-06-25,INV_02,155620.78,1172130.0,1327750.78,2235,1377,943,1129,11338,531,888,1188,262,2089,7143,14398,1797,884,1755
2021-06-28,INV_02,155620.78,1163548.52,1319169.3,2235,1377,943,1129,11338,531,888,1188,262,2089,7143,14398,1797,884,1755
2021-06-29,INV_02,163406.45,1147049.0,1310455.45,2235,1377,943,1129,11338,398,888,1188,262,2089,7143,14398,1797,884,1755
2021-06-30,INV_02,179290.03,1116351.45,1295641.48,2235,1377,707,1129,11338,398,888,1188,262,2089,7143,14398,1797,884,1755
2021-07-01,INV_02,179290.03,1115346.21,1294636.24,2235,1377,707,1129,11338,398,888,1188,262,2089,7143,14398,1797,884,1755
2021-07-02,INV_02,204850.18,1088132.22,1292982.4,2235,1377,707,1129,8503,398,888,1188,262,2089,7143,14398,1797,884,1755
2021-07-05,INV_02,219084.5,1068340.25,1287424.75,2235,1377,707,846,8503,398,888,1188,262,2089,7143,14398,1797,884,1755
2021-07-06,INV_02,219084.5,1077599.54,1296684.04,2235,1377,707,846,8503,398,888,1188,262,2089,7143,14398,1797,884,1755
2021-07-07,INV_02,237943.2,1049677.4,1287620.59,2235,1377,707,846,6377,398,888,1188,262,2089,7143,14398,1797,884,1755
2021-07-08,INV_02,237943.2,1050485.11,1288428.31,2235,1377,707,846,6377,398,888,1188,262,2089,7143,14398,1797,884,1755
2021-07-09,INV_02,201909.41,1092490.33,1294399.74,2235,1377,1236,846,6377,398,888,1188,262,2089,7143,14398,1797,884,1755
2021-07-12,INV_02,234352.58,1060190.54,1294543.12,2235,1377,1236,846,6377,398,888,891,262,2089,7143,14398,1797,884,1755
2021-07-13,INV_02,234352.58,1063301.63,1297654.21,2235,1377,1236,846,6377,398,888,891,262,2089,7143,14398,1797,884,1755
2021-07-14,INV_02,198877.08,1108993.11,1307870.19,2235,1377,1758,846,6377,398,888,891,262,2089,7143,14398,1797,884,1755
2021-07-15,INV_02,168782.38,1143157.0,1311939.38,2235,1777,1758,846,6377,398,888,891,262,2089,7143,14398,1797,884,1755
2021-07-16,INV_02,198160.27,1109066.47,1307226.75,2235,1777,1318,846,6377,398,888,891,262,2089,7143,14398,1797,884,1755
2021-07-19,INV_02,198160.27,1117234.47,1315394.74,2235,1777,1318,846,6377,398,888,891,262,2089,7143,14398,1797,884,1755
2021-07-20,INV_02,220067.5,1091550.18,1311617.67,2235,1777,988,846,6377,398,888,891,262,2089,7143,14398,1797,884,1755
2021-07-21,INV_02,220067.5,1091550.18,1311617.67,2235,1777,988,846,6377,398,888,891,262,2089,7143,14398,1797,884,1755
2021-07-22,INV_02,186737.09,1117041.1,1303778.19,3890,1777,988,846,6377,398,888,891,262,2089,7143,14398,1797,884,1755
2021-07-23,INV_02,158485.13,1145013.34,1303498.47,3890,1777,988,846,6377,398,1258,891,262,2089,7143,14398,1797,884,1755
2021-07-26,INV_02,167348.27,1127570.17,1294918.44,3890,1777,988,846,6377,398,1258,891,196,2089,7143,14398,1797,884,1755
2021-07-27,INV_02,173880.89,1118599.02,1292479.91,3890,1777,988,846,6377,398,1258,891,147,2089,7143,14398,1797,884,1755
2021-07-28,INV_02,147568.58,1145591.6,1293160.19,3890,2133,988,846,6377,398,1258,891,147,2089,7143,14398,1797,884,1755
2021-07-29,INV_02,158143.47,1144428.08,1302571.55,3890,2133,988,634,6377,398,1258,891,147,2089,7143,14398,1797,884,1755
2021-07-30,INV_02,188384.69,1108780.26,1297164.95,3890,2133,988,634,6377,398,1258,891,147,2089,5357,14398,1797,884,1755
2021-08-02,INV_02,159846.65,1135666.14,1295512.79,3890,2133,988,634,6377,398,1258,891,147,2089,7025,14398,1797,884,1755
2021-08-03,INV_02,175041.17,1116695.98,1291737.15,3890,2133,988,634,6377,398,1258,891,147,2089,7025,14398,1347,884,1755
2021-08-04,INV_02,175041.17,1115421.35,1290462.52,3890,2133,988,634,6377,398,1258,891,147,2089,7025,14398,1347,884,1755
2021-08-05,INV_02,198485.08,1081310.35,1279795.42,3890,2133,988,634,6377,398,1258,668,147,2089,7025,14398,1347,884,1755
2021-08-06,INV_02,168416.97,1112974.35,1281391.32,3890,2133,988,634,6377,398,1258,668,147,2089,7025,18776,1347,884,1755
2021-08-09,INV_02,199552.27,1072267.7,1271819.97,3890,2133,988,634,6377,398,1258,668,147,2089,7025,14082,1347,884,1755
2021-08-10,INV_02,169373.33,1094514.07,1263887.4,3890,2133,1454,634,6377,398,1258,668,147,2089,7025,14082,1347,884,1755
2021-08-11,INV_02,143736.82,1122440.56,1266177.39,3890,2133,1454,634,6377,398,1258,902,147,2089,7025,14082,1347,884,1755
2021-08-12,INV_02,171921.2,1083471.86,1255393.06,3890,2133,1454,634,6377,398,1258,902,147,2089,5268,14082,1347,884,1755
2021-08-13,INV_02,145908.46,1114240.18,1260148.64,3890,2133,1454,1161,6377,398,1258,902,147,2089,5268,14082,1347,884,1755
2021-08-16,INV_02,145908.46,1115566.15,1261474.61,3890,2133,1454,1161,6377,398,1258,902,147,2089,5268,14082,1347,884,1755
2021-08-17,INV_02,145908.46,1135998.22,1281906.68,3890,2133,1454,1161,6377,398,1258,902,147,2089,5268,14082,1347,884,1755
2021-08-18,INV_02,160004.76,1150451.74,1310456.5,3890,2133,1454,1161,6377,398,1258,902,147,2089,5268,14082,1347,663,1755
2021-08-19,INV_02,164784.81,1148771.34,1313556.15,3890,2133,1454,1161,6377,398,1258,902,110,2089,5268,14082,1347,663,1755
2021-08-20,INV_02,189332.98,1109011.41,1298344.39,3890,2133,1454,1161,6377,398,1258,676,110,2089,5268,14082,1347,663,1755
2021-08-23,INV_02,189332.98,1130269.99,1319602.98,3890,2133,1454,1161,6377,398,1258,676,110,2089,5268,14082,1347,663,1755
2021-08-24,INV_02,160685.47,1192239.25,1352924.72,3890,2133,1454,1723,6377,398,1258,676,110,2089,5268,14082,1347,663,1755
2021-08-25,INV_02,173790.19,1170001.45,1343791.64,3890,2133,1454,1723,4782,398,1258,676,110,2089,5268,14082,1347,663,1755
2021-08-26,INV_02,173790.19,1185130.37,1358920.56,3890,2133,1454,1723,4782,398,1258,676,110,2089,5268,14082,1347,663,1755
2021-08-27,INV_02,209831.47,1142264.37,1352095.84,3890,1599,1454,1723,4782,398,1258,676,110,2089,5268,14082,1347,663,1755
2021-08-30,INV_02,231811.31,1101111.88,1332923.19,3890,1599,1454,1723,4782,398,1258,676,110,2089,3951,14082,1347,663,1755
2021-08-31,INV_02,231811.31,1097081.11,1328892.43,3890,1599,1454,1723,4782,398,1258,676,110,2089,3951,14082,1347,663,1755
2021-09-01,INV_02,241376.92,1083125.08,1324502.0,3890,1599,1454,1723,3586,398,1258,676,110,2089,3951,14082,1347,663,1755
2021-09-02,INV_02,241376.92,1109447.9,1350824.82,3890,1599,1454,1723,3586,398,1258,676,110,2089,3951,14082,1347,663,1755
2021-09-03,INV_02,204815.12,1144193.6,1349008.72,3890,1599,1454,1723,3586,398,1258,676,110,2089,3951,17631,1347,663,1755
2021-09-06,INV_02,204815.12,1144926.28,1349741.4,3890,1599,1454,1723,3586,398,1258,676,110,2089,3951,17631,1347,663,1755
2021-09-07,INV_02,227890.35,1084396.92,1312287.28,3890,1599,1454,1723,3586,398,1258,676,110,1566,3951,17631,1347,663,1755
2021-09-08,INV_02,244713.04,1033310.81,1278023.85,3890,1599,1454,1723,3586,398,1258,676,110,1174,3951,17631,1347,663,1755
2021-09-09,INV_02,207703.39,1100560.14,1308263.53,3890,1599,2018,1723,3586,398,1258,676,110,1174,3951,17631,1347,663,1755
2021-09-10,INV_02,240339.76,1054572.77,1294912.52,3890,1599,1513,1723,3586,398,1258,676,110,1174,3951,17631,1347,663,1755
2021-09-13,INV_02,266362.34,1021519.89,1287882.23,3890,1199,1513,1723,3586,398,1258,676,110,1174,3951,17631,1347,663,1755
2021-09-14,INV_02,279396.45,1002740.62,1282137.07,3890,1199,1513,1723,3586,398,1258,676,110,880,3951,17631,1347,663,1755
2021-09-15,INV_02,237069.57,1056396.81,1293466.38,3890,1199,1513,1723,3586,398,1258,676,110,880,3951,22504,1347,663,1755
2021-09-16,INV_02,253158.4,1037720.2,1290878.61,3890,1199,1513,1723,3586,398,1258,676,110,880,2963,22504,1347,663,1755
2021-09-17,INV_02,256694.14,1021235.04,1277929.18,3890,1199,1513,1723,3586,398,1258,676,82,880,2963,22504,1347,663,1755
2021-09-20,INV_02,276687.97,1001039.26,1277727.23,3890,1199,1513,1723,3586,398,1258,676,82,880,2963,22504,1347,663,1316
2021-09-21,INV_02,288934.69,980691.0,1269625.69,3890,1199,1513,1723,3586,398,1258,676,82,880,2222,22504,1347,663,1316
2021-09-22,INV_02,288934.69,978707.69,1267642.38,3890,1199,1513,1723,3586,398,1258,676,82,880,2222,22504,1347,663,1316
2021-09-23,INV_02,288934.69,985289.01,1274223.71,3890,1199,1513,1723,3586,398,1258,676,82,880,2222,22504,1347,663,1316
2021-09-24,INV_02,288934.69,991412.73,1280347.42,3890,1199,1513,1723,3586,398,1258,676,82,880,2222,22504,1347,663,1316
2021-09-27,INV_02,245207.39,1069973.13,1315180.52,3890,1199,1513,1723,3586,915,1258,676,82,880,2222,22504,1347,663,1316
2021-09-28,INV_02,257918.68,1054421.86,1312340.54,3890,1199,1513,1723,3586,915,1258,676,82,880,2222,22504,1010,663,1316
2021-09-29,INV_02,277081.98,1033097.49,1310179.47,3890,1199,1513,1723,3586,686,1258,676,82,880,2222,22504,1010,663,1316
2021-09-30,INV_02,277081.98,1039559.29,1316641.27,3890,1199,1513,1723,3586,686,1258,676,82,880,2222,22504,1010,663,1316
2021-10-01,INV_02,277081.98,1036678.22,1313760.2,3890,1199,1513,1723,3586,686,1258,676,82,880,2222,22504,1010,663,1316
2021-10-04,INV_02,235111.21,1089846.0,1324957.2,3890,1199,1513,1723,8825,686,1258,676,82,880,2222,22504,1010,663,1316
2021-10-05,INV_02,254358.13,1073487.45,1327845.58,2917,1199,1513,1723,8825,686,1258,676,82,880,2222,22504,1010,663,1316
2021-10-06,INV_02,215830.01,1118097.72,1333927.73,2917,1199,1513,1723,8825,686,1258,676,82,880,4303,22504,1010,663,1316
2021-10-07,INV_02,183178.45,1172057.35,1355235.81,2917,1199,1513,1723,8825,686,1258,676,297,880,4303,22504,1010,663,1316
2021-10-08,INV_02,183178.45,1175153.87,1358332.33,2917,1199,1513,1723,8825,686,1258,676,297,880,4303,22504,1010,663,1316
2021-10-11,INV_02,155486.54,1206261.42,1361747.96,2917,1199,1513,1723,8825,686,1258,676,297,880,4303,22504,1010,1088,1316
2021-10-12,INV_02,131931.55,1229050.03,1360981.58,2917,1199,1513,1723,8825,686,1594,676,297,880,4303,22504,1010,1088,1316
2021-10-13,INV_02,155260.97,1189771.06,1345032.03,2917,1199,1513,1292,8825,686,1594,676,297,880,4303,22504,1010,1088,1316
2021-10-14,INV_02,131752.64,1221995.5,1353748.14,2917,1199,1513,1292,8825,686,1594,676,297,1379,4303,22504,1010,1088,1316
2021-10-15,INV_02,111823.21,1236805.63,1348628.84,2917,1199,1810,1292,8825,686,1594,676,297,1379,4303,22504,1010,1088,1316
2021-10-18,INV_02,94885.5,1267731.93,1362617.43,2917,1199,1810,1604,8825,686,1594,676,297,1379,4303,22504,1010,1088,1316
2021-10-19,INV_02,116223.73,1246178.16,1362401.89,2917,1199,1810,1203,8825,686,1594,676,297,1379,4303,22504,1010,1088,1316
2021-10-20,INV_02,116223.73,1246178.16,1362401.89,2917,1199,1810,1203,8825,686,1594,676,297,1379,4303,22504,1010,1088,1316
2021-10-21,INV_02,98628.77,1272190.45,1370819.22,2917,1450,1810,1203,8825,686,1594,676,297,1379,4303,22504,1010,1088,1316
2021-10-22,INV_02,114609.12,1249949.55,1364558.67,2917,1450,1810,1203,8825,686,1594,676,297,1034,4303,22504,1010,1088,1316
2021-10-25,INV_02,114609.12,1240464.04,1355073.16,2917,1450,1810,1203,8825,686,1594,676,297,1034,4303,22504,1010,1088,1316
2021-10-26,INV_02,114609.12,1245138.59,1359747.71,2917,1450,1810,1203,8825,686,1594,676,297,1034,4303,22504,1010,1088,1316
2021-10-27,INV_02,114609.12,1258070.65,1372679.78,2917,1450,1810,1203,8825,686,1594,676,297,1034,4303,22504,1010,1088,1316
2021-10-28,INV_02,97265.9,1284941.02,1382206.93,2917,1450,1810,1203,8825,686,1594,807,297,1034,4303,22504,1010,1088,1316
2021-10-29,INV_02,106710.42,1270875.88,1377586.3,2917,1450,1810,1203,8825,686,1594,807,297,1034,4303,22504,757,1088,1316
2021-11-01,INV_02,113729.26,1251832.93,1365562.18,2917,1450,1810,1203,8825,686,1594,807,297,1034,4303,22504,567,1088,1316
2021-11-02,INV_02,96531.84,1277076.27,1373608.11,2917,1450,1810,1203,8825,686,1594,807,297,1034,4303,22504,1017,1088,1316
2021-11-03,INV_02,81983.23,1311710.22,1393693.45,2917,1639,1810,1203,8825,686,1594,807,297,1034,4303,22504,1017,1088,1316
2021-11-04,INV_02,81983.23,1311710.22,1393693.45,2917,1639,1810,1203,8825,686,1594,807,297,1034,4303,22504,1017,1088,1316
2021-11-05,INV_02,69577.28,1357732.38,1427309.66,3471,1639,1810,1203,8825,686,1594,807,297,1034,4303,22504,1017,1088,1316
2021-11-08,INV_02,59043.27,1553371.51,1612414.78,3471,1639,1810,1203,10116,686,1594,807,297,1034,4303,22504,1017,1088,1316
2021-11-09,INV_02,87081.67,1480038.24,1567119.91,3471,1639,1810,1203,10116,686,1594,605,297,1034,4303,22504,1017,1088,1316
2021-11-10,INV_02,73902.12,1520459.81,1594361.93,4069,1639,1810,1203,10116,686,1594,605,297,1034,4303,22504,1017,1088,1316
2021-11-11,INV_02,62727.54,1638062.5,1700790.04,4574,1639,1810,1203,10116,686,1594,605,297,1034,4303,22504,1017,1088,1316
2021-11-12,INV_02,53280.69,1687962.86,1741243.55,4574,1769,1810,1203,10116,686,1594,605,297,1034,4303,22504,1017,1088,1316
2021-11-15,INV_02,45228.16,1770151.36,1815379.52,4574,1769,1810,1203,10116,686,1594,605,297,1034,4303,22768,1017,1088,1316
2021-11-16,INV_02,45228.16,1928833.52,1974061.68,4574,1769,1810,1203,10116,686,1594,605,297,1034,4303,22768,1017,1088,1316
2021-11-17,INV_02,45228.16,1931460.07,1976688.23,4574,1769,1810,1203,10116,686,1594,605,297,1034,4303,22768,1017,1088,1316
2021-11-18,INV_02,45228.16,1931460.07,1976688.23,4574,1769,1810,1203,10116,686,1594,605,297,1034,4303,22768,1017,1088,1316
2021-11-19,INV_02,60518.23,1652591.26,1713109.49,4574,1769,1810,902,10116,686,1594,605,297,1034,4303,22768,1017,1088,1316
2021-11-22,INV_02,51355.03,1707389.92,1758744.95,4574,1769,1810,902,11239,686,1594,605,297,1034,4303,22768,1017,1088,1316
2021-11-23,INV_02,64248.84,1658131.55,1722380.38,4574,1769,1810,902,11239,514,1594,605,297,1034,4303,22768,1017,1088,1316
2021-11-24,INV_02,90648.24,1585423.05,1676071.3,4574,1769,1810,902,11239,514,1195,605,297,1034,4303,22768,1017,1088,1316
2021-11-25,INV_02,90648.24,1605031.83,1695680.07,4574,1769,1810,902,11239,514,1195,605,297,1034,4303,22768,1017,1088,1316
2021-11-26,INV_02,90648.24,1652686.73,1743334.97,4574,1769,1810,902,11239,514,1195,605,297,1034,4303,22768,1017,1088,1316
2021-11-29,INV_02,113531.24,1627115.6,1740646.84,4574,1769,1810,902,8429,514,1195,605,297,1034,4303,22768,1017,1088,1316
2021-11-30,INV_02,96381.23,1676744.61,1773125.84,4574,1769,1810,902,8429,514,1458,605,297,1034,4303,22768,1017,1088,1316
2021-12-01,INV_02,245710.85,1488564.45,1734275.3,4574,1769,1810,902,8429,514,1458,605,297,1034,4303,17076,1017,1088,1316
2021-12-02,INV_02,270344.15,1461649.28,1731993.43,4574,1769,1810,902,8429,514,1458,605,297,1034,3227,17076,1017,1088,1316
2021-12-03,INV_02,289039.15,1412518.12,1701557.27,4574,1769,1810,902,8429,514,1458,453,297,1034,3227,17076,1017,1088,1316
2021-12-06,INV_02,245283.68,1467843.77,1713127.46,4574,2363,1810,902,8429,514,1458,453,297,1034,3227,17076,1017,1088,1316
2021-12-07,INV_02,208188.9,1505547.27,1713736.17,4574,2870,1810,902,8429,514,1458,453,297,1034,3227,17076,1017,1088,1316
2021-12-08,INV_02,219946.91,1452401.39,1672348.3,4574,2870,1810,902,8429,514,1458,453,297,775,3227,17076,1017,1088,1316
2021-12-09,INV_02,219946.91,1508810.23,1728757.14,4574,2870,1810,902,8429,514,1458,453,297,775,3227,17076,1017,1088,1316
2021-12-10,INV_02,186652.08,1556937.97,1743590.05,4574,2870,1810,1553,8429,514,1458,453,297,775,3227,17076,1017,1088,1316
2021-12-13,INV_02,202578.18,1523980.69,1726558.88,4574,2870,1810,1553,8429,514,1458,453,297,775,3227,17076,1017,816,1316
2021-12-14,INV_02,171925.89,1577314.43,1749240.32,4574,3255,1810,1553,8429,514,1458,453,297,775,3227,17076,1017,816,1316
2021-12-15,INV_02,183904.36,1558204.55,1742108.91,4574,3255,1810,1553,8429,514,1458,453,297,775,3227,17076,1017,612,1316
2021-12-16,INV_02,247966.52,1471161.13,1719127.65,4574,2441,1810,1553,8429,514,1458,453,297,775,3227,17076,1017,612,1316
2021-12-17,INV_02,210426.86,1529291.66,1739718.52,4574,2441,1810,1553,8429,514,2032,453,297,775,3227,17076,1017,612,1316
2021-12-20,INV_02,242611.9,1480388.76,1723000.67,4574,2441,1810,1553,8429,514,1524,453,297,775,3227,17076,1017,612,1316
2021-12-21,INV_02,205945.15,1508313.16,1714258.31,4574,2441,1810,1553,8429,874,1524,453,297,775,3227,17076,1017,612,1316
2021-12-22,INV_02,174799.8,1608705.35,1783505.15,4574,2441,1810,1553,8429,874,2008,453,297,775,3227,17076,1017,612,1316
2021-12-23,INV_02,191506.31,1584929.8,1776436.11,4574,2441,1810,1553,6321,874,2008,453,297,775,3227,17076,1017,612,1316
2021-12-24,INV_02,162554.55,1636814.84,1799369.39,4574,2441,1810,1553,6321,874,2008,453,297,775,3691,17076,1017,612,1316
2021-12-27,INV_02,194500.4,1596673.02,1791173.42,4574,2441,1810,1553,6321,874,1506,453,297,775,3691,17076,1017,612,1316
2021-12-28,INV_02,194500.4,1583282.86,1777783.26,4574,2441,1810,1553,6321,874,1506,453,297,775,3691,17076,1017,612,1316
2021-12-29,INV_02,226161.82,1544510.8,1770672.62,3430,2441,1810,1553,6321,874,1506,453,297,775,3691,17076,1017,612,1316
2021-12-30,INV_02,253843.9,1506847.91,1760691.82,3430,2441,1357,1553,6321,874,1506,453,297,775,3691,17076,1017,612,1316
2021-12-31,INV_02,253843.9,1519314.68,1773158.58,3430,2441,1357,1553,6321,874,1506,453,297,775,3691,17076,1017,612,1316
2022-01-03,INV_02,215399.13,1682495.95,1897895.09,3430,2441,1357,1553,6321,874,2107,453,297,775,3691,17076,1017,612,1316
2022-01-04,INV_02,182790.07,1773654.63,1956444.7,3430,2441,1357,2208,6321,874,2107,453,297,775,3691,17076,1017,612,1316
2022-01-05,INV_02,197609.4,1734802.06,1932411.46,3430,2441,1357,2208,6321,874,2107,453,297,775,3691,17076,1017,612,987
2022-01-06,INV_02,197609.4,1740858.81,1938468.21,3430,2441,1357,2208,6321,874,2107,453,297,775,3691,17076,1017,612,987
2022-01-07,INV_02,167690.69,1788220.09,1955910.78,3430,2441,1357,2208,6321,874,2107,453,297,775,3691,17076,1017,1115,987
2022-01-10,INV_02,177337.28,1775538.22,1952875.5,3430,2441,1357,2208,6321,874,2107,453,297,581,3691,17076,1017,1115,987
2022-01-11,INV_02,150533.7,1810599.76,1961133.46,3430,2770,1357,2208,6321,874,2107,453,297,581,3691,17076,1017,1115,987
2022-01-12,INV_02,167078.21,1779655.28,1946733.49,3430,2770,1357,2208,6321,874,2107,453,297,581,3691,17076,1017,836,987
2022-01-13,INV_02,167078.21,1784021.78,1951099.99,3430,2770,1357,2208,6321,874,2107,453,297,581,3691,17076,1017,836,987
2022-01-14,INV_02,215971.66,1734634.46,1950606.12,3430,2770,1357,2208,6321,874,2107,453,297,581,2768,17076,1017,836,987
2022-01-17,INV_02,215971.66,1734634.46,1950606.12,3430,2770,1357,2208,6321,874,2107,453,297,581,2768,17076,1017,836,987
2022-01-18,INV_02,183259.18,1820030.5,2003289.68,3430,2770,1357,2208,9996,874,2107,453,297,581,2768,17076,1017,836,987
2022-01-19,INV_02,183259.18,1818389.6,2001648.78,3430,2770,1357,2208,9996,874,2107,453,297,581,2768,17076,1017,836,987
2022-01-20,INV_02,192186.36,1802073.85,1994260.21,3430,2770,1357,2208,9996,874,2107,453,297,435,2768,17076,1017,836,987
2022-01-21,INV_02,231560.67,1754951.66,1986512.33,3430,2770,1357,2208,9996,874,2107,453,297,435,2076,17076,1017,836,987
2022-01-24,INV_02,253533.67,1720265.49,1973799.16,3430,2770,1017,2208,9996,874,2107,453,297,435,2076,17076,1017,836,987
2022-01-25,INV_02,281633.4,1653562.85,1935196.25,3430,2770,1017,2208,9996,874,2107,453,297,435,1557,17076,1017,836,987
2022-01-26,INV_02,292139.28,1618406.87,1910546.14,3430,2770,1017,2208,9996,874,2107,453,297,435,1557,17076,762,836,987
2022-01-27,INV_02,320179.54,1555089.4,1875268.95,3430,2770,1017,1656,9996,874,2107,453,297,435,1557,17076,762,836,987
2022-01-28,INV_02,339803.14,1521105.61,1860908.75,3430,2770,1017,1656,7497,874,2107,453,297,435,1557,17076,762,836,987
2022-01-31,INV_02,339803.14,1547476.97,1887280.11,3430,2770,1017,1656,7497,874,2107,453,297,435,1557,17076,762,836,987
2022-02-01,INV_02,288323.51,1613176.86,1901500.37,3430,2770,1017,1656,7497,874,2107,453,297,1371,1557,17076,762,836,987
2022-02-02,INV_02,342519.55,1549008.82,1891528.36,3430,2077,1017,1656,7497,874,2107,453,297,1371,1557,17076,762,836,987
2022-02-03,INV_02,290658.52,1628593.27,1919251.79,3430,2077,1017,1656,7497,874,2107,453,297,2295,1557,17076,762,836,987
2022-02-04,INV_02,311688.72,1607350.65,1919039.37,3430,2077,1017,1242,7497,874,2107,453,297,2295,1557,17076,762,836,987
2022-02-07,INV_02,334205.3,1584982.06,1919187.36,3430,2077,1017,1242,7497,874,2107,453,297,2295,1167,17076,762,836,987
2022-02-08,INV_02,355557.77,1526715.3,1882273.07,3430,2077,1017,1242,7497,655,2107,453,297,2295,1167,17076,762,836,987
2022-02-09,INV_02,371611.23,1449371.09,1820982.32,3430,2077,1017,1242,7497,655,2107,453,297,2295,875,17076,762,836,987
2022-02-10,INV_02,315345.18,1510228.07,1825573.26,3430,2077,1017,1242,7497,655,2107,453,297,2295,875,17076,762,1814,987
2022-02-11,INV_02,315345.18,1529846.75,1845191.93,3430,2077,1017,1242,7497,655,2107,453,297,2295,875,17076,762,1814,987
2022-02-14,INV_02,326753.89,1529730.23,1856484.12,3430,2077,1017,1242,7497,655,2107,453,222,2295,875,17076,762,1814,987
2022-02-15,INV_02,277266.72,1591570.72,1868837.44,3430,2077,1017,1242,7497,655,2107,453,222,2295,875,18918,762,1814,987
2022-02-16,INV_02,235268.73,1633152.89,1868421.62,3430,2077,1017,1242,7497,655,2107,453,222,2295,1633,18918,762,1814,987
2022-02-17,INV_02,199633.49,1679963.77,1879597.26,3430,2077,1017,1242,11603,655,2107,453,222,2295,1633,18918,762,1814,987
2022-02-18,INV_02,221444.14,1600152.05,1821596.19,2572,2077,1017,1242,11603,655,2107,453,222,2295,1633,18918,762,1814,987
2022-02-21,INV_02,260478.89,1480556.68,1741035.58,2572,1557,1017,1242,11603,655,2107,453,222,2295,1633,18918,762,1814,987
2022-02-22,INV_02,221047.68,1523522.48,1744570.16,2572,1557,1017,1242,11603,655,2107,453,222,2295,1633,18918,1815,1814,987
2022-02-23,INV_02,316106.49,1349704.12,1665810.6,2572,1557,1017,1242,11603,655,2107,453,222,2295,1633,14188,1815,1814,987
2022-02-24,INV_02,346536.18,1241635.6,1588171.78,2572,1557,1017,1242,11603,655,1580,453,222,2295,1633,14188,1815,1814,987
2022-02-25,INV_02,294065.15,1364540.71,1658605.86,2572,1557,1017,1242,11603,655,1580,916,222,2295,1633,14188,1815,1814,987
2022-02-28,INV_02,294065.15,1430313.7,1724378.85,2572,1557,1017,1242,11603,655,1580,916,222,2295,1633,14188,1815,1814,987
2022-03-01,INV_02,249545.81,1474392.26,1723938.07,2572,1557,1017,1242,11603,655,1580,916,222,2295,1633,14188,1815,1814,1954
2022-03-02,INV_02,265401.47,1448395.26,1713796.73,2572,1557,762,1242,11603,655,1580,916,222,2295,1633,14188,1815,1814,1954
2022-03-03,INV_02,277277.68,1398170.28,1675447.96,2572,1557,571,1242,11603,655,1580,916,222,2295,1633,14188,1815,1814,1954
2022-03-04,INV_02,286169.29,1391228.42,1677397.71,2572,1557,428,1242,11603,655,1580,916,222,2295,1633,14188,1815,1814,1954
2022-03-07,INV_02,298922.97,1323326.25,1622249.22,2572,1557,428,1242,11603,491,1580,916,222,2295,1633,14188,1815,1814,1954
2022-03-08,INV_02,322757.96,1215468.19,1538226.14,2572,1557,428,1242,8702,491,1580,916,222,2295,1633,14188,1815,1814,1954
2022-03-09,INV_02,337019.95,1146558.96,1483578.91,2572,1557,428,931,8702,491,1580,916,222,2295,1633,14188,1815,1814,1954
2022-03-10,INV_02,285967.73,1303380.58,1589348.31,2572,1557,428,931,14847,491,1580,916,222,2295,1633,14188,1815,1814,1954
2022-03-11,INV_02,308371.53,1254919.55,1563291.08,2572,1557,428,931,14847,491,1580,916,222,2295,1633,14188,1815,1814,1465
2022-03-14,INV_02,335103.25,1212740.2,1547843.45,2572,1167,428,931,14847,491,1580,916,222,2295,1633,14188,1815,1814,1465
2022-03-15,INV_02,345502.81,1159637.98,1505140.79,2572,1167,428,698,14847,491,1580,916,222,2295,1633,14188,1815,1814,1465
2022-03-16,INV_02,360157.31,1137335.57,1497492.88,2572,1167,428,698,14847,491,1580,916,222,2295,1633,14188,1361,1814,1465
2022-03-17,INV_02,389845.88,1107347.11,1497192.99,2572,1167,428,698,11135,491,1580,916,222,2295,1633,14188,1361,1814,1465
2022-03-18,INV_02,330873.99,1192010.32,1522884.31,2572,1167,428,698,11135,491,1580,916,602,2295,1633,14188,1361,1814,1465
2022-03-21,INV_02,355889.09,1178889.01,1534778.11,2572,1167,428,698,11135,491,1580,687,602,2295,1633,14188,1361,1814,1465
2022-03-22,INV_02,363975.59,1152328.89,1516304.48,2572,1167,428,523,11135,491,1580,687,602,2295,1633,14188,1361,1814,1465
2022-03-23,INV_02,387730.21,1124554.17,1512284.37,2572,1167,428,523,11135,491,1580,687,602,2295,1633,14188,1361,1360,1465
2022-03-24,INV_02,394031.48,1104765.06,1498796.54,2572,1167,321,523,11135,491,1580,687,602,2295,1633,14188,1361,1360,1465
2022-03-25,INV_02,421467.36,1066407.4,1487874.76,2572,1167,321,523,11135,491,1580,687,602,1721,1633,14188,1361,1360,1465
2022-03-28,INV_02,442099.92,998299.57,1440399.49,2572,1167,321,523,11135,491,1580,687,602,1290,1633,14188,1361,1360,1465
2022-03-29,INV_02,458506.06,910566.49,1369072.56,2572,1167,321,523,11135,491,1580,687,602,1290,1633,14188,1361,1020,1465
2022-03-30,INV_02,389047.96,979546.77,1368594.73,2572,1167,321,523,11135,491,1580,687,602,1290,1633,19734,1361,1020,1465
2022-03-31,INV_02,330164.44,1058093.7,1388258.14,2572,1167,321,523,11135,1418,1580,687,602,1290,1633,19734,1361,1020,1465
2022-04-01,INV_02,380964.9,906873.0,1287837.9,2572,1167,321,523,11135,1418,1580,687,602,1290,1633,14800,1361,1020,1465
2022-04-04,INV_02,386720.14,888015.89,1274736.03,2572,1167,321,392,11135,1418,1580,687,602,1290,1633,14800,1361,1020,1465
2022-04-05,INV_02,328144.54,1015412.93,1343557.46,2572,1167,321,392,11135,1418,1580,687,602,1290,1633,14800,1361,2116,1465
2022-04-06,INV_02,332336.56,965711.47,1298048.03,2572,1167,240,392,11135,1418,1580,687,602,1290,1633,14800,1361,2116,1465
2022-04-07,INV_02,358144.43,885513.92,1243658.35,2572,1167,240,392,11135,1418,1580,687,602,1290,1633,14800,1361,1587,1465
2022-04-08,INV_02,367519.17,857341.65,1224860.81,2572,1167,240,392,11135,1418,1580,687,602,1290,1633,14800,1020,1587,1465
2022-04-11,INV_02,386601.38,838066.68,1224668.06,2572,1167,240,392,11135,1418,1580,687,602,1290,1633,14800,1020,1190,1465
2022-04-12,INV_02,407185.9,817274.24,1224460.14,2572,1167,240,392,11135,1418,1580,687,451,1290,1633,14800,1020,1190,1465
2022-04-13,INV_02,421943.6,802367.48,1224311.07,2572,875,240,392,11135,1418,1580,687,451,1290,1633,14800,1020,1190,1465
2022-04-14,INV_02,421943.6,802367.48,1224311.07,2572,875,240,392,11135,1418,1580,687,451,1290,1633,14800,1020,1190,1465
2022-04-15,INV_02,358108.05,865570.99,1223679.04,2572,875,240,392,11135,1418,1580,687,910,1290,1633,14800,1020,1190,1465
2022-04-18,INV_02,358108.05,865570.99,1223679.04,2572,875,240,392,11135,1418,1580,687,910,1290,1633,14800,1020,1190,1465
2022-04-19,INV_02,372611.24,850921.3,1223532.54,2572,875,240,392,11135,1418,1580,515,910,1290,1633,14800,1020,1190,1465
2022-04-20,INV_02,372611.24,850921.3,1223532.54,2572,875,240,392,11135,1418,1580,515,910,1290,1633,14800,1020,1190,1465
2022-04-21,INV_02,316285.75,906689.11,1222974.86,2572,875,240,392,11135,1418,1580,515,1315,1290,1633,14800,1020,1190,1465
2022-04-22,INV_02,316285.75,906689.11,1222974.86,2572,875,240,392,11135,1418,1580,515,1315,1290,1633,14800,1020,1190,1465
2022-04-25,INV_02,357937.62,787761.96,1145699.58,2572,875,240,392,11135,1418,1580,515,986,1290,1633,14800,1020,1190,1465
2022-04-26,INV_02,367251.61,698531.25,1065782.86,2572,656,240,392,11135,1418,1580,515,986,1290,1633,14800,1020,1190,1465
2022-04-27,INV_02,370965.27,740296.92,1111262.19,2572,656,240,294,11135,1418,1580,515,986,1290,1633,14800,1020,1190,1465
2022-04-28,INV_02,370965.27,765479.72,1136445.0,2572,656,240,294,11135,1418,1580,515,986,1290,1633,14800,1020,1190,1465
2022-04-29,INV_02,370965.27,764925.75,1135891.03,2572,656,240,294,11135,1418,1580,515,986,1290,1633,14800,1020,1190,1465
2022-05-02,INV_02,389183.26,746523.75,1135707.01,2572,656,240,294,8351,1418,1580,515,986,1290,1633,14800,1020,1190,1465
2022-05-03,INV_02,330235.93,804887.44,1135123.37,2572,656,240,294,8351,1418,1580,515,986,1290,1633,14800,1020,2550,1465
2022-05-04,INV_02,330235.93,814931.3,1145167.22,2572,656,240,294,8351,1418,1580,515,986,1290,1633,14800,1020,2550,1465
2022-05-05,INV_02,341888.92,788016.47,1129905.39,2572,656,240,294,8351,1418,1580,515,986,1290,1224,14800,1020,2550,1465
2022-05-06,INV_02,356638.23,752328.91,1108967.14,2572,656,240,294,8351,1418,1185,515,986,1290,1224,14800,1020,2550,1465
2022-05-09,INV_02,302702.8,821342.59,1124045.4,2572,656,240,294,8351,1418,1185,515,1422,1290,1224,14800,1020,2550,1465
2022-05-10,INV_02,302702.8,821342.59,1124045.4,2572,656,240,294,8351,1418,1185,515,1422,1290,1224,14800,1020,2550,1465
2022-05-11,INV_02,310828.85,813134.46,1123963.31,2572,492,240,294,8351,1418,1185,515,1422,1290,1224,14800,1020,2550,1465
2022-05-12,INV_02,263748.11,884283.02,1148031.13,2572,492,240,1577,8351,1418,1185,515,1422,1290,1224,14800,1020,2550,1465
2022-05-13,INV_02,223797.55,964723.99,1188521.54,6212,492,240,1577,8351,1418,1185,515,1422,1290,1224,14800,1020,2550,1465
2022-05-16,INV_02,223797.55,964723.99,1188521.54,6212,492,240,1577,8351,1418,1185,515,1422,1290,1224,14800,1020,2550,1465
2022-05-17,INV_02,189893.99,1047043.57,1236937.57,6212,492,240,1577,8351,1418,1185,515,1422,1290,2171,14800,1020,2550,1465
2022-05-18,INV_02,199357.56,1033368.03,1232725.58,6212,492,240,1577,8351,1418,1185,386,1422,1290,2171,14800,1020,2550,1465
2022-05-19,INV_02,232690.86,973218.63,1205909.49,6212,492,240,1577,8351,1418,1185,386,1422,1290,2171,11100,1020,2550,1465
2022-05-20,INV_02,197444.85,1015001.51,1212446.36,9323,492,240,1577,8351,1418,1185,386,1422,1290,2171,11100,1020,2550,1465
2022-05-23,INV_02,197444.85,1048204.68,1245649.53,9323,492,240,1577,8351,1418,1185,386,1422,1290,2171,11100,1020,2550,1465
2022-05-24,INV_02,197444.85,1050059.0,1247503.85,9323,492,240,1577,8351,1418,1185,386,1422,1290,2171,11100,1020,2550,1465
2022-05-25,INV_02,211410.7,1029404.89,1240815.58,9323,492,240,1182,8351,1418,1185,386,1422,1290,2171,11100,1020,2550,1465
2022-05-26,INV_02,179410.74,1059190.66,1238601.4,9323,492,240,1182,8351,1418,1185,386,1422,1290,2765,11100,1020,2550,1465
2022-05-27,INV_02,182094.12,1034843.19,1216937.31,9323,492,180,1182,8351,1418,1185,386,1422,1290,2765,11100,1020,2550,1465
2022-05-30,INV_02,192663.28,1009454.61,1202117.89,9323,492,180,886,8351,1418,1185,386,1422,1290,2765,11100,1020,2550,1465
2022-05-31,INV_02,213739.07,970093.64,1183832.71,9323,492,180,886,8351,1418,1185,386,1422,1290,2765,11100,1020,1912,1465
2022-06-01,INV_02,232881.81,953714.97,1186596.78,9323,492,180,886,8351,1063,1185,386,1422,1290,2765,11100,1020,1912,1465
2022-06-02,INV_02,232881.81,965919.97,1198801.79,9323,492,180,886,8351,1063,1185,386,1422,1290,2765,11100,1020,1912,1465
2022-06-03,INV_02,256233.44,943095.7,1199329.14,9323,492,180,886,8351,1063,1185,386,1422,1290,2765,8325,1020,1912,1465
2022-06-06,INV_02,290924.46,877693.27,1168617.73,9323,492,180,886,8351,1063,1185,386,1422,1290,2073,8325,1020,1912,1465
2022-06-07,INV_02,306069.4,854610.05,1160679.45,9323,492,180,886,8351,1063,1185,386,1422,1290,2073,8325,1020,1434,1465
2022-06-08,INV_02,306069.4,873593.35,1179662.76,9323,492,180,886,8351,1063,1185,386,1422,1290,2073,8325,1020,1434,1465
2022-06-09,INV_02,259717.6,929289.9,1189007.5,9323,492,180,886,8351,1063,1185,386,1422,1290,2073,8325,2552,1434,1465
2022-06-10,INV_02,259717.6,939696.57,1199414.17,9323,492,180,886,8351,1063,1185,386,1422,1290,2073,8325,2552,1434,1465
2022-06-13,INV_02,270969.5,925013.45,1195982.96,9323,492,180,886,8351,1063,1185,386,1422,967,2073,8325,2552,1434,1465
2022-06-14,INV_02,283477.01,912379.61,1195856.62,9323,492,180,886,8351,1063,888,386,1422,967,2073,8325,2552,1434,1465
2022-06-15,INV_02,291835.94,885845.8,1177681.74,9323,492,180,886,8351,1063,888,386,1422,725,2073,8325,2552,1434,1465
2022-06-16,INV_02,298437.54,868625.06,1167062.6,9323,492,180,886,8351,1063,888,289,1422,725,2073,8325,2552,1434,1465
2022-06-17,INV_02,313163.74,828020.28,1141184.02,9323,492,180,886,6263,1063,888,289,1422,725,2073,8325,2552,1434,1465
2022-06-20,INV_02,315080.99,822507.25,1137588.24,9323,492,135,886,6263,1063,888,289,1422,725,2073,8325,2552,1434,1465
2022-06-21,INV_02,315080.99,834626.58,1149707.57,9323,492,135,886,6263,1063,888,289,1422,725,2073,8325,2552,1434,1465
2022-06-22,INV_02,267448.99,883962.81,1151411.8,9323,492,135,886,6263,1063,888,289,1810,725,2073,8325,2552,1434,1465
2022-06-23,INV_02,278726.6,872988.5,1151715.1,9323,492,135,886,6263,1063,888,289,1810,725,2073,8325,2552,1075,1465
2022-06-24,INV_02,236517.3,932989.93,1169507.23,9323,1327,135,886,6263,1063,888,289,1810,725,2073,8325,2552,1075,1465
2022-06-27,INV_02,257140.22,889574.37,1146714.59,6992,1327,135,886,6263,1063,888,289,1810,725,2073,8325,2552,1075,1465
2022-06-28,INV_02,218194.76,916579.85,1134774.61,6992,2124,135,886,6263,1063,888,289,1810,725,2073,8325,2552,1075,1465
2022-06-29,INV_02,218194.76,919628.97,1137823.73,6992,2124,135,886,6263,1063,888,289,1810,725,2073,8325,2552,1075,1465
2022-06-30,INV_02,218194.76,918298.12,1136492.89,6992,2124,135,886,6263,1063,888,289,1810,725,2073,8325,2552,1075,1465
2022-07-01,INV_02,244536.64,920561.8,1165098.44,6992,1593,135,886,6263,1063,888,289,1810,725,2073,8325,2552,1075,1465
2022-07-04,INV_02,244536.64,923231.74,1167768.38,6992,1593,135,886,6263,1063,888,289,1810,725,2073,8325,2552,1075,1465
2022-07-05,INV_02,252744.86,895305.54,1148050.4,6992,1593,135,886,6263,1063,888,289,1810,725,2073,8325,2552,806,1465
2022-07-06,INV_02,271958.32,857367.74,1129326.06,6992,1194,135,886,6263,1063,888,289,1810,725,2073,8325,2552,806,1465
2022-07-07,INV_02,277341.86,844278.52,1121620.38,6992,1194,135,886,6263,1063,888,289,1810,543,2073,8325,2552,806,1465
2022-07-08,INV_02,235380.77,885373.34,1120754.11,6992,1194,135,886,6263,1063,888,289,2156,543,2073,8325,2552,806,1465
2022-07-11,INV_02,250136.86,891497.23,1141634.09,6992,895,135,886,6263,1063,888,289,2156,543,2073,8325,2552,806,1465
2022-07-12,INV_02,250136.86,894254.79,1144391.64,6992,895,135,886,6263,1063,888,289,2156,543,2073,8325,2552,806,1465
2022-07-13,INV_02,250136.86,894254.79,1144391.64,6992,895,135,886,6263,1063,888,289,2156,543,2073,8325,2552,806,1465
2022-07-14,INV_02,256446.11,882575.13,1139021.23,6992,895,135,886,6263,1063,888,289,2156,543,2073,8325,2552,604,1465
2022-07-15,INV_02,217596.5,946328.04,1163924.53,6992,895,135,886,6263,1063,888,289,2477,543,2073,8325,2552,604,1465
2022-07-18,INV_02,233261.47,939312.27,1172573.74,6992,895,135,886,6263,1063,888,289,2477,543,2073,6243,2552,604,1465
2022-07-19,INV_02,233261.47,943785.54,1177047.01,6992,895,135,886,6263,1063,888,289,2477,543,2073,6243,2552,604,1465
2022-07-20,INV_02,233261.47,953882.36,1187143.82,6992,895,135,886,6263,1063,888,289,2477,543,2073,6243,2552,604,1465
2022-07-21,INV_02,233261.47,959311.07,1192572.54,6992,895,135,886,6263,1063,888,289,2477,543,2073,6243,2552,604,1465
2022-07-22,INV_02,233261.47,962675.98,1195937.44,6992,895,135,886,6263,1063,888,289,2477,543,2073,6243,2552,604,1465
2022-07-25,INV_02,238086.52,947408.45,1185494.97,6992,895,135,886,6263,1063,888,289,2477,543,2073,6243,2552,453,1465
2022-07-26,INV_02,202091.71,978066.2,1180157.91,6992,895,135,886,6263,1063,888,289,2780,543,2073,6243,2552,453,1465
2022-07-27,INV_02,213625.41,964164.01,1177789.41,6992,671,135,886,6263,1063,888,289,2780,543,2073,6243,2552,453,1465
2022-07-28,INV_02,181297.53,1002934.05,1184231.58,6992,671,135,886,6263,1063,1637,289,2780,543,2073,6243,2552,453,1465
2022-07-29,INV_02,181297.53,1002934.05,1184231.58,6992,671,135,886,6263,1063,1637,289,2780,543,2073,6243,2552,453,1465
2022-08-01,INV_02,153836.87,1042348.13,1196185.0,6992,671,135,886,6263,1063,2269,289,2780,543,2073,6243,2552,453,1465
2022-08-02,INV_02,153836.87,1069575.89,1223412.76,6992,671,135,886,6263,1063,2269,289,2780,543,2073,6243,2552,453,1465
2022-08-03,INV_02,153836.87,1085598.18,1239435.05,6992,671,135,886,6263,1063,2269,289,2780,543,2073,6243,2552,453,1465
2022-08-04,INV_02,130593.17,1139885.45,1270478.62,6992,671,135,886,6263,1063,2269,587,2780,543,2073,6243,2552,453,1465
2022-08-05,INV_02,110840.72,1189336.63,1300177.35,6992,671,135,886,6263,1063,2269,587,2780,1126,2073,6243,2552,453,1465
2022-08-08,INV_02,94060.81,1246222.39,1340283.2,6992,971,135,886,6263,1063,2269,587,2780,1126,2073,6243,2552,453,1465
2022-08-09,INV_02,94060.81,1274527.02,1368587.83,6992,971,135,886,6263,1063,2269,587,2780,1126,2073,6243,2552,453,1465
2022-08-10,INV_02,79820.83,1321807.67,1401628.5,6992,971,135,886,6263,1063,2550,587,2780,1126,2073,6243,2552,453,1465
2022-08-11,INV_02,67736.93,1333771.92,1401508.86,8004,971,135,886,6263,1063,2550,587,2780,1126,2073,6243,2552,453,1465
2022-08-12,INV_02,57499.45,1424675.08,1482174.52,8004,971,135,886,6263,1063,2550,587,2780,1431,2073,6243,2552,453,1465
2022-08-15,INV_02,68569.35,1412906.75,1481476.1,8004,971,135,886,6263,1063,2550,440,2780,1431,2073,6243,2552,453,1465
2022-08-16,INV_02,58183.33,1430551.34,1488734.66,8004,971,135,886,7708,1063,2550,440,2780,1431,2073,6243,2552,453,1465
2022-08-17,INV_02,82122.21,1396489.81,1478612.02,8004,971,135,886,7708,1063,2550,440,2780,1431,2073,6243,1914,453,1465
2022-08-18,INV_02,69683.92,1408620.04,1478303.96,8004,971,135,886,7708,1063,2550,440,2780,1431,2149,6243,1914,453,1465
2022-08-19,INV_02,73141.97,1395083.97,1468225.94,8004,971,135,886,7708,1063,2550,440,2780,1431,2149,6243,1914,339,1465
2022-08-22,INV_02,86718.13,1374294.13,1461012.26,8004,971,135,886,5781,1063,2550,440,2780,1431,2149,6243,1914,339,1465
2022-08-23,INV_02,109953.75,1348660.09,1458613.84,6003,971,135,886,5781,1063,2550,440,2780,1431,2149,6243,1914,339,1465
2022-08-24,INV_02,93332.28,1363657.69,1456989.98,6003,971,135,886,5781,1063,2885,440,2780,1431,2149,6243,1914,339,1465
2022-08-25,INV_02,99918.58,1317370.64,1417289.22,6003,971,135,664,5781,1063,2885,440,2780,1431,2149,6243,1914,339,1465
2022-08-26,INV_02,113282.74,1301801.3,1415084.03,6003,728,135,664,5781,1063,2885,440,2780,1431,2149,6243,1914,339,1465
2022-08-29,INV_02,123260.97,1273369.23,1396630.2,6003,546,135,664,5781,1063,2885,440,2780,1431,2149,6243,1914,339,1465
2022-08-30,INV_02,123260.97,1291654.9,1414915.87,6003,546,135,664,5781,1063,2885,440,2780,1431,2149,6243,1914,339,1465
2022-08-31,INV_02,104631.6,1354202.89,1458834.5,6003,877,135,664,5781,1063,2885,440,2780,1431,2149,6243,1914,339,1465
2022-09-01,INV_02,88879.16,1415196.23,1504075.39,6003,877,135,664,5781,1063,2885,440,2780,1431,2243,6243,1914,339,1465
2022-09-02,INV_02,88879.16,1435918.27,1524797.43,6003,877,135,664,5781,1063,2885,440,2780,1431,2243,6243,1914,339,1465
2022-09-05,INV_02,88879.16,1455586.44,1544465.6,6003,877,135,664,5781,1063,2885,440,2780,1431,2243,6243,1914,339,1465
2022-09-06,INV_02,75443.49,1493091.41,1568534.91,6003,877,135,664,5781,1063,2885,440,2780,1823,2243,6243,1914,339,1465
2022-09-07,INV_02,75443.49,1505522.18,1580965.67,6003,877,135,664,5781,1063,2885,440,2780,1823,2243,6243,1914,339,1465
2022-09-08,INV_02,64073.94,1526849.77,1590923.71,6003,877,135,664,5781,1063,2885,599,2780,1823,2243,6243,1914,339,1465
2022-09-09,INV_02,54469.04,1577536.37,1632005.42,6003,877,135,664,5781,1063,2885,599,2780,1823,2290,6243,1914,339,1465
2022-09-12,INV_02,54469.04,1623732.57,1678201.61,6003,877,135,664,5781,1063,2885,599,2780,1823,2290,6243,1914,339,1465
2022-09-13,INV_02,46305.11,1642829.87,1689134.98,6003,877,135,664,5781,1063,2885,599,2780,1823,2326,6243,1914,339,1465
2022-09-14,INV_02,46305.11,1675131.74,1721436.85,6003,877,135,664,5781,1063,2885,599,2780,1823,2326,6243,1914,339,1465
2022-09-15,INV_02,66351.83,1692268.84,1758620.67,6003,877,135,664,5781,1063,2885,599,2780,1823,2326,6243,1435,339,1465
2022-09-16,INV_02,68002.01,1685803.6,1753805.61,6003,877,101,664,5781,1063,2885,599,2780,1823,2326,6243,1435,339,1465
2022-09-19,INV_02,82767.55,1667046.93,1749814.47,6003,877,101,664,5781,1063,2885,599,2780,1823,2326,6243,1076,339,1465
2022-09-20,INV_02,70243.42,1697546.47,1767789.89,6003,877,101,664,5781,1063,3092,599,2780,1823,2326,6243,1076,339,1465
2022-09-21,INV_02,59606.1,1732831.43,1792437.53,6003,877,101,986,5781,1063,3092,599,2780,1823,2326,6243,1076,339,1465
2022-09-22,INV_02,50586.33,1758109.44,1808695.77,6816,877,101,986,5781,1063,3092,599,2780,1823,2326,6243,1076,339,1465
2022-09-23,INV_02,51775.56,1746177.34,1797952.9,6816,877,75,986,5781,1063,3092,599,2780,1823,2326,6243,1076,339,1465
2022-09-26,INV_02,62121.24,1705937.18,1768058.42,6816,877,75,986,5781,1063,3092,599,2780,1823,2326,6243,807,339,1465
2022-09-27,INV_02,62121.24,1706184.79,1768306.04,6816,877,75,986,5781,1063,3092,599,2780,1823,2326,6243,807,339,1465
2022-09-28,INV_02,80494.75,1683691.12,1764185.88,5112,877,75,986,5781,1063,3092,599,2780,1823,2326,6243,807,339,1465
2022-09-29,INV_02,80494.75,1683635.12,1764129.88,5112,877,75,986,5781,1063,3092,599,2780,1823,2326,6243,807,339,1465
2022-09-30,INV_02,80494.75,1695101.36,1775596.12,5112,877,75,986,5781,1063,3092,599,2780,1823,2326,6243,807,339,1465
2022-10-03,INV_02,94157.1,1626726.09,1720883.19,3834,877,75,986,5781,1063,3092,599,2780,1823,2326,6243,807,339,1465
2022-10-04,INV_02,212475.58,1394018.87,1606494.45,3834,877,75,986,5781,1063,3092,599,2780,1823,1744,6243,807,339,1465
2022-10-05,INV_02,220214.29,1401957.61,1622171.9,3834,877,75,739,5781,1063,3092,599,2780,1823,1744,6243,807,339,1465
2022-10-06,INV_02,232934.48,1356589.11,1589523.59,3834,657,75,739,5781,1063,3092,599,2780,1823,1744,6243,807,339,1465
2022-10-07,INV_02,240236.94,1329229.3,1569466.24,3834,657,75,739,5781,1063,3092,599,2780,1823,1744,6243,605,339,1465
2022-10-10,INV_02,240236.94,1329229.3,1569466.24,3834,657,75,739,5781,1063,3092,599,2780,1823,1744,6243,605,339,1465
2022-10-11,INV_02,254359.29,1266538.62,1520897.91,3834,657,75,739,5781,1063,3092,599,2780,1367,1744,6243,605,339,1465
2022-10-12,INV_02,341200.04,1188354.5,1529554.54,3834,657,75,739,5781,1063,3092,599,2085,1367,1744,6243,605,339,1465
2022-10-13,INV_02,289546.13,1298262.71,1587808.84,3834,657,75,739,5781,1063,3092,599,2085,1367,1744,6243,605,339,2631
2022-10-14,INV_02,245715.73,1337852.62,1583568.35,3834,657,75,739,5781,1688,3092,599,2085,1367,1744,6243,605,339,2631
2022-10-17,INV_02,248584.84,1307680.28,1556265.11,3834,657,75,739,5781,1688,3092,599,2085,1367,1744,6243,605,254,2631
2022-10-18,INV_02,258218.28,1270994.55,1529212.84,2875,657,75,739,5781,1688,3092,599,2085,1367,1744,6243,605,254,2631
2022-10-19,INV_02,258218.28,1271823.35,1530041.64,2875,657,75,739,5781,1688,3092,599,2085,1367,1744,6243,605,254,2631
2022-10-20,INV_02,268533.01,1227409.68,1495942.69,2875,657,75,739,5781,1688,3092,449,2085,1367,1744,6243,605,254,2631
2022-10-21,INV_02,273501.47,1198879.44,1472380.91,2875,657,75,739,5781,1688,3092,449,2085,1367,1744,6243,453,254,2631
2022-10-24,INV_02,232088.12,1239882.75,1471970.87,2875,657,75,739,5781,1688,3900,449,2085,1367,1744,6243,453,254,2631
2022-10-25,INV_02,259202.6,1183538.08,1442740.68,2875,657,75,739,5781,1688,3900,449,2085,1367,1744,6243,453,254,1973
2022-10-26,INV_02,259202.6,1215289.31,1474491.9,2875,657,75,739,5781,1688,3900,449,2085,1367,1744,6243,453,254,1973
2022-10-27,INV_02,219952.19,1285706.14,1505658.33,2875,657,75,739,5781,1688,3900,449,2085,2597,1744,6243,453,254,1973
2022-10-28,INV_02,229780.04,1250811.32,1480591.37,2875,657,75,739,4335,1688,3900,449,2085,2597,1744,6243,453,254,1973
2022-10-31,INV_02,230587.94,1238157.46,1468745.39,2875,657,56,739,4335,1688,3900,449,2085,2597,1744,6243,453,254,1973
2022-11-01,INV_02,238278.46,1214923.88,1453202.34,2875,657,56,739,4335,1688,3900,336,2085,2597,1744,6243,453,254,1973
2022-11-02,INV_02,304404.63,1151287.11,1455691.75,2875,657,56,739,4335,1688,3900,336,2085,2597,1308,6243,453,254,1973
2022-11-03,INV_02,309990.36,1138705.47,1448695.83,2875,657,56,554,4335,1688,3900,336,2085,2597,1308,6243,453,254,1973
2022-11-04,INV_02,263046.49,1184716.29,1447762.78,2875,657,56,2078,4335,1688,3900,336,2085,2597,1308,6243,453,254,1973
2022-11-07,INV_02,223218.13,1224150.31,1447368.44,2875,657,56,3371,4335,1688,3900,336,2085,2597,1308,6243,453,254,1973
2022-11-08,INV_02,225240.15,1200235.19,1425475.34,2875,657,56,3371,4335,1688,3900,336,2085,2597,1308,6243,453,190,1973
2022-11-09,INV_02,225240.15,1219838.12,1445078.26,2875,657,56,3371,4335,1688,3900,336,2085,2597,1308,6243,453,190,1973
2022-11-10,INV_02,225240.15,1232840.69,1458080.83,2875,657,56,3371,4335,1688,3900,336,2085,2597,1308,6243,453,190,1973
2022-11-11,INV_02,230734.26,1240949.16,1471683.42,2875,657,56,3371,4335,1688,3900,252,2085,2597,1308,6243,453,190,1973
2022-11-14,INV_02,232211.89,1239866.85,1472078.74,2875,657,56,3371,4335,1688,3900,252,2085,2597,1308,6243,453,142,1973
2022-11-15,INV_02,197119.07,1260453.29,1457572.36,2875,657,56,3371,4335,1688,3900,252,2335,2597,1308,6243,453,142,1973
2022-11-16,INV_02,203745.28,1228773.72,1432519.01,2156,657,56,3371,4335,1688,3900,252,2335,2597,1308,6243,453,142,1973
2022-11-17,INV_02,223122.81,1204714.94,1427837.75,2156,657,56,3371,4335,1688,3900,252,2335,1947,1308,6243,453,142,1973
2022-11-18,INV_02,245195.06,1149829.65,1395024.71,2156,657,56,3371,4335,1266,3900,252,2335,1947,1308,6243,453,142,1973
2022-11-21,INV_02,265026.19,1120523.68,1385549.87,2156,657,56,3371,4335,1266,3900,252,2335,1947,1308,6243,453,142,1479
2022-11-22,INV_02,224879.35,1213169.71,1438049.06,2156,657,56,4785,4335,1266,3900,252,2335,1947,1308,6243,453,142,1479
2022-11-23,INV_02,224879.35,1226089.98,1450969.33,2156,657,56,4785,4335,1266,3900,252,2335,1947,1308,6243,453,142,1479
2022-11-24,INV_02,239548.04,1200289.26,1439837.3,2156,657,56,4785,4335,1266,3900,252,2335,1460,1308,6243,453,142,1479
2022-11-25,INV_02,203295.18,1248716.59,1452011.77,2156,657,56,4785,4335,1266,3900,781,2335,1460,1308,6243,453,142,1479
2022-11-28,INV_02,172520.41,1290198.9,1462719.31,2156,657,56,4785,4335,1266,3900,781,2335,1460,1308,6243,1320,142,1479
2022-11-29,INV_02,172520.41,1292836.45,1465356.87,2156,657,56,4785,4335,1266,3900,781,2335,1460,1308,6243,1320,142,1479
2022-11-30,INV_02,172520.41,1312336.31,1484856.72,2156,657,56,4785,4335,1266,3900,781,2335,1460,1308,6243,1320,142,1479
2022-12-01,INV_02,180606.68,1323273.58,1503880.25,2156,657,56,4785,3251,1266,3900,781,2335,1460,1308,6243,1320,142,1479
2022-12-02,INV_02,153246.69,1370556.03,1523802.72,2156,657,56,4785,3251,1266,3900,781,2335,1460,1308,9672,1320,142,1479
2022-12-05,INV_02,165255.92,1374847.56,1540103.47,2156,657,56,4785,3251,1266,3900,781,2335,1460,1308,9672,990,142,1479
2022-12-06,INV_02,140332.4,1413110.96,1553443.36,2156,657,56,4785,3251,1266,3900,781,2335,1460,1444,9672,990,142,1479
2022-12-07,INV_02,151664.66,1401664.23,1553328.89,2156,657,56,4785,3251,1266,3900,781,2335,1095,1444,9672,990,142,1479
2022-12-08,INV_02,128699.25,1430610.05,1559309.3,2156,657,56,4785,3251,1266,3900,781,2490,1095,1444,9672,990,142,1479
2022-12-09,INV_02,137759.57,1409452.8,1547212.36,2156,492,56,4785,3251,1266,3900,781,2490,1095,1444,9672,990,142,1479
2022-12-12,INV_02,116907.88,1428778.38,1545686.26,2156,492,531,4785,3251,1266,3900,781,2490,1095,1444,9672,990,142,1479
2022-12-13,INV_02,122765.93,1412463.44,1535229.36,2156,492,398,4785,3251,1266,3900,781,2490,1095,1444,9672,990,142,1479
2022-12-14,INV_02,122765.93,1448353.16,1571119.08,2156,492,398,4785,3251,1266,3900,781,2490,1095,1444,9672,990,142,1479
2022-12-15,INV_02,157649.99,1401363.17,1559013.16,2156,492,398,3588,3251,1266,3900,781,2490,1095,1444,9672,990,142,1479
2022-12-16,INV_02,175770.29,1375721.21,1551491.5,2156,492,398,3588,3251,949,3900,781,2490,1095,1444,9672,990,142,1479
2022-12-19,INV_02,191246.55,1332599.69,1523846.24,2156,492,398,3588,3251,949,3900,781,2490,1095,1444,9672,990,142,1109
2022-12-20,INV_02,275814.19,1225653.1,1501467.29,2156,492,398,3588,3251,949,3900,781,1867,1095,1444,9672,990,142,1109
2022-12-21,INV_02,282649.49,1216821.5,1499471.0,2156,369,398,3588,3251,949,3900,781,1867,1095,1444,9672,990,142,1109
2022-12-22,INV_02,287867.26,1200888.61,1488755.87,2156,276,398,3588,3251,949,3900,781,1867,1095,1444,9672,990,142,1109
2022-12-23,INV_02,293662.42,1185644.83,1479307.25,2156,276,398,3588,2438,949,3900,781,1867,1095,1444,9672,990,142,1109
2022-12-26,INV_02,293662.42,1185644.83,1479307.25,2156,276,398,3588,2438,949,3900,781,1867,1095,1444,9672,990,142,1109
2022-12-27,INV_02,249202.3,1248853.73,1498056.03,2156,276,398,3588,2438,949,3900,781,1867,1095,1444,9672,2221,142,1109
2022-12-28,INV_02,249202.3,1239802.02,1489004.32,2156,276,398,3588,2438,949,3900,781,1867,1095,1444,9672,2221,142,1109
2022-12-29,INV_02,301118.03,1182429.9,1483547.93,2156,276,398,3588,2438,949,2925,781,1867,1095,1444,9672,2221,142,1109
2022-12-30,INV_02,305415.62,1179013.53,1484429.15,2156,276,398,3588,1828,949,2925,781,1867,1095,1444,9672,2221,142,1109
2023-01-02,INV_02,259323.36,1225072.32,1484395.68,2156,276,398,3588,1828,949,2925,781,1867,1095,1702,9672,2221,142,1109
2023-01-03,INV_02,220051.28,1279021.11,1499072.4,2156,276,398,3588,1828,949,2925,781,1867,1095,1702,9672,3281,142,1109
2023-01-04,INV_02,223270.95,1264231.97,1487502.93,2156,276,398,3588,1371,949,2925,781,1867,1095,1702,9672,3281,142,1109
2023-01-05,INV_02,189448.3,1293812.24,1483260.54,2156,276,398,4810,1371,949,2925,781,1867,1095,1702,9672,3281,142,1109
2023-01-06,INV_02,160788.83,1322187.95,1482976.78,2156,276,398,4810,1371,949,3438,781,1867,1095,1702,9672,3281,142,1109
2023-01-09,INV_02,231171.97,1226706.51,1457878.49,2156,276,398,4810,1371,949,3438,781,1867,1095,1276,9672,3281,142,1109
2023-01-10,INV_02,259924.39,1191878.91,1451803.3,2156,276,398,4810,1371,949,3438,781,1867,1095,1276,9672,2460,142,1109
2023-01-11,INV_02,272469.07,1176029.72,1448498.78,2156,276,398,4810,1371,711,3438,781,1867,1095,1276,9672,2460,142,1109
2023-01-12,INV_02,283801.55,1149006.33,1432807.87,2156,276,398,4810,1371,711,3438,781,1867,1095,1276,9672,2460,142,831
2023-01-13,INV_02,283801.55,1149006.33,1432807.87,2156,276,398,4810,1371,711,3438,781,1867,1095,1276,9672,2460,142,831
2023-01-16,INV_02,240808.88,1191573.33,1432382.2,2156,276,398,4810,1371,711,3438,781,1867,1095,1276,15753,2460,142,831
2023-01-17,INV_02,240808.88,1216309.15,1457118.03,2156,276,398,4810,1371,711,3438,781,1867,1095,1276,15753,2460,142,831
2023-01-18,INV_02,245077.9,1197008.77,1442086.67,2156,276,298,4810,1371,711,3438,781,1867,1095,1276,15753,2460,142,831
2023-01-19,INV_02,253330.91,1197378.05,1450708.97,2156,276,298,4810,1371,711,3438,781,1867,821,1276,15753,2460,142,831
2023-01-20,INV_02,315813.87,1169897.33,1485711.2,2156,276,298,4810,1371,711,3438,781,1400,821,1276,15753,2460,142,831
2023-01-23,INV_02,268002.02,1240614.12,1508616.15,2156,276,298,4810,1371,711,3438,781,1400,821,1276,15753,3724,142,831
2023-01-24,INV_02,271559.54,1213944.35,1485503.89,2156,276,223,4810,1371,711,3438,781,1400,821,1276,15753,3724,142,831
2023-01-25,INV_02,230595.07,1273224.7,1503819.77,2156,276,223,4810,1371,711,3438,781,1400,821,1507,15753,3724,142,831
2023-01-26,INV_02,245129.73,1270605.14,1515734.87,2156,276,223,4810,1371,711,3438,585,1400,821,1507,15753,3724,142,831
2023-01-27,INV_02,208022.49,1327671.47,1535693.96,2156,276,223,4810,1371,711,3438,1072,1400,821,1507,15753,3724,142,831
2023-01-30,INV_02,176561.7,1355281.4,1531843.1,2156,276,223,4810,1371,711,3986,1072,1400,821,1507,15753,3724,142,831
2023-01-31,INV_02,179227.46,1355300.81,1534528.28,2156,276,167,4810,1371,711,3986,1072,1400,821,1507,15753,3724,142,831
2023-02-01,INV_02,181329.95,1353029.49,1534359.45,2156,276,125,4810,1371,711,3986,1072,1400,821,1507,15753,3724,142,831
2023-02-02,INV_02,153868.37,1384232.09,1538100.46,2156,734,125,4810,1371,711,3986,1072,1400,821,1507,15753,3724,142,831
2023-02-03,INV_02,130579.56,1432919.13,1563498.69,2156,1111,125,4810,1371,711,3986,1072,1400,821,1507,15753,3724,142,831
2023-02-06,INV_02,140840.84,1419996.69,1560837.53,2156,1111,125,4810,1371,533,3986,1072,1400,821,1507,15753,3724,142,831
2023-02-07,INV_02,190394.19,1352007.54,1542401.74,2156,1111,125,4810,1371,533,3986,1072,1050,821,1507,15753,3724,142,831
2023-02-08,INV_02,161549.48,1392003.05,1553552.53,2156,1111,666,4810,1371,533,3986,1072,1050,821,1507,15753,3724,142,831
2023-02-09,INV_02,161549.48,1392570.05,1554119.53,2156,1111,666,4810,1371,533,3986,1072,1050,821,1507,15753,3724,142,831
2023-02-10,INV_02,171871.72,1367804.71,1539676.43,2156,1111,666,4810,1371,533,3986,1072,1050,821,1507,15753,3724,142,623
2023-02-13,INV_02,194967.15,1325027.35,1519994.5,2156,1111,666,4810,1371,533,3986,804,1050,821,1507,15753,3724,142,623
2023-02-14,INV_02,203256.33,1288938.07,1492194.41,2156,1111,499,4810,1371,533,3986,804,1050,821,1507,15753,3724,142,623
2023-02-15,INV_02,211011.83,1277091.84,1488103.68,2156,1111,499,4810,1371,533,3986,804,1050,821,1507,15753,3724,142,467
2023-02-16,INV_02,179072.17,1356106.93,1535179.1,2156,1111,499,4810,1371,533,3986,804,1050,821,1507,15753,3724,1159,467
2023-02-17,INV_02,185065.06,1363944.28,1549009.33,2156,1111,499,4810,1371,533,3986,804,1050,821,1507,15753,3724,1159,350
2023-02-20,INV_02,157031.28,1442026.42,1599057.7,2156,1111,499,4810,1371,533,3986,804,1050,821,1507,15753,3724,1954,350
2023-02-21,INV_02,133284.41,1497684.3,1630968.71,2156,1111,499,4810,1371,533,3986,1033,1050,821,1507,15753,3724,1954,350
2023-02-22,INV_02,135786.22,1497038.83,1632825.05,2156,1111,499,4810,1028,533,3986,1033,1050,821,1507,15753,3724,1954,350
2023-02-23,INV_02,135786.22,1510912.17,1646698.39,2156,1111,499,4810,1028,533,3986,1033,1050,821,1507,15753,3724,1954,350
2023-02-24,INV_02,135786.22,1518388.36,1654174.58,2156,1111,499,4810,1028,533,3986,1033,1050,821,1507,15753,3724,1954,350
2023-02-27,INV_02,153163.13,1474957.42,1628120.55,2156,833,499,4810,1028,533,3986,1033,1050,821,1507,15753,3724,1954,350
2023-02-28,INV_02,213416.59,1409303.53,1622720.12,2156,833,499,4810,1028,533,2989,1033,1050,821,1507,15753,3724,1954,350
2023-03-01,INV_02,181096.78,1447448.98,1628545.76,2156,833,499,4810,1028,533,2989,1033,1050,821,1692,15753,3724,1954,350
2023-03-02,INV_02,181096.78,1459950.31,1641047.1,2156,833,499,4810,1028,533,2989,1033,1050,821,1692,15753,3724,1954,350
2023-03-03,INV_02,153672.77,1529201.54,1682874.31,2156,833,499,4810,1028,971,2989,1033,1050,821,1692,15753,3724,1954,350
2023-03-06,INV_02,130443.75,1552200.57,1682644.32,2156,833,499,4810,1028,1342,2989,1033,1050,821,1692,15753,3724,1954,350
2023-03-07,INV_02,110713.04,1637924.13,1748637.17,2156,833,499,4810,1028,1342,2989,1033,1050,821,1692,15753,3724,1954,660
2023-03-08,INV_02,158747.99,1587962.3,1746710.29,2156,833,499,4810,1028,1342,2241,1033,1050,821,1692,15753,3724,1954,660
2023-03-09,INV_02,195228.68,1542745.45,1737974.13,2156,833,499,4810,1028,1342,2241,1033,787,821,1692,15753,3724,1954,660
2023-03-10,INV_02,203979.08,1505352.48,1709331.55,2156,833,499,4810,1028,1342,2241,1033,787,615,1692,15753,3724,1954,660
2023-03-13,INV_02,218083.67,1457265.47,1675349.13,2156,624,499,4810,1028,1342,2241,1033,787,615,1692,15753,3724,1954,660
2023-03-14,INV_02,259811.13,1418636.67,1678447.8,2156,624,499,4810,1028,1342,2241,1033,787,615,1692,15753,2793,1954,660
2023-03-15,INV_02,220492.0,1482284.15,1702776.16,2156,624,499,4810,1028,1957,2241,1033,787,615,1692,15753,2793,1954,660
2023-03-16,INV_02,230682.26,1470615.57,1701297.83,2156,624,499,4810,1028,1957,2241,1033,787,615,1692,15753,2793,1954,495
2023-03-17,INV_02,195756.7,1526735.64,1722492.34,2156,624,499,4810,1028,2479,2241,1033,787,615,1692,15753,2793,1954,495
2023-03-20,INV_02,247057.23,1474288.14,1721345.37,2156,624,499,3607,1028,2479,2241,1033,787,615,1692,15753,2793,1954,495
2023-03-21,INV_02,287316.66,1409734.6,1697051.25,2156,624,499,3607,1028,1859,2241,1033,787,615,1692,15753,2793,1954,495
2023-03-22,INV_02,318049.37,1358344.35,1676393.71,2156,624,499,3607,1028,1859,2241,774,787,615,1692,15753,2793,1954,495
2023-03-23,INV_02,338076.44,1309905.77,1647982.21,2156,624,499,3607,1028,1859,2241,774,787,615,1692,15753,2793,1465,495
2023-03-24,INV_02,286860.63,1364627.88,1651488.51,2156,624,1397,3607,1028,1859,2241,774,787,615,1692,15753,2793,1465,495
2023-03-27,INV_02,316362.48,1306570.22,1622932.7,2156,624,1397,3607,1028,1394,2241,774,787,615,1692,15753,2793,1465,495
2023-03-28,INV_02,335780.59,1277711.8,1613492.38,2156,624,1047,3607,1028,1394,2241,774,787,615,1692,15753,2793,1465,495
2023-03-29,INV_02,284939.76,1351279.1,1636218.86,2156,1396,1047,3607,1028,1394,2241,774,787,615,1692,15753,2793,1465,495
2023-03-30,INV_02,348002.28,1273626.89,1621629.17,2156,1396,1047,3607,1028,1394,2241,774,787,615,1269,15753,2793,1465,495
2023-03-31,INV_02,362834.61,1270771.06,1633605.67,2156,1396,1047,3607,1028,1394,2241,774,787,615,1269,15753,2793,1098,495
2023-04-03,INV_02,386232.27,1230708.49,1616940.76,2156,1396,1047,3607,1028,1394,2241,774,787,615,1269,11814,2793,1098,495
2023-04-04,INV_02,408398.22,1197228.98,1605627.2,2156,1396,1047,3607,1028,1394,2241,580,787,615,1269,11814,2793,1098,495
2023-04-05,INV_02,346535.22,1258479.48,1605014.69,2156,1396,1047,3607,1028,2359,2241,580,787,615,1269,11814,2793,1098,495
2023-04-06,INV_02,294037.97,1320558.11,1614596.08,2156,1396,1047,3607,1028,2359,2241,580,1168,615,1269,11814,2793,1098,495
2023-04-07,INV_02,310805.71,1303621.0,1614426.71,2156,1396,1047,3607,1028,2359,2241,435,1168,615,1269,11814,2793,1098,495
2023-04-10,INV_02,318032.56,1296097.9,1614130.47,2156,1396,1047,3607,1028,2359,2241,435,1168,615,1269,11814,2793,1098,371
2023-04-11,INV_02,330386.19,1300810.41,1631196.6,2156,1396,1047,3607,1028,2359,2241,326,1168,615,1269,11814,2793,1098,371
2023-04-12,INV_02,360341.31,1268028.32,1628369.62,2156,1396,1047,3607,1028,2359,2241,326,1168,615,1269,11814,2094,1098,371
2023-04-13,INV_02,305804.55,1322025.11,1627829.66,2156,1396,1047,3607,1028,2359,2241,326,1168,615,1618,11814,2094,1098,371
2023-04-14,INV_02,328260.18,1299342.66,1627602.83,2156,1396,1047,3607,1028,2359,2241,326,1168,615,1618,11814,1570,1098,371
2023-04-17,INV_02,278531.26,1349098.73,1627629.99,2156,1396,1047,4815,1028,2359,2241,326,1168,615,1618,11814,1570,1098,371
2023-04-18,INV_02,316902.79,1299893.54,1616796.32,2156,1396,1047,4815,1028,2359,2241,326,876,615,1618,11814,1570,1098,371
2023-04-19,INV_02,377630.31,1234334.4,1611964.71,2156,1396,1047,4815,1028,2359,2241,326,876,615,1213,11814,1570,1098,371
2023-04-20,INV_02,320428.2,1291117.56,1611545.76,6212,1396,1047,4815,1028,2359,2241,326,876,615,1213,11814,1570,1098,371
2023-04-21,INV_02,320428.2,1287502.1,1607930.31,6212,1396,1047,4815,1028,2359,2241,326,876,615,1213,11814,1570,1098,371
2023-04-24,INV_02,354385.16,1235632.29,1590017.45,6212,1396,1047,4815,1028,2359,1680,326,876,615,1213,11814,1570,1098,371
2023-04-25,INV_02,354385.16,1233044.9,1587430.06,6212,1396,1047,4815,1028,2359,1680,326,876,615,1213,11814,1570,1098,371
2023-04-26,INV_02,390025.36,1190485.86,1580511.22,6212,1396,1047,4815,1028,1769,1680,326,876,615,1213,11814,1570,1098,371
2023-04-27,INV_02,398714.46,1171652.74,1570367.2,6212,1396,1047,4815,1028,1769,1680,244,876,615,1213,11814,1570,1098,371
2023-04-28,INV_02,338310.21,1219975.03,1558285.25,6212,1396,1047,4815,7522,1769,1680,244,876,615,1213,11814,1570,1098,371
2023-05-01,INV_02,349127.32,1209048.66,1558175.98,6212,1396,1047,4815,7522,1769,1680,244,876,615,1213,11814,1570,823,371
2023-05-02,INV_02,368591.99,1147147.99,1515739.99,4659,1396,1047,4815,7522,1769,1680,244,876,615,1213,11814,1570,823,371
2023-05-03,INV_02,368591.99,1160809.0,1529400.99,4659,1396,1047,4815,7522,1769,1680,244,876,615,1213,11814,1570,823,371
2023-05-04,INV_02,368591.99,1161515.56,1530107.56,4659,1396,1047,4815,7522,1769,1680,244,876,615,1213,11814,1570,823,371
2023-05-05,INV_02,385741.74,1144192.59,1529934.33,4659,1396,1047,4815,5641,1769,1680,244,876,615,1213,11814,1570,823,371
2023-05-08,INV_02,327337.3,1211038.78,1538376.07,4659,1396,1047,6364,5641,1769,1680,244,876,615,1213,11814,1570,823,371
2023-05-09,INV_02,367557.7,1172578.01,1540135.71,4659,1396,1047,6364,5641,1769,1680,244,876,615,909,11814,1570,823,371
2023-05-10,INV_02,367557.7,1166250.69,1533808.39,4659,1396,1047,6364,5641,1769,1680,244,876,615,909,11814,1570,823,371
2023-05-11,INV_02,311909.94,1251236.36,1563146.3,4659,1396,1047,6364,5641,1769,2594,244,876,615,909,11814,1570,823,371
2023-05-12,INV_02,264719.43,1298386.16,1563105.59,4659,1396,1047,6364,5641,1769,2594,244,876,615,1281,11814,1570,823,371
2023-05-15,INV_02,328188.58,1220902.01,1549090.59,4659,1396,1047,4773,5641,1769,2594,244,876,615,1281,11814,1570,823,371
2023-05-16,INV_02,333870.98,1199095.06,1532966.04,4659,1396,1047,4773,5641,1769,2594,244,876,615,1281,11814,1570,823,278
2023-05-17,INV_02,333870.98,1199436.25,1533307.23,4659,1396,1047,4773,5641,1769,2594,244,876,615,1281,11814,1570,823,278
2023-05-18,INV_02,333870.98,1188516.19,1522387.17,4659,1396,1047,4773,5641,1769,2594,244,876,615,1281,11814,1570,823,278
2023-05-19,INV_02,371990.01,1142162.12,1514152.13,4659,1396,1047,4773,5641,1769,2594,244,876,615,960,11814,1570,823,278
2023-05-22,INV_02,391849.95,1102021.61,1493871.56,4659,1047,1047,4773,5641,1769,2594,244,876,615,960,11814,1570,823,278
2023-05-23,INV_02,408382.65,1088121.91,1496504.55,4659,1047,1047,4773,5641,1769,2594,244,876,615,960,11814,1177,823,278
2023-05-24,INV_02,408382.65,1106363.13,1514745.78,4659,1047,1047,4773,5641,1769,2594,244,876,615,960,11814,1177,823,278
2023-05-25,INV_02,423757.74,1084177.9,1507935.64,4659,785,1047,4773,5641,1769,2594,244,876,615,960,11814,1177,823,278
2023-05-26,INV_02,423757.74,1092182.14,1515939.88,4659,785,1047,4773,5641,1769,2594,244,876,615,960,11814,1177,823,278
2023-05-29,INV_02,435982.21,1063879.83,1499862.04,4659,785,1047,4773,5641,1769,2594,244,876,615,960,11814,882,823,278
2023-05-30,INV_02,445192.33,1043823.59,1489015.92,4659,785,1047,4773,5641,1769,2594,244,876,615,960,11814,661,823,278
2023-05-31,INV_02,377782.66,1113576.8,1491359.46,4659,785,1047,4773,5641,1769,2594,244,876,615,960,11814,661,2494,278
2023-06-01,INV_02,320566.47,1201850.58,1522417.05,4659,785,2127,4773,5641,1769,2594,244,876,615,960,11814,661,2494,278
2023-06-02,INV_02,324869.87,1208787.13,1533657.0,4659,785,2127,4773,5641,1769,2594,244,876,615,960,11814,661,2494,208
2023-06-05,INV_02,352591.46,1176894.86,1529486.31,4659,785,1595,4773,5641,1769,2594,244,876,615,960,11814,661,2494,208
2023-06-06,INV_02,299203.59,1226592.81,1525796.4,4659,785,2601,4773,5641,1769,2594,244,876,615,960,11814,661,2494,208
2023-06-07,INV_02,253891.77,1270917.64,1524809.41,4659,785,2601,4773,5641,1769,2594,244,876,615,1354,11814,661,2494,208
2023-06-08,INV_02,269674.42,1261466.79,1531141.21,3494,785,2601,4773,5641,1769,2594,244,876,615,1354,11814,661,2494,208
2023-06-09,INV_02,228821.84,1312702.77,1541524.61,3494,785,2601,4773,5641,1769,2594,244,876,615,1354,19745,661,2494,208
2023-06-12,INV_02,228821.84,1348805.77,1577627.6,3494,785,2601,4773,5641,1769,2594,244,876,615,1354,19745,661,2494,208
2023-06-13,INV_02,228821.84,1364671.97,1593493.8,3494,785,2601,4773,5641,1769,2594,244,876,615,1354,19745,661,2494,208
2023-06-14,INV_02,194214.01,1434096.8,1628310.81,3494,785,2601,4773,5641,1769,2594,244,876,615,1659,19745,661,2494,208
2023-06-15,INV_02,201254.19,1424704.69,1625958.88,3494,785,2601,4773,5641,1769,2594,244,876,461,1659,19745,661,2494,208
2023-06-16,INV_02,228937.32,1392795.1,1621732.42,3494,785,2601,4773,5641,1326,2594,244,876,461,1659,19745,661,2494,208
2023-06-19,INV_02,236525.3,1368752.35,1605277.65,3494,785,2601,4773,5641,1326,2594,183,876,461,1659,19745,661,2494,208
2023-06-20,INV_02,236525.3,1359124.12,1595649.42,3494,785,2601,4773,5641,1326,2594,183,876,461,1659,19745,661,2494,208
2023-06-21,INV_02,236525.3,1379679.69,1616205.0,3494,785,2601,4773,5641,1326,2594,183,876,461,1659,19745,661,2494,208
2023-06-22,INV_02,236525.3,1382802.08,1619327.39,3494,785,2601,4773,5641,1326,2594,183,876,461,1659,19745,661,2494,208
2023-06-23,INV_02,275644.17,1346983.98,1622628.15,3494,785,1950,4773,5641,1326,2594,183,876,461,1659,19745,661,2494,208
2023-06-26,INV_02,275644.17,1365412.91,1641057.08,3494,785,1950,4773,5641,1326,2594,183,876,461,1659,19745,661,2494,208
2023-06-27,INV_02,233887.85,1407571.25,1641459.1,3494,785,1950,5767,5641,1326,2594,183,876,461,1659,19745,661,2494,208
2023-06-28,INV_02,198496.92,1456104.33,1654601.25,3494,785,1950,5767,5641,1326,3121,183,876,461,1659,19745,661,2494,208
2023-06-29,INV_02,168457.29,1485846.53,1654303.82,3494,785,1950,6456,5641,1326,3121,183,876,461,1659,19745,661,2494,208
2023-06-30,INV_02,142980.82,1517021.92,1660002.74,3494,1163,1950,6456,5641,1326,3121,183,876,461,1659,19745,661,2494,208
2023-07-03,INV_02,156351.58,1503516.1,1659867.68,2620,1163,1950,6456,5641,1326,3121,183,876,461,1659,19745,661,2494,208
2023-07-04,INV_02,132668.7,1683614.55,1816283.25,2620,1163,1950,6456,5641,1326,3121,183,876,461,1659,23589,661,2494,208
2023-07-05,INV_02,112635.58,1719032.43,1831668.01,2620,1163,1950,6456,5641,1326,3400,183,876,461,1659,23589,661,2494,208
2023-07-06,INV_02,134682.11,1683135.31,1817817.42,2620,872,1950,6456,5641,1326,3400,183,876,461,1659,23589,661,2494,208
2023-07-07,INV_02,114323.36,1721895.61,1836218.97,2620,872,1950,6456,5641,1326,3400,183,876,461,1659,23589,661,2845,208
2023-07-10,INV_02,163742.46,1674062.56,1837805.02,2620,872,1950,6456,5641,1326,3400,183,876,461,1244,23589,661,2845,208
2023-07-11,INV_02,138938.88,1698936.93,1837875.82,2620,872,1950,6456,5641,1326,3400,183,876,461,1244,27682,661,2845,208
2023-07-12,INV_02,138938.88,1718677.43,1857616.31,2620,872,1950,6456,5641,1326,3400,183,876,461,1244,27682,661,2845,208
2023-07-13,INV_02,148511.13,1706056.59,1854567.72,2620,872,1950,6456,5641,1326,3400,183,876,461,1244,27682,495,2845,208
2023-07-14,INV_02,126038.81,1752677.01,1878715.82,2620,872,1950,6888,5641,1326,3400,183,876,461,1244,27682,495,2845,208
2023-07-17,INV_02,106958.64,1807219.72,1914178.36,2620,872,1950,6888,5641,1326,3669,183,876,461,1244,27682,495,2845,208
2023-07-18,INV_02,111279.71,1843850.44,1955130.15,2620,872,1950,6888,5641,1326,3669,183,876,461,1244,27682,495,2845,156
2023-07-19,INV_02,111279.71,1920184.06,2031463.77,2620,872,1950,6888,5641,1326,3669,183,876,461,1244,27682,495,2845,156
2023-07-20,INV_02,111279.71,1934823.68,2046103.39,2620,872,1950,6888,5641,1326,3669,183,876,461,1244,27682,495,2845,156
2023-07-21,INV_02,94427.61,1963594.41,2058022.02,2620,872,1950,6888,5641,1537,3669,183,876,461,1244,27682,495,2845,156
2023-07-24,INV_02,135538.35,1912773.52,2048311.87,2620,872,1950,6888,5641,1537,3669,183,876,461,1244,20761,495,2845,156
2023-07-25,INV_02,165043.67,1860406.76,2025450.43,2620,872,1950,6888,5641,1152,3669,183,876,461,1244,20761,495,2845,156
2023-07-26,INV_02,140061.01,1886534.07,2026595.09,2620,872,1950,6888,5641,1152,3669,334,876,461,1244,20761,495,2845,156
2023-07-27,INV_02,159256.84,1918928.67,2078185.51,2620,654,1950,6888,5641,1152,3669,334,876,461,1244,20761,495,2845,156
2023-07-28,INV_02,135130.37,1967756.58,2102886.94,2620,654,1950,6888,5641,1152,3669,334,876,461,1244,24677,495,2845,156
2023-07-31,INV_02,114729.73,2005432.17,2120161.9,2620,654,2190,6888,5641,1152,3669,334,876,461,1244,24677,495,2845,156
2023-08-01,INV_02,114729.73,2005432.17,2120161.9,2620,654,2190,6888,5641,1152,3669,334,876,461,1244,24677,495,2845,156
2023-08-02,INV_02,97457.2,2079020.92,2176478.12,2620,654,2190,6888,5641,1152,3669,334,876,461,1387,24677,495,2845,156
2023-08-03,INV_02,82695.04,2122713.36,2205408.4,2620,654,2190,6888,5641,1152,3669,334,876,461,1387,27113,495,2845,156
2023-08-04,INV_02,121986.97,2073112.11,2195099.08,2620,654,2190,6888,5641,1152,3669,334,657,461,1387,27113,495,2845,156
2023-08-07,INV_02,159812.05,2049557.73,2209369.77,2620,654,2190,6888,5641,1152,3669,334,657,461,1040,27113,495,2845,156
2023-08-08,INV_02,159812.05,2063988.51,2223800.56,2620,654,2190,6888,5641,1152,3669,334,657,461,1040,27113,495,2845,156
2023-08-09,INV_02,159812.05,2060817.9,2220629.95,2620,654,2190,6888,5641,1152,3669,334,657,461,1040,27113,495,2845,156
2023-08-10,INV_02,159812.05,2061025.72,2220837.77,2620,654,2190,6888,5641,1152,3669,334,657,461,1040,27113,495,2845,156
2023-08-11,INV_02,230621.27,1987109.97,2217731.24,2620,654,2190,6888,5641,1152,2751,334,657,461,1040,27113,495,2845,156
2023-08-14,INV_02,253042.73,1925353.45,2178396.18,2620,654,2190,6888,5641,864,2751,334,657,461,1040,27113,495,2845,156
2023-08-15,INV_02,281562.91,1844614.17,2126177.08,2620,654,2190,6888,5641,864,2751,334,657,461,780,27113,495,2845,156
2023-08-16,INV_02,238911.32,1945402.66,2184313.98,2620,654,2190,7409,5641,864,2751,334,657,461,780,27113,495,2845,156
2023-08-17,INV_02,202767.6,2028405.61,2231173.21,2620,654,2190,7409,5641,864,2751,334,657,1043,780,27113,495,2845,156
2023-08-18,INV_02,216216.94,1992490.28,2208707.22,2620,654,2190,7409,4230,864,2751,334,657,1043,780,27113,495,2845,156
2023-08-21,INV_02,252457.48,1930300.76,2182758.23,2620,654,2190,7409,4230,864,2751,334,657,1043,780,20334,495,2845,156
2023-08-22,INV_02,262454.41,1899905.24,2162359.65,2620,654,2190,7409,3172,864,2751,334,657,1043,780,20334,495,2845,156
2023-08-23,INV_02,222754.35,1950086.15,2172840.51,2620,654,2190,7881,3172,864,2751,334,657,1043,780,20334,495,2845,156
2023-08-24,INV_02,236338.09,1898268.43,2134606.52,2620,654,2190,7881,3172,864,2751,250,657,1043,780,20334,495,2845,156
2023-08-25,INV_02,200534.66,1934585.8,2135120.47,2620,654,2190,7881,6919,864,2751,250,657,1043,780,20334,495,2845,156
2023-08-28,INV_02,360502.67,1765665.31,2126167.99,2620,654,2190,5910,6919,864,2751,250,657,1043,780,20334,495,2845,156
2023-08-29,INV_02,360502.67,1762632.49,2123135.17,2620,654,2190,5910,6919,864,2751,250,657,1043,780,20334,495,2845,156
2023-08-30,INV_02,381178.32,1741748.0,2122926.32,2620,654,2190,5910,6919,864,2751,250,657,1043,585,20334,495,2845,156
2023-08-31,INV_02,427989.33,1682068.25,2110057.58,2620,654,2190,5910,6919,864,2751,250,657,1043,585,20334,495,2133,156
2023-09-01,INV_02,363150.62,1768280.71,2131431.33,2620,1248,2190,5910,6919,864,2751,250,657,1043,585,20334,495,2133,156
2023-09-04,INV_02,308136.37,1887942.17,2196078.54,2620,1248,2190,5910,12626,864,2751,250,657,1043,585,20334,495,2133,156
2023-09-05,INV_02,323163.6,1894617.18,2217780.77,2620,1248,2190,5910,12626,864,2751,250,657,782,585,20334,495,2133,156
2023-09-06,INV_02,349839.35,1837395.81,2187235.16,2620,1248,2190,5910,12626,864,2751,250,657,782,585,15250,495,2133,156
2023-09-07,INV_02,349839.35,1834365.25,2184204.59,2620,1248,2190,5910,12626,864,2751,250,657,782,585,15250,495,2133,156
2023-09-08,INV_02,360143.25,1828515.25,2188658.5,2620,1248,2190,5910,12626,864,2751,187,657,782,585,15250,495,2133,156
2023-09-11,INV_02,367722.02,1798715.37,2166437.39,2620,1248,2190,5910,12626,864,2751,140,657,782,585,15250,495,2133,156
2023-09-12,INV_02,371864.68,1783574.66,2155439.33,2620,1248,2190,5910,12626,864,2751,140,657,782,585,15250,495,2133,117
2023-09-13,INV_02,371864.68,1803117.97,2174982.64,2620,1248,2190,5910,12626,864,2751,140,657,782,585,15250,495,2133,117
2023-09-14,INV_02,371864.68,1805743.01,2177607.69,2620,1248,2190,5910,12626,864,2751,140,657,782,585,15250,495,2133,117
2023-09-15,INV_02,371864.68,1795837.57,2167702.25,2620,1248,2190,5910,12626,864,2751,140,657,782,585,15250,495,2133,117
2023-09-18,INV_02,406770.88,1738838.81,2145609.69,2620,1248,2190,5910,12626,864,2751,140,657,782,585,15250,495,1599,117
2023-09-19,INV_02,417724.27,1703099.91,2120824.18,2620,1248,2190,5910,12626,864,2751,140,657,586,585,15250,495,1599,117
2023-09-20,INV_02,426611.14,1697824.3,2124435.44,2620,1248,2190,5910,12626,864,2751,140,657,586,585,15250,371,1599,117
2023-09-21,INV_02,445862.98,1665126.83,2110989.81,2620,1248,2190,5910,12626,864,2751,140,657,586,585,11437,371,1599,117
2023-09-22,INV_02,445862.98,1669338.01,2115200.99,2620,1248,2190,5910,12626,864,2751,140,657,586,585,11437,371,1599,117
2023-09-25,INV_02,476551.01,1628381.43,2104932.45,2620,1248,2190,5910,12626,864,2751,140,492,586,585,11437,371,1599,117
2023-09-26,INV_02,494079.49,1614597.52,2108677.01,2620,1248,2190,5910,12626,648,2751,140,492,586,585,11437,371,1599,117
2023-09-27,INV_02,419231.44,1704586.33,2123817.77,2620,1248,2190,5910,12626,648,2751,140,492,1887,585,11437,371,1599,117
2023-09-28,INV_02,355741.87,1767447.3,2123189.17,2620,1248,2190,5910,12626,1419,2751,140,492,1887,585,11437,371,1599,117
2023-09-29,INV_02,355741.87,1767447.3,2123189.17,2620,1248,2190,5910,12626,1419,2751,140,492,1887,585,11437,371,1599,117
2023-10-02,INV_02,361176.01,1730781.74,2091957.74,2620,1248,2190,5910,12626,1419,2751,105,492,1887,585,11437,371,1599,117
2023-10-03,INV_02,372705.53,1700451.67,2073157.2,1965,1248,2190,5910,12626,1419,2751,105,492,1887,585,11437,371,1599,117
2023-10-04,INV_02,316287.5,1774289.87,2090577.37,1965,1248,2190,5910,12626,1419,2751,466,492,1887,585,11437,371,1599,117
2023-10-05,INV_02,359145.06,1721466.82,2080611.88,1965,1248,1642,5910,12626,1419,2751,466,492,1887,585,11437,371,1599,117
2023-10-06,INV_02,385083.67,1673421.14,2058504.81,1965,1248,1642,5910,12626,1419,2751,466,492,1415,585,11437,371,1599,117
2023-10-09,INV_02,495551.36,1531171.68,2026723.04,1965,1248,1642,4432,12626,1419,2751,466,492,1415,585,11437,371,1599,117
2023-10-10,INV_02,578161.54,1439786.24,2017947.78,1965,1248,1642,3324,12626,1419,2751,466,492,1415,585,11437,371,1599,117
2023-10-11,INV_02,605636.7,1388325.01,1993961.71,1965,1248,1642,3324,9469,1419,2751,466,492,1415,585,11437,371,1599,117
2023-10-12,INV_02,513951.43,1504144.64,2018096.07,1965,1248,1642,4522,9469,1419,2751,466,492,1415,585,11437,371,1599,117
2023-10-13,INV_02,537373.97,1477157.7,2014531.67,1965,1248,1642,4522,9469,1419,2751,466,492,1415,585,11437,371,1199,117
2023-10-16,INV_02,555870.19,1436487.18,1992357.36,1965,1248,1642,4522,9469,1419,2751,466,492,1061,585,11437,371,1199,117
2023-10-17,INV_02,573631.47,1403473.78,1977105.25,1965,1248,1642,4522,9469,1419,2751,349,492,1061,585,11437,371,1199,117
2023-10-18,INV_02,573631.47,1386100.15,1959731.62,1965,1248,1642,4522,9469,1419,2751,349,492,1061,585,11437,371,1199,117
2023-10-19,INV_02,486728.05,1489489.31,1976217.37,1965,1248,1642,4522,9469,1419,2751,349,950,1061,585,11437,371,1199,117
2023-10-20,INV_02,486728.05,1532317.73,2019045.79,1965,1248,1642,4522,9469,1419,2751,349,950,1061,585,11437,371,1199,117
2023-10-23,INV_02,492841.6,1525457.67,2018299.27,1965,1248,1642,4522,9469,1419,2751,349,950,1061,585,11437,278,1199,117
2023-10-24,INV_02,524136.97,1475183.74,1999320.71,1965,1248,1231,4522,9469,1419,2751,349,950,1061,585,11437,278,1199,117
2023-10-25,INV_02,537455.33,1436854.39,1974309.72,1965,1248,1231,4522,9469,1419,2751,261,950,1061,585,11437,278,1199,117
2023-10-26,INV_02,540282.43,1423107.57,1963390.0,1965,1248,1231,4522,9469,1419,2751,261,950,1061,585,11437,278,1199,87
2023-10-27,INV_02,540282.43,1444367.29,1984649.72,1965,1248,1231,4522,9469,1419,2751,261,950,1061,585,11437,278,1199,87
2023-10-30,INV_02,550316.82,1440478.64,1990795.45,1965,1248,1231,4522,9469,1419,2751,195,950,1061,585,11437,278,1199,87
2023-10-31,INV_02,557710.15,1415464.16,1973174.31,1965,1248,1231,4522,9469,1419,2751,146,950,1061,585,11437,278,1199,87
2023-11-01,INV_02,473222.12,1528904.15,2002126.27,1965,1248,1231,4522,9469,1419,2751,146,950,2606,585,11437,278,1199,87
2023-11-02,INV_02,473222.12,1552026.28,2025248.39,1965,1248,1231,4522,9469,1419,2751,146,950,2606,585,11437,278,1199,87
2023-11-03,INV_02,492456.76,1516230.27,2008687.03,1965,1248,1231,4522,7101,1419,2751,146,950,2606,585,11437,278,1199,87
2023-11-06,INV_02,492456.76,1515044.15,2007500.91,1965,1248,1231,4522,7101,1419,2751,146,950,2606,585,11437,278,1199,87
2023-11-07,INV_02,492456.76,1521129.57,2013586.32,1965,1248,1231,4522,7101,1419,2751,146,950,2606,585,11437,278,1199,87
2023-11-08,INV_02,417943.83,1613823.91,2031767.74,1965,1248,1231,4522,7101,1419,2751,146,950,2606,585,11437,278,1199,820
2023-11-09,INV_02,417943.83,1607752.4,2025696.23,1965,1248,1231,4522,7101,1419,2751,146,950,2606,585,11437,278,1199,820
2023-11-10,INV_02,441700.17,1577733.8,2019433.98,1965,1248,923,4522,7101,1419,2751,146,950,2606,585,11437,278,1199,820
2023-11-13,INV_02,374784.74,1646613.69,2021398.44,1965,1248,923,4522,7101,1419,2751,146,950,2606,585,24958,278,1199,820
2023-11-14,INV_02,393657.1,1604644.11,1998301.21,1965,1248,923,4522,7101,1419,2751,146,950,2606,585,24958,278,899,820
2023-11-15,INV_02,440247.32,1536431.74,1976679.06,1965,1248,923,4522,7101,1419,2063,146,950,2606,585,24958,278,899,820
2023-11-16,INV_02,457753.81,1503432.84,1961186.66,1965,1248,692,4522,7101,1419,2063,146,950,2606,585,24958,278,899,820
2023-11-17,INV_02,462535.63,1485905.95,1948441.59,1965,1248,692,4522,7101,1419,2063,146,950,2606,585,24958,208,899,820
2023-11-20,INV_02,475413.82,1468708.87,1944122.69,1965,1248,519,4522,7101,1419,2063,146,950,2606,585,24958,208,899,820
2023-11-21,INV_02,505244.82,1427327.96,1932572.78,1965,936,519,4522,7101,1419,2063,146,950,2606,585,24958,208,899,820
2023-11-22,INV_02,505244.82,1435426.62,1940671.44,1965,936,519,4522,7101,1419,2063,146,950,2606,585,24958,208,899,820
2023-11-23,INV_02,548710.14,1386291.38,1935001.52,1965,936,519,4522,7101,1419,2063,146,712,2606,585,24958,208,899,820
2023-11-24,INV_02,548710.14,1386321.94,1935032.08,1965,936,519,4522,7101,1419,2063,146,712,2606,585,24958,208,899,820
2023-11-27,INV_02,562411.23,1364554.27,1926965.5,1965,936,519,4522,7101,1419,2063,146,712,2606,438,24958,208,899,820
2023-11-28,INV_02,584624.67,1337064.91,1921689.58,1965,702,519,4522,7101,1419,2063,146,712,2606,438,24958,208,899,820
2023-11-29,INV_02,584624.67,1354850.38,1939475.05,1965,702,519,4522,7101,1419,2063,146,712,2606,438,24958,208,899,820
2023-11-30,INV_02,496082.77,1449415.57,1945498.35,1965,702,1630,4522,7101,1419,2063,146,712,2606,438,24958,208,899,820
2023-12-01,INV_02,504607.09,1485078.21,1989685.3,1473,702,1630,4522,7101,1419,2063,146,712,2606,438,24958,208,899,820
2023-12-04,INV_02,518002.64,1465962.41,1983965.05,1473,702,1630,4522,5325,1419,2063,146,712,2606,438,24958,208,899,820
2023-12-05,INV_02,601186.72,1368835.56,1970022.29,1473,702,1630,3391,5325,1419,2063,146,712,2606,438,24958,208,899,820
2023-12-06,INV_02,601186.72,1369434.35,1970621.07,1473,702,1630,3391,5325,1419,2063,146,712,2606,438,24958,208,899,820
2023-12-07,INV_02,601186.72,1369057.09,1970243.81,1473,702,1630,3391,5325,1419,2063,146,712,2606,438,24958,208,899,820
2023-12-08,INV_02,601186.72,1381974.99,1983161.71,1473,702,1630,3391,5325,1419,2063,146,712,2606,438,24958,208,899,820
2023-12-11,INV_02,601186.72,1383742.74,1984929.46,1473,702,1630,3391,5325,1419,2063,146,712,2606,438,24958,208,899,820
2023-12-12,INV_02,510108.03,1479128.68,1989236.71,1473,702,1630,3391,5325,1419,2063,721,712,2606,438,24958,208,899,820
2023-12-13,INV_02,573799.75,1404284.52,1978084.27,1473,702,1630,2543,5325,1419,2063,721,712,2606,438,24958,208,899,820
2023-12-14,INV_02,590467.22,1378267.78,1968735.0,1473,526,1630,2543,5325,1419,2063,721,712,2606,438,24958,208,899,820
2023-12-15,INV_02,624860.27,1340821.05,1965681.33,1473,526,1630,2543,5325,1419,1547,721,712,2606,438,24958,208,899,820
2023-12-18,INV_02,530268.14,1421177.6,1951445.74,1473,526,1630,2543,5325,1419,1547,721,712,2606,438,24958,208,899,1773
2023-12-19,INV_02,576403.81,1361752.31,1938156.12,1473,526,1630,1907,5325,1419,1547,721,712,2606,438,24958,208,899,1773
2023-12-20,INV_02,489117.11,1449866.82,1938983.94,1473,526,1630,1907,5325,1419,1547,721,1178,2606,438,24958,208,899,1773
2023-12-21,INV_02,415029.39,1527932.89,1942962.28,5514,526,1630,1907,5325,1419,1547,721,1178,2606,438,24958,208,899,1773
2023-12-22,INV_02,449206.13,1489028.02,1938234.14,5514,526,1630,1907,5325,1419,1547,721,1178,1954,438,24958,208,899,1773
2023-12-25,INV_02,474369.34,1463610.63,1937979.97,4135,526,1630,1907,5325,1419,1547,721,1178,1954,438,24958,208,899,1773
2023-12-26,INV_02,488097.91,1449743.38,1937841.3,4135,526,1630,1907,5325,1419,1547,721,1178,1954,438,24958,208,674,1773
2023-12-27,INV_02,513155.71,1434616.51,1947772.22,4135,526,1630,1907,5325,1419,1160,721,1178,1954,438,24958,208,674,1773
2023-12-28,INV_02,435430.98,1517516.91,1952947.9,8148,526,1630,1907,5325,1419,1160,721,1178,1954,438,24958,208,674,1773
2023-12-29,INV_02,369468.67,1588397.54,1957866.21,8148,526,1630,1907,5325,1419,1160,721,1178,1954,1130,24958,208,674,1773
2024-01-01,INV_02,414335.68,1543077.33,1957413.01,8148,526,1630,1907,5325,1419,1160,721,1178,1954,1130,24958,208,674,1329
2024-01-02,INV_02,440712.61,1514691.06,1955403.67,8148,526,1630,1907,5325,1419,1160,721,1178,1954,847,24958,208,674,1329
2024-01-03,INV_02,440712.61,1519241.4,1959954.0,8148,526,1630,1907,5325,1419,1160,721,1178,1954,847,24958,208,674,1329
2024-01-04,INV_02,459821.12,1492681.9,1952503.03,8148,526,1630,1907,5325,1419,870,721,1178,1954,847,24958,208,674,1329
2024-01-05,INV_02,487620.32,1471588.62,1959208.95,8148,526,1630,1907,5325,1419,870,721,1178,1954,847,18718,208,674,1329
2024-01-08,INV_02,497979.97,1453446.32,1951426.3,8148,526,1630,1907,5325,1419,870,721,1178,1954,847,18718,208,505,1329
2024-01-09,INV_02,532486.59,1415347.32,1947833.91,8148,526,1222,1907,5325,1419,870,721,1178,1954,847,18718,208,505,1329
2024-01-10,INV_02,558092.1,1384296.25,1942388.34,8148,526,916,1907,5325,1419,870,721,1178,1954,847,18718,208,505,1329
2024-01-11,INV_02,558092.1,1371518.32,1929610.42,8148,526,916,1907,5325,1419,870,721,1178,1954,847,18718,208,505,1329
2024-01-12,INV_02,579868.14,1349684.91,1929553.05,8148,526,916,1907,5325,1419,870,721,1178,1954,847,14038,208,505,1329
2024-01-15,INV_02,594107.93,1335301.29,1929409.21,8148,526,916,1907,5325,1419,652,721,1178,1954,847,14038,208,505,1329
2024-01-16,INV_02,647623.84,1273077.11,1920700.96,8148,526,916,1907,5325,1419,652,721,883,1954,847,14038,208,505,1329
2024-01-17,INV_02,651460.41,1258632.08,1910092.49,8148,526,916,1907,5325,1419,652,721,883,1954,847,14038,156,505,1329
2024-01-18,INV_02,651460.41,1255748.23,1907208.64,8148,526,916,1907,5325,1419,652,721,883,1954,847,14038,156,505,1329
2024-01-19,INV_02,677423.7,1230539.21,1907962.91,8148,526,916,1907,5325,1419,652,721,883,1465,847,14038,156,505,1329
2024-01-22,INV_02,687139.16,1210395.13,1897534.29,8148,526,916,1907,3993,1419,652,721,883,1465,847,14038,156,505,1329
2024-01-23,INV_02,706035.37,1178571.76,1884607.13,8148,526,916,1907,3993,1419,652,721,883,1098,847,14038,156,505,1329
2024-01-24,INV_02,599089.28,1288323.02,1887412.3,8148,526,916,1907,3993,1419,2271,721,883,1098,847,14038,156,505,1329
2024-01-25,INV_02,599089.28,1288323.02,1887412.3,8148,526,916,1907,3993,1419,2271,721,883,1098,847,14038,156,505,1329
2024-01-26,INV_02,508370.87,1382448.12,1890818.99,8148,526,916,1907,3993,1419,2271,721,1386,1098,847,14038,156,505,1329
2024-01-29,INV_02,530862.98,1354163.07,1885026.05,8148,526,916,1907,3993,1064,2271,721,1386,1098,847,14038,156,505,1329
2024-01-30,INV_02,530862.98,1351050.71,1881913.69,8148,526,916,1907,3993,1064,2271,721,1386,1098,847,14038,156,505,1329
2024-01-31,INV_02,450469.42,1432800.3,1883269.72,8148,526,916,1907,3993,1064,2271,721,1386,1098,847,14038,156,505,2159
2024-02-01,INV_02,382322.18,1512757.83,1895080.01,8148,526,916,1907,3993,1064,2271,721,1767,1098,847,14038,156,505,2159
2024-02-02,INV_02,324401.92,1574504.83,1898906.75,8148,526,916,1907,3993,1064,2271,721,1767,1098,847,27692,156,505,2159
2024-02-06,INV_02,275285.54,1644388.69,1919674.23,8148,526,916,1907,3993,1064,2271,721,1767,1098,1344,27692,156,505,2159
2024-02-07,INV_02,233596.96,1685281.71,1918878.67,8148,526,916,1907,3993,1064,2271,721,1767,1098,1344,27692,156,1181,2159
2024-02-08,INV_02,233596.96,1701163.25,1934760.22,8148,526,916,1907,3993,1064,2271,721,1767,1098,1344,27692,156,1181,2159
2024-02-09,INV_02,198292.93,1742483.45,1940776.39,8148,876,916,1907,3993,1064,2271,721,1767,1098,1344,27692,156,1181,2159
2024-02-12,INV_02,168278.13,1774487.19,1942765.32,8148,876,916,1907,3993,1064,2271,721,1767,1098,1344,27692,156,1658,2159
2024-02-13,INV_02,168278.13,1769815.73,1938093.86,8148,876,916,1907,3993,1064,2271,721,1767,1098,1344,27692,156,1658,2159
2024-02-14,INV_02,193599.73,1746408.06,1940007.79,8148,876,916,1907,3993,1064,2271,721,1767,1098,1344,27692,156,1243,2159
2024-02-15,INV_02,164448.97,1778941.05,1943390.02,8148,876,916,1907,3993,1064,2271,721,1923,1098,1344,27692,156,1243,2159
2024-02-16,INV_02,139619.58,1812713.33,1952332.91,8148,1121,916,1907,3993,1064,2271,721,1923,1098,1344,27692,156,1243,2159
2024-02-19,INV_02,118527.42,1841990.94,1960518.36,8148,1121,916,1907,3993,1064,2271,721,1923,1098,1344,27692,156,1243,2366
2024-02-20,INV_02,136188.69,1821873.43,1958062.12,8148,1121,916,1907,3993,798,2271,721,1923,1098,1344,27692,156,1243,2366
2024-02-21,INV_02,139221.84,1809737.35,1948959.18,8148,1121,916,1907,3993,798,2271,721,1923,1098,1344,27692,117,1243,2366
2024-02-22,INV_02,118134.81,1835355.9,1953490.71,8148,1121,916,1907,6368,798,2271,721,1923,1098,1344,27692,117,1243,2366
2024-02-23,INV_02,118134.81,472321.67,590456.49,8148,1121,916,1907,6368,798,2271,721,1923,1098,1344,27692,117,1243,2366
2024-02-26,INV_02,100237.61,1838536.8,1938774.41,8148,1121,916,1907,6368,798,2271,721,1923,1098,1344,32122,117,1243,2366
2024-02-27,INV_02,118154.43,1807267.75,1925422.18,8148,1121,916,1907,6368,798,2271,721,1923,1098,1344,32122,117,932,2366
2024-02-28,INV_02,206256.12,1716453.32,1922709.44,8148,1121,916,1907,6368,798,2271,721,1442,1098,1344,32122,117,932,2366
2024-02-29,INV_02,175024.5,1741498.48,1916522.98,8148,1121,916,1907,6368,798,2271,935,1442,1098,1344,32122,117,932,2366
2024-03-01,INV_02,148512.0,1774791.8,1923303.81,8148,1121,916,1907,6368,798,2271,935,1442,1098,1344,38372,117,932,2366
2024-03-04,INV_02,126015.33,1823114.16,1949129.49,8148,1121,916,1907,6368,798,2271,935,1442,1512,1344,38372,117,932,2366
2024-03-05,INV_02,106992.68,1854480.01,1961472.69,8148,1121,1147,1907,6368,798,2271,935,1442,1512,1344,38372,117,932,2366
2024-03-06,INV_02,90786.09,1888048.37,1978834.46,8148,1121,1147,2143,6368,798,2271,935,1442,1512,1344,38372,117,932,2366
2024-03-07,INV_02,90786.09,1942707.1,2033493.18,8148,1121,1147,2143,6368,798,2271,935,1442,1512,1344,38372,117,932,2366
2024-03-08,INV_02,90786.09,137933.12,228719.2,8148,1121,1147,2143,6368,798,2271,935,1442,1512,1344,38372,117,932,2366
2024-03-11,INV_02,77074.52,1975692.95,2052767.48,8148,1121,1147,2143,6368,798,2271,935,1442,1760,1344,38372,117,932,2366
2024-03-12,INV_02,119125.46,1941205.09,2060330.55,6111,1121,1147,2143,6368,798,2271,935,1442,1760,1344,38372,117,932,2366
2024-03-13,INV_02,101078.78,1988397.35,2089476.13,6111,1121,1147,2143,6368,798,2271,935,1442,1760,1344,41350,117,932,2366
2024-03-14,INV_02,167992.19,1913866.54,2081858.73,6111,1121,1147,2143,6368,798,2271,935,1081,1760,1344,41350,117,932,2366
2024-03-15,INV_02,182507.02,1900403.63,2082910.65,6111,1121,1147,2143,4776,798,2271,935,1081,1760,1344,41350,117,932,2366
2024-03-18,INV_02,193591.07,1877045.67,2070636.75,6111,1121,1147,2143,3582,798,2271,935,1081,1760,1344,41350,117,932,2366
2024-03-19,INV_02,224571.16,1831592.49,2056163.65,4583,1121,1147,2143,3582,798,2271,935,1081,1760,1344,41350,117,932,2366
2024-03-20,INV_02,224571.16,1829041.25,2053612.41,4583,1121,1147,2143,3582,798,2271,935,1081,1760,1344,41350,117,932,2366
2024-03-21,INV_02,266756.92,1765806.01,2032562.93,4583,1121,1147,2143,3582,798,1703,935,1081,1760,1344,41350,117,932,2366
2024-03-22,INV_02,226382.28,1830903.57,2057285.85,4583,1121,1147,2143,3582,798,1703,935,1081,1760,1344,41350,117,932,2759
2024-03-26,INV_02,192139.92,1882808.08,2074948.0,4583,1121,1147,2143,3582,798,1703,935,1081,2369,1344,41350,117,932,2759
2024-03-27,INV_02,163038.94,1940493.24,2103532.18,4583,1121,1147,2143,6474,798,1703,935,1081,2369,1344,41350,117,932,2759
2024-03-28,INV_02,178739.27,1925185.85,2103925.12,4583,1121,1147,2143,4855,798,1703,935,1081,2369,1344,41350,117,932,2759
2024-03-29,INV_02,193727.43,1910046.3,2103773.72,4583,1121,1147,2143,4855,798,1703,935,1081,2369,1344,41350,117,699,2759
2024-04-01,INV_02,250017.84,1829991.56,2080009.39,4583,1121,1147,2143,4855,798,1703,935,1081,2369,1344,31012,117,699,2759
2024-04-02,INV_02,212190.92,1924759.16,2136950.07,4583,1121,1147,2143,4855,798,1703,935,1081,2369,1344,31012,117,699,3112
2024-04-03,INV_02,296158.42,1868607.11,2164765.53,4583,1121,1147,2143,4855,798,1703,935,1081,2369,1344,31012,117,699,2334
2024-04-04,INV_02,296158.42,1886732.32,2182890.74,4583,1121,1147,2143,4855,798,1703,935,1081,2369,1344,31012,117,699,2334
2024-04-05,INV_02,296158.42,1911224.72,2207383.14,4583,1121,1147,2143,4855,798,1703,935,1081,2369,1344,31012,117,699,2334
2024-04-08,INV_02,329825.9,1905416.87,2235242.77,4583,1121,1147,2143,4855,798,1277,935,1081,2369,1344,31012,117,699,2334
2024-04-09,INV_02,329825.9,1909575.47,2239401.37,4583,1121,1147,2143,4855,798,1277,935,1081,2369,1344,31012,117,699,2334
2024-04-10,INV_02,332268.6,1907108.09,2239376.69,4583,1121,1147,2143,4855,798,1277,935,1081,2369,1344,31012,87,699,2334
2024-04-11,INV_02,385008.27,1853835.7,2238843.97,4583,1121,1147,2143,4855,798,1277,935,810,2369,1344,31012,87,699,2334
2024-04-15,INV_02,385008.27,1878140.03,2263148.3,4583,1121,1147,2143,4855,798,1277,935,810,2369,1344,31012,87,699,2334
2024-04-16,INV_02,428249.75,1788313.67,2216563.42,4583,1121,1147,2143,4855,798,1277,701,810,2369,1344,31012,87,699,2334
2024-04-17,INV_02,428249.75,1799972.77,2228222.52,4583,1121,1147,2143,4855,798,1277,701,810,2369,1344,31012,87,699,2334
2024-04-18,INV_02,429998.09,1789582.49,2219580.58,4583,1121,1147,2143,4855,798,1277,701,810,2369,1344,31012,65,699,2334
2024-04-19,INV_02,492464.92,1717066.69,2209531.61,4583,1121,1147,2143,4855,798,1277,701,810,2369,1344,31012,65,699,1750
2024-04-22,INV_02,521296.15,1722235.97,2243532.12,4583,840,1147,2143,4855,798,1277,701,810,2369,1344,31012,65,699,1750
2024-04-24,INV_02,521296.15,1736264.28,2257560.44,4583,840,1147,2143,4855,798,1277,701,810,2369,1344,31012,65,699,1750
2024-04-25,INV_02,521296.15,1761777.42,2283073.57,4583,840,1147,2143,4855,798,1277,701,810,2369,1344,31012,65,699,1750
2024-04-26,INV_02,442322.23,1861933.06,2304255.3,4583,840,1147,2143,4855,798,1277,701,810,2369,1344,41872,65,699,1750
2024-04-29,INV_02,455135.57,1864870.6,2320006.18,4583,840,1147,2143,4855,798,1277,701,810,2369,1344,41872,65,524,1750
2024-04-30,INV_02,455135.57,1872861.8,2327997.37,4583,840,1147,2143,4855,798,1277,701,810,2369,1344,41872,65,524,1750
2024-05-02,INV_02,386227.27,1940412.28,2326639.55,4583,840,1147,2143,4855,798,2084,701,810,2369,1344,41872,65,524,1750
2024-05-03,INV_02,386227.27,1944228.74,2330456.01,4583,840,1147,2143,4855,798,2084,701,810,2369,1344,41872,65,524,1750
2024-05-06,INV_02,386227.27,1947752.84,2333980.11,4583,840,1147,2143,4855,798,2084,701,810,2369,1344,41872,65,524,1750
2024-05-07,INV_02,423638.06,1901556.47,2325194.53,4583,840,1147,2143,4855,798,2084,701,810,1776,1344,41872,65,524,1750
2024-05-08,INV_02,464329.78,1845942.13,2310271.91,4583,840,1147,1607,4855,798,2084,701,810,1776,1344,41872,65,524,1750
2024-05-09,INV_02,464329.78,1861009.29,2325339.07,4583,840,1147,1607,4855,798,2084,701,810,1776,1344,41872,65,524,1750
2024-05-10,INV_02,394168.83,1958941.72,2353110.55,4583,840,1147,1607,4855,798,2084,1059,810,1776,1344,41872,65,524,1750
2024-05-13,INV_02,394168.83,1958941.72,2353110.55,4583,840,1147,1607,4855,798,2084,1059,810,1776,1344,41872,65,524,1750
2024-05-14,INV_02,418065.83,1897369.76,2315435.59,4583,630,1147,1607,4855,798,2084,1059,810,1776,1344,41872,65,524,1750
2024-05-15,INV_02,485427.41,1808849.9,2294277.3,4583,630,1147,1607,4855,798,2084,1059,810,1776,1344,31404,65,524,1750
2024-05-16,INV_02,411973.97,1882805.6,2294779.57,4583,630,1147,1607,4855,798,2084,1059,810,1776,1944,31404,65,524,1750
2024-05-17,INV_02,349561.93,1954208.01,2303769.94,4583,630,1147,1607,4855,798,2084,1059,810,1776,1944,40627,65,524,1750
2024-05-20,INV_02,398282.14,1884566.72,2282848.86,4583,630,1147,1607,4855,798,2084,794,810,1776,1944,40627,65,524,1750
2024-05-21,INV_02,425475.93,1849647.99,2275123.92,4583,630,1147,1607,4855,798,2084,794,810,1332,1944,40627,65,524,1750
2024-05-22,INV_02,361124.58,1950057.74,2311182.32,4583,1171,1147,1607,4855,798,2084,794,810,1332,1944,40627,65,524,1750
2024-05-27,INV_02,372293.67,1925119.91,2297413.58,4583,1171,1147,1607,3641,798,2084,794,810,1332,1944,40627,65,524,1750
2024-05-28,INV_02,380599.58,1894296.45,2274896.03,4583,1171,1147,1607,2730,798,2084,794,810,1332,1944,40627,65,524,1750
2024-05-29,INV_02,408494.33,1839149.67,2247644.01,4583,1171,860,1607,2730,798,2084,794,810,1332,1944,40627,65,524,1750
2024-05-30,INV_02,346613.05,1913891.48,2260504.53,4583,1171,860,1607,2730,798,2084,794,810,1332,1944,40627,65,524,2267
2024-05-31,INV_02,352896.81,1895759.57,2248656.39,4583,1171,860,1607,2047,798,2084,794,810,1332,1944,40627,65,524,2267
2024-06-03,INV_02,299453.77,1948713.27,2248167.03,4583,1171,860,1607,2047,798,2084,794,1070,1332,1944,40627,65,524,2267
2024-06-04,INV_02,299453.77,1956780.8,2256234.56,4583,1171,860,1607,2047,798,2084,794,1070,1332,1944,40627,65,524,2267
2024-06-05,INV_02,254245.66,2013925.54,2268171.2,4583,1171,860,1607,2047,798,2084,794,1294,1332,1944,40627,65,524,2267
2024-06-06,INV_02,215748.48,2088768.84,2304517.32,6268,1171,860,1607,2047,798,2084,794,1294,1332,1944,40627,65,524,2267
2024-06-07,INV_02,236610.67,2070494.66,2307105.32,6268,1171,860,1607,2047,798,2084,794,1294,999,1944,40627,65,524,2267
2024-06-10,INV_02,236610.67,2082394.55,2319005.22,6268,1171,860,1607,2047,798,2084,794,1294,999,1944,40627,65,524,2267
2024-06-11,INV_02,307776.97,2003023.41,2310800.38,6268,1171,860,1607,2047,798,2084,794,1294,999,1944,40627,65,524,1700
2024-06-12,INV_02,307776.97,2003023.41,2310800.38,6268,1171,860,1607,2047,798,2084,794,1294,999,1944,40627,65,524,1700
2024-06-13,INV_02,327359.29,1968906.71,2296266.0,6268,1171,860,1607,2047,598,2084,794,1294,999,1944,40627,65,524,1700
2024-06-14,INV_02,365211.85,1925955.86,2291167.71,6268,1171,860,1607,2047,598,2084,595,1294,999,1944,40627,65,524,1700
2024-06-18,INV_02,309888.49,1981550.84,2291439.33,6268,1171,860,1607,2047,598,2084,595,1294,999,1944,40627,759,524,1700
2024-06-19,INV_02,309888.49,1975109.54,2284998.03,6268,1171,860,1607,2047,598,2084,595,1294,999,1944,40627,759,524,1700
2024-06-20,INV_02,262942.28,2019397.36,2282339.64,6268,1171,860,1607,2047,598,2084,595,1294,999,1944,48005,759,524,1700
2024-06-24,INV_02,262942.28,2029824.79,2292767.07,6268,1171,860,1607,2047,598,2084,595,1294,999,1944,48005,759,524,1700
2024-06-25,INV_02,262942.28,2024201.03,2287143.3,6268,1171,860,1607,2047,598,2084,595,1294,999,1944,48005,759,524,1700
2024-06-26,INV_02,223111.41,2064409.51,2287520.92,8048,1171,860,1607,2047,598,2084,595,1294,999,1944,48005,759,524,1700
2024-06-27,INV_02,223111.41,2049820.21,2272931.62,8048,1171,860,1607,2047,598,2084,595,1294,999,1944,48005,759,524,1700
2024-06-28,INV_02,223111.41,2042700.53,2265811.94,8048,1171,860,1607,2047,598,2084,595,1294,999,1944,48005,759,524,1700
2024-07-01,INV_02,251453.28,2004447.6,2255900.87,8048,1171,860,1607,2047,598,2084,446,1294,999,1944,48005,759,524,1700
2024-07-02,INV_02,213361.99,2043675.14,2257037.13,8048,1171,860,1607,6108,598,2084,446,1294,999,1944,48005,759,524,1700
2024-07-03,INV_02,269455.19,1966034.97,2235490.16,8048,1171,860,1607,6108,598,2084,446,1294,999,1458,48005,759,524,1700
2024-07-04,INV_02,312473.42,1904490.84,2216964.27,6036,1171,860,1607,6108,598,2084,446,1294,999,1458,48005,759,524,1700
2024-07-05,INV_02,265182.29,1949548.62,2214730.91,6036,1171,860,1607,6108,598,2084,694,1294,999,1458,48005,759,524,1700
2024-07-08,INV_02,295756.45,1882631.76,2178388.21,6036,878,860,1607,6108,598,2084,694,1294,999,1458,48005,759,524,1700
2024-07-09,INV_02,311407.65,1854349.43,2165757.07,6036,878,860,1607,6108,598,2084,694,1294,749,1458,48005,759,524,1700
2024-07-10,INV_02,311407.65,1867368.16,2178775.8,6036,878,860,1607,6108,598,2084,694,1294,749,1458,48005,759,524,1700
2024-07-11,INV_02,344088.52,1832457.62,2176546.14,4527,878,860,1607,6108,598,2084,694,1294,749,1458,48005,759,524,1700
2024-07-12,INV_02,291990.57,1899529.51,2191520.08,4527,878,860,1607,6108,598,2084,694,1294,749,1906,48005,759,524,1700
2024-07-15,INV_02,247814.14,1957512.09,2205326.24,4527,878,860,1607,6108,1061,2084,694,1294,749,1906,48005,759,524,1700
2024-07-16,INV_02,210368.74,1992796.11,2203164.85,4527,878,860,1607,6108,1061,2084,694,1294,749,2228,48005,759,524,1700
2024-07-17,INV_02,234780.49,1957457.68,2192238.17,3395,878,860,1607,6108,1061,2084,694,1294,749,2228,48005,759,524,1700
2024-07-18,INV_02,254849.46,1931299.4,2186148.85,3395,878,645,1607,6108,1061,2084,694,1294,749,2228,48005,759,524,1700
2024-07-19,INV_02,266394.14,1907941.89,2174336.04,3395,878,645,1607,6108,1061,2084,694,1294,561,2228,48005,759,524,1700
2024-07-22,INV_02,315949.19,1827334.58,2143283.77,3395,878,645,1607,6108,1061,2084,694,1294,561,2228,48005,759,524,1275
2024-07-23,INV_02,330280.99,1824222.69,2154503.68,3395,878,645,1607,6108,1061,2084,694,1294,561,2228,48005,569,524,1275
2024-07-24,INV_02,280285.28,1894445.74,2174731.01,3395,878,645,1607,6108,1061,2711,694,1294,561,2228,48005,569,524,1275
2024-07-25,INV_02,342979.25,1813849.41,2156828.66,3395,878,645,1607,6108,1061,2711,694,1294,561,1671,48005,569,524,1275
2024-07-26,INV_02,291032.24,1868673.33,2159705.57,3395,1382,645,1607,6108,1061,2711,694,1294,561,1671,48005,569,524,1275
2024-07-29,INV_02,325906.03,1823011.51,2148917.54,3395,1036,645,1607,6108,1061,2711,694,1294,561,1671,48005,569,524,1275
2024-07-30,INV_02,339372.3,1782382.76,2121755.06,3395,1036,645,1607,4581,1061,2711,694,1294,561,1671,48005,569,524,1275
2024-07-31,INV_02,347926.97,1739354.96,2087281.93,3395,1036,645,1607,4581,1061,2711,694,1294,420,1671,48005,569,524,1275
2024-08-01,INV_02,415654.25,1685620.31,2101274.56,3395,1036,645,1607,4581,1061,2711,694,1294,420,1671,36003,569,524,1275
2024-08-02,INV_02,472566.58,1632275.53,2104842.12,3395,1036,645,1607,4581,1061,2711,694,970,420,1671,36003,569,524,1275
2024-08-05,INV_02,488919.33,1578296.38,2067215.7,2546,1036,645,1607,4581,1061,2711,694,970,420,1671,36003,569,524,1275
2024-08-06,INV_02,498918.13,1569793.71,2068711.84,2546,1036,645,1607,3435,1061,2711,694,970,420,1671,36003,569,524,1275
2024-08-07,INV_02,423378.24,1645636.06,2069014.3,2546,1036,645,1607,3435,1061,2711,694,970,420,2346,36003,569,524,1275
2024-08-08,INV_02,423378.24,1641034.54,2064412.78,2546,1036,645,1607,3435,1061,2711,694,970,420,2346,36003,569,524,1275
2024-08-09,INV_02,429719.73,1642419.54,2072139.27,2546,1036,645,1607,3435,1061,2711,694,970,315,2346,36003,569,524,1275
2024-08-12,INV_02,459207.83,1609018.57,2068226.4,2546,1036,645,1607,3435,1061,2711,520,970,315,2346,36003,569,524,1275
2024-08-13,INV_02,389696.95,1681651.67,2071348.62,2546,1036,645,2625,3435,1061,2711,520,970,315,2346,36003,569,524,1275
2024-08-14,INV_02,330688.31,1748502.87,2079191.18,2546,1036,1308,2625,3435,1061,2711,520,970,315,2346,36003,569,524,1275
2024-08-15,INV_02,280595.82,1827659.72,2108255.55,2546,1036,1308,2625,3435,1061,2711,520,970,1111,2346,36003,569,524,1275
2024-08-16,INV_02,344706.76,1752287.38,2096994.14,2546,1036,1308,2625,3435,1061,2711,520,970,1111,1759,36003,569,524,1275
2024-08-20,INV_02,395357.83,1683777.91,2079135.74,2546,1036,1308,2625,3435,1061,2033,520,970,1111,1759,36003,569,524,1275
2024-08-21,INV_02,402610.8,1675569.72,2078180.52,2546,1036,1308,2625,2576,1061,2033,520,970,1111,1759,36003,569,524,1275
2024-08-22,INV_02,425040.48,1647526.1,2072566.58,2546,1036,1308,2625,2576,1061,2033,390,970,1111,1759,36003,569,524,1275
2024-08-23,INV_02,441881.53,1617251.73,2059133.27,2546,1036,1308,2625,2576,1061,2033,390,970,833,1759,36003,569,524,1275
2024-08-26,INV_02,450172.03,1575448.14,2025620.17,2546,1036,1308,2625,2576,1061,2033,390,970,833,1759,36003,569,393,1275
2024-08-27,INV_02,466202.8,1532294.46,1998497.26,2546,1036,1308,2625,2576,1061,2033,292,970,833,1759,36003,569,393,1275
2024-08-28,INV_02,478161.29,1495406.78,1973568.07,2546,1036,1308,2625,2576,1061,2033,219,970,833,1759,36003,569,393,1275
2024-08-29,INV_02,519621.36,1450710.27,1970331.63,2546,1036,1308,1968,2576,1061,2033,219,970,833,1759,36003,569,393,1275
2024-08-30,INV_02,528333.01,1437326.91,1965659.92,2546,1036,1308,1968,2576,1061,2033,164,970,833,1759,36003,569,393,1275
2024-09-02,INV_02,533589.38,1414553.27,1948142.65,2546,1036,1308,1968,1932,1061,2033,164,970,833,1759,36003,569,393,1275
2024-09-03,INV_02,568979.1,1370793.76,1939772.86,2546,1036,1308,1968,1932,1061,1524,164,970,833,1759,36003,569,393,1275
2024-09-04,INV_02,482781.6,1487772.51,1970554.11,2546,1036,1308,1968,12166,1061,1524,164,970,833,1759,36003,569,393,1275
2024-09-05,INV_02,509190.26,1450457.98,1959648.24,2546,1036,981,1968,12166,1061,1524,164,970,833,1759,36003,569,393,1275
2024-09-06,INV_02,534766.95,1418653.53,1953420.48,2546,1036,981,1968,12166,1061,1143,164,970,833,1759,36003,569,393,1275
2024-09-09,INV_02,546507.98,1388860.85,1935368.83,1909,1036,981,1968,12166,1061,1143,164,970,833,1759,36003,569,393,1275
2024-09-10,INV_02,552576.91,1363681.81,1916258.72,1909,1036,981,1968,12166,1061,1143,123,970,833,1759,36003,569,393,1275
2024-09-11,INV_02,561563.49,1349681.04,1911244.53,1431,1036,981,1968,12166,1061,1143,123,970,833,1759,36003,569,393,1275
2024-09-12,INV_02,561563.49,1358956.32,1920519.81,1431,1036,981,1968,12166,1061,1143,123,970,833,1759,36003,569,393,1275
2024-09-13,INV_02,476493.7,1465748.53,1942242.23,5781,1036,981,1968,12166,1061,1143,123,970,833,1759,36003,569,393,1275
2024-09-18,INV_02,404403.73,1558865.43,1963269.16,5781,1036,981,1968,12166,1061,1143,580,970,833,1759,36003,569,393,1275
2024-09-19,INV_02,436627.5,1540058.49,1976686.0,5781,1036,981,1476,12166,1061,1143,580,970,833,1759,36003,569,393,1275
2024-09-20,INV_02,370518.37,1622921.71,1993440.08,5781,1036,981,1476,12166,1061,2075,580,970,833,1759,36003,569,393,1275
2024-09-23,INV_02,314385.28,1695564.08,2009949.36,8624,1036,981,1476,12166,1061,2075,580,970,833,1759,36003,569,393,1275
2024-09-24,INV_02,266795.79,1783105.88,2049901.67,8624,1036,981,1476,12166,1061,2075,580,970,833,1759,36003,1175,393,1275
2024-09-25,INV_02,266795.79,1870032.04,2136827.83,8624,1036,981,1476,12166,1061,2075,580,970,833,1759,36003,1175,393,1275
2024-09-26,INV_02,294374.9,1841737.57,2136112.47,8624,777,981,1476,12166,1061,2075,580,970,833,1759,36003,1175,393,1275
2024-09-27,INV_02,249847.65,1904915.39,2154763.04,8624,777,981,1476,12166,1061,2663,580,970,833,1759,36003,1175,393,1275
2024-09-30,INV_02,212057.11,1961082.57,2173139.68,8624,777,981,1476,12166,1061,2663,580,970,833,1759,36003,1175,393,1585
2024-10-01,INV_02,179947.21,2024375.8,2204323.01,10047,777,981,1476,12166,1061,2663,580,970,833,1759,36003,1175,393,1585
2024-10-02,INV_02,227373.56,1960277.7,2187651.25,10047,777,981,1476,12166,1061,2663,580,970,833,1319,36003,1175,393,1585
2024-10-03,INV_02,234669.07,1938457.94,2173127.01,10047,777,981,1476,12166,1061,2663,580,970,833,1319,36003,1175,294,1585
2024-10-04,INV_02,234669.07,1967006.68,2201675.76,10047,777,981,1476,12166,1061,2663,580,970,833,1319,36003,1175,294,1585
2024-10-07,INV_02,199123.17,2009723.8,2208846.97,10047,1085,981,1476,12166,1061,2663,580,970,833,1319,36003,1175,294,1585
2024-10-08,INV_02,199123.17,2015719.07,2214842.24,10047,1085,981,1476,12166,1061,2663,580,970,833,1319,36003,1175,294,1585
2024-10-09,INV_02,199123.17,2012450.34,2211573.51,10047,1085,981,1476,12166,1061,2663,580,970,833,1319,36003,1175,294,1585
2024-10-10,INV_02,199123.17,2015393.88,2214517.05,10047,1085,981,1476,12166,1061,2663,580,970,833,1319,36003,1175,294,1585
2024-10-11,INV_02,169048.19,2072482.26,2241530.45,10047,1085,1269,1476,12166,1061,2663,580,970,833,1319,36003,1175,294,1585
2024-10-14,INV_02,201299.78,2020962.09,2222261.87,10047,1085,951,1476,12166,1061,2663,580,970,833,1319,36003,1175,294,1585
2024-10-15,INV_02,237892.56,1988843.15,2226735.71,10047,1085,951,1476,12166,1061,2663,580,970,833,989,36003,1175,294,1585
2024-10-16,INV_02,237892.56,1996405.42,2234297.98,10047,1085,951,1476,12166,1061,2663,580,970,833,989,36003,1175,294,1585
2024-10-18,INV_02,267216.61,1975927.23,2243143.84,10047,1085,951,1476,12166,1061,2663,435,970,833,989,36003,1175,294,1585
2024-10-21,INV_02,322082.78,1919135.09,2241217.87,7535,1085,951,1476,12166,1061,2663,435,970,833,989,36003,1175,294,1585
2024-10-22,INV_02,273306.24,1967499.1,2240805.34,7535,1505,951,1476,12166,1061,2663,435,970,833,989,36003,1175,294,1585
2024-10-23,INV_02,232000.07,2020136.31,2252136.38,7535,1852,951,1476,12166,1061,2663,435,970,833,989,36003,1175,294,1585
2024-10-24,INV_02,232000.07,2048821.66,2280821.73,7535,1852,951,1476,12166,1061,2663,435,970,833,989,36003,1175,294,1585
2024-10-25,INV_02,257367.3,2046766.56,2304133.86,7535,1852,713,1476,12166,1061,2663,435,970,833,989,36003,1175,294,1585
2024-10-28,INV_02,310951.29,2002666.43,2313617.71,7535,1389,713,1476,12166,1061,2663,435,970,833,989,36003,1175,294,1585
2024-10-29,INV_02,336504.37,1984890.98,2321395.35,7535,1389,713,1476,12166,795,2663,435,970,833,989,36003,1175,294,1585
2024-10-30,INV_02,336504.37,2001111.51,2337615.89,7535,1389,713,1476,12166,795,2663,435,970,833,989,36003,1175,294,1585
2024-10-31,INV_02,360012.4,1794756.22,2154768.63,7535,1389,713,1476,12166,795,2663,326,970,833,989,36003,1175,294,1585
2024-11-01,INV_02,360012.4,1806963.16,2166975.56,7535,1389,713,1476,12166,795,2663,326,970,833,989,36003,1175,294,1585
2024-11-04,INV_02,365044.53,1791874.72,2156919.25,7535,1389,713,1476,12166,795,2663,326,727,833,989,36003,1175,294,1585
2024-11-05,INV_02,392164.06,1753328.3,2145492.36,7535,1389,713,1476,12166,795,2663,326,727,833,989,36003,881,294,1585
2024-11-06,INV_02,412348.99,1718171.03,2130520.02,7535,1389,713,1476,12166,795,2663,326,727,833,989,36003,660,294,1585
2024-11-07,INV_02,349908.0,1787279.52,2137187.52,7535,1389,713,1476,12166,795,3431,326,727,833,989,36003,660,294,1585
2024-11-08,INV_02,380444.79,1766335.01,2146779.8,7535,1389,713,1476,9124,795,3431,326,727,833,989,36003,660,294,1585
2024-11-11,INV_02,399193.94,1754114.01,2153307.95,7535,1389,713,1476,9124,596,3431,326,727,833,989,36003,660,294,1585
2024-11-12,INV_02,338723.07,1831587.6,2170310.67,7535,1389,713,1476,14974,596,3431,326,727,833,989,36003,660,294,1585
2024-11-13,INV_02,287413.07,1896918.17,2184331.24,7535,1389,713,1476,14974,596,3431,326,727,833,989,36003,1176,294,1585
2024-11-14,INV_02,243935.6,1957886.71,2201822.3,7535,1389,713,1476,14974,596,3431,326,727,833,989,36003,1176,824,1585
2024-11-18,INV_02,243935.6,1957657.68,2201593.27,7535,1389,713,1476,14974,596,3431,326,727,833,989,36003,1176,824,1585
2024-11-19,INV_02,281168.09,1900260.27,2181428.36,7535,1389,713,1476,11230,596,3431,326,727,833,989,36003,1176,824,1585
2024-11-20,INV_02,284847.98,1895631.6,2180479.57,7535,1389,713,1476,11230,596,3431,326,545,833,989,36003,1176,824,1585
2024-11-21,INV_02,326113.13,1840718.01,2166831.14,7535,1041,713,1476,11230,596,3431,326,545,833,989,36003,1176,824,1585
2024-11-22,INV_02,326113.13,1844232.19,2170345.32,7535,1041,713,1476,11230,596,3431,326,545,833,989,36003,1176,824,1585
2024-11-25,INV_02,346284.46,1789814.78,2136099.24,7535,1041,534,1476,11230,596,3431,326,545,833,989,36003,1176,824,1585
2024-11-26,INV_02,376591.28,1780000.66,2156591.93,7535,1041,534,1107,11230,596,3431,326,545,833,989,36003,1176,824,1585
2024-11-27,INV_02,319553.04,1844203.65,2163756.7,7535,1041,1022,1107,11230,596,3431,326,545,833,989,36003,1176,824,1585
2024-11-28,INV_02,271184.31,1908317.03,2179501.34,7535,1041,1022,1107,11230,1086,3431,326,545,833,989,36003,1176,824,1585
2024-11-29,INV_02,294385.21,1878644.86,2173030.07,7535,1041,1022,830,11230,1086,3431,326,545,833,989,36003,1176,824,1585
2024-12-02,INV_02,365066.06,1825321.47,2190387.53,7535,1041,1022,830,11230,1086,2573,326,545,833,989,36003,1176,824,1585
2024-12-03,INV_02,309811.24,1895979.21,2205790.45,7535,1041,1489,830,11230,1086,2573,326,545,833,989,36003,1176,824,1585
2024-12-04,INV_02,262887.41,1971530.99,2234418.4,7535,1041,1489,830,11230,1086,2573,326,545,833,989,36003,1176,1394,1585
2024-12-05,INV_02,223136.23,2032813.57,2255949.8,7535,1041,1489,830,11230,1086,3029,326,545,833,989,36003,1176,1394,1585
2024-12-06,INV_02,252265.38,2020237.72,2272503.1,7535,1041,1489,830,11230,1086,3029,326,545,833,989,36003,882,1394,1585
2024-12-09,INV_02,252265.38,2039411.06,2291676.44,7535,1041,1489,830,11230,1086,3029,326,545,833,989,36003,882,1394,1585
2024-12-10,INV_02,214093.89,2092496.64,2306590.52,7535,1041,1489,830,11230,1086,3454,326,545,833,989,36003,882,1394,1585
2024-12-11,INV_02,181675.23,2120442.06,2302117.28,7535,1041,1489,830,11230,1086,3454,326,545,833,989,36003,882,1792,1585
2024-12-12,INV_02,154161.86,2150349.6,2304511.46,7535,1041,1489,830,11230,1086,3454,326,545,833,989,36003,882,2127,1585
2024-12-13,INV_02,130825.11,2219103.39,2349928.5,8328,1041,1489,830,11230,1086,3454,326,545,833,989,36003,882,2127,1585
2024-12-16,INV_02,130825.11,2275458.09,2406283.2,8328,1041,1489,830,11230,1086,3454,326,545,833,989,36003,882,2127,1585
2024-12-17,INV_02,130825.11,2276097.44,2406922.55,8328,1041,1489,830,11230,1086,3454,326,545,833,989,36003,882,2127,1585
2024-12-18,INV_02,111096.16,2306061.02,2417157.19,8328,1041,1489,830,11230,1086,3454,326,545,833,989,36003,882,2127,1701
2024-12-19,INV_02,129054.74,2292576.83,2421631.56,8328,1041,1489,622,11230,1086,3454,326,545,833,989,36003,882,2127,1701
2024-12-20,INV_02,129054.74,2323689.89,2452744.62,8328,1041,1489,622,11230,1086,3454,326,545,833,989,36003,882,2127,1701
2024-12-23,INV_02,109637.93,2373731.11,2483369.04,8328,1041,1489,622,11230,1086,3454,326,545,833,989,36003,882,2127,1815
2024-12-24,INV_02,93028.51,2420273.54,2513302.05,8813,1041,1489,622,11230,1086,3454,326,545,833,989,36003,882,2127,1815
2024-12-26,INV_02,78994.87,2469528.37,2548523.24,8813,1041,1489,622,11230,1086,3454,326,545,833,1103,36003,882,2127,1815
2024-12-27,INV_02,156321.47,2390380.7,2546702.17,8813,1041,1489,622,11230,1086,3454,326,545,833,1103,36003,882,2127,1361
2024-12-30,INV_02,132716.05,2482438.09,2615154.14,8813,1041,1489,622,11230,1086,3454,326,545,833,1294,36003,882,2127,1361
2024-12-31,INV_02,112666.47,2539198.63,2651865.1,8813,1148,1489,622,11230,1086,3454,326,545,833,1294,36003,882,2127,1361
2025-01-01,INV_02,95609.18,2556087.04,2651696.21,8813,1148,1612,622,11230,1086,3454,326,545,833,1294,36003,882,2127,1361
2025-01-02,INV_02,81213.76,2640300.13,2721513.89,8813,1148,1612,622,11230,1200,3454,326,545,833,1294,36003,882,2127,1361
2025-01-03,INV_02,134858.65,2532835.99,2667694.64,8813,1148,1209,622,11230,1200,3454,326,545,833,1294,36003,882,2127,1361
2025-01-06,INV_02,193349.5,2451070.49,2644420.0,8813,1148,1209,622,11230,1200,3454,326,545,833,1294,36003,882,2127,1020
2025-01-07,INV_02,217644.55,2402270.76,2619915.31,8813,1148,1209,622,11230,1200,3454,244,545,833,1294,36003,882,2127,1020
2025-01-08,INV_02,184676.73,2443074.3,2627751.03,8813,1148,1209,622,14174,1200,3454,244,545,833,1294,36003,882,2127,1020
2025-01-09,INV_02,201046.78,2395608.11,2596654.89,8813,1148,1209,466,14174,1200,3454,244,545,833,1294,36003,882,2127,1020
2025-01-10,INV_02,170623.29,2446995.15,2617618.44,8813,1148,1209,466,14174,1200,3454,244,545,1187,1294,36003,882,2127,1020
2025-01-13,INV_02,189228.42,2428202.08,2617430.5,8813,1148,1209,466,14174,1200,3454,183,545,1187,1294,36003,882,2127,1020
2025-01-14,INV_02,160644.44,2456503.06,2617147.49,8813,1148,1209,733,14174,1200,3454,183,545,1187,1294,36003,882,2127,1020
2025-01-15,INV_02,136313.24,2520792.58,2657105.82,8813,1281,1209,733,14174,1200,3454,183,545,1187,1294,36003,882,2127,1020
2025-01-16,INV_02,115806.25,2558289.2,2674095.45,8813,1281,1209,733,14174,1200,3454,248,545,1187,1294,36003,882,2127,1020
2025-01-17,INV_02,98272.18,2589049.9,2687322.08,9325,1281,1209,733,14174,1200,3454,248,545,1187,1294,36003,882,2127,1020
2025-01-20,INV_02,83386.62,2621146.52,2704533.13,9325,1281,1209,733,14174,1200,3592,248,545,1187,1294,36003,882,2127,1020
2025-01-21,INV_02,83386.62,2656402.27,2739788.88,9325,1281,1209,733,14174,1200,3592,248,545,1187,1294,36003,882,2127,1020
2025-01-22,INV_02,83386.62,2693775.77,2777162.39,9325,1281,1209,733,14174,1200,3592,248,545,1187,1294,36003,882,2127,1020
2025-01-23,INV_02,83386.62,2751903.01,2835289.62,9325,1281,1209,733,14174,1200,3592,248,545,1187,1294,36003,882,2127,1020
2025-01-24,INV_02,103626.6,2699538.47,2803165.06,9325,1281,1209,733,14174,1200,3592,186,545,1187,1294,36003,882,2127,1020
2025-01-27,INV_02,88051.88,2759545.09,2847596.97,9325,1281,1209,733,14174,1200,3592,186,545,1187,1294,36003,1001,2127,1020
2025-01-28,INV_02,74748.1,2800258.38,2875006.48,9325,1281,1209,733,14174,1200,3592,186,545,1187,1392,36003,1001,2127,1020
2025-01-29,INV_02,63467.71,2829538.08,2893005.79,9325,1281,1209,733,14174,1200,3592,186,545,1316,1392,36003,1001,2127,1020
2025-01-30,INV_02,53966.89,2844948.05,2898914.94,9325,1281,1209,733,14174,1271,3592,186,545,1316,1392,36003,1001,2127,1020
2025-01-31,INV_02,45804.21,2856323.19,2902127.4,9325,1281,1209,733,14174,1332,3592,186,545,1316,1392,36003,1001,2127,1020
2025-02-03,INV_02,87844.95,2784742.47,2872587.41,9325,1281,906,733,14174,1332,3592,186,545,1316,1392,36003,1001,2127,1020
2025-02-05,INV_02,134410.31,2638379.4,2772789.71,9325,1281,906,733,14174,1332,3592,186,545,1316,1392,36003,1001,2127,765
2025-02-06,INV_02,114146.56,2666030.16,2780176.72,9325,1281,906,733,14174,1332,3592,186,545,1316,1392,36003,1171,2127,765
2025-02-07,INV_02,96905.41,2733753.54,2830658.94,9325,1281,906,873,14174,1332,3592,186,545,1316,1392,36003,1171,2127,765
2025-02-10,INV_02,128081.52,2673015.95,2801097.47,9325,1281,679,873,14174,1332,3592,186,545,1316,1392,36003,1171,2127,765
2025-02-11,INV_02,224534.52,2536538.2,2761072.72,9325,1281,679,873,14174,1332,2694,186,545,1316,1392,36003,1171,2127,765
2025-02-13,INV_02,190558.31,2612131.16,2802689.47,9325,1281,679,873,14174,1332,3002,186,545,1316,1392,36003,1171,2127,765
2025-02-14,INV_02,161701.24,2711761.19,2873462.44,9325,1281,679,873,14174,1332,3002,186,545,1316,1392,36003,1171,2127,914
2025-02-17,INV_02,161701.24,2763459.63,2925160.87,9325,1281,679,873,14174,1332,3002,186,545,1316,1392,36003,1171,2127,914
2025-02-18,INV_02,137272.07,2814490.41,2951762.49,9325,1281,679,873,14174,1332,3205,186,545,1316,1392,36003,1171,2127,914
2025-02-19,INV_02,163760.45,2759128.68,2922889.14,9325,1281,679,654,14174,1332,3205,186,545,1316,1392,36003,1171,2127,914
2025-02-20,INV_02,166737.82,2714884.08,2881621.9,9325,1281,679,654,14174,1332,3205,186,408,1316,1392,36003,1171,2127,914
2025-02-21,INV_02,212637.79,2672118.29,2884756.08,9325,1281,679,654,14174,1332,3205,186,408,1316,1392,36003,1171,2127,685
2025-02-24,INV_02,277723.96,2559369.68,2837093.64,9325,960,679,654,14174,1332,3205,186,408,1316,1392,36003,1171,2127,685
2025-02-25,INV_02,310731.52,2479906.99,2790638.51,9325,960,679,654,14174,1332,3205,186,408,1316,1392,36003,1171,2127,513
2025-02-26,INV_02,263759.98,2526413.46,2790173.44,9325,960,679,654,14174,1332,3611,186,408,1316,1392,36003,1171,2127,513
2025-02-27,INV_02,263759.98,2537449.57,2801209.55,9325,960,679,654,14174,1332,3611,186,408,1316,1392,36003,1171,2127,513
2025-02-28,INV_02,263759.98,2543452.18,2807212.16,9325,960,679,654,14174,1332,3611,186,408,1316,1392,36003,1171,2127,513
2025-03-03,INV_02,363997.46,2378508.12,2742505.58,9325,960,679,654,14174,1332,2708,186,408,1316,1392,36003,1171,2127,513
2025-03-04,INV_02,390378.06,2323077.61,2713455.68,9325,960,679,654,14174,1332,2708,186,408,987,1392,36003,1171,2127,513
2025-03-05,INV_02,331240.47,2431628.91,2762869.38,9325,960,679,654,18684,1332,2708,186,408,987,1392,36003,1171,2127,513
2025-03-06,INV_02,387958.64,2374778.56,2762737.2,9325,960,679,654,18684,1332,2708,186,408,987,1392,36003,1171,1595,513
2025-03-07,INV_02,329188.76,2442617.1,2771805.86,9325,960,679,654,18684,1332,2708,186,408,987,1392,45701,1171,1595,513
2025-03-10,INV_02,349530.81,2401738.09,2751268.89,9325,960,679,654,18684,1332,2708,186,408,740,1392,45701,1171,1595,513
2025-03-11,INV_02,433799.08,2283447.56,2717246.64,6993,960,679,654,18684,1332,2708,186,408,740,1392,45701,1171,1595,513
2025-03-12,INV_02,368092.68,2381442.68,2749535.36,8699,960,679,654,18684,1332,2708,186,408,740,1392,45701,1171,1595,513
2025-03-14,INV_02,368092.68,2377632.91,2745725.59,8699,960,679,654,18684,1332,2708,186,408,740,1392,45701,1171,1595,513
2025-03-17,INV_02,446894.49,2260655.68,2707550.17,6524,960,679,654,18684,1332,2708,186,408,740,1392,45701,1171,1595,513
2025-03-18,INV_02,481250.7,2184582.62,2665833.32,6524,960,679,654,18684,1332,2708,186,408,740,1392,45701,878,1595,513
2025-03-19,INV_02,481250.7,2184883.98,2666134.67,6524,960,679,654,18684,1332,2708,186,408,740,1392,45701,878,1595,513
2025-03-20,INV_02,408404.77,2310249.86,2718654.63,6524,960,679,654,18684,1332,2708,186,408,1611,1392,45701,878,1595,513
2025-03-21,INV_02,346566.26,2397036.25,2743602.51,6524,960,679,654,18684,1332,2708,186,408,1611,1392,45701,878,2158,513
2025-03-24,INV_02,379603.67,2361262.25,2740865.92,6524,960,679,654,18684,1332,2708,186,408,1208,1392,45701,878,2158,513
2025-03-25,INV_02,322106.4,2431520.97,2753627.37,6524,960,679,654,18684,1332,2708,186,3244,1208,1392,45701,878,2158,513
2025-03-26,INV_02,366650.91,2376870.86,2743521.77,6524,720,679,654,18684,1332,2708,186,3244,1208,1392,45701,878,2158,513
2025-03-27,INV_02,366650.91,2381368.16,2748019.07,6524,720,679,654,18684,1332,2708,186,3244,1208,1392,45701,878,2158,513
2025-03-28,INV_02,408808.09,2331837.22,2740645.31,6524,720,679,654,18684,1332,2708,186,3244,1208,1044,45701,878,2158,513
2025-03-31,INV_02,422999.74,2317502.22,2740501.96,6524,720,679,654,18684,1332,2708,139,3244,1208,1044,45701,878,2158,513
2025-04-01,INV_02,422999.74,2362954.64,2785954.38,6524,720,679,654,18684,1332,2708,139,3244,1208,1044,45701,878,2158,513
2025-04-02,INV_02,422999.74,2379504.87,2802504.61,6524,720,679,654,18684,1332,2708,139,3244,1208,1044,45701,878,2158,513
2025-04-03,INV_02,500260.15,2234963.33,2735223.48,6524,720,679,654,18684,1332,2031,139,3244,1208,1044,45701,878,2158,513
2025-04-04,INV_02,532189.51,2151682.16,2683871.67,6524,540,679,654,18684,1332,2031,139,3244,1208,1044,45701,878,2158,513
2025-04-07,INV_02,572176.24,2012085.12,2584261.37,6524,540,679,654,18684,999,2031,139,3244,1208,1044,45701,878,2158,513
2025-04-08,INV_02,572176.24,2098096.98,2670273.23,6524,540,679,654,18684,999,2031,139,3244,1208,1044,45701,878,2158,513
2025-04-09,INV_02,635521.99,1981694.41,2617216.39,6524,540,679,654,18684,999,2031,139,3244,1208,1044,34275,878,2158,513
2025-04-10,INV_02,539343.81,2174366.52,2713710.33,6524,540,679,654,18684,999,2873,139,3244,1208,1044,34275,878,2158,513
2025-04-11,INV_02,562863.73,2139008.46,2701872.19,6524,540,509,654,18684,999,2873,139,3244,1208,1044,34275,878,2158,513
2025-04-14,INV_02,477594.68,2223433.26,2701027.95,6524,540,509,654,18684,999,2873,139,3244,1208,1044,48831,878,2158,513
2025-04-15,INV_02,504492.22,2196264.03,2700756.25,6524,540,509,654,18684,999,2873,139,3244,1208,1044,48831,658,2158,513
2025-04-16,INV_02,428121.07,2290171.93,2718293.0,6524,540,509,654,18684,999,2873,139,3244,1208,1044,48831,658,2868,513
2025-04-17,INV_02,363262.21,2357689.33,2720951.55,6524,879,509,654,18684,999,2873,139,3244,1208,1044,48831,658,2868,513
2025-04-21,INV_02,308236.6,2426056.8,2734293.39,6524,879,509,654,22850,999,2873,139,3244,1208,1044,48831,658,2868,513
2025-04-22,INV_02,349972.9,2369516.74,2719489.64,6524,659,509,654,22850,999,2873,139,3244,1208,1044,48831,658,2868,513
2025-04-23,INV_02,409530.5,2307154.64,2716685.14,4893,659,509,654,22850,999,2873,139,3244,1208,1044,48831,658,2868,513
2025-04-24,INV_02,491928.79,2237991.94,2729920.72,4893,659,509,654,22850,999,2154,139,3244,1208,1044,48831,658,2868,513
2025-04-25,INV_02,417455.43,2328098.3,2745553.73,4893,659,509,1363,22850,999,2154,139,3244,1208,1044,48831,658,2868,513
2025-04-28,INV_02,434816.07,2123921.28,2558737.35,4893,659,381,1363,22850,999,2154,139,3244,1208,1044,48831,658,2868,513
2025-04-29,INV_02,368943.96,2192893.26,2561837.22,6634,659,381,1363,22850,999,2154,139,3244,1208,1044,48831,658,2868,513
2025-04-30,INV_02,400246.19,2145213.79,2545459.98,6634,494,381,1363,22850,999,2154,139,3244,1208,1044,48831,658,2868,513
2025-05-01,INV_02,400246.19,50807.85,451054.05,6634,494,381,1363,22850,999,2154,139,3244,1208,1044,48831,658,2868,513
2025-05-02,INV_02,339612.84,2212308.35,2551921.2,6634,494,381,1363,22850,999,2154,139,3244,1208,1527,48831,658,2868,513
2025-05-05,INV_02,355967.7,2203824.45,2559792.15,6634,494,381,1363,22850,999,2154,139,2433,1208,1527,48831,658,2868,513
2025-05-06,INV_02,302077.21,2263723.56,2565800.77,6634,494,381,1363,22850,999,2154,139,2433,1803,1527,48831,658,2868,513
2025-05-07,INV_02,315050.17,2227169.34,2542219.51,6634,494,285,1363,22850,999,2154,139,2433,1803,1527,48831,658,2868,513
2025-05-08,INV_02,315050.17,2237799.56,2552849.72,6634,494,285,1363,22850,999,2154,139,2433,1803,1527,48831,658,2868,513
2025-05-09,INV_02,315050.17,2232924.17,2547974.33,6634,494,285,1363,22850,999,2154,139,2433,1803,1527,48831,658,2868,513
2025-05-12,INV_02,267326.35,2280175.47,2547501.82,6634,494,285,1363,22850,999,4178,139,2433,1803,1527,48831,658,2868,513
2025-05-13,INV_02,226836.73,2320264.2,2547100.93,6634,494,285,1363,22850,999,4178,139,4440,1803,1527,48831,658,2868,513
2025-05-14,INV_02,192487.28,2391868.87,2584356.15,6634,494,285,1363,22850,999,5611,139,4440,1803,1527,48831,658,2868,513
2025-05-15,INV_02,234826.62,2364377.52,2599204.13,6634,494,285,1363,22850,999,5611,139,4440,1352,1527,48831,658,2868,513
2025-05-16,INV_02,234826.62,2366158.33,2600984.94,6634,494,285,1363,22850,999,5611,139,4440,1352,1527,48831,658,2868,513
2025-05-19,INV_02,199303.66,2401629.29,2600932.95,6634,494,285,1702,22850,999,5611,139,4440,1352,1527,48831,658,2868,513
2025-05-20,INV_02,230460.09,2357976.08,2588436.16,6634,494,285,1702,22850,999,5611,139,4440,1014,1527,48831,658,2868,513
2025-05-21,INV_02,195648.97,2410602.74,2606251.71,6634,494,285,1702,22850,999,5611,139,4440,1014,1798,48831,658,2868,513
2025-05-22,INV_02,166104.45,2469467.25,2635571.7,6634,494,285,1702,22850,999,5611,139,4440,1014,1798,48831,658,3152,513
2025-05-23,INV_02,166104.45,2476191.13,2642295.58,6634,494,285,1702,22850,999,5611,139,4440,1014,1798,48831,658,3152,513
2025-05-26,INV_02,189032.35,2476779.23,2665811.57,6634,494,285,1702,22850,999,5611,139,3330,1014,1798,48831,658,3152,513
2025-05-27,INV_02,270164.83,2399072.04,2669236.86,6634,494,285,1702,22850,999,5611,139,3330,1014,1798,48831,658,2364,513
2025-05-28,INV_02,229247.54,2461551.27,2690798.81,6634,494,285,1702,25279,999,5611,139,3330,1014,1798,48831,658,2364,513
2025-05-29,INV_02,229247.54,2478945.65,2708193.2,6634,494,285,1702,25279,999,5611,139,3330,1014,1798,48831,658,2364,513
2025-05-30,INV_02,194585.32,2529229.22,2723814.54,6634,494,285,1702,25279,999,5611,139,3330,1014,1798,48831,898,2364,513
2025-06-02,INV_02,300125.42,2474191.77,2774317.18,6634,494,285,1702,18959,999,5611,139,3330,1014,1798,48831,898,2364,513
2025-06-03,INV_02,254786.64,2581283.12,2836069.76,6634,494,285,1702,18959,999,5611,139,3330,1014,2135,48831,898,2364,513
2025-06-04,INV_02,254786.64,2584590.69,2839377.33,6634,494,285,1702,18959,999,5611,139,3330,1014,2135,48831,898,2364,513
2025-06-05,INV_02,216275.34,2646647.95,2862923.29,6634,494,531,1702,18959,999,5611,139,3330,1014,2135,48831,898,2364,513
2025-06-06,INV_02,216275.34,2633133.95,2849409.3,6634,494,531,1702,18959,999,5611,139,3330,1014,2135,48831,898,2364,513
2025-06-09,INV_02,216275.34,2646733.21,2863008.55,6634,494,531,1702,18959,999,5611,139,3330,1014,2135,48831,898,2364,513
2025-06-11,INV_02,216275.34,2674594.13,2890869.47,6634,494,531,1702,18959,999,5611,139,3330,1014,2135,48831,898,2364,513
2025-06-12,INV_02,183607.9,2716193.96,2899801.86,6634,494,739,1702,18959,999,5611,139,3330,1014,2135,48831,898,2364,513
2025-06-13,INV_02,183607.9,2693284.98,2876892.89,6634,494,739,1702,18959,999,5611,139,3330,1014,2135,48831,898,2364,513
2025-06-16,INV_02,251477.0,2618538.22,2870015.22,4975,494,739,1702,18959,999,5611,139,3330,1014,2135,48831,898,2364,513
2025-06-17,INV_02,262616.97,2590660.13,2853277.1,4975,494,739,1702,18959,999,5611,104,3330,1014,2135,48831,898,2364,513
2025-06-18,INV_02,270789.42,2550444.08,2821233.5,4975,494,739,1702,18959,999,5611,78,3330,1014,2135,48831,898,2364,513
2025-06-19,INV_02,336026.96,2454349.11,2790376.07,4975,494,739,1702,18959,999,5611,78,3330,1014,2135,48831,898,1773,513
2025-06-20,INV_02,285284.56,2546560.21,2831844.77,4975,494,739,1702,18959,999,5611,235,3330,1014,2135,48831,898,1773,513
2025-06-23,INV_02,322823.6,2452902.9,2775726.5,4975,494,739,1702,18959,999,4208,235,3330,1014,2135,48831,898,1773,513
2025-06-24,INV_02,273935.6,2562287.25,2836222.85,6175,494,739,1702,18959,999,4208,235,3330,1014,2135,48831,898,1773,513
2025-06-25,INV_02,335592.57,2500007.48,2835600.05,4631,494,739,1702,18959,999,4208,235,3330,1014,2135,48831,898,1773,513
2025-06-26,INV_02,406899.5,2502336.06,2909235.55,4631,494,739,1702,18959,999,4208,235,3330,1014,2135,36623,898,1773,513
2025-06-27,INV_02,406899.5,2499498.33,2906397.83,4631,494,739,1702,18959,999,4208,235,3330,1014,2135,36623,898,1773,513
2025-06-30,INV_02,345265.31,2589172.09,2934437.4,4631,494,739,1702,18959,999,4208,235,3330,1507,2135,36623,898,1773,513
2025-07-01,INV_02,399651.95,2534933.6,2934585.55,4631,494,739,1702,18959,999,4208,235,3330,1507,2135,27467,898,1773,513
2025-07-02,INV_02,339425.65,2612180.98,2951606.64,4631,494,739,1702,18959,999,4208,413,3330,1507,2135,27467,898,1773,513
2025-07-03,INV_02,370968.35,2567882.92,2938851.26,4631,494,739,1702,18959,999,3156,413,3330,1507,2135,27467,898,1773,513
2025-07-04,INV_02,314787.16,2628278.85,2943066.01,4631,494,739,1702,18959,999,3156,413,5698,1507,2135,27467,898,1773,513
2025-07-07,INV_02,354897.31,2582465.84,2937363.15,4631,494,739,1702,18959,999,3156,413,5698,1507,2135,20600,898,1773,513
2025-07-08,INV_02,301344.26,2639511.75,2940856.01,4631,696,739,1702,18959,999,3156,413,5698,1507,2135,20600,898,1773,513
2025-07-09,INV_02,255773.06,2706426.46,2962199.52,4631,696,1021,1702,18959,999,3156,413,5698,1507,2135,20600,898,1773,513
2025-07-10,INV_02,288632.29,2673235.32,2961867.61,4631,696,1021,1702,18959,999,3156,413,4273,1507,2135,20600,898,1773,513
2025-07-11,INV_02,245034.16,2770415.66,3015449.82,4631,696,1021,1702,18959,999,3156,413,4273,1823,2135,20600,898,1773,513
2025-07-14,INV_02,207964.89,2863324.2,3071289.09,4631,696,1021,2001,18959,999,3156,413,4273,1823,2135,20600,898,1773,513
2025-07-15,INV_02,207964.89,2887494.98,3095459.87,4631,696,1021,2001,18959,999,3156,413,4273,1823,2135,20600,898,1773,513
2025-07-16,INV_02,277087.18,2791562.82,3068650.0,4631,696,1021,2001,18959,999,3156,413,4273,1823,1601,20600,898,1773,513
2025-07-17,INV_02,235199.15,2840359.11,3075558.26,4631,854,1021,2001,18959,999,3156,413,4273,1823,1601,20600,898,1773,513
2025-07-18,INV_02,199576.05,2891935.97,3091512.02,4631,854,1021,2001,20796,999,3156,413,4273,1823,1601,20600,898,1773,513
2025-07-21,INV_02,199576.05,2903027.25,3102603.29,4631,854,1021,2001,20796,999,3156,413,4273,1823,1601,20600,898,1773,513
2025-07-22,INV_02,169465.42,2952257.46,3121722.88,4631,854,1021,2001,20796,999,3156,413,4273,1823,1826,20600,898,1773,513
2025-07-23,INV_02,239677.49,2908219.0,3147896.48,3473,854,1021,2001,20796,999,3156,413,4273,1823,1826,20600,898,1773,513
2025-07-24,INV_02,203389.0,2963045.86,3166434.86,3473,854,1021,2001,20796,999,3156,413,5723,1823,1826,20600,898,1773,513
2025-07-25,INV_02,172633.49,3020170.9,3192804.39,3980,854,1021,2001,20796,999,3156,413,5723,1823,1826,20600,898,1773,513
2025-07-28,INV_02,146491.66,3062044.55,3208536.21,3980,854,1021,2182,20796,999,3156,413,5723,1823,1826,20600,898,1773,513
2025-07-29,INV_02,146491.66,3063954.26,3210445.91,3980,854,1021,2182,20796,999,3156,413,5723,1823,1826,20600,898,1773,513
2025-07-30,INV_02,245828.95,2961672.59,3207501.53,3980,854,1021,2182,15597,999,3156,413,5723,1823,1826,20600,898,1773,513
2025-07-31,INV_02,208713.63,3013541.98,3222255.61,3980,854,1021,2182,15597,999,3156,413,5723,1823,1826,20600,898,1773,671
2025-08-01,INV_02,273977.82,3006818.22,3280796.04,3980,640,1021,2182,15597,999,3156,413,5723,1823,1826,20600,898,1773,671
2025-08-04,INV_02,307537.07,2948831.67,3256368.74,3980,640,1021,2182,15597,999,3156,413,4292,1823,1826,20600,898,1773,671
2025-08-05,INV_02,307537.07,2938079.18,3245616.24,3980,640,1021,2182,15597,999,3156,413,4292,1823,1826,20600,898,1773,671
2025-08-06,INV_02,368162.69,2873777.04,3241939.73,3980,640,1021,2182,15597,999,3156,413,4292,1823,1369,20600,898,1773,671
2025-08-07,INV_02,430250.54,2804443.08,3234693.62,3980,640,1021,2182,15597,999,3156,413,4292,1823,1369,20600,898,1329,671
2025-08-11,INV_02,365157.05,2874310.36,3239467.4,3980,640,1021,2182,15597,999,3156,413,4292,1823,1369,20600,898,1791,671
2025-08-12,INV_02,309848.26,2948769.16,3258617.42,3980,640,1021,2182,15597,999,3156,413,4292,2232,1369,20600,898,1791,671
2025-08-13,INV_02,309848.26,2956289.2,3266137.46,3980,640,1021,2182,15597,999,3156,413,4292,2232,1369,20600,898,1791,671
2025-08-14,INV_02,383403.36,2871054.62,3254457.98,3980,640,1021,2182,15597,999,3156,413,4292,1674,1369,20600,898,1791,671
2025-08-15,INV_02,325325.46,2973219.4,3298544.86,3980,640,1021,2182,15597,1333,3156,413,4292,1674,1369,20600,898,1791,671
2025-08-18,INV_02,276295.86,3065150.49,3341446.35,3980,640,1021,2182,15597,1333,3156,413,4292,1674,1369,20600,898,1791,853
2025-08-19,INV_02,234565.18,3117365.25,3351930.43,3980,640,1231,2182,15597,1333,3156,413,4292,1674,1369,20600,898,1791,853
2025-08-20,INV_02,292279.45,3082377.35,3374656.8,3980,640,1231,2182,15597,1333,3156,413,4292,1674,1369,20600,898,1791,639
2025-08-21,INV_02,292279.45,3088285.65,3380565.1,3980,640,1231,2182,15597,1333,3156,413,4292,1674,1369,20600,898,1791,639
2025-08-22,INV_02,317443.02,3048712.17,3366155.18,3980,640,1231,2182,15597,1333,3156,413,3219,1674,1369,20600,898,1791,639
2025-08-25,INV_02,381420.78,2961343.09,3342763.86,3980,640,1231,2182,15597,1333,3156,413,3219,1674,1369,20600,898,1343,639
2025-08-26,INV_02,381420.78,2977146.83,3358567.6,3980,640,1231,2182,15597,1333,3156,413,3219,1674,1369,20600,898,1343,639
2025-08-27,INV_02,323772.42,3056580.15,3380352.56,3980,640,1231,2182,15597,1665,3156,413,3219,1674,1369,20600,898,1343,639
2025-08-28,INV_02,274856.76,3102418.06,3377274.82,3980,640,1231,2182,15597,1665,3156,413,3219,2026,1369,20600,898,1343,639
2025-08-29,INV_02,274856.76,3134058.32,3408915.08,3980,640,1231,2182,15597,1665,3156,413,3219,2026,1369,20600,898,1343,639
2025-09-01,INV_02,233228.62,3182388.94,3415617.56,3980,640,1231,2182,15597,1665,3156,413,5027,2026,1369,20600,898,1343,639
2025-09-02,INV_02,292489.01,3102322.1,3394811.11,2985,640,1231,2182,15597,1665,3156,413,5027,2026,1369,20600,898,1343,639
2025-09-03,INV_02,322570.16,3060018.52,3382588.67,2985,640,1231,2182,15597,1665,3156,413,5027,2026,1369,15450,898,1343,639
2025-09-04,INV_02,367393.4,3009370.55,3376763.94,2985,640,1231,2182,15597,1665,3156,413,5027,2026,1026,15450,898,1343,639
2025-09-08,INV_02,410424.67,2950627.27,3361051.95,2238,640,1231,2182,15597,1665,3156,413,5027,2026,1026,15450,898,1343,639
2025-09-09,INV_02,432606.02,2888625.15,3321231.17,2238,640,1231,2182,15597,1665,3156,413,5027,2026,1026,11587,898,1343,639
2025-09-10,INV_02,367126.64,2972852.15,3339978.79,2238,640,1231,2182,15597,1665,3156,413,5027,2512,1026,11587,898,1343,639
2025-09-11,INV_02,449829.26,2867423.28,3317252.54,2238,640,1231,1636,15597,1665,3156,413,5027,2512,1026,11587,898,1343,639
2025-09-12,INV_02,494545.54,2822860.16,3317405.7,2238,480,1231,1636,15597,1665,3156,413,5027,2512,1026,11587,898,1343,639
2025-09-15,INV_02,527670.89,2753013.39,3280684.28,2238,360,1231,1636,15597,1665,3156,413,5027,2512,1026,11587,898,1343,639
2025-09-16,INV_02,447762.57,2865837.38,3313599.95,2238,360,1231,1636,15597,1665,3156,413,5027,3104,1026,11587,898,1343,639
2025-09-17,INV_02,447762.57,2888845.97,3336608.54,2238,360,1231,1636,15597,1665,3156,413,5027,3104,1026,11587,898,1343,639
2025-09-18,INV_02,380021.87,2996766.29,3376788.16,2238,360,1584,1636,15597,1665,3156,413,5027,3104,1026,11587,898,1343,639
2025-09-19,INV_02,322449.64,3070133.92,3392583.57,2238,360,1584,1636,15597,1665,4990,413,5027,3104,1026,11587,898,1343,639
2025-09-22,INV_02,273654.02,3139140.91,3412794.92,2238,360,1834,1636,15597,1665,4990,413,5027,3104,1026,11587,898,1343,639
2025-09-23,INV_02,232205.04,3197598.47,3429803.52,2238,360,1834,1636,15597,1665,6302,413,5027,3104,1026,11587,898,1343,639
2025-09-24,INV_02,232205.04,3232021.61,3464226.65,2238,360,1834,1636,15597,1665,6302,413,5027,3104,1026,11587,898,1343,639
2025-09-25,INV_02,197087.34,3289294.27,3486381.61,2238,360,1834,1636,15597,1665,6302,413,5027,3104,1026,11587,898,1587,639
2025-09-26,INV_02,285015.68,3216124.45,3501140.13,2238,360,1375,1636,15597,1665,6302,413,5027,3104,1026,11587,898,1587,639
2025-09-29,INV_02,241836.36,3261457.01,3503293.37,2238,360,1375,1636,15597,1665,6302,413,5027,3104,1026,18958,898,1587,639
2025-09-30,INV_02,205241.34,3291828.7,3497070.04,2238,360,1375,1636,15597,1665,6302,413,5027,3104,1026,18958,898,1587,757
2025-10-01,INV_02,205241.34,3300778.55,3506019.89,2238,360,1375,1636,15597,1665,6302,413,5027,3104,1026,18958,898,1587,757
2025-10-02,INV_02,205241.34,3316969.43,3522210.76,2238,360,1375,1636,15597,1665,6302,413,5027,3104,1026,18958,898,1587,757
2025-10-03,INV_02,174219.44,3358392.47,3532611.91,2238,360,1375,1823,15597,1665,6302,413,5027,3104,1026,18958,898,1587,757
2025-10-07,INV_02,147827.91,3389943.39,3537771.31,2238,360,1375,1823,15597,1665,7097,413,5027,3104,1026,18958,898,1587,757
2025-10-08,INV_02,205411.07,3321943.69,3527354.77,2238,360,1375,1823,15597,1665,5322,413,5027,3104,1026,18958,898,1587,757
2025-10-09,INV_02,231189.49,3303472.33,3534661.82,2238,360,1375,1823,15597,1665,5322,413,3770,3104,1026,18958,898,1587,757
2025-10-10,INV_02,231189.49,3339650.78,3570840.27,2238,360,1375,1823,15597,1665,5322,413,3770,3104,1026,18958,898,1587,757
2025-10-13,INV_02,231189.49,3334950.37,3566139.86,2238,360,1375,1823,15597,1665,5322,413,3770,3104,1026,18958,898,1587,757
2025-10-14,INV_02,196246.45,3395158.41,3591404.86,2238,478,1375,1823,15597,1665,5322,413,3770,3104,1026,18958,898,1587,757
2025-10-15,INV_02,196246.45,3396757.36,3593003.8,2238,478,1375,1823,15597,1665,5322,413,3770,3104,1026,18958,898,1587,757
2025-10-16,INV_02,166638.3,3444184.23,3610822.53,2238,478,1518,1823,15597,1665,5322,413,3770,3104,1026,18958,898,1587,757
2025-10-17,INV_02,166638.3,3466885.07,3633523.37,2238,478,1518,1823,15597,1665,5322,413,3770,3104,1026,18958,898,1587,757
2025-10-21,INV_02,141602.95,3517321.42,3658924.37,2238,478,1518,1823,15597,1665,5322,413,3770,3104,1026,18958,898,1587,840
2025-10-22,INV_02,219100.15,3427147.79,3646247.94,2238,478,1138,1823,15597,1665,5322,413,3770,3104,1026,18958,898,1587,840
2025-10-23,INV_02,185983.01,3461877.52,3647860.53,2238,478,1138,1823,15597,1665,5322,413,3770,3104,1273,18958,898,1587,840
2025-10-24,INV_02,243964.83,3400349.3,3644314.13,2238,478,853,1823,15597,1665,5322,413,3770,3104,1273,18958,898,1587,840
2025-10-27,INV_02,277044.03,3359302.82,3636346.86,1678,478,853,1823,15597,1665,5322,413,3770,3104,1273,18958,898,1587,840
2025-10-28,INV_02,318445.93,3300614.11,3619060.04,1678,478,853,1823,15597,1665,5322,413,3770,3104,1273,18958,673,1587,840
2025-10-29,INV_02,270341.65,3350798.09,3621139.74,1678,478,853,2117,15597,1665,5322,413,3770,3104,1273,18958,673,1587,840
2025-10-30,INV_02,270341.65,3343575.0,3613916.64,1678,478,853,2117,15597,1665,5322,413,3770,3104,1273,18958,673,1587,840
2025-10-31,INV_02,229583.1,3386827.42,3616410.52,1678,609,853,2117,15597,1665,5322,413,3770,3104,1273,18958,673,1587,840
2025-11-03,INV_02,229583.1,3417522.93,3647106.03,1678,609,853,2117,15597,1665,5322,413,3770,3104,1273,18958,673,1587,840
2025-11-04,INV_02,229583.1,3411966.84,3641549.94,1678,609,853,2117,15597,1665,5322,413,3770,3104,1273,18958,673,1587,840
2025-11-05,INV_02,229583.1,185494.04,415077.15,1678,609,853,2117,15597,1665,5322,413,3770,3104,1273,18958,673,1587,840
2025-11-06,INV_02,194845.97,3475507.85,3670353.83,1678,609,853,2117,15597,1665,5322,413,3770,3104,1273,18958,860,1587,840
2025-11-07,INV_02,165448.91,3534673.89,3700122.8,1678,609,853,2117,15597,1665,5322,413,3770,3104,1489,18958,860,1587,840
2025-11-10,INV_02,165448.91,3582435.67,3747884.58,1678,609,853,2117,15597,1665,5322,413,3770,3104,1489,18958,860,1587,840
2025-11-11,INV_02,165448.91,3607826.35,3773275.26,1678,609,853,2117,15597,1665,5322,413,3770,3104,1489,18958,860,1587,840
2025-11-12,INV_02,165448.91,3606388.57,3771837.48,1678,609,853,2117,15597,1665,5322,413,3770,3104,1489,18958,860,1587,840
2025-11-13,INV_02,165448.91,3563215.59,3728664.51,1678,609,853,2117,15597,1665,5322,413,3770,3104,1489,18958,860,1587,840
2025-11-14,INV_02,211637.64,3511361.42,3722999.05,1678,609,853,2117,15597,1665,3991,413,3770,3104,1489,18958,860,1587,840
2025-11-17,INV_02,261027.5,3448847.17,3709874.67,1678,609,853,2117,15597,1665,3991,413,3770,3104,1116,18958,860,1587,840
2025-11-18,INV_02,299450.09,3374507.33,3673957.43,1678,609,853,2117,15597,1665,3991,413,3770,3104,1116,18958,645,1587,840
2025-11-19,INV_02,342049.79,3312536.2,3654586.0,1678,609,853,2117,15597,1665,3991,309,3770,3104,1116,18958,645,1587,840
2025-11-20,INV_02,342049.79,3320313.74,3662363.53,1678,609,853,2117,15597,1665,3991,309,3770,3104,1116,18958,645,1587,840
2025-11-21,INV_02,377124.5,3272954.39,3650078.89,1678,609,853,2117,15597,1665,2993,309,3770,3104,1116,18958,645,1587,840
2025-11-24,INV_02,439366.96,3168588.69,3607955.65,1678,609,853,2117,15597,1665,2993,309,3770,3104,1116,18958,645,1587,630
2025-11-25,INV_02,373144.54,3246733.45,3619877.99,1678,609,853,2117,15597,1665,2993,472,3770,3104,1116,18958,645,1587,630
2025-11-26,INV_02,401769.4,3222476.87,3624246.27,1678,609,853,2117,15597,1665,2993,472,3770,3104,1116,14218,645,1587,630
2025-11-27,INV_02,445016.96,3152731.76,3597748.71,1678,456,853,2117,15597,1665,2993,472,3770,3104,1116,14218,645,1587,630
2025-11-28,INV_02,377715.35,3218269.71,3595985.07,1678,456,853,2117,15597,1665,2993,472,3770,3104,1116,14218,645,2038,630
2025-12-01,INV_02,448653.8,3046477.89,3495131.7,1678,456,853,2117,15597,1665,2993,472,3770,3104,1116,14218,645,1528,630
2025-12-02,INV_02,448653.8,3072050.67,3520704.47,1678,456,853,2117,15597,1665,2993,472,3770,3104,1116,14218,645,1528,630
2025-12-03,INV_02,490602.08,2969476.22,3460078.31,1678,456,639,2117,15597,1665,2993,472,3770,3104,1116,14218,645,1528,630
2025-12-05,INV_02,521751.44,2899632.22,3421383.67,1678,342,639,2117,15597,1665,2993,472,3770,3104,1116,14218,645,1528,630
2025-12-08,INV_02,442707.84,2976007.51,3418715.34,1678,342,639,2117,15597,1665,2993,472,3770,3104,1116,27948,645,1528,630
2025-12-09,INV_02,442707.84,3022309.02,3465016.86,1678,342,639,2117,15597,1665,2993,472,3770,3104,1116,27948,645,1528,630
2025-12-10,INV_02,375673.63,3136640.73,3512314.36,1678,342,639,2558,15597,1665,2993,472,3770,3104,1116,27948,645,1528,630
2025-12-11,INV_02,318770.23,3220089.27,3538859.5,1678,342,639,2558,15597,1665,4558,472,3770,3104,1116,27948,645,1528,630
2025-12-12,INV_02,338474.73,3201662.89,3540137.62,1678,342,639,2558,15597,1665,4558,472,2827,3104,1116,27948,645,1528,630
2025-12-15,INV_02,365722.25,3158936.07,3524658.32,1678,342,639,2558,15597,1665,4558,472,2827,3104,1116,27948,483,1528,630
2025-12-16,INV_02,365722.25,3161249.96,3526972.22,1678,342,639,2558,15597,1665,4558,472,2827,3104,1116,27948,483,1528,630
2025-12-17,INV_02,365722.25,3167297.2,3533019.45,1678,342,639,2558,15597,1665,4558,472,2827,3104,1116,27948,483,1528,630
2025-12-18,INV_02,411223.64,3108028.81,3519252.45,1678,342,639,2558,15597,1665,4558,354,2827,3104,1116,27948,483,1528,630
2025-12-19,INV_02,504362.84,2998475.5,3502838.35,1678,342,639,1918,15597,1665,4558,354,2827,3104,1116,27948,483,1528,630
2025-12-22,INV_02,527201.65,2957112.21,3484313.86,1678,256,639,1918,15597,1665,4558,354,2827,3104,1116,27948,483,1528,630
2025-12-23,INV_02,566629.29,2914388.32,3481017.61,1678,256,639,1918,15597,1665,4558,354,2827,3104,1116,20961,483,1528,630
2025-12-24,INV_02,613575.43,2863652.97,3477228.4,1678,256,639,1918,15597,1665,4558,354,2827,3104,1116,20961,483,1528,472
2025-12-25,INV_02,613575.43,1248427.14,1862002.57,1678,256,639,1918,15597,1665,4558,354,2827,3104,1116,20961,483,1528,472
2025-12-26,INV_02,520620.99,2974434.18,3495055.17,1678,256,639,1918,15597,1665,4558,354,2827,3104,1116,36560,483,1528,472
2025-12-29,INV_02,634520.49,2851933.14,3486453.63,1678,256,639,1918,11697,1665,4558,354,2827,3104,1116,36560,483,1528,472
2025-12-30,INV_02,538608.87,2978081.41,3516690.28,1678,256,639,1918,11697,1665,4558,592,2827,3104,1116,36560,483,1528,472
2025-12-31,INV_02,538608.87,2997855.2,3536464.07,1678,256,639,1918,11697,1665,4558,592,2827,3104,1116,36560,483,1528,472
2026-01-02,INV_02,538608.87,3030130.02,3568738.89,1678,256,639,1918,11697,1665,4558,592,2827,3104,1116,36560,483,1528,472
2026-01-05,INV_02,538608.87,3031671.23,3570280.1,1678,256,639,1918,11697,1665,4558,592,2827,3104,1116,36560,483,1528,472
2026-01-06,INV_02,457038.49,3171915.18,3628953.68,1678,256,639,2445,11697,1665,4558,592,2827,3104,1116,36560,483,1528,472
2026-01-07,INV_02,477920.95,3150821.79,3628742.74,1678,256,639,2445,11697,1665,4558,592,2827,3104,1116,36560,362,1528,472
2026-01-08,INV_02,514380.67,3113993.79,3628374.46,1678,256,639,2445,11697,1665,4558,592,2827,3104,837,36560,362,1528,472
2026-01-09,INV_02,436640.72,3262511.7,3699152.42,1678,256,639,2445,11697,1665,4558,773,2827,3104,837,36560,362,1528,472
2026-01-12,INV_02,526119.39,3167017.11,3693136.5,1678,256,639,2445,8772,1665,4558,773,2827,3104,837,36560,362,1528,472
2026-01-13,INV_02,526119.39,3173656.28,3699775.67,1678,256,639,2445,8772,1665,4558,773,2827,3104,837,36560,362,1528,472
2026-01-14,INV_02,526119.39,3199132.55,3725251.94,1678,256,639,2445,8772,1665,4558,773,2827,3104,837,36560,362,1528,472
2026-01-16,INV_02,526119.39,3212191.36,3738310.75,1678,256,639,2445,8772,1665,4558,773,2827,3104,837,36560,362,1528,472
2026-01-19,INV_02,556722.27,3163257.87,3719980.14,1258,256,639,2445,8772,1665,4558,773,2827,3104,837,36560,362,1528,472
2026-01-20,INV_02,556722.27,3177722.19,3734444.46,1258,256,639,2445,8772,1665,4558,773,2827,3104,837,36560,362,1528,472
2026-01-21,INV_02,472467.06,3314354.32,3786821.38,1258,256,639,2445,8772,1665,4558,773,2827,3104,837,36560,362,2086,472
2026-01-22,INV_02,555436.98,3213718.72,3769155.7,1258,256,639,2445,8772,1665,4558,579,2827,3104,837,36560,362,2086,472
2026-01-23,INV_02,471306.58,3325746.34,3797052.92,1258,256,639,2445,8772,1665,4558,579,6630,3104,837,36560,362,2086,472
2026-01-26,INV_02,400186.42,3394151.1,3794337.52,1258,256,639,2445,8772,1665,4558,742,6630,3104,837,36560,362,2086,472
2026-01-27,INV_02,437119.09,3354445.47,3791564.57,1258,256,639,2445,8772,1665,4558,742,4972,3104,837,36560,362,2086,472
2026-01-28,INV_02,453556.09,3334690.6,3788246.69,1258,256,639,2445,8772,1665,4558,742,4972,3104,837,36560,271,2086,472
2026-01-29,INV_02,482921.97,3298551.28,3781473.25,1258,256,639,2445,8772,1665,4558,742,4972,3104,627,36560,271,2086,472
2026-01-30,INV_02,409821.2,3372637.0,3782458.2,1258,256,639,2906,8772,1665,4558,742,4972,3104,627,36560,271,2086,472
2026-02-02,INV_02,508797.19,3251023.27,3759820.46,1258,256,639,2906,8772,1248,4558,742,4972,3104,627,36560,271,2086,472
2026-02-03,INV_02,508797.19,3256629.71,3765426.9,1258,256,639,2906,8772,1248,4558,742,4972,3104,627,36560,271,2086,472
2026-02-05,INV_02,508797.19,3254933.82,3763731.01,1258,256,639,2906,8772,1248,4558,742,4972,3104,627,36560,271,2086,472
2026-02-06,INV_02,548396.23,3216506.88,3764903.11,1258,256,639,2906,8772,1248,4558,742,4972,3104,627,36560,271,2086,354
2026-02-09,INV_02,548396.23,3215233.62,3763629.85,1258,256,639,2906,8772,1248,4558,742,4972,3104,627,36560,271,2086,354
2026-02-10,INV_02,578328.7,3178071.27,3756399.98,1258,256,639,2906,8772,1248,4558,742,4972,3104,627,36560,271,2086,265
2026-02-11,INV_02,596037.82,3167173.55,3763211.38,1258,192,639,2906,8772,1248,4558,742,4972,3104,627,36560,271,2086,265
2026-02-12,INV_02,505800.89,3250847.15,3756648.04,1258,192,1030,2906,8772,1248,4558,742,4972,3104,627,36560,271,2086,265
2026-02-13,INV_02,583834.67,3183103.13,3766937.79,1258,192,1030,2906,8772,1248,4558,742,4972,3104,627,36560,271,1564,265
2026-02-16,INV_02,583834.67,3224922.36,3808757.03,1258,192,1030,2906,8772,1248,4558,742,4972,3104,627,36560,271,1564,265
2026-02-17,INV_02,605750.3,3199582.51,3805332.81,1258,192,1030,2906,8772,1248,4558,742,4972,3104,470,36560,271,1564,265
2026-02-18,INV_02,605750.3,3209443.52,3815193.82,1258,192,1030,2906,8772,1248,4558,742,4972,3104,470,36560,271,1564,265
2026-02-19,INV_02,514050.38,3300235.52,3814285.9,1258,192,1418,2906,8772,1248,4558,742,4972,3104,470,36560,271,1564,265
2026-02-20,INV_02,573662.24,3240021.52,3813683.76,1258,192,1418,2906,8772,1248,4558,742,4972,3104,470,36560,271,1173,265
2026-02-23,INV_02,573662.24,3240021.52,3813683.76,1258,192,1418,2906,8772,1248,4558,742,4972,3104,470,36560,271,1173,265
2026-02-24,INV_02,573662.24,3240021.52,3813683.76,1258,192,1418,2906,8772,1248,4558,742,4972,3104,470,36560,271,1173,265
2026-02-25,INV_02,486754.57,3326068.72,3812823.29,1258,192,1418,2906,11356,1248,4558,742,4972,3104,470,36560,271,1173,265
2026-02-26,INV_02,539236.45,3273056.71,3812293.17,1258,192,1418,2906,11356,1248,4558,742,4972,3104,470,27420,271,1173,265
2026-02-27,INV_02,457656.73,3353828.71,3811485.45,1258,192,1418,3414,11356,1248,4558,742,4972,3104,470,27420,271,1173,265
2026-03-02,INV_02,480764.82,3329714.24,3810479.05,943,192,1418,3414,11356,1248,4558,742,4972,3104,470,27420,271,1173,265
2026-03-03,INV_02,408007.45,3401751.24,3809758.68,943,192,1418,3414,11356,1248,4558,742,4972,3104,972,27420,271,1173,265
2026-03-04,INV_02,408007.45,2028154.15,2436161.59,943,192,1418,3414,11356,1248,4558,742,4972,3104,972,27420,271,1173,265
2020-01-01,INV_03,1000000.0,0.0,1000000.0,0,0,0,0,0,0,0,0,0,0,0,0,0,0,0
2020-01-02,INV_03,848517.41,149982.76,998500.17,0,0,0,0,0,0,2023,0,0,0,0,0,0,0,0
2020-01-03,INV_03,848517.41,149982.76,998500.17,0,0,0,0,0,0,2023,0,0,0,0,0,0,0,0
2020-01-06,INV_03,719991.44,275158.38,995149.82,0,0,0,0,0,0,2023,0,0,4994,0,0,0,0,0
2020-01-07,INV_03,610947.47,381931.34,992878.82,0,0,0,0,0,0,2023,0,0,4994,0,0,0,1441,0
2020-01-08,INV_03,518390.27,469968.86,988359.13,0,0,0,0,0,0,2023,0,0,4994,0,24116,0,1441,0
2020-01-09,INV_03,549818.09,444233.25,994051.34,0,0,0,0,0,0,2023,0,0,3745,0,24116,0,1441,0
2020-01-10,INV_03,585413.61,408278.17,993691.78,0,0,0,0,0,0,1517,0,0,3745,0,24116,0,1441,0
2020-01-13,INV_03,585413.61,407810.01,993223.62,0,0,0,0,0,0,1517,0,0,3745,0,24116,0,1441,0
2020-01-14,INV_03,612271.39,376818.57,989089.96,0,0,0,0,0,0,1517,0,0,3745,0,24116,0,1080,0
2020-01-15,INV_03,519514.19,468657.39,988171.57,0,0,0,0,0,0,1517,0,0,3745,0,24116,3939,1080,0
2020-01-16,INV_03,440823.56,545911.96,986735.52,0,0,0,0,0,0,1517,0,0,6832,0,24116,3939,1080,0
2020-01-17,INV_03,374042.81,607197.04,981239.85,0,0,0,0,0,5356,1517,0,0,6832,0,24116,3939,1080,0
2020-01-20,INV_03,396210.29,581622.91,977833.2,0,0,0,0,0,5356,1517,0,0,6832,0,24116,2954,1080,0
2020-01-21,INV_03,412908.03,566601.02,979509.04,0,0,0,0,0,4017,1517,0,0,6832,0,24116,2954,1080,0
2020-01-22,INV_03,454900.54,527868.15,982768.69,0,0,0,0,0,4017,1517,0,0,5124,0,24116,2954,1080,0
2020-01-23,INV_03,486661.65,495785.29,982446.94,0,0,0,0,0,4017,1517,0,0,3843,0,24116,2954,1080,0
2020-01-24,INV_03,412933.68,569534.5,982468.17,0,0,0,0,0,4017,1517,0,0,3843,0,43326,2954,1080,0
2020-01-27,INV_03,412933.68,561679.65,974613.33,0,0,0,0,0,4017,1517,0,0,3843,0,43326,2954,1080,0
2020-01-28,INV_03,412933.68,559272.5,972206.17,0,0,0,0,0,4017,1517,0,0,3843,0,43326,2954,1080,0
2020-01-29,INV_03,350398.26,632350.82,982749.08,0,0,987,0,0,4017,1517,0,0,3843,0,43326,2954,1080,0
2020-01-30,INV_03,365738.06,611961.69,977699.74,0,0,740,0,0,4017,1517,0,0,3843,0,43326,2954,1080,0
2020-01-31,INV_03,385522.76,592551.1,978073.86,0,0,740,0,0,4017,1517,0,0,3843,0,43326,2954,810,0
2020-02-03,INV_03,385522.76,590125.62,975648.39,0,0,740,0,0,4017,1517,0,0,3843,0,43326,2954,810,0
2020-02-04,INV_03,426272.75,548964.02,975236.77,0,0,740,0,0,4017,1517,0,0,3843,0,32494,2954,810,0
2020-02-05,INV_03,426272.75,548164.43,974437.18,0,0,740,0,0,4017,1517,0,0,3843,0,32494,2954,810,0
2020-02-06,INV_03,361696.47,610804.53,972501.01,0,0,1757,0,0,4017,1517,0,0,3843,0,32494,2954,810,0
2020-02-07,INV_03,306905.93,665099.76,972005.69,3131,0,1757,0,0,4017,1517,0,0,3843,0,32494,2954,810,0
2020-02-10,INV_03,306905.93,663130.58,970036.51,3131,0,1757,0,0,4017,1517,0,0,3843,0,32494,2954,810,0
2020-02-11,INV_03,260415.52,708357.14,968772.66,3131,0,1757,0,5654,4017,1517,0,0,3843,0,32494,2954,810,0
2020-02-12,INV_03,260415.52,704007.13,964422.65,3131,0,1757,0,5654,4017,1517,0,0,3843,0,32494,2954,810,0
2020-02-13,INV_03,221052.24,741741.01,962793.25,3131,0,1757,0,5654,4017,1517,0,255,3843,0,32494,2954,810,0
2020-02-14,INV_03,187574.29,776235.6,963809.88,3131,0,1757,0,5654,4017,1517,0,255,3843,2435,32494,2954,810,0
2020-02-17,INV_03,200747.92,761592.71,962340.64,2348,0,1757,0,5654,4017,1517,0,255,3843,2435,32494,2954,810,0
2020-02-18,INV_03,209002.76,756088.42,965091.19,2348,0,1757,0,5654,4017,1517,0,255,3843,1826,32494,2954,810,0
2020-02-19,INV_03,236549.44,730072.78,966622.21,2348,0,1317,0,5654,4017,1517,0,255,3843,1826,32494,2954,810,0
2020-02-20,INV_03,200725.45,763032.33,963757.77,4405,0,1317,0,5654,4017,1517,0,255,3843,1826,32494,2954,810,0
2020-02-21,INV_03,225814.64,737689.71,963504.35,4405,0,1317,0,5654,4017,1517,0,255,2882,1826,32494,2954,810,0
2020-02-24,INV_03,191652.24,766831.0,958483.24,4405,0,1317,523,5654,4017,1517,0,255,2882,1826,32494,2954,810,0
2020-02-25,INV_03,162671.54,783664.15,946335.69,4405,0,1317,523,5654,4017,1956,0,255,2882,1826,32494,2954,810,0
2020-02-26,INV_03,138053.8,797648.56,935702.36,4405,0,1317,523,5654,4017,1956,0,255,2882,1826,32494,2954,810,414
2020-02-27,INV_03,138053.8,796020.66,934074.46,4405,0,1317,523,5654,4017,1956,0,255,2882,1826,32494,2954,810,414
2020-02-28,INV_03,138053.8,783532.65,921586.45,4405,0,1317,523,5654,4017,1956,0,255,2882,1826,32494,2954,810,414
2020-03-02,INV_03,117140.67,811456.51,928597.19,4405,0,1317,523,5654,4017,1956,0,255,2882,3356,32494,2954,810,414
2020-03-03,INV_03,134143.83,795699.5,929843.33,3303,0,1317,523,5654,4017,1956,0,255,2882,3356,32494,2954,810,414
2020-03-04,INV_03,134143.83,777846.19,911990.02,3303,0,1317,523,5654,4017,1956,0,255,2882,3356,32494,2954,810,414
2020-03-05,INV_03,113851.69,785839.45,899691.14,3303,0,1317,855,5654,4017,1956,0,255,2882,3356,32494,2954,810,414
2020-03-06,INV_03,124664.32,746850.91,871515.23,3303,0,1317,855,5654,3012,1956,0,255,2882,3356,32494,2954,810,414
2020-03-09,INV_03,105784.96,765543.36,871328.31,3303,0,1317,855,5654,3012,1956,0,255,2882,4805,32494,2954,810,414
2020-03-10,INV_03,89763.99,751442.29,841206.28,3303,0,1317,855,5654,3012,2230,0,255,2882,4805,32494,2954,810,414
2020-03-11,INV_03,89763.99,767752.79,857516.79,3303,0,1317,855,5654,3012,2230,0,255,2882,4805,32494,2954,810,414
2020-03-12,INV_03,102281.26,715145.56,817426.81,3303,0,1317,855,5654,3012,2230,0,255,2882,4805,32494,2954,607,414
2020-03-13,INV_03,86789.55,708326.83,795116.37,3303,0,1317,855,5654,3012,2230,0,255,3570,4805,32494,2954,607,414
2020-03-16,INV_03,94397.04,700642.5,795039.53,3303,0,1317,855,5654,2259,2230,0,255,3570,4805,32494,2954,607,414
2020-03-17,INV_03,116112.49,678707.7,794820.18,3303,0,1317,855,5654,2259,2230,0,255,3570,4805,24370,2954,607,414
2020-03-18,INV_03,116112.49,678707.7,794820.18,3303,0,1317,855,5654,2259,2230,0,255,3570,4805,24370,2954,607,414
2020-03-19,INV_03,116112.49,678707.7,794820.18,3303,0,1317,855,5654,2259,2230,0,255,3570,4805,24370,2954,607,414
2020-03-20,INV_03,98580.39,625701.84,724282.23,3303,0,1317,855,5654,2259,2230,232,255,3570,4805,24370,2954,607,414
2020-03-23,INV_03,103845.52,620383.54,724229.05,3303,0,1317,855,5654,1694,2230,232,255,3570,4805,24370,2954,607,414
2020-03-24,INV_03,88132.29,635941.18,724073.47,3303,0,1685,855,5654,1694,2230,232,255,3570,4805,24370,2954,607,414
2020-03-25,INV_03,74782.37,649158.92,723941.3,3303,0,1685,855,5654,1694,2230,232,255,4248,4805,24370,2954,607,414
2020-03-26,INV_03,63472.67,660356.65,723829.32,3303,0,1685,1095,5654,1694,2230,232,255,4248,4805,24370,2954,607,414
2020-03-27,INV_03,63472.67,660356.65,723829.32,3303,0,1685,1095,5654,1694,2230,232,255,4248,4805,24370,2954,607,414
2020-03-30,INV_03,78352.81,645326.21,723679.02,3303,0,1685,1095,5654,1694,2230,232,255,4248,3603,24370,2954,607,414
2020-03-31,INV_03,66539.36,657675.62,724214.97,3303,186,1685,1095,5654,1694,2230,232,255,4248,3603,24370,2954,607,414
2020-04-01,INV_03,66539.36,657675.62,724214.97,3303,186,1685,1095,5654,1694,2230,232,255,4248,3603,24370,2954,607,414
2020-04-02,INV_03,56466.52,667648.72,724115.24,3303,186,1685,1095,5654,1694,2230,232,255,4248,3603,24370,3679,607,414
2020-04-03,INV_03,47933.39,676097.37,724030.75,3303,186,1685,1095,5654,1694,2391,232,255,4248,3603,24370,3679,607,414
2020-04-06,INV_03,53233.41,670743.81,723977.22,3303,186,1685,1095,5654,1694,2391,232,255,4248,3603,24370,3679,607,310
2020-04-07,INV_03,45174.76,678722.67,723897.43,3303,186,1685,1095,5654,1694,2391,232,255,4248,3603,24370,3679,607,465
2020-04-08,INV_03,45174.76,678722.67,723897.43,3303,186,1685,1095,5654,1694,2391,232,255,4248,3603,24370,3679,607,465
2020-04-09,INV_03,45174.76,678722.67,723897.43,3303,186,1685,1095,5654,1694,2391,232,255,4248,3603,24370,3679,607,465
2020-04-10,INV_03,48100.77,675767.11,723867.87,3303,139,1685,1095,5654,1694,2391,232,255,4248,3603,24370,3679,607,465
2020-04-13,INV_03,57049.14,666728.35,723777.49,2477,139,1685,1095,5654,1694,2391,232,255,4248,3603,24370,3679,607,465
2020-04-14,INV_03,61000.31,662737.26,723737.58,2477,139,1685,1095,5654,1270,2391,232,255,4248,3603,24370,3679,607,465
2020-04-15,INV_03,51764.06,671882.07,723646.13,2477,139,1685,1291,5654,1270,2391,232,255,4248,3603,24370,3679,607,465
2020-04-16,INV_03,51764.06,671882.07,723646.13,2477,139,1685,1291,5654,1270,2391,232,255,4248,3603,24370,3679,607,465
2020-04-17,INV_03,51764.06,671882.07,723646.13,2477,139,1685,1291,5654,1270,2391,232,255,4248,3603,24370,3679,607,465
2020-04-20,INV_03,59811.55,663753.29,723564.84,2477,139,1685,1291,5654,1270,2391,232,255,4248,3603,24370,3679,455,465
2020-04-21,INV_03,59811.55,663753.29,723564.84,2477,139,1685,1291,5654,1270,2391,232,255,4248,3603,24370,3679,455,465
2020-04-22,INV_03,50754.02,672721.14,723475.16,2477,139,1685,1291,7248,1270,2391,232,255,4248,3603,24370,3679,455,465
2020-04-23,INV_03,50754.02,672721.14,723475.16,2477,139,1685,1291,7248,1270,2391,232,255,4248,3603,24370,3679,455,465
2020-04-24,INV_03,43075.24,680323.89,723399.13,2477,139,1685,1291,7248,1270,2391,232,255,4248,4211,24370,3679,455,465
2020-04-27,INV_03,43075.24,680323.89,723399.13,2477,139,1685,1291,7248,1270,2391,232,255,4248,4211,24370,3679,455,465
2020-04-28,INV_03,43075.24,680323.89,723399.13,2477,139,1685,1291,7248,1270,2391,232,255,4248,4211,24370,3679,455,465
2020-04-29,INV_03,56345.8,666919.29,723265.09,2477,139,1685,1291,7248,1270,2391,232,255,4248,4211,18277,3679,455,465
2020-04-30,INV_03,62381.42,660822.7,723204.12,2477,139,1685,1291,7248,1270,2391,232,255,4248,4211,18277,3679,341,465
2020-05-01,INV_03,62381.42,660822.7,723204.12,2477,139,1685,1291,7248,1270,2391,232,255,4248,4211,18277,3679,341,465
2020-05-04,INV_03,52933.79,670176.79,723110.58,2477,139,1685,1291,7248,1270,2391,232,255,4248,4211,18277,4359,341,465
2020-05-05,INV_03,44935.79,678095.61,723031.39,2477,139,1685,1291,7248,1270,2391,334,255,4248,4211,18277,4359,341,465
2020-05-06,INV_03,47899.17,675102.29,723001.46,2477,139,1685,1291,7248,952,2391,334,255,4248,4211,18277,4359,341,465
2020-05-07,INV_03,62818.73,660032.02,722850.76,2477,139,1685,968,7248,952,2391,334,255,4248,4211,18277,4359,341,465
2020-05-08,INV_03,62818.73,660032.02,722850.76,2477,139,1685,968,7248,952,2391,334,255,4248,4211,18277,4359,341,465
2020-05-11,INV_03,53303.64,646842.76,700146.4,2477,139,1685,968,7248,952,2391,334,255,4248,4211,18277,5125,341,465
2020-05-12,INV_03,64161.96,603334.63,667496.59,2477,139,1685,968,7248,952,2391,334,255,4248,4211,13707,5125,341,465
2020-05-13,INV_03,54444.62,654545.86,708990.49,2477,139,1685,968,9065,952,2391,334,255,4248,4211,13707,5125,341,465
2020-05-14,INV_03,46227.12,662924.07,709151.18,2477,270,1685,968,9065,952,2391,334,255,4248,4211,13707,5125,341,465
2020-05-15,INV_03,48556.24,677054.53,725610.78,2477,270,1685,968,9065,714,2391,334,255,4248,4211,13707,5125,341,465
2020-05-18,INV_03,50322.83,705171.88,755494.71,2477,270,1685,968,9065,535,2391,334,255,4248,4211,13707,5125,341,465
2020-05-19,INV_03,60840.29,705599.18,766439.47,2477,270,1685,968,9065,535,2391,334,255,4248,4211,10280,5125,341,465
2020-05-20,INV_03,68473.19,694045.97,762519.16,2477,270,1685,968,9065,535,2391,334,255,4248,4211,7710,5125,341,465
2020-05-21,INV_03,75009.21,718031.16,793040.37,2477,270,1685,968,9065,535,2391,250,255,4248,4211,7710,5125,341,465
2020-05-22,INV_03,81489.9,704876.53,786366.43,2477,270,1685,968,9065,535,2391,250,191,4248,4211,7710,5125,341,465
2020-05-25,INV_03,69152.56,717091.72,786244.27,2477,270,1685,968,9065,1724,2391,250,191,4248,4211,7710,5125,341,465
2020-05-26,INV_03,58689.82,722509.78,781199.6,2477,270,1685,968,9065,1724,2391,250,191,4248,4211,7710,5776,341,465
2020-05-27,INV_03,58689.82,725567.85,784257.67,2477,270,1685,968,9065,1724,2391,250,191,4248,4211,7710,5776,341,465
2020-05-28,INV_03,49808.28,747705.87,797514.14,2477,270,1685,968,9065,1724,2391,250,191,4248,4988,7710,5776,341,465
2020-05-29,INV_03,49808.28,738705.85,788514.13,2477,270,1685,968,9065,1724,2391,250,191,4248,4988,7710,5776,341,465
2020-06-01,INV_03,49808.28,729300.72,779108.99,2477,270,1685,968,9065,1724,2391,250,191,4248,4988,7710,5776,341,465
2020-06-02,INV_03,54595.31,722301.81,776897.12,2477,270,1685,968,9065,1724,2391,250,191,4248,4988,7710,5776,255,465
2020-06-03,INV_03,46327.35,728728.55,775055.89,2477,270,1685,968,9065,1724,2391,250,191,4248,4988,7710,6310,255,465
2020-06-04,INV_03,46327.35,733509.33,779836.67,2477,270,1685,968,9065,1724,2391,250,191,4248,4988,7710,6310,255,465
2020-06-05,INV_03,46327.35,733509.33,779836.67,2477,270,1685,968,9065,1724,2391,250,191,4248,4988,7710,6310,255,465
2020-06-08,INV_03,71095.37,715804.67,786900.04,2477,270,1685,968,9065,1724,2391,250,191,4248,4988,7710,4732,255,465
2020-06-09,INV_03,82789.99,713866.77,796656.76,2477,270,1685,726,9065,1724,2391,250,191,4248,4988,7710,4732,255,465
2020-06-10,INV_03,82789.99,711505.86,794295.85,2477,270,1685,726,9065,1724,2391,250,191,4248,4988,7710,4732,255,465
2020-06-11,INV_03,70247.56,732508.76,802756.32,2477,270,1685,726,10835,1724,2391,250,191,4248,4988,7710,4732,255,465
2020-06-12,INV_03,93721.13,705887.45,799608.58,2477,270,1685,726,10835,1724,2391,250,191,3186,4988,7710,4732,255,465
2020-06-15,INV_03,97808.17,699688.14,797496.31,2477,202,1685,726,10835,1724,2391,250,191,3186,4988,7710,4732,255,465
2020-06-16,INV_03,100873.44,701671.93,802545.37,2477,151,1685,726,10835,1724,2391,250,191,3186,4988,7710,4732,255,465
2020-06-17,INV_03,115138.2,694172.42,809310.63,2477,151,1685,726,10835,1724,2391,250,191,3186,3741,7710,4732,255,465
2020-06-18,INV_03,97710.18,719425.08,817135.25,2477,151,1685,726,10835,1724,2699,250,191,3186,3741,7710,4732,255,465
2020-06-19,INV_03,82925.59,739255.58,822181.17,2477,151,1685,726,10835,1724,2956,250,191,3186,3741,7710,4732,255,465
2020-06-22,INV_03,82925.59,753138.35,836063.94,2477,151,1685,726,10835,1724,2956,250,191,3186,3741,7710,4732,255,465
2020-06-23,INV_03,91830.3,750193.36,842023.66,1857,151,1685,726,10835,1724,2956,250,191,3186,3741,7710,4732,255,465
2020-06-24,INV_03,97450.43,747185.66,844636.09,1857,151,1685,726,10835,1724,2956,187,191,3186,3741,7710,4732,255,465
2020-06-25,INV_03,97450.43,759414.91,856865.34,1857,151,1685,726,10835,1724,2956,187,191,3186,3741,7710,4732,255,465
2020-06-26,INV_03,82698.69,778493.88,861192.57,1857,151,1685,726,10835,1724,2956,187,191,3186,4772,7710,4732,255,465
2020-06-29,INV_03,125599.38,734025.65,859625.03,1857,151,1685,726,10835,1724,2217,187,191,3186,4772,7710,4732,255,465
2020-06-30,INV_03,106571.26,752318.36,858889.62,1857,151,1685,726,10835,1724,2217,187,191,3186,6156,7710,4732,255,465
2020-07-01,INV_03,116120.91,741534.51,857655.42,1857,151,1685,544,10835,1724,2217,187,191,3186,6156,7710,4732,255,465
2020-07-02,INV_03,123333.73,723687.1,847020.83,1392,151,1685,544,10835,1724,2217,187,191,3186,6156,7710,4732,255,465
2020-07-03,INV_03,104702.72,732190.5,836893.22,1392,151,1685,544,10835,1724,2543,187,191,3186,6156,7710,4732,255,465
2020-07-06,INV_03,104702.72,729830.67,834533.39,1392,151,1685,544,10835,1724,2543,187,191,3186,6156,7710,4732,255,465
2020-07-07,INV_03,111001.49,728091.71,839093.2,1392,151,1685,544,10835,1724,2543,187,191,3186,6156,5782,4732,255,465
2020-07-08,INV_03,94194.64,741069.65,835264.29,2501,151,1685,544,10835,1724,2543,187,191,3186,6156,5782,4732,255,465
2020-07-09,INV_03,94194.64,746499.25,840693.89,2501,151,1685,544,10835,1724,2543,187,191,3186,6156,5782,4732,255,465
2020-07-10,INV_03,79939.28,740119.58,820058.86,2501,151,1685,544,10835,1724,2543,187,191,3827,6156,5782,4732,255,465
2020-07-13,INV_03,83511.96,712691.47,796203.43,2501,151,1685,544,10835,1724,2543,187,191,3827,6156,5782,4732,191,465
2020-07-14,INV_03,70866.64,738620.87,809487.52,2501,151,1685,544,10835,1724,2543,187,191,3827,6156,5782,5491,191,465
2020-07-15,INV_03,76498.97,728945.38,805444.35,2501,151,1685,544,10835,1724,2543,187,191,3827,6156,5782,5491,191,348
2020-07-16,INV_03,64912.25,749609.68,814521.93,2501,151,1685,544,10835,1724,2543,187,191,3827,6156,9367,5491,191,348
2020-07-17,INV_03,67749.15,754680.35,822429.5,2501,151,1685,544,10835,1724,2543,187,191,3827,6156,9367,5491,143,348
2020-07-20,INV_03,73033.33,757029.6,830062.93,2501,151,1685,544,10835,1724,2543,187,143,3827,6156,9367,5491,143,348
2020-07-21,INV_03,73033.33,755717.91,828751.24,2501,151,1685,544,10835,1724,2543,187,143,3827,6156,9367,5491,143,348
2020-07-22,INV_03,61975.8,764265.12,826240.93,2501,151,1685,544,10835,1724,2543,187,143,4332,6156,9367,5491,143,348
2020-07-23,INV_03,61975.8,767031.28,829007.09,2501,151,1685,544,10835,1724,2543,187,143,4332,6156,9367,5491,143,348
2020-07-24,INV_03,52589.77,776839.32,829429.09,3091,151,1685,544,10835,1724,2543,187,143,4332,6156,9367,5491,143,348
2020-07-27,INV_03,52589.77,781212.18,833801.95,3091,151,1685,544,10835,1724,2543,187,143,4332,6156,9367,5491,143,348
2020-07-28,INV_03,75170.13,750568.17,825738.3,3091,151,1685,544,10835,1724,2543,187,143,4332,6156,9367,4118,143,348
2020-07-29,INV_03,63787.26,758193.34,821980.6,3091,151,1898,544,10835,1724,2543,187,143,4332,6156,9367,4118,143,348
2020-07-30,INV_03,86181.19,731473.51,817654.7,3091,151,1898,544,10835,1724,2543,187,143,3249,6156,9367,4118,143,348
2020-07-31,INV_03,86181.19,740290.94,826472.12,3091,151,1898,544,10835,1724,2543,187,143,3249,6156,9367,4118,143,348
2020-08-03,INV_03,86181.19,740290.94,826472.12,3091,151,1898,544,10835,1724,2543,187,143,3249,6156,9367,4118,143,348
2020-08-04,INV_03,94296.22,739844.3,834140.52,3091,151,1898,544,10835,1724,2543,187,143,3249,6156,7025,4118,143,348
2020-08-05,INV_03,94296.22,739700.82,833997.04,3091,151,1898,544,10835,1724,2543,187,143,3249,6156,7025,4118,143,348
2020-08-06,INV_03,128924.63,708953.55,837878.19,3091,151,1898,544,10835,1724,1907,187,143,3249,6156,7025,4118,143,348
2020-08-07,INV_03,131052.31,705444.88,836497.2,3091,151,1898,544,10835,1724,1907,187,143,3249,6156,7025,4118,107,348
2020-08-10,INV_03,131052.31,699609.41,830661.72,3091,151,1898,544,10835,1724,1907,187,143,3249,6156,7025,4118,107,348
2020-08-11,INV_03,111254.93,726860.48,838115.41,3091,151,1898,544,10835,1724,1907,187,143,3249,6156,7025,4118,444,348
2020-08-12,INV_03,115535.01,729899.65,845434.65,3091,151,1898,544,10835,1724,1907,140,143,3249,6156,7025,4118,444,348
2020-08-13,INV_03,98043.01,753506.57,851549.58,3091,437,1898,544,10835,1724,1907,140,143,3249,6156,7025,4118,444,348
2020-08-14,INV_03,98043.01,757836.67,855879.68,3091,437,1898,544,10835,1724,1907,140,143,3249,6156,7025,4118,444,348
2020-08-17,INV_03,104843.84,745891.9,850735.74,3091,437,1898,408,10835,1724,1907,140,143,3249,6156,7025,4118,444,348
2020-08-18,INV_03,111874.68,739074.69,850949.36,3091,437,1898,408,10835,1724,1907,140,143,3249,6156,7025,4118,333,348
2020-08-19,INV_03,94934.11,772072.66,867006.77,3091,437,1898,408,10835,1724,1907,140,143,3249,7374,7025,4118,333,348
2020-08-20,INV_03,101129.03,765227.24,866356.27,3091,437,1898,408,10835,1293,1907,140,143,3249,7374,7025,4118,333,348
2020-08-21,INV_03,101129.03,776279.04,877408.06,3091,437,1898,408,10835,1293,1907,140,143,3249,7374,7025,4118,333,348
2020-08-24,INV_03,107114.74,769296.65,876411.39,3091,437,1898,408,10835,1293,1907,140,143,3249,7374,7025,4118,249,348
2020-08-25,INV_03,90887.68,784208.24,875095.92,3091,437,1898,408,10835,1293,1907,140,143,3249,7374,11253,4118,249,348
2020-08-26,INV_03,90887.68,781009.19,871896.87,3091,437,1898,408,10835,1293,1907,140,143,3249,7374,11253,4118,249,348
2020-08-27,INV_03,77128.8,790861.19,867990.0,3091,437,1898,408,10835,1293,1907,140,143,3249,8352,11253,4118,249,348
2020-08-28,INV_03,65448.73,804206.09,869654.82,3091,437,1898,408,10835,2099,1907,140,143,3249,8352,11253,4118,249,348
2020-08-31,INV_03,65448.73,799464.35,864913.08,3091,437,1898,408,10835,2099,1907,140,143,3249,8352,11253,4118,249,348
2020-09-01,INV_03,55548.67,809266.39,864815.06,3091,437,1898,408,10835,2099,1907,140,143,3249,8352,11253,4118,249,544
2020-09-02,INV_03,84341.77,780224.34,864566.11,3091,437,1898,408,10835,2099,1907,140,143,3249,6264,11253,4118,249,544
2020-09-03,INV_03,71609.06,791993.09,863602.15,3091,437,2118,408,10835,2099,1907,140,143,3249,6264,11253,4118,249,544
2020-09-04,INV_03,60773.16,798042.77,858815.93,3091,437,2118,608,10835,2099,1907,140,143,3249,6264,11253,4118,249,544
2020-09-07,INV_03,90235.64,763056.83,853292.47,3091,437,1588,608,10835,2099,1907,140,143,3249,6264,11253,4118,249,544
2020-09-08,INV_03,108075.31,745059.7,853135.01,3091,437,1588,608,10835,2099,1907,140,143,2436,6264,11253,4118,249,544
2020-09-09,INV_03,111259.89,748508.42,859768.31,3091,437,1588,608,10835,2099,1907,105,143,2436,6264,11253,4118,249,544
2020-09-10,INV_03,111259.89,755429.57,866689.46,3091,437,1588,608,10835,2099,1907,105,143,2436,6264,11253,4118,249,544
2020-09-11,INV_03,115562.75,756349.71,871912.46,3091,437,1588,608,10835,2099,1907,105,143,2436,6264,11253,4118,186,544
2020-09-14,INV_03,98057.77,793713.1,891770.87,3091,437,1588,608,10835,2099,1907,105,143,2436,6264,11253,4118,439,544
2020-09-15,INV_03,118890.86,774940.6,893831.46,3091,437,1588,608,8126,2099,1907,105,143,2436,6264,11253,4118,439,544
2020-09-16,INV_03,100896.34,810014.34,910910.69,3091,437,1588,608,8126,2099,1907,105,143,2436,6264,11253,5017,439,544
2020-09-17,INV_03,85663.79,847099.56,932763.35,3091,437,1588,608,8126,2099,2147,105,143,2436,6264,11253,5017,439,544
2020-09-18,INV_03,72694.89,874109.16,946804.06,3091,437,1588,608,8126,2099,2147,105,238,2436,6264,11253,5017,439,544
2020-09-21,INV_03,61682.57,902148.47,963831.03,3091,437,1588,608,9493,2099,2147,105,238,2436,6264,11253,5017,439,544
2020-09-22,INV_03,52339.4,911316.52,963655.92,3091,437,1588,608,9493,2099,2147,105,238,2436,6726,11253,5017,439,544
2020-09-23,INV_03,44441.99,921056.41,965498.4,3091,437,1588,608,9493,2099,2147,105,238,2436,6726,11253,5017,439,694
2020-09-24,INV_03,44441.99,924289.88,968731.87,3091,437,1588,608,9493,2099,2147,105,238,2436,6726,11253,5017,439,694
2020-09-25,INV_03,60018.65,912917.28,972935.93,2318,437,1588,608,9493,2099,2147,105,238,2436,6726,11253,5017,439,694
2020-09-28,INV_03,50952.99,936094.67,987047.67,2318,437,1588,608,9493,2099,2147,105,238,2436,6726,11253,5017,439,867
2020-09-29,INV_03,43284.51,937615.83,980900.34,2318,437,1588,608,9493,2099,2147,105,295,2436,6726,11253,5017,439,867
2020-09-30,INV_03,43284.51,931883.84,975168.35,2318,437,1588,608,9493,2099,2147,105,295,2436,6726,11253,5017,439,867
2020-10-01,INV_03,80365.83,894427.97,974793.79,2318,437,1588,608,9493,2099,1610,105,295,2436,6726,11253,5017,439,867
2020-10-02,INV_03,68278.3,911929.46,980207.76,2318,437,1588,608,9493,2099,1610,228,295,2436,6726,11253,5017,439,867
2020-10-05,INV_03,98062.08,801882.75,899944.83,2318,437,1588,608,9493,2099,1610,228,295,2436,5044,11253,5017,439,867
2020-10-06,INV_03,104932.8,785155.97,890088.77,2318,437,1588,608,9493,2099,1610,228,295,2436,5044,11253,5017,329,867
2020-10-07,INV_03,89037.62,806608.23,895645.85,2318,437,1588,608,9493,2099,1610,228,295,2436,5044,11253,5917,329,867
2020-10-08,INV_03,89037.62,826170.47,915208.09,2318,437,1588,608,9493,2099,1610,228,295,2436,5044,11253,5917,329,867
2020-10-09,INV_03,89037.62,839728.08,928765.71,2318,437,1588,608,9493,2099,1610,228,295,2436,5044,11253,5917,329,867
2020-10-12,INV_03,75579.41,849472.69,925052.1,2318,656,1588,608,9493,2099,1610,228,295,2436,5044,11253,5917,329,867
2020-10-13,INV_03,64136.61,850254.59,914391.2,2318,656,1588,608,10978,2099,1610,228,295,2436,5044,11253,5917,329,867
2020-10-14,INV_03,64136.61,868200.37,932336.99,2318,656,1588,608,10978,2099,1610,228,295,2436,5044,11253,5917,329,867
2020-10-15,INV_03,54446.37,895271.86,949718.23,2318,805,1588,608,10978,2099,1610,228,295,2436,5044,11253,5917,329,867
2020-10-16,INV_03,46211.68,905868.49,952080.17,2318,805,1588,608,10978,2099,1610,228,295,2436,5044,11253,5917,329,1042
2020-10-19,INV_03,46211.68,908599.29,954810.97,2318,805,1588,608,10978,2099,1610,228,295,2436,5044,11253,5917,329,1042
2020-10-20,INV_03,55977.29,901048.62,957025.92,2318,805,1588,608,10978,2099,1610,228,221,2436,5044,11253,5917,329,1042
2020-10-21,INV_03,81905.62,830976.81,912882.42,2318,805,1588,608,10978,2099,1207,228,221,2436,5044,11253,5917,329,1042
2020-10-22,INV_03,69523.71,848510.27,918033.98,2318,994,1588,608,10978,2099,1207,228,221,2436,5044,11253,5917,329,1042
2020-10-23,INV_03,85105.36,831222.66,916328.03,2318,745,1588,608,10978,2099,1207,228,221,2436,5044,11253,5917,329,1042
2020-10-26,INV_03,85105.36,816767.67,901873.03,2318,745,1588,608,10978,2099,1207,228,221,2436,5044,11253,5917,329,1042
2020-10-27,INV_03,72213.76,832114.8,904328.55,2318,950,1588,608,10978,2099,1207,228,221,2436,5044,11253,5917,329,1042
2020-10-28,INV_03,72213.76,819263.72,891477.48,2318,950,1588,608,10978,2099,1207,228,221,2436,5044,11253,5917,329,1042
2020-10-29,INV_03,61294.31,851784.35,913078.65,2318,950,1588,608,10978,2099,1207,228,221,2931,5044,11253,5917,329,1042
2020-10-30,INV_03,52046.14,860940.95,912987.09,2318,950,1588,608,10978,2099,1351,228,221,2931,5044,11253,5917,329,1042
2020-11-02,INV_03,44171.55,861365.69,905537.24,2318,950,1588,608,10978,2099,1351,228,221,2931,5044,11253,6335,329,1042
2020-11-03,INV_03,44171.55,879622.9,923794.45,2318,950,1588,608,10978,2099,1351,228,221,2931,5044,11253,6335,329,1042
2020-11-04,INV_03,44171.55,885378.28,929549.82,2318,950,1588,608,10978,2099,1351,228,221,2931,5044,11253,6335,329,1042
2020-11-05,INV_03,44171.55,902650.32,946821.87,2318,950,1588,608,10978,2099,1351,228,221,2931,5044,11253,6335,329,1042
2020-11-06,INV_03,44171.55,917080.12,961251.67,2318,950,1588,608,10978,2099,1351,228,221,2931,5044,11253,6335,329,1042
2020-11-09,INV_03,44171.55,918689.66,962861.21,2318,950,1588,608,10978,2099,1351,228,221,2931,5044,11253,6335,329,1042
2020-11-10,INV_03,44171.55,921700.77,965872.32,2318,950,1588,608,10978,2099,1351,228,221,2931,5044,11253,6335,329,1042
2020-11-11,INV_03,44171.55,924168.41,968339.96,2318,950,1588,608,10978,2099,1351,228,221,2931,5044,11253,6335,329,1042
2020-11-12,INV_03,44171.55,915830.74,960002.29,2318,950,1588,608,10978,2099,1351,228,221,2931,5044,11253,6335,329,1042
2020-11-13,INV_03,44171.55,916216.73,960388.28,2318,950,1588,608,10978,2099,1351,228,221,2931,5044,11253,6335,329,1042
2020-11-16,INV_03,44171.55,919568.19,963739.73,2318,950,1588,608,10978,2099,1351,228,221,2931,5044,11253,6335,329,1042
2020-11-17,INV_03,44171.55,923459.01,967630.56,2318,950,1588,608,10978,2099,1351,228,221,2931,5044,11253,6335,329,1042
2020-11-18,INV_03,44171.55,926361.04,970532.58,2318,950,1588,608,10978,2099,1351,228,221,2931,5044,11253,6335,329,1042
2020-11-19,INV_03,44171.55,924106.87,968278.41,2318,950,1588,608,10978,2099,1351,228,221,2931,5044,11253,6335,329,1042
2020-11-20,INV_03,44171.55,926836.44,971007.99,2318,950,1588,608,10978,2099,1351,228,221,2931,5044,11253,6335,329,1042
2020-11-23,INV_03,44171.55,927414.78,971586.32,2318,950,1588,608,10978,2099,1351,228,221,2931,5044,11253,6335,329,1042
2020-11-24,INV_03,66223.9,904469.46,970693.36,2318,950,1588,608,8233,2099,1351,228,221,2931,5044,11253,6335,329,1042
2020-11-25,INV_03,56211.09,927811.27,984022.36,2318,950,1588,608,8233,2099,1351,228,221,3376,5044,11253,6335,329,1042
2020-11-26,INV_03,56211.09,931696.36,987907.46,2318,950,1588,608,8233,2099,1351,228,221,3376,5044,11253,6335,329,1042
2020-11-27,INV_03,56211.09,937538.3,993749.39,2318,950,1588,608,8233,2099,1351,228,221,3376,5044,11253,6335,329,1042
2020-11-30,INV_03,47698.83,964015.61,1011714.45,2318,950,1588,608,8233,2099,1351,228,279,3376,5044,11253,6335,329,1042
2020-12-01,INV_03,75220.76,949178.33,1024399.09,2318,950,1588,608,8233,2099,1013,228,279,3376,5044,11253,6335,329,1042
2020-12-02,INV_03,95573.89,926230.67,1021804.56,2318,950,1588,608,8233,2099,759,228,279,3376,5044,11253,6335,329,1042
2020-12-03,INV_03,100758.16,921362.06,1022120.22,2318,950,1588,608,8233,2099,759,228,279,3376,5044,11253,6335,246,1042
2020-12-04,INV_03,100758.16,931452.1,1032210.26,2318,950,1588,608,8233,2099,759,228,279,3376,5044,11253,6335,246,1042
2020-12-07,INV_03,110508.67,931426.72,1041935.4,2318,950,1588,608,8233,2099,759,228,279,3376,5044,8439,6335,246,1042
2020-12-08,INV_03,114594.48,943898.1,1058492.58,2318,950,1588,608,8233,2099,759,228,279,3376,5044,8439,6335,184,1042
2020-12-09,INV_03,97248.67,965755.58,1063004.25,3128,950,1588,608,8233,2099,759,228,279,3376,5044,8439,6335,184,1042
2020-12-10,INV_03,138511.73,918731.26,1057242.99,3128,950,1588,608,8233,2099,759,228,279,3376,5044,8439,4751,184,1042
2020-12-11,INV_03,117533.35,956109.86,1073643.21,3128,950,1588,608,8233,2817,759,228,279,3376,5044,8439,4751,184,1042
2020-12-14,INV_03,99751.95,979641.78,1079393.73,3128,950,1588,608,8233,3401,759,228,279,3376,5044,8439,4751,184,1042
2020-12-15,INV_03,99751.95,971786.17,1071538.12,3128,950,1588,608,8233,3401,759,228,279,3376,5044,8439,4751,184,1042
2020-12-16,INV_03,84645.42,988704.16,1073349.58,3842,950,1588,608,8233,3401,759,228,279,3376,5044,8439,4751,184,1042
2020-12-17,INV_03,101382.13,964429.78,1065811.91,3842,950,1588,608,8233,3401,569,228,279,3376,5044,8439,4751,184,1042
2020-12-18,INV_03,104292.13,957006.41,1061298.54,3842,950,1588,608,8233,3401,569,228,279,3376,5044,8439,4751,138,1042
2020-12-21,INV_03,88506.88,974559.31,1063066.2,3842,950,1588,608,8233,3401,569,228,279,3376,5044,8439,5245,138,1042
2020-12-22,INV_03,75112.32,994287.95,1069400.27,4470,950,1588,608,8233,3401,569,228,279,3376,5044,8439,5245,138,1042
2020-12-23,INV_03,100333.72,964394.62,1064728.35,4470,950,1588,608,8233,2550,569,228,279,3376,5044,8439,5245,138,1042
2020-12-24,INV_03,85136.49,989687.19,1074823.68,4470,950,1588,608,8233,2550,739,228,279,3376,5044,8439,5245,138,1042
2020-12-25,INV_03,92656.53,982091.19,1074747.72,4470,950,1588,608,8233,2550,739,228,279,3376,5044,6329,5245,138,1042
2020-12-28,INV_03,110046.07,970150.9,1080196.97,4470,950,1588,608,6174,2550,739,228,279,3376,5044,6329,5245,138,1042
2020-12-29,INV_03,93375.31,986656.6,1080031.91,4470,950,1588,608,6174,2550,739,228,279,3376,5044,10790,5245,138,1042
2020-12-30,INV_03,93375.31,989121.81,1082497.12,4470,950,1588,608,6174,2550,739,228,279,3376,5044,10790,5245,138,1042
2020-12-31,INV_03,113680.07,966339.01,1080019.08,4470,950,1588,608,6174,1912,739,228,279,3376,5044,10790,5245,138,1042
2021-01-01,INV_03,123295.74,956626.21,1079921.95,4470,950,1588,608,6174,1912,739,228,279,3376,5044,8092,5245,138,1042
2021-01-04,INV_03,140242.49,952065.53,1092308.02,4470,950,1588,608,6174,1912,554,228,279,3376,5044,8092,5245,138,1042
2021-01-05,INV_03,140242.49,961939.49,1102181.98,4470,950,1588,608,6174,1912,554,228,279,3376,5044,8092,5245,138,1042
2021-01-06,INV_03,160519.75,938552.73,1099072.48,4470,950,1588,608,6174,1912,554,228,279,2532,5044,8092,5245,138,1042
2021-01-07,INV_03,160519.75,936427.63,1096947.38,4470,950,1588,608,6174,1912,554,228,279,2532,5044,8092,5245,138,1042
2021-01-08,INV_03,160519.75,943520.35,1104040.1,4470,950,1588,608,6174,1912,554,228,279,2532,5044,8092,5245,138,1042
2021-01-11,INV_03,168253.6,935086.5,1103340.11,4470,950,1588,456,6174,1912,554,228,279,2532,5044,8092,5245,138,1042
2021-01-12,INV_03,142776.08,974957.84,1117733.92,5694,950,1588,456,6174,1912,554,228,279,2532,5044,8092,5245,138,1042
2021-01-13,INV_03,121153.6,1018673.34,1139826.94,5694,950,1588,456,6174,2499,554,228,279,2532,5044,8092,5245,138,1042
2021-01-14,INV_03,102844.71,1036800.95,1139645.66,5694,950,1588,456,6174,2499,554,411,279,2532,5044,8092,5245,138,1042
2021-01-15,INV_03,87316.74,1101753.55,1189070.3,5694,950,1588,456,6174,2499,554,411,377,2532,5044,8092,5245,138,1042
2021-01-18,INV_03,74099.54,1175259.23,1249358.76,5694,950,1588,696,6174,2499,554,411,377,2532,5044,8092,5245,138,1042
2021-01-19,INV_03,90385.62,1157874.5,1248260.12,5694,712,1588,696,6174,2499,554,411,377,2532,5044,8092,5245,138,1042
2021-01-20,INV_03,76718.75,1203603.04,1280321.8,5694,712,1588,932,6174,2499,554,411,377,2532,5044,8092,5245,138,1042
2021-01-21,INV_03,65097.75,1267523.13,1332620.88,5694,712,1588,932,7460,2499,554,411,377,2532,5044,8092,5245,138,1042
2021-01-22,INV_03,55312.8,1322113.55,1377426.35,5694,712,1588,932,7460,2499,554,411,377,2532,5044,8092,5245,260,1042
2021-01-25,INV_03,83818.68,1339764.1,1423582.78,5694,712,1191,932,7460,2499,554,411,377,2532,5044,8092,5245,260,1042
2021-01-26,INV_03,105162.94,1300543.82,1405706.76,5694,712,893,932,7460,2499,554,411,377,2532,5044,8092,5245,260,1042
2021-01-27,INV_03,89271.63,1333517.85,1422789.48,5694,712,1112,932,7460,2499,554,411,377,2532,5044,8092,5245,260,1042
2021-01-28,INV_03,101105.87,1321564.07,1422669.94,5694,712,1112,932,7460,2499,554,308,377,2532,5044,8092,5245,260,1042
2021-01-29,INV_03,113530.16,1274859.51,1388389.67,5694,712,1112,932,7460,2499,415,308,377,2532,5044,8092,5245,260,1042
2021-02-01,INV_03,96376.35,1263150.05,1359526.39,5694,712,1112,932,7460,2499,415,308,377,2532,5044,8092,5245,479,1042
2021-02-02,INV_03,105023.34,1166885.23,1271908.57,5694,712,1112,932,7460,2499,415,308,377,2532,5044,8092,5245,359,1042
2021-02-03,INV_03,89132.91,1225376.19,1314509.09,5694,712,1347,932,7460,2499,415,308,377,2532,5044,8092,5245,359,1042
2021-02-04,INV_03,95798.1,1218643.67,1314441.77,5694,712,1347,932,7460,2499,415,308,377,2532,5044,8092,5245,269,1042
2021-02-05,INV_03,120827.63,1197769.71,1318597.33,5694,712,1347,932,7460,2499,415,308,377,2532,3783,8092,5245,269,1042
2021-02-08,INV_03,102541.93,1215874.36,1318416.29,5694,712,1347,932,7460,2499,415,308,377,2532,4686,8092,5245,269,1042
2021-02-09,INV_03,87009.54,1231271.41,1318280.95,5694,712,1347,932,7460,2499,415,308,377,2532,4686,10258,5245,269,1042
2021-02-10,INV_03,98864.73,1106404.08,1205268.8,5694,712,1347,699,7460,2499,415,308,377,2532,4686,10258,5245,269,1042
2021-02-11,INV_03,83957.84,1112670.38,1196628.22,5694,712,1347,699,7460,2499,415,308,476,2532,4686,10258,5245,269,1042
2021-02-12,INV_03,71246.14,1194324.75,1265570.89,6254,712,1347,699,7460,2499,415,308,476,2532,4686,10258,5245,269,1042
2021-02-15,INV_03,84105.2,1134947.7,1219052.9,6254,712,1347,699,7460,2499,415,308,476,2532,4686,10258,5245,269,781
2021-02-16,INV_03,71368.05,1108283.62,1179651.67,6254,712,1347,699,7460,2499,415,426,476,2532,4686,10258,5245,269,781
2021-02-17,INV_03,60594.4,1124278.32,1184872.72,6254,712,1515,699,7460,2499,415,426,476,2532,4686,10258,5245,269,781
2021-02-18,INV_03,51432.7,1165408.44,1216841.14,6254,712,1515,699,7460,2659,415,426,476,2532,4686,10258,5245,269,781
2021-02-19,INV_03,69920.66,1142122.2,1212042.86,6254,712,1515,699,7460,2659,415,426,357,2532,4686,10258,5245,269,781
2021-02-22,INV_03,69920.66,1115999.87,1185920.53,6254,712,1515,699,7460,2659,415,426,357,2532,4686,10258,5245,269,781
2021-02-23,INV_03,69920.66,1067008.22,1136928.88,6254,712,1515,699,7460,2659,415,426,357,2532,4686,10258,5245,269,781
2021-02-24,INV_03,86183.98,1050773.78,1136957.76,6254,712,1515,699,5595,2659,415,426,357,2532,4686,10258,5245,269,781
2021-02-25,INV_03,86183.98,1071301.97,1157485.95,6254,712,1515,699,5595,2659,415,426,357,2532,4686,10258,5245,269,781
2021-02-26,INV_03,86183.98,1071301.97,1157485.95,6254,712,1515,699,5595,2659,415,426,357,2532,4686,10258,5245,269,781
2021-03-01,INV_03,73143.81,1084379.53,1157523.34,6254,712,1515,699,5595,2659,415,426,357,2899,4686,10258,5245,269,781
2021-03-02,INV_03,89141.72,1041356.88,1130498.6,6254,712,1515,699,5595,2659,415,426,357,2899,4686,7693,5245,269,781
2021-03-03,INV_03,96974.88,1003048.8,1100023.68,6254,712,1515,699,5595,2659,311,426,357,2899,4686,7693,5245,269,781
2021-03-04,INV_03,82291.04,990551.32,1072842.37,6254,712,1754,699,5595,2659,311,426,357,2899,4686,7693,5245,269,781
2021-03-05,INV_03,69832.48,1014025.46,1083857.94,6254,712,1754,699,5595,2659,311,426,357,2899,4686,7693,5245,459,781
2021-03-08,INV_03,59284.09,1067804.92,1127089.01,6254,712,1754,699,5595,2659,311,426,357,2899,4686,7693,5245,459,1004
2021-03-09,INV_03,50327.58,1081147.34,1131474.92,6254,712,1754,699,5595,2659,311,426,357,2899,4686,7693,5245,459,1188
2021-03-10,INV_03,77265.65,1036694.4,1113960.05,6254,712,1315,699,5595,2659,311,426,357,2899,4686,7693,5245,459,1188
2021-03-11,INV_03,77265.65,1036694.4,1113960.05,6254,712,1315,699,5595,2659,311,426,357,2899,4686,7693,5245,459,1188
2021-03-12,INV_03,77265.65,1043575.12,1120840.77,6254,712,1315,699,5595,2659,311,426,357,2899,4686,7693,5245,459,1188
2021-03-15,INV_03,97829.02,1009228.93,1107057.95,6254,712,986,699,5595,2659,311,426,357,2899,4686,7693,5245,459,1188
2021-03-16,INV_03,83118.27,1012951.8,1096070.07,6254,712,986,699,5595,2659,311,426,457,2899,4686,7693,5245,459,1188
2021-03-17,INV_03,93714.97,988077.45,1081792.42,6254,712,986,699,5595,2659,311,319,457,2899,4686,7693,5245,459,1188
2021-03-18,INV_03,128133.71,932275.98,1060409.69,6254,712,986,699,5595,2659,311,319,457,2899,4686,7693,3933,459,1188
2021-03-19,INV_03,146269.33,906360.5,1052629.83,6254,712,986,699,5595,2659,311,319,457,2899,3514,7693,3933,459,1188
2021-03-22,INV_03,124144.82,941943.33,1066088.15,6254,712,986,1148,5595,2659,311,319,457,2899,3514,7693,3933,459,1188
2021-03-23,INV_03,139494.96,927935.94,1067430.9,6254,712,739,1148,5595,2659,311,319,457,2899,3514,7693,3933,459,1188
2021-03-24,INV_03,147541.51,944611.41,1092152.92,6254,712,739,1148,5595,2659,311,239,457,2899,3514,7693,3933,459,1188
2021-03-25,INV_03,176696.32,905770.53,1082466.86,6254,712,739,1148,5595,1994,311,239,457,2899,3514,7693,3933,459,1188
2021-03-26,INV_03,190049.48,890844.56,1080894.04,6254,712,739,1148,5595,1994,311,239,457,2899,3514,7693,3933,459,891
2021-03-29,INV_03,161318.46,923483.15,1084801.61,6254,712,739,1148,5595,1994,311,239,651,2899,3514,7693,3933,459,891
2021-03-30,INV_03,175443.27,906039.7,1081482.96,6254,712,739,861,5595,1994,311,239,651,2899,3514,7693,3933,459,891
2021-03-31,INV_03,148885.36,938777.36,1087662.72,6254,712,739,861,5595,1994,311,239,651,2899,3514,7693,3933,855,891
2021-04-01,INV_03,126365.71,975227.99,1101593.7,6254,712,739,1308,5595,1994,311,239,651,2899,3514,7693,3933,855,891
2021-04-02,INV_03,107263.67,994140.9,1101404.58,6254,712,1025,1308,5595,1994,311,239,651,2899,3514,7693,3933,855,891
2021-04-05,INV_03,91016.38,1021959.34,1112975.72,6254,712,1025,1308,7407,1994,311,239,651,2899,3514,7693,3933,855,891
2021-04-06,INV_03,77228.24,1055645.97,1132874.2,6254,712,1025,1308,7407,1994,311,239,651,2899,4392,7693,3933,855,891
2021-04-07,INV_03,65568.48,1072789.87,1138358.34,6254,887,1025,1308,7407,1994,311,239,651,2899,4392,7693,3933,855,891
2021-04-08,INV_03,95302.89,1055319.74,1150622.63,6254,887,1025,1308,7407,1994,311,239,651,2899,4392,7693,2949,855,891
2021-04-09,INV_03,80865.24,1091215.64,1172080.88,6254,887,1025,1308,7407,1994,311,239,651,2899,4392,9962,2949,855,891
2021-04-12,INV_03,68647.28,1124955.89,1193603.17,6254,887,1025,1308,7407,2183,311,239,651,2899,4392,9962,2949,855,891
2021-04-13,INV_03,85305.9,1108129.01,1193434.9,6254,887,1025,1308,5555,2183,311,239,651,2899,4392,9962,2949,855,891
2021-04-14,INV_03,85305.9,1108129.01,1193434.9,6254,887,1025,1308,5555,2183,311,239,651,2899,4392,9962,2949,855,891
2021-04-15,INV_03,72409.67,1137915.8,1210325.47,6254,887,1025,1308,5555,2183,311,239,651,3205,4392,9962,2949,855,891
2021-04-16,INV_03,61461.79,1142801.83,1204263.62,6254,887,1025,1308,5555,2183,311,239,651,3205,4392,9962,3295,855,891
2021-04-19,INV_03,52166.0,1138435.3,1190601.31,6254,887,1025,1308,5555,2183,311,239,651,3205,4392,9962,3599,855,891
2021-04-20,INV_03,66941.5,1078603.51,1145545.01,6254,665,1025,1308,5555,2183,311,239,651,3205,4392,9962,3599,855,891
2021-04-21,INV_03,66941.5,1093573.37,1160514.87,6254,665,1025,1308,5555,2183,311,239,651,3205,4392,9962,3599,855,891
2021-04-22,INV_03,96967.78,1035497.67,1132465.45,6254,665,1025,1308,5555,2183,311,239,651,2403,4392,9962,3599,855,891
2021-04-23,INV_03,109080.25,1008227.61,1117307.86,6254,665,1025,1308,4166,2183,311,239,651,2403,4392,9962,3599,855,891
2021-04-26,INV_03,138757.83,978250.26,1117008.09,4690,665,1025,1308,4166,2183,311,239,651,2403,4392,9962,3599,855,891
2021-04-27,INV_03,117742.36,976206.53,1093948.89,4690,665,1025,1308,4166,2183,311,239,651,2403,5759,9962,3599,855,891
2021-04-28,INV_03,99967.94,1025152.05,1125119.99,4690,935,1025,1308,4166,2183,311,239,651,2403,5759,9962,3599,855,891
2021-04-29,INV_03,99967.94,1020985.66,1120953.6,4690,935,1025,1308,4166,2183,311,239,651,2403,5759,9962,3599,855,891
2021-04-30,INV_03,115830.03,1003815.08,1119645.1,4690,935,768,1308,4166,2183,311,239,651,2403,5759,9962,3599,855,891
2021-05-03,INV_03,115830.03,998505.16,1114335.18,4690,935,768,1308,4166,2183,311,239,651,2403,5759,9962,3599,855,891
2021-05-04,INV_03,115830.03,984928.33,1100758.35,4690,935,768,1308,4166,2183,311,239,651,2403,5759,9962,3599,855,891
2021-05-05,INV_03,98298.26,1008686.64,1106984.9,4690,935,768,1308,4166,2183,311,239,651,2403,5759,9962,4245,855,891
2021-05-06,INV_03,98298.26,1014930.99,1113229.25,4690,935,768,1308,4166,2183,311,239,651,2403,5759,9962,4245,855,891
2021-05-07,INV_03,113379.46,1011559.26,1124938.72,4690,701,768,1308,4166,2183,311,239,651,2403,5759,9962,4245,855,891
2021-05-10,INV_03,134356.32,972295.07,1106651.39,4690,701,768,1308,4166,2183,311,239,651,1802,5759,9962,4245,855,891
2021-05-11,INV_03,114045.82,999173.22,1113219.04,4690,701,768,1308,4166,2183,311,428,651,1802,5759,9962,4245,855,891
2021-05-12,INV_03,96807.45,1020723.1,1117530.55,4690,701,768,1308,4166,2462,311,428,651,1802,5759,9962,4245,855,891
2021-05-13,INV_03,82158.04,1040094.14,1122252.17,4690,701,768,1308,4166,2462,311,428,651,1802,5759,9962,4245,1084,891
2021-05-14,INV_03,82158.04,1040094.14,1122252.17,4690,701,768,1308,4166,2462,311,428,651,1802,5759,9962,4245,1084,891
2021-05-17,INV_03,99938.7,1042903.44,1142842.14,4690,701,768,1308,4166,2462,311,428,651,1802,5759,9962,4245,813,891
2021-05-18,INV_03,111089.57,1032170.29,1143259.86,4690,525,768,1308,4166,2462,311,428,651,1802,5759,9962,4245,813,891
2021-05-19,INV_03,94338.39,1046878.72,1141217.11,4690,525,768,1308,4166,2462,311,428,772,1802,5759,9962,4245,813,891
2021-05-20,INV_03,100112.22,1036642.02,1136754.24,4690,525,768,1308,4166,2462,233,428,772,1802,5759,9962,4245,813,891
2021-05-21,INV_03,111427.0,1014285.25,1125712.25,4690,525,768,1308,4166,2462,233,321,772,1802,5759,9962,4245,813,891
2021-05-24,INV_03,126948.58,994494.24,1121442.82,4690,525,768,981,4166,2462,233,321,772,1802,5759,9962,4245,813,891
2021-05-25,INV_03,149114.59,978792.74,1127907.33,4690,525,768,981,4166,2462,233,321,772,1802,4319,9962,4245,813,891
2021-05-26,INV_03,157729.88,970090.43,1127820.31,4690,525,768,981,4166,2462,233,240,772,1802,4319,9962,4245,813,891
2021-05-27,INV_03,133870.55,993713.53,1127584.08,4690,525,768,1457,4166,2462,233,240,772,1802,4319,9962,4245,813,891
2021-05-28,INV_03,150582.56,984313.83,1134896.39,4690,525,768,1457,4166,2462,233,240,772,1802,3239,9962,4245,813,891
2021-05-31,INV_03,176819.14,964905.52,1141724.66,4690,525,768,1457,4166,2462,233,240,579,1802,3239,9962,4245,813,891
2021-06-01,INV_03,150052.04,1005163.88,1155215.92,4690,525,768,1457,4166,2462,587,240,579,1802,3239,9962,4245,813,891
2021-06-02,INV_03,127332.89,1030929.69,1158262.58,5828,525,768,1457,4166,2462,587,240,579,1802,3239,9962,4245,813,891
2021-06-03,INV_03,127332.89,1038620.5,1165953.39,5828,525,768,1457,4166,2462,587,240,579,1802,3239,9962,4245,813,891
2021-06-04,INV_03,164543.67,999252.36,1163796.03,5828,525,768,1457,4166,1846,587,240,579,1802,3239,9962,4245,813,891
2021-06-07,INV_03,139655.23,1037383.97,1177039.2,5828,525,768,1457,4166,2253,587,240,579,1802,3239,9962,4245,813,891
2021-06-08,INV_03,118533.8,1053554.07,1172087.88,5828,525,768,1457,4166,2253,587,240,579,2280,3239,9962,4245,813,891
2021-06-09,INV_03,118533.8,1062119.42,1180653.22,5828,525,768,1457,4166,2253,587,240,579,2280,3239,9962,4245,813,891
2021-06-10,INV_03,100620.78,1088349.88,1188970.67,5828,525,768,1457,4166,2253,587,240,579,2280,3239,9962,4245,813,1243
2021-06-11,INV_03,110065.05,1077986.4,1188051.45,5828,525,768,1457,3124,2253,587,240,579,2280,3239,9962,4245,813,1243
2021-06-14,INV_03,93424.84,1096849.09,1190273.92,5828,525,768,1457,3124,2253,587,240,579,2652,3239,9962,4245,813,1243
2021-06-15,INV_03,79311.12,1113575.53,1192886.65,5828,525,768,1457,3124,2253,587,240,579,2968,3239,9962,4245,813,1243
2021-06-16,INV_03,94772.4,1101844.91,1196617.31,5828,525,768,1457,3124,2253,587,240,579,2968,3239,9962,4245,813,932
2021-06-17,INV_03,94772.4,1101823.29,1196595.69,5828,525,768,1457,3124,2253,587,240,579,2968,3239,9962,4245,813,932
2021-06-18,INV_03,94772.4,1108004.93,1202777.33,5828,525,768,1457,3124,2253,587,240,579,2968,3239,9962,4245,813,932
2021-06-21,INV_03,80440.56,1122225.3,1202665.86,5828,525,973,1457,3124,2253,587,240,579,2968,3239,9962,4245,813,932
2021-06-22,INV_03,94147.18,1094214.83,1188362.01,5828,525,973,1457,3124,2253,587,240,579,2968,3239,9962,4245,609,932
2021-06-23,INV_03,94147.18,1095818.8,1189965.98,5828,525,973,1457,3124,2253,587,240,579,2968,3239,9962,4245,609,932
2021-06-24,INV_03,94147.18,1095818.8,1189965.98,5828,525,973,1457,3124,2253,587,240,579,2968,3239,9962,4245,609,932
2021-06-25,INV_03,110923.76,1081921.22,1192844.97,5828,525,729,1457,3124,2253,587,240,579,2968,3239,9962,4245,609,932
2021-06-28,INV_03,110923.76,1073095.05,1184018.81,5828,525,729,1457,3124,2253,587,240,579,2968,3239,9962,4245,609,932
2021-06-29,INV_03,94139.03,1081517.01,1175656.04,5828,525,729,1457,3124,2253,587,240,704,2968,3239,9962,4245,609,932
2021-06-30,INV_03,79917.19,1084877.68,1164794.87,5828,525,729,1457,3124,2253,587,240,704,3277,3239,9962,4245,609,932
2021-07-01,INV_03,67921.37,1092772.15,1160693.52,5828,525,729,1457,3124,2253,587,240,794,3277,3239,9962,4245,609,932
2021-07-02,INV_03,78841.63,1084524.86,1163366.5,5828,525,729,1457,3124,2253,440,240,794,3277,3239,9962,4245,609,932
2021-07-05,INV_03,78841.63,1079167.52,1158009.15,5828,525,729,1457,3124,2253,440,240,794,3277,3239,9962,4245,609,932
2021-07-06,INV_03,66922.67,1095843.32,1162765.99,5828,525,729,1457,3124,2253,440,349,794,3277,3239,9962,4245,609,932
2021-07-07,INV_03,98789.75,1057907.07,1156696.82,5828,525,729,1457,3124,2253,440,349,794,3277,3239,9962,3183,609,932
2021-07-08,INV_03,124836.92,1035256.04,1160092.96,5828,525,729,1457,3124,2253,440,349,595,3277,3239,9962,3183,609,932
2021-07-09,INV_03,134875.45,1032492.34,1167367.79,5828,525,729,1457,3124,2253,440,349,595,3277,3239,9962,3183,456,932
2021-07-12,INV_03,114447.14,1056557.37,1171004.51,5828,525,729,1457,5400,2253,440,349,595,3277,3239,9962,3183,456,932
2021-07-13,INV_03,97135.02,1078743.29,1175878.31,5828,525,729,1457,5400,2253,669,349,595,3277,3239,9962,3183,456,932
2021-07-14,INV_03,97135.02,1084928.85,1182063.88,5828,525,729,1457,5400,2253,669,349,595,3277,3239,9962,3183,456,932
2021-07-15,INV_03,109311.57,1079909.84,1189221.4,5828,525,546,1457,5400,2253,669,349,595,3277,3239,9962,3183,456,932
2021-07-16,INV_03,143293.37,1041556.54,1184849.91,5828,525,546,1457,5400,1689,669,349,595,3277,3239,9962,3183,456,932
2021-07-19,INV_03,155268.56,1039213.1,1194481.65,5828,525,546,1457,4050,1689,669,349,595,3277,3239,9962,3183,456,932
2021-07-20,INV_03,168983.78,1024017.19,1193000.97,5828,525,546,1457,4050,1689,669,349,595,3277,2429,9962,3183,456,932
2021-07-21,INV_03,168983.78,1024017.19,1193000.97,5828,525,546,1457,4050,1689,669,349,595,3277,2429,9962,3183,456,932
2021-07-22,INV_03,206268.07,987591.08,1193859.14,5828,525,546,1457,4050,1689,669,349,595,2457,2429,9962,3183,456,932
2021-07-23,INV_03,175018.67,1018531.08,1193549.74,5828,525,546,1457,4050,1689,669,349,595,2457,2429,14382,3183,456,932
2021-07-26,INV_03,202763.76,979788.06,1182551.82,5828,525,546,1457,4050,1689,669,349,595,1842,2429,14382,3183,456,932
2021-07-27,INV_03,211565.2,966898.93,1178464.12,5828,525,409,1457,4050,1689,669,349,595,1842,2429,14382,3183,456,932
2021-07-28,INV_03,211565.2,967034.68,1178599.88,5828,525,409,1457,4050,1689,669,349,595,1842,2429,14382,3183,456,932
2021-07-29,INV_03,220925.02,966093.32,1187018.34,5828,525,409,1457,4050,1689,669,261,595,1842,2429,14382,3183,456,932
2021-07-30,INV_03,220925.02,962337.63,1183262.65,5828,525,409,1457,4050,1689,669,261,595,1842,2429,14382,3183,456,932
2021-08-02,INV_03,187494.16,994430.86,1181925.02,5828,525,409,1457,4050,1689,1122,261,595,1842,2429,14382,3183,456,932
2021-08-03,INV_03,208847.62,973836.98,1182684.59,5828,525,409,1457,4050,1689,1122,261,595,1381,2429,14382,3183,456,932
2021-08-04,INV_03,219770.34,962646.84,1182417.18,5828,525,409,1457,4050,1689,1122,261,595,1381,2429,14382,3183,456,699
2021-08-05,INV_03,186521.77,986220.47,1172742.24,5828,525,409,1457,4050,1689,1122,571,595,1381,2429,14382,3183,456,699
2021-08-06,INV_03,206567.18,964602.17,1171169.35,5828,525,409,1457,4050,1689,1122,571,446,1381,2429,14382,3183,456,699
2021-08-09,INV_03,222152.07,939159.62,1161311.69,5828,525,409,1457,4050,1689,1122,571,446,1035,2429,14382,3183,456,699
2021-08-10,INV_03,232003.63,923223.07,1155226.7,5828,525,409,1457,4050,1689,1122,571,446,1035,1821,14382,3183,456,699
2021-08-11,INV_03,232003.63,924989.54,1156993.17,5828,525,409,1457,4050,1689,1122,571,446,1035,1821,14382,3183,456,699
2021-08-12,INV_03,196890.96,949438.35,1146329.31,5828,525,409,1457,4050,1689,1122,571,446,1035,1821,14382,3183,997,699
2021-08-13,INV_03,167100.83,982361.65,1149462.48,5828,525,409,1457,4050,1689,1122,571,446,1035,1821,14382,3183,997,1311
2021-08-16,INV_03,141835.21,1006410.38,1148245.59,5828,888,409,1457,4050,1689,1122,571,446,1035,1821,14382,3183,997,1311
2021-08-17,INV_03,120366.8,1053903.21,1174270.02,5828,888,409,1457,4050,1689,1122,571,446,1035,1821,14382,3835,997,1311
2021-08-18,INV_03,102139.38,1105165.98,1207305.37,5828,888,409,1457,4050,1689,1122,571,446,1438,1821,14382,3835,997,1311
2021-08-19,INV_03,86689.04,1121097.83,1207786.87,5828,888,409,1457,4050,1689,1122,571,446,1788,1821,14382,3835,997,1311
2021-08-20,INV_03,115762.79,1077946.11,1193708.9,4371,888,409,1457,4050,1689,1122,571,446,1788,1821,14382,3835,997,1311
2021-08-23,INV_03,131706.56,1084898.35,1216604.91,4371,888,409,1457,4050,1689,1122,428,446,1788,1821,14382,3835,997,1311
2021-08-24,INV_03,111762.97,1147284.07,1259047.04,5368,888,409,1457,4050,1689,1122,428,446,1788,1821,14382,3835,997,1311
2021-08-25,INV_03,137843.36,1116990.21,1254833.58,4026,888,409,1457,4050,1689,1122,428,446,1788,1821,14382,3835,997,1311
2021-08-26,INV_03,152421.49,1124454.75,1276876.23,4026,888,409,1457,4050,1689,1122,428,334,1788,1821,14382,3835,997,1311
2021-08-27,INV_03,172777.8,1108199.32,1280977.12,3019,888,409,1457,4050,1689,1122,428,334,1788,1821,14382,3835,997,1311
2021-08-30,INV_03,204475.33,1055081.3,1259556.63,3019,888,409,1457,4050,1689,1122,428,334,1788,1821,14382,2876,997,1311
2021-08-31,INV_03,219278.48,1034437.19,1253715.66,3019,666,409,1457,4050,1689,1122,428,334,1788,1821,14382,2876,997,1311
2021-09-01,INV_03,235182.99,1025777.32,1260960.3,3019,666,409,1457,4050,1689,1122,428,334,1788,1821,14382,2876,747,1311
2021-09-02,INV_03,199575.79,1087093.0,1286668.79,3019,666,409,2133,4050,1689,1122,428,334,1788,1821,14382,2876,747,1311
2021-09-03,INV_03,169382.97,1117325.87,1286708.84,3019,666,860,2133,4050,1689,1122,428,334,1788,1821,14382,2876,747,1311
2021-09-06,INV_03,143759.93,1143717.34,1287477.27,3019,666,860,2133,4050,1689,1122,428,531,1788,1821,14382,2876,747,1311
2021-09-07,INV_03,154637.92,1094748.94,1249386.86,3019,499,860,2133,4050,1689,1122,428,531,1788,1821,14382,2876,747,1311
2021-09-08,INV_03,166456.84,1041151.11,1207607.96,3019,499,860,2133,4050,1689,1122,428,531,1788,1821,14382,2876,560,1311
2021-09-09,INV_03,141242.7,1098157.32,1239400.02,3019,499,860,2133,4050,1689,1122,428,531,1788,1821,17187,2876,560,1311
2021-09-10,INV_03,155137.39,1070776.8,1225914.19,3019,499,645,2133,4050,1689,1122,428,531,1788,1821,17187,2876,560,1311
2021-09-13,INV_03,131640.49,1080932.71,1212573.2,3019,499,645,2133,6983,1689,1122,428,531,1788,1821,17187,2876,560,1311
2021-09-14,INV_03,151457.65,1059698.25,1211155.9,3019,499,645,2133,6983,1689,1122,428,531,1341,1821,17187,2876,560,1311
2021-09-15,INV_03,151457.65,1074141.83,1225599.48,3019,499,645,2133,6983,1689,1122,428,531,1341,1821,17187,2876,560,1311
2021-09-16,INV_03,128557.26,1094914.07,1223471.33,3019,834,645,2133,6983,1689,1122,428,531,1341,1821,17187,2876,560,1311
2021-09-17,INV_03,143688.44,1060317.25,1204005.69,2264,834,645,2133,6983,1689,1122,428,531,1341,1821,17187,2876,560,1311
2021-09-20,INV_03,143688.44,1060317.25,1204005.69,2264,834,645,2133,6983,1689,1122,428,531,1341,1821,17187,2876,560,1311
2021-09-21,INV_03,158012.55,1036403.18,1194415.72,2264,834,645,2133,6983,1689,1122,428,531,1005,1821,17187,2876,560,1311
2021-09-22,INV_03,175001.09,1017914.96,1192916.04,2264,834,645,2133,6983,1689,1122,428,398,1005,1821,17187,2876,560,1311
2021-09-23,INV_03,148531.86,1054620.6,1203152.46,2264,834,645,2133,6983,1689,1122,428,398,1005,1821,17187,2876,560,1887
2021-09-24,INV_03,160945.17,1049293.1,1210238.26,2264,834,645,2133,6983,1689,1122,321,398,1005,1821,17187,2876,560,1887
2021-09-27,INV_03,136570.5,1108622.6,1245193.11,3451,834,645,2133,6983,1689,1122,321,398,1005,1821,17187,2876,560,1887
2021-09-28,INV_03,163251.73,1082095.47,1245347.19,3451,834,645,1599,6983,1689,1122,321,398,1005,1821,17187,2876,560,1887
2021-09-29,INV_03,174245.07,1075160.96,1249406.02,3451,834,645,1599,6983,1689,1122,321,398,753,1821,17187,2876,560,1887
2021-09-30,INV_03,147855.79,1108537.74,1256393.53,3451,834,645,1599,6983,1689,1516,321,398,753,1821,17187,2876,560,1887
2021-10-01,INV_03,155980.14,1096165.85,1252145.99,3451,834,645,1599,6983,1689,1516,321,398,564,1821,17187,2876,560,1887
2021-10-04,INV_03,132350.99,1130234.24,1262585.22,3451,834,645,1599,6983,1689,1516,321,398,564,1821,19624,2876,560,1887
2021-10-05,INV_03,160263.08,1101574.69,1261837.77,3451,834,645,1599,6983,1689,1516,321,398,564,1821,19624,2157,560,1887
2021-10-06,INV_03,186306.42,1080078.67,1266385.09,3451,834,645,1599,6983,1689,1137,321,398,564,1821,19624,2157,560,1887
2021-10-07,INV_03,158142.03,1123408.68,1281550.71,3451,834,645,1599,6983,2041,1137,321,398,564,1821,19624,2157,560,1887
2021-10-08,INV_03,134225.22,1154835.41,1289060.63,3451,834,645,1599,6983,2041,1137,321,556,564,1821,19624,2157,560,1887
2021-10-11,INV_03,113908.86,1168876.95,1282785.81,3451,834,645,1599,6983,2041,1137,484,556,564,1821,19624,2157,560,1887
2021-10-12,INV_03,128000.32,1153110.45,1281110.77,3451,834,645,1599,5237,2041,1137,484,556,564,1821,19624,2157,560,1887
2021-10-13,INV_03,108608.49,1159383.81,1267992.3,3451,834,935,1599,5237,2041,1137,484,556,564,1821,19624,2157,560,1887
2021-10-14,INV_03,115119.58,1156312.51,1271432.09,3451,834,935,1599,5237,2041,1137,484,556,423,1821,19624,2157,560,1887
2021-10-15,INV_03,115119.58,1150348.47,1265468.05,3451,834,935,1599,5237,2041,1137,484,556,423,1821,19624,2157,560,1887
2021-10-18,INV_03,97693.28,1179670.45,1277363.73,3451,834,935,1920,5237,2041,1137,484,556,423,1821,19624,2157,560,1887
2021-10-19,INV_03,106588.18,1170685.7,1277273.88,3451,834,935,1920,5237,2041,1137,484,556,423,1821,19624,2157,420,1887
2021-10-20,INV_03,117256.05,1159910.07,1277166.12,3451,834,935,1920,3927,2041,1137,484,556,423,1821,19624,2157,420,1887
2021-10-21,INV_03,122165.96,1158629.95,1280795.91,3451,834,935,1920,3927,2041,1137,484,556,317,1821,19624,2157,420,1887
2021-10-22,INV_03,132066.78,1149432.4,1281499.17,3451,834,935,1920,3927,2041,1137,484,556,317,1365,19624,2157,420,1887
2021-10-25,INV_03,151104.4,1123709.02,1274813.42,3451,834,935,1920,3927,2041,1137,484,417,317,1365,19624,2157,420,1887
2021-10-26,INV_03,128228.06,1156596.28,1284824.34,3451,834,935,1920,3927,2041,1137,484,417,317,1365,19624,2764,420,1887
2021-10-27,INV_03,108834.58,1185027.79,1293862.38,3451,834,935,1920,3927,2041,1137,484,417,317,1365,19624,3275,420,1887
2021-10-28,INV_03,92357.41,1210495.45,1302852.87,3451,834,935,1920,3927,2041,1137,484,417,317,2123,19624,3275,420,1887
2021-10-29,INV_03,96238.92,1200707.94,1296946.86,3451,834,935,1920,3927,2041,1137,484,417,237,2123,19624,3275,420,1887
2021-11-01,INV_03,96238.92,1187309.19,1283548.11,3451,834,935,1920,3927,2041,1137,484,417,237,2123,19624,3275,420,1887
2021-11-02,INV_03,81660.29,1210292.38,1291952.67,3451,834,935,2180,3927,2041,1137,484,417,237,2123,19624,3275,420,1887
2021-11-03,INV_03,69329.52,1237080.24,1306409.76,3451,834,935,2180,3927,2041,1137,484,417,237,2123,19624,3275,609,1887
2021-11-04,INV_03,58924.22,1247382.51,1306306.74,3451,834,935,2180,3927,2041,1137,484,487,237,2123,19624,3275,609,1887
2021-11-05,INV_03,50044.13,1286062.09,1336106.21,3451,834,935,2180,3927,2041,1268,484,487,237,2123,19624,3275,609,1887
2021-11-08,INV_03,42516.65,1451598.45,1494115.1,3451,937,935,2180,3927,2041,1268,484,487,237,2123,19624,3275,609,1887
2021-11-09,INV_03,42516.65,1410931.01,1453447.66,3451,937,935,2180,3927,2041,1268,484,487,237,2123,19624,3275,609,1887
2021-11-10,INV_03,42516.65,1438465.46,1480982.11,3451,937,935,2180,3927,2041,1268,484,487,237,2123,19624,3275,609,1887
2021-11-11,INV_03,42516.65,1528588.29,1571104.93,3451,937,935,2180,3927,2041,1268,484,487,237,2123,19624,3275,609,1887
2021-11-12,INV_03,42516.65,1563536.22,1606052.86,3451,937,935,2180,3927,2041,1268,484,487,237,2123,19624,3275,609,1887
2021-11-15,INV_03,42516.65,1626196.32,1668712.97,3451,937,935,2180,3927,2041,1268,484,487,237,2123,19624,3275,609,1887
2021-11-16,INV_03,42516.65,1763404.58,1805921.22,3451,937,935,2180,3927,2041,1268,484,487,237,2123,19624,3275,609,1887
2021-11-17,INV_03,70882.1,1740463.32,1811345.42,3451,937,935,1635,3927,2041,1268,484,487,237,2123,19624,3275,609,1887
2021-11-18,INV_03,251560.27,1557960.12,1809520.39,3451,937,935,1635,3927,2041,1268,484,487,237,2123,14718,3275,609,1887
2021-11-19,INV_03,267611.99,1371369.09,1638981.08,3451,702,935,1635,3927,2041,1268,484,487,237,2123,14718,3275,609,1887
2021-11-22,INV_03,227168.85,1440080.16,1667249.01,3451,702,935,1635,3927,2041,1268,789,487,237,2123,14718,3275,609,1887
2021-11-23,INV_03,245513.7,1396659.04,1642172.74,3451,702,935,1635,3927,2041,1268,789,365,237,2123,14718,3275,609,1887
2021-11-24,INV_03,270638.86,1337331.25,1607970.11,3451,702,935,1635,3927,2041,1268,591,365,237,2123,14718,3275,609,1887
2021-11-25,INV_03,229670.97,1396609.79,1626280.75,3451,702,935,1635,3927,2041,1268,909,365,237,2123,14718,3275,609,1887
2021-11-26,INV_03,194899.43,1463985.73,1658885.16,3451,702,935,1635,3927,2041,1268,909,365,237,2123,14718,3275,1187,1887
2021-11-29,INV_03,165392.36,1492390.59,1657782.95,3451,702,935,1635,3927,2041,1268,909,365,237,3398,14718,3275,1187,1887
2021-11-30,INV_03,165392.36,1518772.57,1684164.93,3451,702,935,1635,3927,2041,1268,909,365,237,3398,14718,3275,1187,1887
2021-12-01,INV_03,187400.97,1473807.54,1661208.51,3451,702,935,1635,3927,2041,1268,909,365,237,3398,14718,3275,1187,1415
2021-12-02,INV_03,190129.09,1466611.73,1656740.82,3451,702,935,1635,3927,2041,1268,909,365,177,3398,14718,3275,1187,1415
2021-12-03,INV_03,210326.29,1412214.51,1622540.81,3451,702,935,1226,3927,2041,1268,909,365,177,3398,14718,3275,1187,1415
2021-12-06,INV_03,238181.54,1399751.41,1637932.95,3451,702,935,1226,3927,2041,1268,681,365,177,3398,14718,3275,1187,1415
2021-12-07,INV_03,202102.77,1441320.39,1643423.16,3451,702,935,1226,3927,2041,1268,681,616,177,3398,14718,3275,1187,1415
2021-12-08,INV_03,222364.75,1385875.52,1608240.27,3451,702,935,1226,3927,2041,951,681,616,177,3398,14718,3275,1187,1415
2021-12-09,INV_03,188682.02,1467045.04,1655727.07,3451,702,935,1226,8055,2041,951,681,616,177,3398,14718,3275,1187,1415
2021-12-10,INV_03,204072.36,1466110.65,1670183.01,3451,702,935,919,8055,2041,951,681,616,177,3398,14718,3275,1187,1415
2021-12-13,INV_03,217531.21,1437469.76,1655000.97,3451,526,935,919,8055,2041,951,681,616,177,3398,14718,3275,1187,1415
2021-12-14,INV_03,184590.93,1494527.66,1679118.59,4625,526,935,919,8055,2041,951,681,616,177,3398,14718,3275,1187,1415
2021-12-15,INV_03,199959.3,1467840.99,1667800.29,4625,526,935,919,8055,2041,713,681,616,177,3398,14718,3275,1187,1415
2021-12-16,INV_03,221245.43,1439197.88,1660443.31,4625,526,935,919,8055,2041,713,681,462,177,3398,14718,3275,1187,1415
2021-12-17,INV_03,187738.42,1501770.73,1689509.14,4625,526,935,919,8055,2041,713,681,462,177,3398,14718,4144,1187,1415
2021-12-20,INV_03,159325.02,1513892.31,1673217.33,4625,526,935,919,8055,2041,713,681,462,177,3398,14718,4144,1673,1415
2021-12-21,INV_03,159325.02,1505599.34,1664924.36,4625,526,935,919,8055,2041,713,681,462,177,3398,14718,4144,1673,1415
2021-12-22,INV_03,135196.02,1603607.23,1738803.25,4625,526,935,919,8055,2041,713,681,462,177,3398,15799,4144,1673,1415
2021-12-23,INV_03,150993.79,1586119.96,1737113.75,4625,526,935,919,8055,2041,713,681,462,177,3398,15799,4144,1673,1061
2021-12-24,INV_03,128222.96,1626500.91,1754723.87,4625,526,935,919,8055,2041,713,879,462,177,3398,15799,4144,1673,1061
2021-12-27,INV_03,108815.81,1636321.77,1745137.59,4625,526,935,919,8055,2041,713,879,462,177,3398,16714,4144,1673,1061
2021-12-28,INV_03,118648.33,1614320.55,1732968.88,4625,394,935,919,8055,2041,713,879,462,177,3398,16714,4144,1673,1061
2021-12-29,INV_03,130829.61,1596734.76,1727564.37,4625,394,935,919,8055,2041,713,879,462,177,3398,16714,4144,1673,795
2021-12-30,INV_03,155188.84,1562110.47,1717299.31,4625,394,935,919,8055,2041,713,879,462,177,3398,16714,4144,1254,795
2021-12-31,INV_03,155188.84,1570253.05,1725441.89,4625,394,935,919,8055,2041,713,879,462,177,3398,16714,4144,1254,795
2022-01-03,INV_03,131684.59,1720816.19,1852500.78,4625,394,935,919,10962,2041,713,879,462,177,3398,16714,4144,1254,795
2022-01-04,INV_03,111750.73,1793157.79,1904908.52,4625,394,935,919,10962,2041,713,879,462,177,3398,16714,4643,1254,795
2022-01-05,INV_03,133473.95,1749664.39,1883138.34,4625,394,935,919,8221,2041,713,879,462,177,3398,16714,4643,1254,795
2022-01-06,INV_03,254694.2,1639536.42,1894230.62,4625,394,935,919,8221,2041,713,879,462,177,3398,12535,4643,1254,795
2022-01-07,INV_03,216129.12,1717627.23,1933756.36,4625,394,935,919,8221,2041,713,879,462,177,3398,12535,5497,1254,795
2022-01-10,INV_03,276804.79,1651480.67,1928285.46,4625,394,935,919,8221,2041,713,879,462,177,3398,12535,4122,1254,795
2022-01-11,INV_03,293248.67,1631131.0,1924379.68,4625,394,935,919,6165,2041,713,879,462,177,3398,12535,4122,1254,795
2022-01-12,INV_03,293248.67,1621289.02,1914537.69,4625,394,935,919,6165,2041,713,879,462,177,3398,12535,4122,1254,795
2022-01-13,INV_03,248855.4,1657489.15,1906344.55,4625,917,935,919,6165,2041,713,879,462,177,3398,12535,4122,1254,795
2022-01-14,INV_03,248855.4,1657489.15,1906344.55,4625,917,935,919,6165,2041,713,879,462,177,3398,12535,4122,1254,795
2022-01-17,INV_03,248855.4,1657489.15,1906344.55,4625,917,935,919,6165,2041,713,879,462,177,3398,12535,4122,1254,795
2022-01-18,INV_03,211158.17,1732136.2,1943294.36,4625,917,935,919,10400,2041,713,879,462,177,3398,12535,4122,1254,795
2022-01-19,INV_03,211158.17,1735187.76,1946345.93,4625,917,935,919,10400,2041,713,879,462,177,3398,12535,4122,1254,795
2022-01-20,INV_03,256022.0,1688539.5,1944561.51,4625,917,935,919,10400,2041,713,879,462,177,3398,12535,3091,1254,795
2022-01-21,INV_03,217241.23,1723822.88,1941064.12,4625,917,935,919,10400,2041,713,879,462,177,3398,13887,3091,1254,795
2022-01-24,INV_03,264256.25,1670736.01,1934992.26,4625,917,935,919,10400,2041,713,879,462,177,2548,13887,3091,1254,795
2022-01-25,INV_03,266851.37,1628064.3,1894915.67,4625,917,935,919,10400,2041,713,879,462,132,2548,13887,3091,1254,795
2022-01-26,INV_03,226501.55,1648132.69,1874634.24,4625,917,935,919,10400,2041,713,879,716,132,2548,13887,3091,1254,795
2022-01-27,INV_03,254460.94,1589886.88,1844347.83,4625,917,935,919,10400,2041,713,879,537,132,2548,13887,3091,1254,795
2022-01-28,INV_03,215910.96,1612295.65,1828206.61,4625,917,935,919,15212,2041,713,879,537,132,2548,13887,3091,1254,795
2022-01-31,INV_03,183236.41,1673948.8,1857185.21,4625,1316,935,919,15212,2041,713,879,537,132,2548,13887,3091,1254,795
2022-02-01,INV_03,183236.41,1690660.9,1873897.31,4625,1316,935,919,15212,2041,713,879,537,132,2548,13887,3091,1254,795
2022-02-02,INV_03,183236.41,1670262.84,1853499.26,4625,1316,935,919,15212,2041,713,879,537,132,2548,13887,3091,1254,795
2022-02-03,INV_03,155518.48,1726278.49,1881796.97,4625,1316,935,919,15212,2041,713,879,537,132,2548,13887,3091,1722,795
2022-02-04,INV_03,131959.93,1749603.79,1881563.72,4625,1316,935,919,15212,2041,1065,879,537,132,2548,13887,3091,1722,795
2022-02-07,INV_03,183771.29,1688936.03,1872707.31,4625,1316,935,919,15212,1530,1065,879,537,132,2548,13887,3091,1722,795
2022-02-08,INV_03,208577.59,1627026.53,1835604.12,4625,1316,935,919,15212,1530,1065,879,537,132,2548,13887,3091,1291,795
2022-02-09,INV_03,219839.66,1558790.91,1778630.57,4625,1316,935,689,15212,1530,1065,879,537,132,2548,13887,3091,1291,795
2022-02-10,INV_03,186573.08,1593366.87,1779939.95,4625,1316,935,689,15212,1530,1065,1172,537,132,2548,13887,3091,1291,795
2022-02-11,INV_03,186573.08,1612377.07,1798950.15,4625,1316,935,689,15212,1530,1065,1172,537,132,2548,13887,3091,1291,795
2022-02-14,INV_03,217690.87,1596684.46,1814375.33,3468,1316,935,689,15212,1530,1065,1172,537,132,2548,13887,3091,1291,795
2022-02-15,INV_03,184714.71,1644507.54,1829222.25,3468,1316,935,1348,15212,1530,1065,1172,537,132,2548,13887,3091,1291,795
2022-02-16,INV_03,184714.71,1644507.54,1829222.25,3468,1316,935,1348,15212,1530,1065,1172,537,132,2548,13887,3091,1291,795
2022-02-17,INV_03,156784.81,1677996.45,1834781.27,3468,1316,935,1348,15212,1530,1065,1172,537,132,3056,13887,3091,1291,795
2022-02-18,INV_03,186210.61,1598778.61,1784989.22,3468,1316,935,1348,15212,1530,1065,1172,537,132,3056,13887,2318,1291,795
2022-02-21,INV_03,205893.37,1499096.79,1704990.15,3468,1316,935,1348,15212,1530,1065,1172,402,132,3056,13887,2318,1291,795
2022-02-22,INV_03,174718.96,1533183.16,1707902.11,3468,1316,935,1348,15212,1530,1065,1172,402,132,3056,13887,2318,1825,795
2022-02-23,INV_03,189036.21,1449256.66,1638292.87,3468,1316,701,1348,15212,1530,1065,1172,402,132,3056,13887,2318,1825,795
2022-02-24,INV_03,212157.37,1337542.63,1549700.0,3468,987,701,1348,15212,1530,1065,1172,402,132,3056,13887,2318,1825,795
2022-02-25,INV_03,180079.33,1443395.49,1623474.82,3468,987,701,1348,15212,1926,1065,1172,402,132,3056,13887,2318,1825,795
2022-02-28,INV_03,152830.25,1543669.43,1696499.68,3468,987,701,1348,15212,1926,1065,1412,402,132,3056,13887,2318,1825,795
2022-03-01,INV_03,129697.22,1566573.42,1696270.64,3468,987,1063,1348,15212,1926,1065,1412,402,132,3056,13887,2318,1825,795
2022-03-02,INV_03,144226.5,1549031.91,1693258.41,3468,987,1063,1348,15212,1926,1065,1412,301,132,3056,13887,2318,1825,795
2022-03-03,INV_03,153140.37,1496099.73,1649240.09,3468,987,1063,1348,15212,1926,1065,1412,301,132,3056,13887,2318,1825,596
2022-03-04,INV_03,129974.01,1528148.52,1658122.53,3468,987,1063,1348,15212,1926,1065,1412,301,132,3056,13887,2318,1825,1102
2022-03-07,INV_03,154644.69,1441573.03,1596217.72,3468,987,1063,1348,15212,1926,1065,1412,301,132,3056,13887,2318,1368,1102
2022-03-08,INV_03,169411.97,1335610.11,1505022.08,3468,987,1063,1348,15212,1926,798,1412,301,132,3056,13887,2318,1368,1102
2022-03-09,INV_03,206740.17,1234079.57,1440819.74,3468,987,1063,1348,15212,1926,798,1059,301,132,3056,13887,2318,1368,1102
2022-03-10,INV_03,175419.84,1391189.56,1566609.4,5020,987,1063,1348,15212,1926,798,1059,301,132,3056,13887,2318,1368,1102
2022-03-11,INV_03,193030.24,1349015.23,1542045.47,5020,987,1063,1348,15212,1926,798,1059,301,132,3056,13887,2318,1026,1102
2022-03-14,INV_03,193030.24,1324385.19,1517415.43,5020,987,1063,1348,15212,1926,798,1059,301,132,3056,13887,2318,1026,1102
2022-03-15,INV_03,224276.17,1241048.44,1465324.61,5020,987,1063,1348,11409,1926,798,1059,301,132,3056,13887,2318,1026,1102
2022-03-16,INV_03,190337.24,1271650.69,1461987.93,5020,987,1063,1348,11409,1926,798,1059,301,132,3056,13887,2318,1026,1865
2022-03-17,INV_03,161526.49,1300176.19,1461702.68,5020,987,1063,1348,11409,1926,798,1324,301,132,3056,13887,2318,1026,1865
2022-03-18,INV_03,137161.79,1348524.87,1485686.65,5020,987,1063,1348,11409,1926,798,1324,458,132,3056,13887,2318,1026,1865
2022-03-21,INV_03,116409.61,1379753.47,1496163.08,5020,987,1063,1348,11409,1926,1180,1324,458,132,3056,13887,2318,1026,1865
2022-03-22,INV_03,137184.7,1335335.19,1472519.89,5020,987,1063,1348,11409,1926,1180,1324,458,132,3056,13887,2318,1026,1398
2022-03-23,INV_03,173273.94,1290397.47,1463671.41,5020,987,1063,1348,11409,1926,1180,993,458,132,3056,13887,2318,1026,1398
2022-03-24,INV_03,190795.23,1255561.1,1446356.34,5020,987,1063,1348,11409,1926,1180,993,343,132,3056,13887,2318,1026,1398
2022-03-25,INV_03,212027.29,1224847.15,1436874.44,3765,987,1063,1348,11409,1926,1180,993,343,132,3056,13887,2318,1026,1398
2022-03-28,INV_03,227611.13,1151008.29,1378619.42,3765,740,1063,1348,11409,1926,1180,993,343,132,3056,13887,2318,1026,1398
2022-03-29,INV_03,246025.66,1052634.57,1298660.23,3765,740,1063,1348,11409,1926,1180,993,343,132,3056,13887,1738,1026,1398
2022-03-30,INV_03,208765.21,1076352.77,1285117.98,3765,1370,1063,1348,11409,1926,1180,993,343,132,3056,13887,1738,1026,1398
2022-03-31,INV_03,177144.78,1113759.81,1290904.6,3765,1370,1063,1348,11409,1926,1180,993,343,132,3056,13887,1738,1696,1398
2022-04-01,INV_03,150401.68,1059075.76,1209477.43,3765,1370,1063,1348,11409,1926,1180,993,524,132,3056,13887,1738,1696,1398
2022-04-04,INV_03,127631.84,1066506.4,1194138.24,3765,1370,1063,1348,11409,1926,1180,993,524,684,3056,13887,1738,1696,1398
2022-04-05,INV_03,108308.88,1163857.47,1272166.34,3765,1370,1063,1348,11409,2224,1180,993,524,684,3056,13887,1738,1696,1398
2022-04-06,INV_03,129375.85,1093692.35,1223068.2,3765,1370,1063,1348,11409,2224,1180,993,524,684,3056,13887,1738,1272,1398
2022-04-07,INV_03,149289.99,1013246.72,1162536.71,3765,1370,1063,1348,8556,2224,1180,993,524,684,3056,13887,1738,1272,1398
2022-04-08,INV_03,181071.97,961088.47,1142160.45,3765,1370,1063,1348,8556,1668,1180,993,524,684,3056,13887,1738,1272,1398
2022-04-11,INV_03,193199.36,948838.59,1142037.95,3765,1370,1063,1348,8556,1668,1180,993,524,684,3056,13887,1738,1272,1048
2022-04-12,INV_03,163993.55,977755.23,1141748.78,3765,1370,1063,1348,8556,1668,1180,993,734,684,3056,13887,1738,1272,1048
2022-04-13,INV_03,139154.73,1002348.12,1141502.85,3765,1370,1063,1348,8556,1668,1180,993,734,684,4093,13887,1738,1272,1048
2022-04-14,INV_03,118117.82,1023176.75,1141294.57,3765,1778,1063,1348,8556,1668,1180,993,734,684,4093,13887,1738,1272,1048
2022-04-15,INV_03,100230.88,1040886.59,1141117.47,3765,1778,1063,1348,8556,1668,1180,993,734,684,4093,13887,1738,1272,1554
2022-04-18,INV_03,100230.88,1040886.59,1141117.47,3765,1778,1063,1348,8556,1668,1180,993,734,684,4093,13887,1738,1272,1554
2022-04-19,INV_03,85090.6,1055876.96,1140967.56,3765,1778,1063,1348,8556,1668,1180,1169,734,684,4093,13887,1738,1272,1554
2022-04-20,INV_03,72242.89,1068597.47,1140840.36,3765,1778,1063,1348,8556,1668,1180,1169,734,684,4093,13887,1738,1534,1554
2022-04-21,INV_03,61311.94,1079420.19,1140732.13,3765,1990,1063,1348,8556,1668,1180,1169,734,684,4093,13887,1738,1534,1554
2022-04-22,INV_03,61311.94,1079420.19,1140732.13,3765,1990,1063,1348,8556,1668,1180,1169,734,684,4093,13887,1738,1534,1554
2022-04-25,INV_03,61311.94,992906.5,1054218.44,3765,1990,1063,1348,8556,1668,1180,1169,734,684,4093,13887,1738,1534,1554
2022-04-26,INV_03,82460.45,871285.19,953745.64,3765,1990,1063,1348,8556,1668,1180,1169,550,684,4093,13887,1738,1534,1554
2022-04-27,INV_03,93586.19,918820.28,1012406.47,3765,1990,1063,1348,8556,1668,885,1169,550,684,4093,13887,1738,1534,1554
2022-04-28,INV_03,117051.29,930768.42,1047819.71,3765,1990,1063,1348,8556,1251,885,1169,550,684,4093,13887,1738,1534,1554
2022-04-29,INV_03,131048.52,907127.96,1038176.48,3765,1990,1063,1348,6417,1251,885,1169,550,684,4093,13887,1738,1534,1554
2022-05-02,INV_03,111199.8,926780.15,1037979.96,5559,1990,1063,1348,6417,1251,885,1169,550,684,4093,13887,1738,1534,1554
2022-05-03,INV_03,94382.67,943430.78,1037813.45,5559,1990,1063,1783,6417,1251,885,1169,550,684,4093,13887,1738,1534,1554
2022-05-04,INV_03,80122.16,986062.09,1066184.25,5559,2274,1063,1783,6417,1251,885,1169,550,684,4093,13887,1738,1534,1554
2022-05-05,INV_03,102186.66,947361.53,1049548.19,5559,2274,1063,1783,6417,1251,885,876,550,684,4093,13887,1738,1534,1554
2022-05-06,INV_03,86767.2,941889.51,1028656.71,5559,2274,1063,1783,6417,1251,885,1076,550,684,4093,13887,1738,1534,1554
2022-05-09,INV_03,73650.38,978999.65,1052650.03,5559,2274,1063,1783,6417,1251,885,1250,550,684,4093,13887,1738,1534,1554
2022-05-10,INV_03,62513.43,990026.34,1052539.76,5559,2274,1063,1783,6417,1251,885,1250,550,684,4093,13887,1738,1534,1901
2022-05-11,INV_03,62513.43,990026.34,1052539.76,5559,2274,1063,1783,6417,1251,885,1250,550,684,4093,13887,1738,1534,1901
2022-05-12,INV_03,74723.51,999510.89,1074234.4,5559,2274,1063,1783,6417,1251,885,1250,550,684,4093,13887,1303,1534,1901
2022-05-13,INV_03,63403.43,1064225.78,1127629.21,5559,2274,1063,1783,6417,1251,885,1250,550,684,4093,15288,1303,1534,1901
2022-05-16,INV_03,96514.3,1030780.45,1127294.76,5559,2274,1063,1783,6417,1251,885,1250,550,684,3069,15288,1303,1534,1901
2022-05-17,INV_03,81898.22,1096313.71,1178211.92,6810,2274,1063,1783,6417,1251,885,1250,550,684,3069,15288,1303,1534,1901
2022-05-18,INV_03,112065.18,1060588.37,1172653.55,6810,1705,1063,1783,6417,1251,885,1250,550,684,3069,15288,1303,1534,1901
2022-05-19,INV_03,123268.19,1020829.34,1144097.54,6810,1705,1063,1783,4812,1251,885,1250,550,684,3069,15288,1303,1534,1901
2022-05-20,INV_03,135322.24,1021681.13,1157003.38,6810,1705,797,1783,4812,1251,885,1250,550,684,3069,15288,1303,1534,1901
2022-05-23,INV_03,114846.42,1085374.87,1200221.28,6810,1705,797,1783,4812,1251,885,1250,550,684,3069,15288,1303,2070,1901
2022-05-24,INV_03,97536.87,1106172.08,1203708.95,6810,1705,797,1783,4812,1251,885,1250,681,684,3069,15288,1303,2070,1901
2022-05-25,INV_03,82802.36,1118557.74,1201360.11,6810,1705,797,1783,4812,1251,885,1454,681,684,3069,15288,1303,2070,1901
2022-05-26,INV_03,70299.13,1130082.95,1200382.08,6810,1705,1070,1783,4812,1251,885,1454,681,684,3069,15288,1303,2070,1901
2022-05-27,INV_03,108928.49,1072544.0,1181472.48,6810,1705,1070,1783,4812,1251,885,1454,681,684,2301,15288,1303,2070,1901
2022-05-30,INV_03,119184.63,1048241.13,1167425.76,6810,1705,1070,1783,4812,1251,885,1454,681,684,2301,15288,977,2070,1901
2022-05-31,INV_03,136366.7,1008909.24,1145275.94,6810,1705,1070,1783,4812,938,885,1454,681,684,2301,15288,977,2070,1901
2022-06-01,INV_03,150457.34,993763.52,1144220.86,6810,1705,1070,1337,4812,938,885,1454,681,684,2301,15288,977,2070,1901
2022-06-02,INV_03,150457.34,1001867.29,1152324.63,6810,1705,1070,1337,4812,938,885,1454,681,684,2301,15288,977,2070,1901
2022-06-03,INV_03,150457.34,1002034.49,1152491.84,6810,1705,1070,1337,4812,938,885,1454,681,684,2301,15288,977,2070,1901
2022-06-06,INV_03,127668.17,992988.82,1120656.99,8955,1705,1070,1337,4812,938,885,1454,681,684,2301,15288,977,2070,1901
2022-06-07,INV_03,108368.58,1001338.81,1109707.39,8955,2090,1070,1337,4812,938,885,1454,681,684,2301,15288,977,2070,1901
2022-06-08,INV_03,123976.0,1005561.66,1129537.66,8955,2090,1070,1337,4812,938,885,1454,681,684,2301,15288,977,2070,1425
2022-06-09,INV_03,129794.36,1012128.98,1141923.33,8955,2090,1070,1337,4812,938,885,1454,681,513,2301,15288,977,2070,1425
2022-06-10,INV_03,110146.83,1037870.59,1148017.42,8955,2090,1070,1337,4812,938,885,1454,681,513,2301,15288,977,2671,1425
2022-06-13,INV_03,131792.76,1011273.17,1143065.92,8955,2090,1070,1337,4812,938,885,1454,681,513,2301,15288,977,2003,1425
2022-06-14,INV_03,111855.17,1031013.35,1142868.52,8955,2090,1070,1337,4812,938,885,1454,681,1074,2301,15288,977,2003,1425
2022-06-15,INV_03,111855.17,1010137.34,1121992.51,8955,2090,1070,1337,4812,938,885,1454,681,1074,2301,15288,977,2003,1425
2022-06-16,INV_03,111855.17,1000790.24,1112645.41,8955,2090,1070,1337,4812,938,885,1454,681,1074,2301,15288,977,2003,1425
2022-06-17,INV_03,94939.37,988742.23,1083681.6,8955,2090,1070,1337,4812,938,885,1454,681,1074,2615,15288,977,2003,1425
2022-06-20,INV_03,94939.37,985273.42,1080212.78,8955,2090,1070,1337,4812,938,885,1454,681,1074,2615,15288,977,2003,1425
2022-06-21,INV_03,94939.37,1000460.01,1095399.38,8955,2090,1070,1337,4812,938,885,1454,681,1074,2615,15288,977,2003,1425
2022-06-22,INV_03,94939.37,1003381.72,1098321.09,8955,2090,1070,1337,4812,938,885,1454,681,1074,2615,15288,977,2003,1425
2022-06-23,INV_03,94939.37,1010921.46,1105860.83,8955,2090,1070,1337,4812,938,885,1454,681,1074,2615,15288,977,2003,1425
2022-06-24,INV_03,80582.97,1047145.53,1127728.5,8955,2090,1070,1337,4812,938,885,1454,681,1074,2615,15288,977,2003,1880
2022-06-27,INV_03,68378.54,1031088.03,1099466.57,8955,2090,1070,1337,4812,938,885,1454,681,1074,2615,17065,977,2003,1880
2022-06-28,INV_03,68378.54,1013351.1,1081729.64,8955,2090,1070,1337,4812,938,885,1454,681,1074,2615,17065,977,2003,1880
2022-06-29,INV_03,58034.96,1028496.01,1086530.97,8955,2090,1070,1668,4812,938,885,1454,681,1074,2615,17065,977,2003,1880
2022-06-30,INV_03,58034.96,1031225.55,1089260.51,8955,2090,1070,1668,4812,938,885,1454,681,1074,2615,17065,977,2003,1880
2022-07-01,INV_03,49262.3,1072300.04,1121562.34,8955,2090,1070,1668,4812,938,885,1454,681,1341,2615,17065,977,2003,1880
2022-07-04,INV_03,49262.3,1076397.45,1125659.75,8955,2090,1070,1668,4812,938,885,1454,681,1341,2615,17065,977,2003,1880
2022-07-05,INV_03,63506.77,1034699.45,1098206.22,8955,2090,1070,1668,4812,938,885,1454,681,1341,2615,17065,977,2003,1410
2022-07-06,INV_03,74856.94,996064.73,1070921.68,8955,2090,802,1668,4812,938,885,1454,681,1341,2615,17065,977,2003,1410
2022-07-07,INV_03,74856.94,988449.91,1063306.85,8955,2090,802,1668,4812,938,885,1454,681,1341,2615,17065,977,2003,1410
2022-07-08,INV_03,81132.82,982696.4,1063829.21,8955,2090,802,1668,4812,938,885,1454,681,1341,2615,17065,732,2003,1410
2022-07-11,INV_03,89707.94,1008141.96,1097849.9,8955,2090,802,1668,3609,938,885,1454,681,1341,2615,17065,732,2003,1410
2022-07-12,INV_03,99828.43,1004409.51,1104237.94,8955,2090,802,1668,3609,938,885,1454,681,1005,2615,17065,732,2003,1410
2022-07-13,INV_03,99828.43,1004409.51,1104237.94,8955,2090,802,1668,3609,938,885,1454,681,1005,2615,17065,732,2003,1410
2022-07-14,INV_03,108780.27,986471.15,1095251.41,8955,2090,802,1668,3609,938,663,1454,681,1005,2615,17065,732,2003,1410
2022-07-15,INV_03,92300.63,1041364.97,1133665.6,8955,2090,802,1668,3609,938,663,1454,681,1005,2615,17065,732,2003,1998
2022-07-18,INV_03,92300.63,1052485.33,1144785.96,8955,2090,802,1668,3609,938,663,1454,681,1005,2615,17065,732,2003,1998
2022-07-19,INV_03,112586.4,1037008.78,1149595.18,8955,2090,802,1668,3609,938,663,1454,510,1005,2615,17065,732,2003,1998
2022-07-20,INV_03,95548.15,1070639.06,1166187.21,8955,2090,802,1668,3609,938,663,1454,510,1005,2615,17065,1315,2003,1998
2022-07-21,INV_03,81076.38,1090377.17,1171453.54,8955,2090,802,1668,3609,1178,663,1454,510,1005,2615,17065,1315,2003,1998
2022-07-22,INV_03,68800.33,1100815.26,1169615.6,8955,2090,802,1668,3609,1178,663,1454,510,1005,2615,18730,1315,2003,1998
2022-07-25,INV_03,114263.61,1039074.4,1153338.01,8955,2090,802,1668,3609,1178,663,1454,510,1005,1961,18730,1315,2003,1998
2022-07-26,INV_03,96959.97,1048132.41,1145092.39,10814,2090,802,1668,3609,1178,663,1454,510,1005,1961,18730,1315,2003,1998
2022-07-27,INV_03,96959.97,1043595.39,1140555.37,10814,2090,802,1668,3609,1178,663,1454,510,1005,1961,18730,1315,2003,1998
2022-07-28,INV_03,105192.61,1041123.99,1146316.59,10814,2090,802,1668,3609,1178,663,1454,510,753,1961,18730,1315,2003,1998
2022-07-29,INV_03,119770.28,1026399.06,1146169.34,10814,2090,802,1668,3609,1178,663,1454,510,753,1961,18730,1315,2003,1498
2022-08-01,INV_03,101653.78,1060120.19,1161773.97,10814,2090,802,1668,3609,1178,663,1454,510,753,2199,18730,1315,2003,1498
2022-08-02,INV_03,86272.61,1107854.5,1194127.11,10814,2090,802,1668,3609,1178,663,1454,510,753,2199,18730,1315,2003,2028
2022-08-03,INV_03,106837.51,1121946.19,1228783.7,10814,2090,802,1668,3609,883,663,1454,510,753,2199,18730,1315,2003,2028
2022-08-04,INV_03,90673.39,1181730.16,1272403.54,10814,2090,802,1668,3609,883,1014,1454,510,753,2199,18730,1315,2003,2028
2022-08-05,INV_03,76941.87,1223224.88,1300166.75,12118,2090,802,1668,3609,883,1014,1454,510,753,2199,18730,1315,2003,2028
2022-08-08,INV_03,65320.47,1274778.11,1340098.58,12118,2090,802,1668,3609,883,1014,1598,510,753,2199,18730,1315,2003,2028
2022-08-09,INV_03,55476.26,1317358.63,1372834.88,12118,2266,802,1668,3609,883,1014,1598,510,753,2199,18730,1315,2003,2028
2022-08-10,INV_03,95347.32,1300948.86,1396296.18,12118,2266,802,1668,3609,883,1014,1598,510,753,2199,14047,1315,2003,2028
2022-08-11,INV_03,95347.32,1300948.86,1396296.18,12118,2266,802,1668,3609,883,1014,1598,510,753,2199,14047,1315,2003,2028
2022-08-12,INV_03,80905.32,1379123.08,1460028.39,12118,2266,802,1668,5528,883,1014,1598,510,753,2199,14047,1315,2003,2028
2022-08-15,INV_03,111027.49,1340084.45,1451111.95,12118,2266,802,1668,5528,883,1014,1198,510,753,2199,14047,1315,2003,2028
2022-08-16,INV_03,94226.93,1363606.38,1457833.31,12118,2266,802,1668,5528,883,1350,1198,510,753,2199,14047,1315,2003,2028
2022-08-17,INV_03,79957.65,1370987.82,1450945.46,12118,2266,802,1668,5528,883,1350,1198,510,753,2199,15813,1315,2003,2028
2022-08-18,INV_03,95917.09,1351894.56,1447811.65,12118,2266,802,1668,5528,883,1012,1198,510,753,2199,15813,1315,2003,2028
2022-08-19,INV_03,108690.09,1329814.11,1438504.2,12118,2266,802,1251,5528,883,1012,1198,510,753,2199,15813,1315,2003,2028
2022-08-22,INV_03,140788.66,1297700.04,1438488.7,12118,2266,802,1251,5528,883,1012,1198,510,753,2199,11859,1315,2003,2028
2022-08-23,INV_03,119466.74,1318958.09,1438424.83,12118,2634,802,1251,5528,883,1012,1198,510,753,2199,11859,1315,2003,2028
2022-08-24,INV_03,101378.69,1338022.97,1439401.66,13621,2634,802,1251,5528,883,1012,1198,510,753,2199,11859,1315,2003,2028
2022-08-25,INV_03,181397.15,1213512.62,1394909.77,13621,2634,802,1251,5528,883,1012,1198,510,753,1649,11859,1315,2003,2028
2022-08-26,INV_03,187600.82,1194152.02,1381752.84,13621,2634,802,1251,5528,883,1012,1198,510,564,1649,11859,1315,2003,2028
2022-08-29,INV_03,202888.25,1158520.61,1361408.86,13621,2634,802,1251,5528,883,1012,1198,510,564,1649,11859,1315,1502,2028
2022-08-30,INV_03,172158.76,1202884.51,1375043.27,16488,2634,802,1251,5528,883,1012,1198,510,564,1649,11859,1315,1502,2028
2022-08-31,INV_03,172158.76,1228531.15,1400689.92,16488,2634,802,1251,5528,883,1012,1198,510,564,1649,11859,1315,1502,2028
2022-09-01,INV_03,146094.65,1293106.28,1439200.93,16488,2634,802,1251,5528,883,1012,1198,510,564,1649,11859,1945,1502,2028
2022-09-02,INV_03,124115.23,1341194.91,1465310.14,16488,2634,802,1251,5528,883,1012,1198,510,564,1777,11859,1945,1502,2028
2022-09-05,INV_03,105315.49,1389187.32,1494502.81,16488,2634,802,1251,5528,883,1012,1198,510,564,1777,13615,1945,1502,2028
2022-09-06,INV_03,89365.57,1416017.03,1505382.6,16488,2634,802,1251,5528,883,1012,1198,510,564,1777,15260,1945,1502,2028
2022-09-07,INV_03,75847.32,1434731.03,1510578.35,16488,2634,1104,1251,5528,883,1012,1198,510,564,1777,15260,1945,1502,2028
2022-09-08,INV_03,75847.32,1450448.13,1526295.45,16488,2634,1104,1251,5528,883,1012,1198,510,564,1777,15260,1945,1502,2028
2022-09-09,INV_03,64380.09,1494248.81,1558628.89,16488,2634,1104,1251,5528,883,1012,1198,510,564,1777,15260,1945,1835,2028
2022-09-12,INV_03,54635.61,1562741.06,1617376.67,16488,2634,1104,1251,5528,883,1012,1198,510,564,1777,16265,1945,1835,2028
2022-09-13,INV_03,54635.61,1561736.89,1616372.5,16488,2634,1104,1251,5528,883,1012,1198,510,564,1777,16265,1945,1835,2028
2022-09-14,INV_03,46392.97,1602312.35,1648705.32,16488,2634,1104,1251,5528,883,1012,1198,510,564,1777,16265,1945,2039,2028
2022-09-15,INV_03,51707.15,1621601.41,1673308.56,16488,2634,1104,1251,5528,883,1012,1198,510,423,1777,16265,1945,2039,2028
2022-09-16,INV_03,51707.15,1610099.25,1661806.41,16488,2634,1104,1251,5528,883,1012,1198,510,423,1777,16265,1945,2039,2028
2022-09-19,INV_03,69869.0,1579779.77,1649648.76,16488,2634,1104,1251,5528,662,1012,1198,510,423,1777,16265,1945,2039,2028
2022-09-20,INV_03,59315.56,1592145.69,1651461.24,16488,2634,1104,1251,5528,662,1012,1198,510,423,1777,16265,2201,2039,2028
2022-09-21,INV_03,59315.56,1602167.51,1661483.07,16488,2634,1104,1251,5528,662,1012,1198,510,423,1777,16265,2201,2039,2028
2022-09-22,INV_03,59315.56,1613208.39,1672523.95,16488,2634,1104,1251,5528,662,1012,1198,510,423,1777,16265,2201,2039,2028
2022-09-23,INV_03,59315.56,1610889.94,1670205.5,16488,2634,1104,1251,5528,662,1012,1198,510,423,1777,16265,2201,2039,2028
2022-09-26,INV_03,71518.85,1574292.56,1645811.41,16488,2634,828,1251,5528,662,1012,1198,510,423,1777,16265,2201,2039,2028
2022-09-27,INV_03,116724.38,1540093.31,1656817.69,12366,2634,828,1251,5528,662,1012,1198,510,423,1777,16265,2201,2039,2028
2022-09-28,INV_03,138114.53,1512139.07,1650253.6,12366,2634,828,1251,5528,662,1012,1198,510,423,1777,16265,1650,2039,2028
2022-09-29,INV_03,117202.36,1531238.85,1648441.21,12366,2634,1268,1251,5528,662,1012,1198,510,423,1777,16265,1650,2039,2028
2022-09-30,INV_03,99477.26,1563544.37,1663021.63,12366,2634,1268,1251,5528,662,1012,1198,510,423,1777,16265,1650,2039,2417
2022-10-03,INV_03,138425.48,1474589.93,1613015.42,12366,1975,1268,1251,5528,662,1012,1198,510,423,1777,16265,1650,2039,2417
2022-10-04,INV_03,142117.64,1380504.4,1522622.04,12366,1975,1268,1251,5528,662,1012,1198,510,317,1777,16265,1650,2039,2417
2022-10-05,INV_03,120592.52,1423230.38,1543822.9,12366,1975,1268,1251,5528,662,1012,1198,510,317,1777,18929,1650,2039,2417
2022-10-06,INV_03,208474.63,1296898.3,1505372.93,12366,1975,1268,1251,5528,662,1012,1198,510,317,1332,18929,1650,2039,2417
2022-10-07,INV_03,208474.63,1270472.64,1478947.27,12366,1975,1268,1251,5528,662,1012,1198,510,317,1332,18929,1650,2039,2417
2022-10-10,INV_03,176904.41,1301730.28,1478634.69,12366,1975,1268,1251,5528,662,1012,1198,510,317,1332,18929,2506,2039,2417
2022-10-11,INV_03,176904.41,1256468.08,1433372.49,12366,1975,1268,1251,5528,662,1012,1198,510,317,1332,18929,2506,2039,2417
2022-10-12,INV_03,238083.06,1197667.12,1435750.19,12366,1975,1268,1251,5528,662,1012,1198,510,317,999,18929,2506,2039,2417
2022-10-13,INV_03,202028.59,1291561.25,1493589.84,12366,1975,1268,1251,5528,662,1012,1708,510,317,999,18929,2506,2039,2417
2022-10-14,INV_03,171425.59,1308482.47,1479908.06,12366,1975,1268,1251,5528,662,1012,1708,510,317,999,22969,2506,2039,2417
2022-10-17,INV_03,185187.35,1265806.68,1450994.03,12366,1975,1268,1251,5528,662,759,1708,510,317,999,22969,2506,2039,2417
2022-10-18,INV_03,185187.35,1247175.02,1432362.37,12366,1975,1268,1251,5528,662,759,1708,510,317,999,22969,2506,2039,2417
2022-10-19,INV_03,195091.65,1238866.12,1433957.77,12366,1975,1268,1251,5528,662,569,1708,510,317,999,22969,2506,2039,2417
2022-10-20,INV_03,216174.7,1192647.42,1408822.12,12366,1975,1268,1251,5528,662,569,1708,510,317,999,22969,1879,2039,2417
2022-10-21,INV_03,241373.25,1152406.69,1393779.94,12366,1975,1268,1251,5528,662,569,1708,510,317,999,22969,1879,2039,1812
2022-10-24,INV_03,243875.57,1149879.09,1393754.67,12366,1975,1268,1251,5528,662,569,1708,510,237,999,22969,1879,2039,1812
2022-10-25,INV_03,251032.77,1116349.82,1367382.6,12366,1975,1268,1251,5528,662,426,1708,510,237,999,22969,1879,2039,1812
2022-10-26,INV_03,213008.05,1176663.49,1389671.53,16331,1975,1268,1251,5528,662,426,1708,510,237,999,22969,1879,2039,1812
2022-10-27,INV_03,180746.13,1234633.72,1415379.85,16331,1975,1268,1251,5528,662,426,1708,510,1248,999,22969,1879,2039,1812
2022-10-28,INV_03,190223.96,1205178.25,1395402.22,16331,1975,1268,938,5528,662,426,1708,510,1248,999,22969,1879,2039,1812
2022-10-31,INV_03,161437.93,1220397.71,1381835.64,16331,1975,1268,938,5528,662,426,1708,729,1248,999,22969,1879,2039,1812
2022-11-01,INV_03,186831.61,1187322.04,1374153.64,16331,1481,1268,938,5528,662,426,1708,729,1248,999,22969,1879,2039,1812
2022-11-02,INV_03,210008.99,1164141.21,1374150.2,16331,1481,1268,938,5528,662,426,1708,546,1248,999,22969,1879,2039,1812
2022-11-03,INV_03,178240.0,1191552.79,1369792.79,16331,1481,1268,938,5528,662,1047,1708,546,1248,999,22969,1879,2039,1812
2022-11-04,INV_03,151282.92,1218253.8,1369536.72,16331,1481,1268,938,5528,662,1570,1708,546,1248,999,22969,1879,2039,1812
2022-11-07,INV_03,151282.92,1218253.8,1369536.72,16331,1481,1268,938,5528,662,1570,1708,546,1248,999,22969,1879,2039,1812
2022-11-08,INV_03,170322.15,1168250.0,1338572.15,16331,1110,1268,938,5528,662,1570,1708,546,1248,999,22969,1879,2039,1812
2022-11-09,INV_03,144524.73,1207357.58,1351882.31,16331,1110,1268,938,5528,662,1570,1708,546,1248,999,26839,1879,2039,1812
2022-11-10,INV_03,122633.86,1239767.2,1362401.06,16331,1110,1268,938,5528,662,1570,1708,546,1934,999,26839,1879,2039,1812
2022-11-11,INV_03,104071.65,1268925.63,1372997.28,16331,1110,1268,938,5528,662,1570,1708,546,2510,999,26839,1879,2039,1812
2022-11-14,INV_03,88324.67,1284938.64,1373263.31,16331,1110,1268,938,5528,929,1570,1708,546,2510,999,26839,1879,2039,1812
2022-11-15,INV_03,107152.2,1246649.2,1353801.4,16331,1110,1268,938,5528,929,1570,1708,546,2510,999,26839,1879,2039,1359
2022-11-16,INV_03,90945.96,1243210.34,1334156.3,16331,1110,1268,938,5528,929,1570,1708,546,2510,999,26839,1879,2039,1747
2022-11-17,INV_03,103566.66,1224117.3,1327683.97,16331,1110,1268,938,5528,696,1570,1708,546,2510,999,26839,1879,2039,1747
2022-11-18,INV_03,138937.38,1147423.16,1286360.54,12248,1110,1268,938,5528,696,1570,1708,546,2510,999,26839,1879,2039,1747
2022-11-21,INV_03,138937.38,1133064.64,1272002.02,12248,1110,1268,938,5528,696,1570,1708,546,2510,999,26839,1879,2039,1747
2022-11-22,INV_03,117894.15,1201257.66,1319151.81,12248,1110,1268,938,5528,696,1570,2029,546,2510,999,26839,1879,2039,1747
2022-11-23,INV_03,117894.15,1224846.29,1342740.44,12248,1110,1268,938,5528,696,1570,2029,546,2510,999,26839,1879,2039,1747
2022-11-24,INV_03,117894.15,1202697.83,1320591.98,12248,1110,1268,938,5528,696,1570,2029,546,2510,999,26839,1879,2039,1747
2022-11-25,INV_03,131426.94,1208340.17,1339767.11,12248,1110,951,938,5528,696,1570,2029,546,2510,999,26839,1879,2039,1747
2022-11-28,INV_03,149954.61,1211875.69,1361830.3,12248,1110,951,938,5528,696,1570,2029,546,1882,999,26839,1879,2039,1747
2022-11-29,INV_03,167022.88,1194391.53,1361414.41,12248,1110,951,938,5528,696,1570,2029,546,1882,999,26839,1409,2039,1747
2022-11-30,INV_03,141722.67,1276184.72,1417907.39,12248,1110,951,938,8928,696,1570,2029,546,1882,999,26839,1409,2039,1747
2022-12-01,INV_03,120257.52,1309618.84,1429876.36,12248,1110,951,938,8928,696,1570,2029,701,1882,999,26839,1409,2039,1747
2022-12-02,INV_03,120257.52,1324374.89,1444632.41,12248,1110,951,938,8928,696,1570,2029,701,1882,999,26839,1409,2039,1747
2022-12-05,INV_03,135213.66,1318913.28,1454126.95,12248,832,951,938,8928,696,1570,2029,701,1882,999,26839,1409,2039,1747
2022-12-06,INV_03,135213.66,1335278.83,1470492.49,12248,832,951,938,8928,696,1570,2029,701,1882,999,26839,1409,2039,1747
2022-12-07,INV_03,114786.65,1355503.59,1470290.25,12248,832,951,938,8928,1032,1570,2029,701,1882,999,26839,1409,2039,1747
2022-12-08,INV_03,125994.65,1338212.62,1464207.28,12248,624,951,938,8928,1032,1570,2029,701,1882,999,26839,1409,2039,1747
2022-12-09,INV_03,125994.65,1332773.73,1458768.38,12248,624,951,938,8928,1032,1570,2029,701,1882,999,26839,1409,2039,1747
2022-12-12,INV_03,125994.65,1333108.81,1459103.47,12248,624,951,938,8928,1032,1570,2029,701,1882,999,26839,1409,2039,1747
2022-12-13,INV_03,125994.65,1333646.11,1459640.76,12248,624,951,938,8928,1032,1570,2029,701,1882,999,26839,1409,2039,1747
2022-12-14,INV_03,106964.15,1380747.13,1487711.28,12248,624,951,938,8928,1032,1570,2029,836,1882,999,26839,1409,2039,1747
2022-12-15,INV_03,90794.42,1391706.21,1482500.63,12248,624,951,938,8928,1032,1570,2029,836,1882,999,26839,1851,2039,1747
2022-12-16,INV_03,105344.95,1368498.31,1473843.25,12248,624,951,938,8928,1032,1570,2029,836,1411,999,26839,1851,2039,1747
2022-12-19,INV_03,89437.91,1355858.12,1445296.03,12248,898,951,938,8928,1032,1570,2029,836,1411,999,26839,1851,2039,1747
2022-12-20,INV_03,125133.75,1296569.23,1421702.98,12248,898,951,938,8928,1032,1570,1521,836,1411,999,26839,1851,2039,1747
2022-12-21,INV_03,106181.1,1309673.63,1415854.73,12248,898,951,938,8928,1032,1570,1521,836,1411,999,29341,1851,2039,1747
2022-12-22,INV_03,106181.1,1304299.16,1410480.26,12248,898,951,938,8928,1032,1570,1521,836,1411,999,29341,1851,2039,1747
2022-12-23,INV_03,90096.21,1317022.77,1407118.98,12248,898,951,938,8928,1032,1872,1521,836,1411,999,29341,1851,2039,1747
2022-12-26,INV_03,100256.48,1306759.88,1407016.36,12248,898,713,938,8928,1032,1872,1521,836,1411,999,29341,1851,2039,1747
2022-12-27,INV_03,85120.44,1332935.49,1418055.93,12248,898,713,938,8928,1032,2142,1521,836,1411,999,29341,1851,2039,1747
2022-12-28,INV_03,72249.26,1342562.46,1414811.71,12248,898,713,938,8928,1032,2142,1704,836,1411,999,29341,1851,2039,1747
2022-12-29,INV_03,61320.56,1361229.37,1422549.92,12248,898,713,938,8928,1032,2142,1858,836,1411,999,29341,1851,2039,1747
2022-12-30,INV_03,61320.56,1365933.28,1427253.84,12248,898,713,938,8928,1032,2142,1858,836,1411,999,29341,1851,2039,1747
2023-01-02,INV_03,73824.16,1347450.33,1421274.48,12248,673,713,938,8928,1032,2142,1858,836,1411,999,29341,1851,2039,1747
2023-01-03,INV_03,73824.16,1357535.52,1431359.67,12248,673,713,938,8928,1032,2142,1858,836,1411,999,29341,1851,2039,1747
2023-01-04,INV_03,73824.16,1345997.63,1419821.78,12248,673,713,938,8928,1032,2142,1858,836,1411,999,29341,1851,2039,1747
2023-01-05,INV_03,62654.38,1354708.82,1417363.21,12248,673,713,938,8928,1032,2142,1858,836,1411,999,29341,1851,2039,2015
2023-01-06,INV_03,53165.96,1364103.3,1417269.26,12248,673,930,938,8928,1032,2142,1858,836,1411,999,29341,1851,2039,2015
2023-01-09,INV_03,63689.45,1336542.68,1400232.13,12248,673,930,938,8928,1032,2142,1858,836,1058,999,29341,1851,2039,2015
2023-01-10,INV_03,63689.45,1325571.97,1389261.42,12248,673,930,938,8928,1032,2142,1858,836,1058,999,29341,1851,2039,2015
2023-01-11,INV_03,93319.42,1291010.28,1384329.7,9186,673,930,938,8928,1032,2142,1858,836,1058,999,29341,1851,2039,2015
2023-01-12,INV_03,115335.04,1249930.0,1365265.04,6889,673,930,938,8928,1032,2142,1858,836,1058,999,29341,1851,2039,2015
2023-01-13,INV_03,97912.32,1267180.21,1365092.53,6889,673,930,938,8928,1357,2142,1858,836,1058,999,29341,1851,2039,2015
2023-01-16,INV_03,129394.77,1235379.76,1364774.53,6889,673,930,938,8928,1357,2142,1393,836,1058,999,29341,1851,2039,2015
2023-01-17,INV_03,129394.77,1261353.75,1390748.52,6889,673,930,938,8928,1357,2142,1393,836,1058,999,29341,1851,2039,2015
2023-01-18,INV_03,157205.71,1214492.4,1371698.11,6889,673,930,938,8928,1357,2142,1393,627,1058,999,29341,1851,2039,2015
2023-01-19,INV_03,133396.51,1248584.49,1381981.0,9278,673,930,938,8928,1357,2142,1393,627,1058,999,29341,1851,2039,2015
2023-01-20,INV_03,113187.73,1307322.21,1420509.94,11232,673,930,938,8928,1357,2142,1393,627,1058,999,29341,1851,2039,2015
2023-01-23,INV_03,120488.78,1325370.89,1445859.67,11232,673,930,703,8928,1357,2142,1393,627,1058,999,29341,1851,2039,2015
2023-01-24,INV_03,120488.78,1303707.89,1424196.67,11232,673,930,703,8928,1357,2142,1393,627,1058,999,29341,1851,2039,2015
2023-01-25,INV_03,102243.13,1334105.77,1436348.9,11232,673,930,703,8928,1357,2142,1393,627,1058,999,29341,1851,2594,2015
2023-01-26,INV_03,86758.84,1361653.13,1448411.97,11232,673,930,703,10897,1357,2142,1393,627,1058,999,29341,1851,2594,2015
2023-01-27,INV_03,73617.33,1385729.77,1459347.1,11232,673,930,703,10897,1357,2142,1393,627,1058,999,31283,1851,2594,2015
2023-01-30,INV_03,62476.55,1393674.15,1456150.7,11232,673,930,703,10897,1357,2142,1393,627,1058,999,31283,1851,2931,2015
2023-01-31,INV_03,53059.58,1407081.89,1460141.46,11232,673,930,703,10897,1357,2142,1393,695,1058,999,31283,1851,2931,2015
2023-02-01,INV_03,53059.58,1411098.46,1464158.03,11232,673,930,703,10897,1357,2142,1393,695,1058,999,31283,1851,2931,2015
2023-02-02,INV_03,45027.97,1429500.81,1474528.77,11232,673,930,703,10897,1357,2142,1393,695,1058,999,31283,1851,3157,2015
2023-02-03,INV_03,45027.97,1460023.63,1505051.6,11232,673,930,703,10897,1357,2142,1393,695,1058,999,31283,1851,3157,2015
2023-02-06,INV_03,45027.97,1442542.38,1487570.34,11232,673,930,703,10897,1357,2142,1393,695,1058,999,31283,1851,3157,2015
2023-02-07,INV_03,45027.97,1430981.56,1476009.53,11232,673,930,703,10897,1357,2142,1393,695,1058,999,31283,1851,3157,2015
2023-02-08,INV_03,45027.97,1438814.53,1483842.5,11232,673,930,703,10897,1357,2142,1393,695,1058,999,31283,1851,3157,2015
2023-02-09,INV_03,70039.53,1408941.32,1478980.86,11232,673,930,703,10897,1357,2142,1393,695,1058,999,31283,1851,3157,1511
2023-02-10,INV_03,59445.16,1412347.74,1471792.89,11232,844,930,703,10897,1357,2142,1393,695,1058,999,31283,1851,3157,1511
2023-02-13,INV_03,59445.16,1381832.87,1441278.03,11232,844,930,703,10897,1357,2142,1393,695,1058,999,31283,1851,3157,1511
2023-02-14,INV_03,68859.75,1342433.03,1411292.78,11232,844,930,703,10897,1357,2142,1393,695,793,999,31283,1851,3157,1511
2023-02-15,INV_03,58446.0,1349633.04,1408079.05,11232,844,1136,703,10897,1357,2142,1393,695,793,999,31283,1851,3157,1511
2023-02-16,INV_03,49601.71,1415438.62,1465040.32,11232,994,1136,703,10897,1357,2142,1393,695,793,999,31283,1851,3157,1511
2023-02-17,INV_03,49601.71,1419585.31,1469187.01,11232,994,1136,703,10897,1357,2142,1393,695,793,999,31283,1851,3157,1511
2023-02-20,INV_03,49601.71,1474680.02,1524281.73,11232,994,1136,703,10897,1357,2142,1393,695,793,999,31283,1851,3157,1511
2023-02-21,INV_03,49601.71,1495046.75,1544648.45,11232,994,1136,703,10897,1357,2142,1393,695,793,999,31283,1851,3157,1511
2023-02-22,INV_03,49601.71,1505309.48,1554911.19,11232,994,1136,703,10897,1357,2142,1393,695,793,999,31283,1851,3157,1511
2023-02-23,INV_03,70771.02,1495638.38,1566409.4,11232,994,1136,703,10897,1017,2142,1393,695,793,999,31283,1851,3157,1511
2023-02-24,INV_03,70771.02,1505098.6,1575869.62,11232,994,1136,703,10897,1017,2142,1393,695,793,999,31283,1851,3157,1511
2023-02-27,INV_03,86335.24,1463274.08,1549609.31,11232,745,1136,703,10897,1017,2142,1393,695,793,999,31283,1851,3157,1511
2023-02-28,INV_03,118728.27,1420347.06,1539075.33,11232,745,1136,703,10897,1017,1606,1393,695,793,999,31283,1851,3157,1511
2023-03-01,INV_03,100764.18,1451438.44,1552202.62,11232,745,1136,703,10897,1017,1896,1393,695,793,999,31283,1851,3157,1511
2023-03-02,INV_03,85602.89,1486671.29,1572274.18,11232,745,1136,703,10897,1017,1896,1393,695,793,1087,31283,1851,3157,1511
2023-03-03,INV_03,72765.51,1529620.83,1602386.34,11232,745,1136,703,10897,1017,1896,1393,788,793,1087,31283,1851,3157,1511
2023-03-06,INV_03,108994.96,1493025.43,1602020.39,8424,745,1136,703,10897,1017,1896,1393,788,793,1087,31283,1851,3157,1511
2023-03-07,INV_03,92498.38,1591810.72,1684309.11,8424,745,1136,703,10897,1017,1896,1393,788,793,1179,31283,1851,3157,1511
2023-03-08,INV_03,78543.65,1620329.52,1698873.17,8424,745,1136,703,10897,1017,2109,1393,788,793,1179,31283,1851,3157,1511
2023-03-09,INV_03,78543.65,1608143.6,1686687.25,8424,745,1136,703,10897,1017,2109,1393,788,793,1179,31283,1851,3157,1511
2023-03-10,INV_03,94660.89,1554389.27,1649050.16,8424,745,852,703,10897,1017,2109,1393,788,793,1179,31283,1851,3157,1511
2023-03-13,INV_03,132988.22,1488995.41,1621983.63,8424,745,852,703,10897,1017,2109,1044,788,793,1179,31283,1851,3157,1511
2023-03-14,INV_03,112869.01,1519477.61,1632346.62,8424,745,852,703,10897,1017,2109,1044,788,793,1179,31283,2291,3157,1511
2023-03-15,INV_03,95800.87,1568846.59,1664647.46,8424,990,852,703,10897,1017,2109,1044,788,793,1179,31283,2291,3157,1511
2023-03-16,INV_03,95800.87,1566641.06,1662441.93,8424,990,852,703,10897,1017,2109,1044,788,793,1179,31283,2291,3157,1511
2023-03-17,INV_03,81305.89,1596849.5,1678155.39,8424,990,852,703,10897,1017,2109,1044,788,793,1179,31283,2608,3157,1511
2023-03-20,INV_03,69023.01,1622023.69,1691046.7,8424,990,1058,703,10897,1017,2109,1044,788,793,1179,31283,2608,3157,1511
2023-03-21,INV_03,58572.06,1604181.6,1662753.67,9132,990,1058,703,10897,1017,2109,1044,788,793,1179,31283,2608,3157,1511
2023-03-22,INV_03,58572.06,1581524.18,1640096.24,9132,990,1058,703,10897,1017,2109,1044,788,793,1179,31283,2608,3157,1511
2023-03-23,INV_03,89921.43,1515694.03,1605615.46,6849,990,1058,703,10897,1017,2109,1044,788,793,1179,31283,2608,3157,1511
2023-03-24,INV_03,117534.91,1490274.68,1607809.59,6849,990,1058,703,10897,1017,2109,1044,591,793,1179,31283,2608,3157,1511
2023-03-27,INV_03,138063.97,1439779.14,1577843.11,6849,990,1058,703,10897,1017,2109,1044,443,793,1179,31283,2608,3157,1511
2023-03-28,INV_03,138063.97,1433140.4,1571204.37,6849,990,1058,703,10897,1017,2109,1044,443,793,1179,31283,2608,3157,1511
2023-03-29,INV_03,117231.46,1466746.79,1583978.25,6849,990,1058,703,10897,1017,2109,1044,443,793,1319,31283,2608,3157,1511
2023-03-30,INV_03,131933.74,1439586.61,1571520.36,6849,990,793,703,10897,1017,2109,1044,443,793,1319,31283,2608,3157,1511
2023-03-31,INV_03,111968.67,1478572.94,1590541.61,6849,1294,793,703,10897,1017,2109,1044,443,793,1319,31283,2608,3157,1511
2023-04-03,INV_03,135684.16,1439106.86,1574791.02,6849,1294,793,703,8172,1017,2109,1044,443,793,1319,31283,2608,3157,1511
2023-04-04,INV_03,151707.67,1406250.72,1557958.39,6849,1294,793,703,8172,762,2109,1044,443,793,1319,31283,2608,3157,1511
2023-04-05,INV_03,169318.42,1388462.08,1557780.51,6849,1294,793,703,6129,762,2109,1044,443,793,1319,31283,2608,3157,1511
2023-04-06,INV_03,143683.88,1424685.38,1568369.26,6849,1294,793,703,6129,762,2109,1044,443,793,1319,31283,2608,3790,1511
2023-04-07,INV_03,121925.65,1446228.19,1568153.84,8502,1294,793,703,6129,762,2109,1044,443,793,1319,31283,2608,3790,1511
2023-04-10,INV_03,170271.45,1397640.79,1567912.24,8502,1294,793,703,6129,762,2109,1044,443,793,989,31283,2608,3790,1511
2023-04-11,INV_03,170271.45,1418421.83,1588693.29,8502,1294,793,703,6129,762,2109,1044,443,793,989,31283,2608,3790,1511
2023-04-12,INV_03,144478.1,1438160.27,1582638.37,8502,1294,793,703,9062,762,2109,1044,443,793,989,31283,2608,3790,1511
2023-04-13,INV_03,122644.44,1459777.76,1582422.2,8502,1294,793,703,9062,1104,2109,1044,443,793,989,31283,2608,3790,1511
2023-04-14,INV_03,122644.44,1459777.76,1582422.2,8502,1294,793,703,9062,1104,2109,1044,443,793,989,31283,2608,3790,1511
2023-04-17,INV_03,131328.03,1452927.39,1584255.42,8502,1294,793,703,9062,1104,2109,1044,443,594,989,31283,2608,3790,1511
2023-04-18,INV_03,111437.6,1468782.01,1580219.61,8502,1294,793,703,11240,1104,2109,1044,443,594,989,31283,2608,3790,1511
2023-04-19,INV_03,94562.31,1476304.24,1570866.55,8502,1294,793,1112,11240,1104,2109,1044,443,594,989,31283,2608,3790,1511
2023-04-20,INV_03,80259.83,1489804.42,1570064.25,8502,1294,793,1112,11240,1104,2109,1044,443,594,989,31283,2608,4140,1511
2023-04-21,INV_03,68125.81,1501464.78,1569590.59,8502,1294,793,1112,11240,1104,2109,1044,443,874,989,31283,2608,4140,1511
2023-04-24,INV_03,68125.81,1486174.88,1554300.69,8502,1294,793,1112,11240,1104,2109,1044,443,874,989,31283,2608,4140,1511
2023-04-25,INV_03,57848.09,1497987.49,1555835.57,8502,1294,987,1112,11240,1104,2109,1044,443,874,989,31283,2608,4140,1511
2023-04-26,INV_03,77524.15,1466619.02,1544143.17,8502,970,987,1112,11240,1104,2109,1044,443,874,989,31283,2608,4140,1511
2023-04-27,INV_03,98843.73,1431682.31,1530526.04,8502,970,987,1112,11240,1104,2109,1044,443,874,989,31283,2608,4140,1133
2023-04-28,INV_03,98843.73,1426641.95,1525485.68,8502,970,987,1112,11240,1104,2109,1044,443,874,989,31283,2608,4140,1133
2023-05-01,INV_03,98843.73,1426641.95,1525485.68,8502,970,987,1112,11240,1104,2109,1044,443,874,989,31283,2608,4140,1133
2023-05-02,INV_03,113484.2,1360033.99,1473518.19,8502,970,987,1112,11240,1104,2109,1044,332,874,989,31283,2608,4140,1133
2023-05-03,INV_03,96298.65,1401427.14,1497725.79,9817,970,987,1112,11240,1104,2109,1044,332,874,989,31283,2608,4140,1133
2023-05-04,INV_03,138109.72,1357281.79,1495391.51,9817,970,987,1112,11240,1104,2109,1044,332,874,989,23462,2608,4140,1133
2023-05-05,INV_03,138109.72,1357281.79,1495391.51,9817,970,987,1112,11240,1104,2109,1044,332,874,989,23462,2608,4140,1133
2023-05-08,INV_03,171187.86,1339494.91,1510682.77,9817,970,987,1112,11240,1104,2109,1044,332,874,741,23462,2608,4140,1133
2023-05-09,INV_03,182397.8,1325985.66,1508383.47,9817,970,987,1112,11240,1104,2109,1044,249,874,741,23462,2608,4140,1133
2023-05-10,INV_03,154808.09,1352281.94,1507090.04,9817,970,1516,1112,11240,1104,2109,1044,249,874,741,23462,2608,4140,1133
2023-05-11,INV_03,131356.02,1399345.57,1530701.59,9817,970,1516,1112,13808,1104,2109,1044,249,874,741,23462,2608,4140,1133
2023-05-12,INV_03,162134.92,1359437.35,1521572.28,9817,970,1516,1112,13808,1104,2109,1044,249,874,741,17596,2608,4140,1133
2023-05-15,INV_03,137603.5,1382459.79,1520063.28,9817,970,1516,1112,13808,1104,2109,1044,249,874,741,17596,2608,4689,1133
2023-05-16,INV_03,146158.24,1348960.46,1495118.71,9817,970,1516,1112,13808,1104,2109,1044,186,874,741,17596,2608,4689,1133
2023-05-17,INV_03,146158.24,1350835.73,1496993.97,9817,970,1516,1112,13808,1104,2109,1044,186,874,741,17596,2608,4689,1133
2023-05-18,INV_03,124039.88,1363355.7,1487395.58,9817,970,1516,1112,13808,1104,2470,1044,186,874,741,17596,2608,4689,1133
2023-05-19,INV_03,105253.06,1377987.26,1483240.32,9817,970,1516,1614,13808,1104,2470,1044,186,874,741,17596,2608,4689,1133
2023-05-22,INV_03,142075.71,1319804.23,1461879.94,9817,970,1516,1614,13808,1104,1852,1044,186,874,741,17596,2608,4689,1133
2023-05-23,INV_03,142075.71,1326859.04,1468934.74,9817,970,1516,1614,13808,1104,1852,1044,186,874,741,17596,2608,4689,1133
2023-05-24,INV_03,142075.71,1348965.03,1491040.74,9817,970,1516,1614,13808,1104,1852,1044,186,874,741,17596,2608,4689,1133
2023-05-25,INV_03,156335.81,1324794.13,1481129.95,9817,727,1516,1614,13808,1104,1852,1044,186,874,741,17596,2608,4689,1133
2023-05-26,INV_03,132680.96,1355811.44,1488492.4,9817,727,1516,1614,13808,1494,1852,1044,186,874,741,17596,2608,4689,1133
2023-05-29,INV_03,165487.17,1300373.01,1465860.19,7362,727,1516,1614,13808,1494,1852,1044,186,874,741,17596,2608,4689,1133
2023-05-30,INV_03,193812.98,1263559.63,1457372.61,7362,727,1516,1614,10356,1494,1852,1044,186,874,741,17596,2608,4689,1133
2023-05-31,INV_03,164477.05,1295096.1,1459573.15,7362,727,1516,1614,10356,1494,1852,1044,186,1577,741,17596,2608,4689,1133
2023-06-01,INV_03,139563.18,1354347.73,1493910.91,7362,727,1516,1614,10356,1494,1852,1044,186,1577,741,22735,2608,4689,1133
2023-06-02,INV_03,161451.3,1344441.73,1505893.03,7362,727,1516,1614,7767,1494,1852,1044,186,1577,741,22735,2608,4689,1133
2023-06-05,INV_03,209054.77,1291862.96,1500917.73,7362,727,1516,1614,7767,1494,1852,1044,186,1577,741,22735,2608,3516,1133
2023-06-06,INV_03,177401.06,1324618.49,1502019.55,7362,727,1516,1614,7767,1494,1852,1044,414,1577,741,22735,2608,3516,1133
2023-06-07,INV_03,177401.06,1323465.03,1500866.09,7362,727,1516,1614,7767,1494,1852,1044,414,1577,741,22735,2608,3516,1133
2023-06-08,INV_03,194913.95,1312946.07,1507860.02,7362,727,1516,1614,7767,1494,1852,1044,414,1577,741,22735,2608,3516,849
2023-06-09,INV_03,205351.62,1311693.65,1517045.27,7362,545,1516,1614,7767,1494,1852,1044,414,1577,741,22735,2608,3516,849
2023-06-12,INV_03,174259.54,1376025.91,1550285.44,7362,545,1516,2371,7767,1494,1852,1044,414,1577,741,22735,2608,3516,849
2023-06-13,INV_03,147866.82,1424673.28,1572540.1,7362,545,1516,2371,10827,1494,1852,1044,414,1577,741,22735,2608,3516,849
2023-06-14,INV_03,125500.58,1482804.52,1608305.1,7362,545,1516,2371,10827,1494,1852,1044,414,1577,741,22735,2608,3988,849
2023-06-15,INV_03,143558.19,1462966.9,1606525.08,7362,545,1516,2371,10827,1494,1852,1044,414,1182,741,22735,2608,3988,849
2023-06-16,INV_03,143558.19,1459478.73,1603036.91,7362,545,1516,2371,10827,1494,1852,1044,414,1182,741,22735,2608,3988,849
2023-06-19,INV_03,121814.04,1467774.76,1589588.81,7362,545,1516,2371,13373,1494,1852,1044,414,1182,741,22735,2608,3988,849
2023-06-20,INV_03,149530.81,1431437.93,1580968.74,7362,545,1516,2371,10029,1494,1852,1044,414,1182,741,22735,2608,3988,849
2023-06-21,INV_03,126936.99,1476776.94,1603713.92,7362,545,1516,2371,10029,1494,1852,1044,414,1182,741,22735,2608,3988,1197
2023-06-22,INV_03,107733.53,1499578.3,1607311.83,7362,837,1516,2371,10029,1494,1852,1044,414,1182,741,22735,2608,3988,1197
2023-06-23,INV_03,91421.92,1517803.5,1609225.43,7362,1080,1516,2371,10029,1494,1852,1044,414,1182,741,22735,2608,3988,1197
2023-06-26,INV_03,77616.78,1549191.8,1626808.58,7362,1080,1516,2371,10029,1494,1852,1044,414,1478,741,22735,2608,3988,1197
2023-06-27,INV_03,110744.76,1511857.64,1622602.4,7362,1080,1516,2371,10029,1494,1852,783,414,1478,741,22735,2608,3988,1197
2023-06-28,INV_03,94019.46,1546179.45,1640198.92,7362,1080,1516,2371,10029,1494,1852,911,414,1478,741,22735,2608,3988,1197
2023-06-29,INV_03,111856.6,1528162.15,1640018.74,7362,810,1516,2371,10029,1494,1852,911,414,1478,741,22735,2608,3988,1197
2023-06-30,INV_03,111856.6,1530820.26,1642676.86,7362,810,1516,2371,10029,1494,1852,911,414,1478,741,22735,2608,3988,1197
2023-07-03,INV_03,142243.26,1500126.66,1642369.92,7362,810,1516,2371,10029,1494,1852,911,414,1478,741,17051,2608,3988,1197
2023-07-04,INV_03,120717.21,1675703.26,1796420.46,7362,810,1516,2371,10029,1494,1852,911,414,1478,741,17051,3012,3988,1197
2023-07-05,INV_03,150138.05,1667937.3,1818075.35,7362,810,1516,1778,10029,1494,1852,911,414,1478,741,17051,3012,3988,1197
2023-07-06,INV_03,127462.23,1688286.38,1815748.61,7362,810,1516,1778,10029,1494,1852,911,414,1478,741,17051,3012,3988,1490
2023-07-07,INV_03,108171.99,1722104.91,1830276.89,7362,1062,1516,1778,10029,1494,1852,911,414,1478,741,17051,3012,3988,1490
2023-07-10,INV_03,108171.99,1722877.17,1831049.16,7362,1062,1516,1778,10029,1494,1852,911,414,1478,741,17051,3012,3988,1490
2023-07-11,INV_03,133494.21,1697441.41,1830935.61,7362,1062,1516,1778,10029,1494,1852,911,414,1478,741,12788,3012,3988,1490
2023-07-12,INV_03,113310.73,1744209.46,1857520.19,7362,1062,1516,2166,10029,1494,1852,911,414,1478,741,12788,3012,3988,1490
2023-07-13,INV_03,96146.81,1760183.73,1856330.54,7362,1062,1516,2166,10029,1494,1852,911,414,1478,741,12788,3012,3988,1714
2023-07-14,INV_03,96146.81,1786660.15,1882806.96,7362,1062,1516,2166,10029,1494,1852,911,414,1478,741,12788,3012,3988,1714
2023-07-17,INV_03,125472.92,1789647.81,1915120.73,7362,1062,1516,1624,10029,1494,1852,911,414,1478,741,12788,3012,3988,1714
2023-07-18,INV_03,106469.67,1836499.58,1942969.24,7362,1062,1516,1624,10029,1494,1852,911,414,1478,741,15977,3012,3988,1714
2023-07-19,INV_03,90344.01,1905065.76,1995409.77,7362,1062,1516,1624,10029,1494,1852,911,414,1478,741,18638,3012,3988,1714
2023-07-20,INV_03,76770.07,1925650.78,2002420.85,7362,1062,1516,1624,10029,1494,1852,911,414,1478,841,18638,3012,3988,1714
2023-07-21,INV_03,65148.96,1946771.95,2011920.92,7362,1062,1660,1624,10029,1494,1852,911,414,1478,841,18638,3012,3988,1714
2023-07-24,INV_03,55327.77,1953654.18,2008981.95,7362,1062,1660,1624,10029,1494,1852,911,414,1478,841,18638,3012,3988,1824
2023-07-25,INV_03,79536.03,1908906.7,1988442.73,7362,1062,1660,1624,10029,1494,1852,911,414,1478,630,18638,3012,3988,1824
2023-07-26,INV_03,79536.03,1904638.76,1984174.79,7362,1062,1660,1624,10029,1494,1852,911,414,1478,630,18638,3012,3988,1824
2023-07-27,INV_03,67529.95,1976332.36,2043862.32,7362,1062,1660,1624,10029,1494,1852,911,414,1683,630,18638,3012,3988,1824
2023-07-28,INV_03,57303.78,2002688.19,2059991.97,7362,1062,1660,1624,10029,1494,1852,911,414,1683,630,18638,3168,3988,1824
2023-07-31,INV_03,57303.78,2015707.46,2073011.24,7362,1062,1660,1624,10029,1494,1852,911,414,1683,630,18638,3168,3988,1824
2023-08-01,INV_03,81400.73,1991367.11,2072767.84,7362,1062,1660,1624,10029,1494,1852,911,414,1262,630,18638,3168,3988,1824
2023-08-02,INV_03,69092.93,2046327.26,2115420.19,7362,1062,1660,1774,10029,1494,1852,911,414,1262,630,18638,3168,3988,1824
2023-08-03,INV_03,69092.93,2086380.05,2155472.98,7362,1062,1660,1774,10029,1494,1852,911,414,1262,630,18638,3168,3988,1824
2023-08-04,INV_03,116244.18,2041072.19,2157316.37,7362,1062,1660,1774,10029,1494,1852,911,414,1262,630,18638,3168,3988,1368
2023-08-07,INV_03,116244.18,2053623.78,2169867.95,7362,1062,1660,1774,10029,1494,1852,911,414,1262,630,18638,3168,3988,1368
2023-08-08,INV_03,136447.74,2042919.84,2179367.58,7362,1062,1660,1774,10029,1494,1852,911,310,1262,630,18638,3168,3988,1368
2023-08-09,INV_03,136447.74,2045498.79,2181946.53,7362,1062,1660,1774,10029,1494,1852,911,310,1262,630,18638,3168,3988,1368
2023-08-10,INV_03,115825.97,2071403.81,2187229.78,7362,1062,1660,1774,10029,1494,1852,911,310,1262,630,18638,3452,3988,1368
2023-08-11,INV_03,154162.76,2023899.35,2178062.11,7362,1062,1245,1774,10029,1494,1852,911,310,1262,630,18638,3452,3988,1368
2023-08-14,INV_03,130809.72,2014552.76,2145362.48,7362,1062,1245,1774,10029,1494,1852,911,310,1262,630,18638,3777,3988,1368
2023-08-15,INV_03,159313.32,1938768.36,2098081.68,5521,1062,1245,1774,10029,1494,1852,911,310,1262,630,18638,3777,3988,1368
2023-08-16,INV_03,135233.61,2003274.97,2138508.59,5521,1062,1245,1774,10029,1494,1852,911,310,1262,630,18638,3777,3988,1579
2023-08-17,INV_03,114747.58,2048200.4,2162947.98,5521,1062,1245,1774,10029,1494,1852,911,310,1262,630,22260,3777,3988,1579
2023-08-18,INV_03,147386.39,1994856.34,2142242.73,5521,796,1245,1774,10029,1494,1852,911,310,1262,630,22260,3777,3988,1579
2023-08-21,INV_03,171396.43,1943986.96,2115383.39,5521,597,1245,1774,10029,1494,1852,911,310,1262,630,22260,3777,3988,1579
2023-08-22,INV_03,171396.43,1927299.18,2098695.61,5521,597,1245,1774,10029,1494,1852,911,310,1262,630,22260,3777,3988,1579
2023-08-23,INV_03,171396.43,1943760.47,2115156.9,5521,597,1245,1774,10029,1494,1852,911,310,1262,630,22260,3777,3988,1579
2023-08-24,INV_03,196636.56,1878240.71,2074877.27,5521,597,933,1774,10029,1494,1852,911,310,1262,630,22260,3777,3988,1579
2023-08-25,INV_03,166874.21,1917308.65,2084182.86,5521,597,933,1774,10029,1865,1852,911,310,1262,630,22260,3777,3988,1579
2023-08-28,INV_03,166874.21,1907524.04,2074398.25,5521,597,933,1774,10029,1865,1852,911,310,1262,630,22260,3777,3988,1579
2023-08-29,INV_03,141601.49,1925586.34,2067187.83,7057,597,933,1774,10029,1865,1852,911,310,1262,630,22260,3777,3988,1579
2023-08-30,INV_03,120154.09,1946821.39,2066975.48,7057,597,933,1774,10029,1865,1852,911,310,1262,630,22260,4096,3988,1579
2023-08-31,INV_03,102050.91,1951063.73,2053114.64,7057,597,933,1774,10029,1865,1852,911,310,1262,630,22260,4096,3988,1751
2023-09-01,INV_03,86591.45,1982834.59,2069426.04,7057,597,933,1774,10029,1865,1852,911,310,1262,630,25148,4096,3988,1751
2023-09-04,INV_03,73499.29,2051964.94,2125464.23,7057,597,933,1774,10029,1865,1852,911,310,1262,630,25148,4290,3988,1751
2023-09-05,INV_03,73499.29,2071546.19,2145045.48,7057,597,933,1774,10029,1865,1852,911,310,1262,630,25148,4290,3988,1751
2023-09-06,INV_03,62403.42,2054282.82,2116686.23,7057,597,933,1774,10029,1865,1852,911,310,1262,630,25148,4290,4144,1751
2023-09-07,INV_03,76492.75,2041001.81,2117494.56,7057,597,933,1774,10029,1865,1852,911,232,1262,630,25148,4290,4144,1751
2023-09-08,INV_03,108858.22,2028507.46,2137365.68,7057,597,933,1774,10029,1865,1852,911,232,1262,630,18861,4290,4144,1751
2023-09-11,INV_03,108858.22,2005728.4,2114586.62,7057,597,933,1774,10029,1865,1852,911,232,1262,630,18861,4290,4144,1751
2023-09-12,INV_03,126758.22,1977276.93,2104035.16,7057,597,933,1774,10029,1865,1852,911,232,946,630,18861,4290,4144,1751
2023-09-13,INV_03,107579.33,2024429.23,2132008.56,7057,597,933,1774,10029,2093,1852,911,232,946,630,18861,4290,4144,1751
2023-09-14,INV_03,107579.33,2037380.5,2144959.83,7057,597,933,1774,10029,2093,1852,911,232,946,630,18861,4290,4144,1751
2023-09-15,INV_03,107579.33,2027291.06,2134870.39,7057,597,933,1774,10029,2093,1852,911,232,946,630,18861,4290,4144,1751
2023-09-18,INV_03,153486.93,1960424.7,2113911.64,7057,597,933,1774,10029,2093,1852,911,232,946,630,18861,4290,4144,1313
2023-09-19,INV_03,153486.93,1940828.06,2094314.99,7057,597,933,1774,10029,2093,1852,911,232,946,630,18861,4290,4144,1313
2023-09-20,INV_03,130247.89,1960401.39,2090649.28,7057,597,933,1774,10029,2374,1852,911,232,946,630,18861,4290,4144,1313
2023-09-21,INV_03,146891.91,1924417.44,2071309.35,7057,597,933,1774,10029,2374,1852,911,232,946,472,18861,4290,4144,1313
2023-09-22,INV_03,146891.91,1931404.68,2078296.59,7057,597,933,1774,10029,2374,1852,911,232,946,472,18861,4290,4144,1313
2023-09-25,INV_03,146891.91,1930884.81,2077776.72,7057,597,933,1774,10029,2374,1852,911,232,946,472,18861,4290,4144,1313
2023-09-26,INV_03,213534.52,1866419.04,2079953.55,7057,597,933,1774,10029,2374,1852,911,232,946,472,18861,4290,3108,1313
2023-09-27,INV_03,248675.2,1843125.52,2091800.73,7057,597,933,1774,10029,2374,1389,911,232,946,472,18861,4290,3108,1313
2023-09-28,INV_03,211015.71,1880412.16,2091427.86,7057,597,933,1774,10029,2374,1389,911,232,946,472,18861,4290,3676,1313
2023-09-29,INV_03,179122.56,1911989.53,2091112.09,7057,597,933,2169,10029,2374,1389,911,232,946,472,18861,4290,3676,1313
2023-10-02,INV_03,237195.7,1816934.09,2054129.79,7057,597,933,2169,10029,2374,1389,911,232,946,472,18861,4290,2757,1313
2023-10-03,INV_03,237195.7,1789598.0,2026793.7,7057,597,933,2169,10029,2374,1389,911,232,946,472,18861,4290,2757,1313
2023-10-04,INV_03,201330.17,1838033.89,2039364.06,7057,597,1382,2169,10029,2374,1389,911,232,946,472,18861,4290,2757,1313
2023-10-05,INV_03,234421.59,1800354.97,2034776.56,7057,597,1382,2169,10029,2374,1389,911,232,946,472,18861,4290,2757,984
2023-10-06,INV_03,265327.03,1750132.01,2015459.04,5292,597,1382,2169,10029,2374,1389,911,232,946,472,18861,4290,2757,984
2023-10-09,INV_03,305143.45,1674859.06,1980002.51,5292,597,1382,2169,10029,2374,1389,911,232,946,472,18861,4290,2067,984
2023-10-10,INV_03,305143.45,1670295.47,1975438.92,5292,597,1382,2169,10029,2374,1389,911,232,946,472,18861,4290,2067,984
2023-10-11,INV_03,374353.51,1572410.59,1946764.1,5292,597,1382,2169,10029,2374,1389,911,232,946,472,18861,3217,2067,984
2023-10-12,INV_03,374353.51,1598049.67,1972403.18,5292,597,1382,2169,10029,2374,1389,911,232,946,472,18861,3217,2067,984
2023-10-13,INV_03,396763.94,1572887.56,1969651.5,5292,597,1382,2169,10029,2374,1389,911,232,946,472,14145,3217,2067,984
2023-10-16,INV_03,336698.77,1610503.69,1947202.46,5292,597,1382,2169,10029,2374,1389,1303,232,946,472,14145,3217,2067,984
2023-10-17,INV_03,336698.77,1594020.37,1930719.14,5292,597,1382,2169,10029,2374,1389,1303,232,946,472,14145,3217,2067,984
2023-10-18,INV_03,336698.77,1571276.6,1907975.37,5292,597,1382,2169,10029,2374,1389,1303,232,946,472,14145,3217,2067,984
2023-10-19,INV_03,336698.77,1581654.85,1918353.62,5292,597,1382,2169,10029,2374,1389,1303,232,946,472,14145,3217,2067,984
2023-10-20,INV_03,285718.45,1685371.47,1971089.92,5292,597,1382,2169,10029,2374,2099,1303,232,946,472,14145,3217,2067,984
2023-10-23,INV_03,306090.27,1664825.05,1970915.32,5292,597,1382,2169,7521,2374,2099,1303,232,946,472,14145,3217,2067,984
2023-10-24,INV_03,322547.93,1622217.01,1944764.94,5292,597,1382,2169,7521,2374,2099,1303,232,946,472,10608,3217,2067,984
2023-10-25,INV_03,337670.89,1579983.34,1917654.24,5292,597,1382,2169,5640,2374,2099,1303,232,946,472,10608,3217,2067,984
2023-10-26,INV_03,286521.7,1618861.91,1905383.61,5292,597,1382,2169,12075,2374,2099,1303,232,946,472,10608,3217,2067,984
2023-10-27,INV_03,321824.16,1609792.99,1931617.15,5292,597,1382,2169,12075,2374,1574,1303,232,946,472,10608,3217,2067,984
2023-10-30,INV_03,273250.32,1666355.4,1939605.72,5292,597,1382,2169,12075,2374,1574,1303,486,946,472,10608,3217,2067,984
2023-10-31,INV_03,313137.71,1608770.02,1921907.72,5292,597,1382,1626,12075,2374,1574,1303,486,946,472,10608,3217,2067,984
2023-11-01,INV_03,265752.38,1685478.68,1951231.06,5292,597,1382,1626,12075,2374,1574,1303,486,946,472,10608,3217,2839,984
2023-11-02,INV_03,265752.38,1706597.5,1972349.88,5292,597,1382,1626,12075,2374,1574,1303,486,946,472,10608,3217,2839,984
2023-11-03,INV_03,277804.41,1679720.71,1957525.12,5292,597,1382,1626,12075,2374,1574,1303,486,946,354,10608,3217,2839,984
2023-11-06,INV_03,235765.85,1728930.43,1964696.28,5292,1016,1382,1626,12075,2374,1574,1303,486,946,354,10608,3217,2839,984
2023-11-07,INV_03,248289.17,1732179.14,1980468.31,5292,1016,1382,1626,12075,2374,1574,1303,486,709,354,10608,3217,2839,984
2023-11-08,INV_03,210680.01,1796952.06,2007632.07,7502,1016,1382,1626,12075,2374,1574,1303,486,709,354,10608,3217,2839,984
2023-11-09,INV_03,237522.49,1751507.62,1989030.12,7502,1016,1036,1626,12075,2374,1574,1303,486,709,354,10608,3217,2839,984
2023-11-10,INV_03,282791.56,1697142.14,1979933.7,7502,1016,1036,1626,12075,2374,1574,1303,486,709,354,10608,3217,2129,984
2023-11-13,INV_03,239995.12,1745727.7,1985722.82,7502,1016,1036,1626,12075,2374,1574,1303,486,709,780,10608,3217,2129,984
2023-11-14,INV_03,203660.36,1753747.76,1957408.13,7502,1016,1036,1626,12075,2374,1574,1303,676,709,780,10608,3217,2129,984
2023-11-15,INV_03,222594.43,1722897.59,1945492.02,7502,1016,1036,1626,12075,2374,1574,1303,676,709,585,10608,3217,2129,984
2023-11-16,INV_03,253828.82,1676394.44,1930223.26,7502,1016,1036,1626,12075,2374,1574,1303,507,709,585,10608,3217,2129,984
2023-11-17,INV_03,215389.84,1707761.54,1923151.37,9786,1016,1036,1626,12075,2374,1574,1303,507,709,585,10608,3217,2129,984
2023-11-20,INV_03,215389.84,1704502.25,1919892.09,9786,1016,1036,1626,12075,2374,1574,1303,507,709,585,10608,3217,2129,984
2023-11-21,INV_03,238514.25,1667682.98,1906197.23,9786,1016,1036,1626,12075,2374,1574,1303,507,709,585,10608,3217,2129,738
2023-11-22,INV_03,238514.25,1671642.91,1910157.17,9786,1016,1036,1626,12075,2374,1574,1303,507,709,585,10608,3217,2129,738
2023-11-23,INV_03,202387.81,1711125.47,1913513.28,9786,1016,1036,1626,12075,2918,1574,1303,507,709,585,10608,3217,2129,738
2023-11-24,INV_03,202387.81,1710457.97,1912845.78,9786,1016,1036,1626,12075,2918,1574,1303,507,709,585,10608,3217,2129,738
2023-11-27,INV_03,202387.81,1704891.02,1907278.83,9786,1016,1036,1626,12075,2918,1574,1303,507,709,585,10608,3217,2129,738
2023-11-28,INV_03,202387.81,1701404.55,1903792.36,9786,1016,1036,1626,12075,2918,1574,1303,507,709,585,10608,3217,2129,738
2023-11-29,INV_03,171728.86,1744917.5,1916646.36,9786,1016,1036,1626,12075,2918,1574,1303,507,709,585,17207,3217,2129,738
2023-11-30,INV_03,171728.86,1760770.32,1932499.18,9786,1016,1036,1626,12075,2918,1574,1303,507,709,585,17207,3217,2129,738
2023-12-01,INV_03,145727.66,1818108.41,1963836.07,11257,1016,1036,1626,12075,2918,1574,1303,507,709,585,17207,3217,2129,738
2023-12-04,INV_03,123701.96,1844010.8,1967712.76,11257,1016,1036,1626,12075,3251,1574,1303,507,709,585,17207,3217,2129,738
2023-12-05,INV_03,123701.96,1832048.21,1955750.16,11257,1016,1036,1626,12075,3251,1574,1303,507,709,585,17207,3217,2129,738
2023-12-06,INV_03,133333.4,1822928.52,1956261.92,11257,1016,1036,1626,12075,3251,1574,1303,507,531,585,17207,3217,2129,738
2023-12-07,INV_03,133333.4,1823163.3,1956496.69,11257,1016,1036,1626,12075,3251,1574,1303,507,531,585,17207,3217,2129,738
2023-12-08,INV_03,184098.72,1789701.62,1973800.34,11257,1016,1036,1626,12075,3251,1574,977,507,531,585,17207,3217,2129,738
2023-12-11,INV_03,219292.5,1762065.04,1981357.55,11257,1016,1036,1626,12075,3251,1574,977,507,531,585,17207,3217,1596,738
2023-12-12,INV_03,186127.63,1807402.43,1993530.06,11257,1356,1036,1626,12075,3251,1574,977,507,531,585,17207,3217,1596,738
2023-12-13,INV_03,205718.94,1779277.26,1984996.2,11257,1356,1036,1626,12075,3251,1574,977,507,531,585,12905,3217,1596,738
2023-12-14,INV_03,229562.04,1746420.41,1975982.45,11257,1356,1036,1626,12075,3251,1574,977,380,531,585,12905,3217,1596,738
2023-12-15,INV_03,229562.04,1738000.47,1967562.51,11257,1356,1036,1626,12075,3251,1574,977,380,531,585,12905,3217,1596,738
2023-12-18,INV_03,243618.85,1708138.01,1951756.86,11257,1356,1036,1626,12075,3251,1574,977,380,531,585,9678,3217,1596,738
2023-12-19,INV_03,206747.9,1727554.22,1934302.12,11257,1356,1036,1626,12075,3251,1574,977,380,531,585,9678,3708,1596,738
2023-12-20,INV_03,274578.87,1663090.66,1937669.53,11257,1356,1036,1626,12075,3251,1574,977,380,531,585,9678,2781,1596,738
2023-12-21,INV_03,233048.92,1706009.65,1939058.56,11257,1356,1523,1626,12075,3251,1574,977,380,531,585,9678,2781,1596,738
2023-12-22,INV_03,270297.77,1662850.22,1933147.99,11257,1356,1523,1626,12075,3251,1574,732,380,531,585,9678,2781,1596,738
2023-12-25,INV_03,283965.2,1649044.74,1933009.94,11257,1356,1523,1626,12075,3251,1574,732,380,531,438,9678,2781,1596,738
2023-12-26,INV_03,283965.2,1649044.74,1933009.94,11257,1356,1523,1626,12075,3251,1574,732,380,531,438,9678,2781,1596,738
2023-12-27,INV_03,240992.07,1701006.32,1941998.39,11257,1814,1523,1626,12075,3251,1574,732,380,531,438,9678,2781,1596,738
2023-12-28,INV_03,204646.38,1749330.59,1953976.97,11257,1814,1523,1626,12075,3251,1574,732,571,531,438,9678,2781,1596,738
2023-12-29,INV_03,233185.63,1723196.48,1956382.11,11257,1814,1523,1626,12075,3251,1574,549,571,531,438,9678,2781,1596,738
2024-01-01,INV_03,233185.63,1723196.48,1956382.11,11257,1814,1523,1626,12075,3251,1574,549,571,531,438,9678,2781,1596,738
2024-01-02,INV_03,243438.15,1716055.97,1959494.12,11257,1814,1523,1626,12075,3251,1574,549,571,531,328,9678,2781,1596,738
2024-01-03,INV_03,206627.75,1770630.14,1977257.89,11257,2197,1523,1626,12075,3251,1574,549,571,531,328,9678,2781,1596,738
2024-01-04,INV_03,175336.96,1795272.62,1970609.58,12955,2197,1523,1626,12075,3251,1574,549,571,531,328,9678,2781,1596,738
2024-01-05,INV_03,148812.24,1841183.07,1989995.31,12955,2197,1523,1626,12075,3251,1574,549,571,1027,328,9678,2781,1596,738
2024-01-08,INV_03,177664.32,1798113.97,1975778.29,12955,2197,1523,1219,12075,3251,1574,549,571,1027,328,9678,2781,1596,738
2024-01-09,INV_03,177664.32,1790760.18,1968424.5,12955,2197,1523,1219,12075,3251,1574,549,571,1027,328,9678,2781,1596,738
2024-01-10,INV_03,202198.39,1747547.91,1949746.3,12955,2197,1523,1219,12075,3251,1574,549,571,1027,328,9678,2781,1197,738
2024-01-11,INV_03,224218.63,1712801.63,1937020.26,12955,2197,1523,1219,9056,3251,1574,549,571,1027,328,9678,2781,1197,738
2024-01-12,INV_03,237581.49,1699534.42,1937115.91,12955,2197,1523,1219,9056,3251,1574,549,571,770,328,9678,2781,1197,738
2024-01-15,INV_03,201658.45,1735101.79,1936760.24,12955,2197,1523,1717,9056,3251,1574,549,571,770,328,9678,2781,1197,738
2024-01-16,INV_03,201658.45,1719818.82,1921477.28,12955,2197,1523,1717,9056,3251,1574,549,571,770,328,9678,2781,1197,738
2024-01-17,INV_03,219424.01,1691200.26,1910624.27,12955,2197,1523,1717,9056,3251,1574,549,571,770,328,9678,2781,897,738
2024-01-18,INV_03,186257.89,1724650.53,1910908.42,12955,2197,1928,1717,9056,3251,1574,549,571,770,328,9678,2781,897,738
2024-01-19,INV_03,204213.38,1696031.64,1900245.02,12955,2197,1928,1717,9056,3251,1574,549,571,770,328,9678,2781,897,553
2024-01-22,INV_03,173281.27,1715293.73,1888575.0,12955,2197,1928,1717,9056,3251,1574,549,571,770,662,9678,2781,897,553
2024-01-23,INV_03,211106.84,1659789.15,1870895.98,12955,2197,1446,1717,9056,3251,1574,549,571,770,662,9678,2781,897,553
2024-01-24,INV_03,211106.84,1659965.83,1871072.67,12955,2197,1446,1717,9056,3251,1574,549,571,770,662,9678,2781,897,553
2024-01-25,INV_03,211106.84,1659965.83,1871072.67,12955,2197,1446,1717,9056,3251,1574,549,571,770,662,9678,2781,897,553
2024-01-26,INV_03,179133.38,1705893.14,1885026.51,12955,2533,1446,1717,9056,3251,1574,549,571,770,662,9678,2781,897,553
2024-01-29,INV_03,152042.63,1726505.83,1878548.46,12955,2533,1446,1717,9056,3251,1574,549,571,770,662,9678,2781,897,832
2024-01-30,INV_03,152042.63,1721209.22,1873251.85,12955,2533,1446,1717,9056,3251,1574,549,571,770,662,9678,2781,897,832
2024-01-31,INV_03,152042.63,1725527.29,1877569.92,12955,2533,1446,1717,9056,3251,1574,549,571,770,662,9678,2781,897,832
2024-02-01,INV_03,129008.57,1771083.73,1900092.3,12955,2533,1446,1717,9056,3251,1574,549,571,770,662,15108,2781,897,832
2024-02-02,INV_03,109503.8,1795639.42,1905143.22,12955,2732,1446,1717,9056,3251,1574,549,571,770,662,15108,2781,897,832
2024-02-06,INV_03,109503.8,1820311.08,1929814.88,12955,2732,1446,1717,9056,3251,1574,549,571,770,662,15108,2781,897,832
2024-02-07,INV_03,165323.72,1765396.49,1930720.21,9716,2732,1446,1717,9056,3251,1574,549,571,770,662,15108,2781,897,832
2024-02-08,INV_03,140363.25,1814908.25,1955271.5,9716,2971,1446,1717,9056,3251,1574,549,571,770,662,15108,2781,897,832
2024-02-09,INV_03,166235.22,1780660.73,1946895.95,9716,2971,1446,1717,9056,3251,1574,549,428,770,662,15108,2781,897,832
2024-02-12,INV_03,185729.48,1764530.06,1950259.53,9716,2971,1446,1717,9056,3251,1574,549,321,770,662,15108,2781,897,832
2024-02-13,INV_03,228261.66,1723228.08,1951489.74,7287,2971,1446,1717,9056,3251,1574,549,321,770,662,15108,2781,897,832
2024-02-14,INV_03,228261.66,1723370.37,1951632.03,7287,2971,1446,1717,9056,3251,1574,549,321,770,662,15108,2781,897,832
2024-02-15,INV_03,243097.91,1710670.99,1953768.91,7287,2971,1446,1717,9056,3251,1574,549,240,770,662,15108,2781,897,832
2024-02-16,INV_03,243097.91,1711037.43,1954135.34,7287,2971,1446,1717,9056,3251,1574,549,240,770,662,15108,2781,897,832
2024-02-19,INV_03,262426.05,1704594.11,1967020.16,7287,2971,1446,1717,6792,3251,1574,549,240,770,662,15108,2781,897,832
2024-02-20,INV_03,222834.77,1744679.47,1967514.24,7287,2971,1446,1717,6792,3251,1574,549,448,770,662,15108,2781,897,832
2024-02-21,INV_03,252379.52,1718556.83,1970936.36,7287,2971,1084,1717,6792,3251,1574,549,448,770,662,15108,2781,897,832
2024-02-22,INV_03,214146.01,1753392.65,1967538.66,7287,2971,1084,2272,6792,3251,1574,549,448,770,662,15108,2781,897,832
2024-02-23,INV_03,214146.01,318905.6,533051.61,7287,2971,1084,2272,6792,3251,1574,549,448,770,662,15108,2781,897,832
2024-02-26,INV_03,181767.68,1776661.08,1958428.76,7287,2971,1084,2272,6792,3729,1574,549,448,770,662,15108,2781,897,832
2024-02-27,INV_03,201922.14,1755608.73,1957530.87,7287,2971,1084,2272,6792,3729,1574,411,448,770,662,15108,2781,897,832
2024-02-28,INV_03,171474.05,1792079.77,1963553.82,7287,2971,1084,2272,6792,3729,1574,616,448,770,662,15108,2781,897,832
2024-02-29,INV_03,145544.05,1808837.36,1954381.41,7287,2971,1084,2272,6792,3729,1574,616,448,1251,662,15108,2781,897,832
2024-03-01,INV_03,123662.1,1839288.41,1962950.5,7287,2971,1084,2272,6792,3729,1574,616,567,1251,662,15108,2781,897,832
2024-03-04,INV_03,123662.1,1858174.54,1981836.64,7287,2971,1084,2272,6792,3729,1574,616,567,1251,662,15108,2781,897,832
2024-03-05,INV_03,123662.1,1866373.82,1990035.91,7287,2971,1084,2272,6792,3729,1574,616,567,1251,662,15108,2781,897,832
2024-03-06,INV_03,104964.52,1893972.36,1998936.89,7287,2971,1084,2272,6792,3729,1574,616,668,1251,662,15108,2781,897,832
2024-03-07,INV_03,89075.99,1948434.53,2037510.52,8073,2971,1084,2272,6792,3729,1574,616,668,1251,662,15108,2781,897,832
2024-03-08,INV_03,89075.99,90873.58,179949.57,8073,2971,1084,2272,6792,3729,1574,616,668,1251,662,15108,2781,897,832
2024-03-11,INV_03,75608.44,1970103.87,2045712.31,8073,2971,1084,2272,6792,3729,1574,616,668,1251,662,15108,2781,897,965
2024-03-12,INV_03,75608.44,1973632.94,2049241.38,8073,2971,1084,2272,6792,3729,1574,616,668,1251,662,15108,2781,897,965
2024-03-13,INV_03,64203.55,2019504.04,2083707.59,8073,2971,1084,2272,6792,3880,1574,616,668,1251,662,15108,2781,897,965
2024-03-14,INV_03,95157.95,1983903.85,2079061.8,8073,2971,1084,2272,6792,3880,1574,616,501,1251,662,15108,2781,897,965
2024-03-15,INV_03,80775.53,2004816.94,2085592.47,8073,2971,1084,2272,6792,3880,1574,616,501,1251,662,15108,2958,897,965
2024-03-18,INV_03,96538.28,1977812.73,2074351.0,8073,2971,1084,2272,5094,3880,1574,616,501,1251,662,15108,2958,897,965
2024-03-19,INV_03,96538.28,1958449.26,2054987.54,8073,2971,1084,2272,5094,3880,1574,616,501,1251,662,15108,2958,897,965
2024-03-20,INV_03,169826.36,1883138.28,2052964.64,8073,2228,1084,2272,5094,3880,1574,616,501,1251,662,15108,2958,897,965
2024-03-21,INV_03,144107.73,1888992.18,2033099.92,8073,2228,1084,2272,5094,3880,1574,616,639,1251,662,15108,2958,897,965
2024-03-22,INV_03,122330.95,1932080.88,2054411.83,8073,2228,1084,2272,5094,3880,1574,616,639,1251,662,15108,3234,897,965
2024-03-26,INV_03,143644.56,1913483.99,2057128.56,8073,2228,1084,2272,5094,3880,1574,616,639,1251,662,11331,3234,897,965
2024-03-27,INV_03,121883.1,1960271.59,2082154.7,8073,2228,1084,2272,5094,3880,1574,616,639,1251,662,15111,3234,897,965
2024-03-28,INV_03,121883.1,1967394.84,2089277.94,8073,2228,1084,2272,5094,3880,1574,616,639,1251,662,15111,3234,897,965
2024-03-29,INV_03,145191.95,1943850.54,2089042.5,8073,2228,813,2272,5094,3880,1574,616,639,1251,662,15111,3234,897,965
2024-04-01,INV_03,123200.39,1970381.16,2093581.55,8073,2228,813,2272,7336,3880,1574,616,639,1251,662,15111,3234,897,965
2024-04-02,INV_03,104577.03,2024054.69,2128631.72,8073,2228,813,2272,7336,3880,1574,616,639,1574,662,15111,3234,897,965
2024-04-03,INV_03,88831.63,2069408.53,2158240.16,8073,2228,813,2272,7336,3880,1574,616,639,1574,662,15111,3234,897,1108
2024-04-04,INV_03,119852.52,2055689.81,2175542.33,8073,2228,813,2272,7336,3880,1574,616,479,1574,662,15111,3234,897,1108
2024-04-05,INV_03,101724.66,2103037.48,2204762.14,8073,2228,813,2272,7336,3880,1574,616,479,1574,821,15111,3234,897,1108
2024-04-08,INV_03,124820.41,2102895.87,2227716.28,8073,2228,813,2272,7336,3880,1574,616,479,1180,821,15111,3234,897,1108
2024-04-09,INV_03,105912.4,2144908.66,2250821.06,8073,2228,813,2272,7336,3880,1574,616,479,1180,821,18454,3234,897,1108
2024-04-10,INV_03,105912.4,2144908.66,2250821.06,8073,2228,813,2272,7336,3880,1574,616,479,1180,821,18454,3234,897,1108
2024-04-11,INV_03,89893.87,2160768.59,2250662.46,8073,2228,965,2272,7336,3880,1574,616,479,1180,821,18454,3234,897,1108
2024-04-15,INV_03,76324.18,2164423.48,2240747.67,8073,2352,965,2272,7336,3880,1574,616,479,1180,821,18454,3234,897,1108
2024-04-16,INV_03,140974.6,2048734.21,2189708.82,8073,2352,965,2272,7336,3880,1574,616,479,1180,821,18454,2425,897,1108
2024-04-17,INV_03,158759.91,2038868.9,2197628.82,8073,2352,965,2272,5502,3880,1574,616,479,1180,821,18454,2425,897,1108
2024-04-18,INV_03,186709.8,1998157.83,2184867.63,8073,2352,965,2272,5502,3880,1574,462,479,1180,821,18454,2425,897,1108
2024-04-19,INV_03,186709.8,1985713.74,2172423.55,8073,2352,965,2272,5502,3880,1574,462,479,1180,821,18454,2425,897,1108
2024-04-22,INV_03,186709.8,2013511.5,2200221.31,8073,2352,965,2272,5502,3880,1574,462,479,1180,821,18454,2425,897,1108
2024-04-24,INV_03,158425.97,2063075.41,2221501.38,8073,2352,965,2272,5502,3880,1574,462,479,1180,821,18454,2779,897,1108
2024-04-25,INV_03,158425.97,2090121.78,2248547.74,8073,2352,965,2272,5502,3880,1574,462,479,1180,821,18454,2779,897,1108
2024-04-26,INV_03,134456.61,2134884.35,2269340.96,8073,2352,965,2272,5502,3880,1574,462,479,1180,821,18454,3073,897,1108
2024-04-29,INV_03,114141.27,2198502.12,2312643.39,8073,2352,965,2272,5502,3880,1574,462,479,1180,986,18454,3073,897,1108
2024-04-30,INV_03,96857.86,2233947.72,2330805.58,8073,2352,965,2272,5502,3880,1574,462,562,1180,986,18454,3073,897,1108
2024-05-02,INV_03,82238.04,2263192.1,2345430.14,8073,2352,965,2455,5502,3880,1574,462,562,1180,986,18454,3073,897,1108
2024-05-03,INV_03,69785.47,2288253.84,2358039.31,8073,2352,965,2455,6750,3880,1574,462,562,1180,986,18454,3073,897,1108
2024-05-06,INV_03,69785.47,2280008.83,2349794.3,8073,2352,965,2455,6750,3880,1574,462,562,1180,986,18454,3073,897,1108
2024-05-07,INV_03,88396.23,2252644.94,2341041.17,8073,2352,965,2455,6750,3880,1574,462,562,885,986,18454,3073,897,1108
2024-05-08,INV_03,120828.03,2210226.54,2331054.57,8073,2352,965,2455,6750,3880,1574,462,562,885,986,13840,3073,897,1108
2024-05-09,INV_03,120828.03,2221998.08,2342826.11,8073,2352,965,2455,6750,3880,1574,462,562,885,986,13840,3073,897,1108
2024-05-10,INV_03,102573.02,2271636.49,2374209.51,8073,2352,965,2455,6750,3880,1790,462,562,885,986,13840,3073,897,1108
2024-05-13,INV_03,87106.97,2286949.41,2374056.38,8073,2352,965,2455,6750,3880,1973,462,562,885,986,13840,3073,897,1108
2024-05-14,INV_03,133251.96,2195787.78,2329039.74,6054,2352,965,2455,6750,3880,1973,462,562,885,986,13840,3073,897,1108
2024-05-15,INV_03,155517.06,2155278.01,2310795.07,6054,2352,965,2455,6750,3880,1973,462,562,885,986,10380,3073,897,1108
2024-05-16,INV_03,169191.77,2137523.11,2306714.88,6054,2352,965,2455,6750,3880,1973,462,562,663,986,10380,3073,897,1108
2024-05-17,INV_03,143642.59,2177209.28,2320851.87,6054,2352,1201,2455,6750,3880,1973,462,562,663,986,10380,3073,897,1108
2024-05-20,INV_03,121995.8,2181569.43,2303565.22,6054,2540,1201,2455,6750,3880,1973,462,562,663,986,10380,3073,897,1108
2024-05-21,INV_03,168374.25,2129628.33,2298002.59,6054,2540,1201,1841,6750,3880,1973,462,562,663,986,10380,3073,897,1108
2024-05-22,INV_03,142869.75,2188649.6,2331519.36,6054,2540,1201,1841,9443,3880,1973,462,562,663,986,10380,3073,897,1108
2024-05-27,INV_03,121289.57,2195938.03,2317227.6,6054,2724,1201,1841,9443,3880,1973,462,562,663,986,10380,3073,897,1108
2024-05-28,INV_03,150250.35,2144343.31,2294593.66,6054,2724,1201,1841,9443,3880,1973,462,562,663,739,10380,3073,897,1108
2024-05-29,INV_03,127535.83,2141907.36,2269443.19,6054,2724,1201,1841,9443,4142,1973,462,562,663,739,10380,3073,897,1108
2024-05-30,INV_03,157780.61,2122159.48,2279940.09,6054,2724,900,1841,9443,4142,1973,462,562,663,739,10380,3073,897,1108
2024-05-31,INV_03,189945.38,2081793.21,2271738.59,6054,2724,900,1841,9443,4142,1973,462,562,663,739,10380,3073,897,831
2024-06-03,INV_03,161171.54,2110309.77,2271481.31,6054,2724,900,1841,9443,4142,1973,462,562,1117,739,10380,3073,897,831
2024-06-04,INV_03,161171.54,2116767.35,2277938.89,6054,2724,900,1841,9443,4142,1973,462,562,1117,739,10380,3073,897,831
2024-06-05,INV_03,136768.13,2152640.6,2289408.72,7140,2724,900,1841,9443,4142,1973,462,562,1117,739,10380,3073,897,831
2024-06-06,INV_03,136768.13,2182736.37,2319504.49,7140,2724,900,1841,9443,4142,1973,462,562,1117,739,10380,3073,897,831
2024-06-07,INV_03,116052.4,2206029.58,2322081.98,7140,2724,900,1841,11611,4142,1973,462,562,1117,739,10380,3073,897,831
2024-06-10,INV_03,98474.16,2247827.54,2346301.69,7140,2724,900,1841,11611,4142,1973,462,562,1117,739,13017,3073,897,831
2024-06-11,INV_03,98474.16,2252595.61,2351069.77,7140,2724,900,1841,11611,4142,1973,462,562,1117,739,13017,3073,897,831
2024-06-12,INV_03,98474.16,2252595.61,2351069.77,7140,2724,900,1841,11611,4142,1973,462,562,1117,739,13017,3073,897,831
2024-06-13,INV_03,83561.41,2261923.07,2345484.48,7140,2724,900,2037,11611,4142,1973,462,562,1117,739,13017,3073,897,831
2024-06-14,INV_03,83561.41,2255322.01,2338883.42,7140,2724,900,2037,11611,4142,1973,462,562,1117,739,13017,3073,897,831
2024-06-18,INV_03,70966.18,2259641.33,2330607.51,7140,2724,900,2037,11611,4142,1973,462,562,1117,739,13017,3231,897,831
2024-06-19,INV_03,93415.94,2229032.55,2322448.49,7140,2724,675,2037,11611,4142,1973,462,562,1117,739,13017,3231,897,831
2024-06-20,INV_03,79296.28,2248904.11,2328200.38,7140,2724,675,2037,11611,4142,2144,462,562,1117,739,13017,3231,897,831
2024-06-24,INV_03,79296.28,2256991.93,2336288.21,7140,2724,675,2037,11611,4142,2144,462,562,1117,739,13017,3231,897,831
2024-06-25,INV_03,67350.87,2268088.39,2335439.25,7140,2724,675,2193,11611,4142,2144,462,562,1117,739,13017,3231,897,831
2024-06-26,INV_03,57184.92,2285960.88,2343145.8,7140,2724,675,2193,11611,4142,2144,462,562,1273,739,13017,3231,897,831
2024-06-27,INV_03,48525.06,2273568.65,2322093.71,7527,2724,675,2193,11611,4142,2144,462,562,1273,739,13017,3231,897,831
2024-06-28,INV_03,48525.06,2275363.43,2323888.49,7527,2724,675,2193,11611,4142,2144,462,562,1273,739,13017,3231,897,831
2024-07-01,INV_03,48525.06,2259365.97,2307891.03,7527,2724,675,2193,11611,4142,2144,462,562,1273,739,13017,3231,897,831
2024-07-02,INV_03,68907.15,2239319.83,2308226.98,7527,2724,675,2193,11611,4142,2144,462,562,954,739,13017,3231,897,831
2024-07-03,INV_03,142552.64,2135364.24,2277916.88,7527,2043,675,2193,11611,4142,2144,462,562,954,739,13017,3231,897,831
2024-07-04,INV_03,142552.64,2110771.33,2253323.98,7527,2043,675,2193,11611,4142,2144,462,562,954,739,13017,3231,897,831
2024-07-05,INV_03,142552.64,2111015.26,2253567.9,7527,2043,675,2193,11611,4142,2144,462,562,954,739,13017,3231,897,831
2024-07-08,INV_03,195874.81,2021187.95,2217062.76,7527,1532,675,2193,11611,4142,2144,462,562,954,739,13017,3231,897,831
2024-07-09,INV_03,290038.46,1913981.1,2204019.56,7527,1532,675,2193,11611,3106,2144,462,562,954,739,13017,3231,897,831
2024-07-10,INV_03,290038.46,1928847.31,2218885.77,7527,1532,675,2193,11611,3106,2144,462,562,954,739,13017,3231,897,831
2024-07-11,INV_03,361091.82,1865146.82,2226238.64,7527,1532,675,2193,11611,2329,2144,462,562,954,739,13017,3231,897,831
2024-07-12,INV_03,306398.61,1931288.91,2237687.51,7527,1532,675,2193,11611,2329,2144,462,562,954,739,13017,3925,897,831
2024-07-15,INV_03,260028.92,1985062.19,2245091.11,7527,1532,675,2838,11611,2329,2144,462,562,954,739,13017,3925,897,831
2024-07-16,INV_03,220649.83,2019820.54,2240470.36,7527,1532,675,3388,11611,2329,2144,462,562,954,739,13017,3925,897,831
2024-07-17,INV_03,187244.9,2049857.27,2237102.17,7527,1532,675,3388,11611,2329,2565,462,562,954,739,13017,3925,897,831
2024-07-18,INV_03,208462.12,2008169.87,2216631.99,7527,1532,675,3388,11611,2329,2565,346,562,954,739,13017,3925,897,831
2024-07-19,INV_03,208462.12,2004075.57,2212537.69,7527,1532,675,3388,11611,2329,2565,346,562,954,739,13017,3925,897,831
2024-07-22,INV_03,246974.36,1920591.2,2167565.56,7527,1149,675,3388,11611,2329,2565,346,562,954,739,13017,3925,897,831
2024-07-23,INV_03,209574.55,1974354.44,2183928.99,7527,1149,675,3388,11611,2329,2565,346,562,954,739,13017,4411,897,831
2024-07-24,INV_03,225112.32,1983673.98,2208786.3,7527,1149,675,3388,11611,2329,2565,346,562,954,739,13017,4411,672,831
2024-07-25,INV_03,263790.06,1924944.48,2188734.55,5645,1149,675,3388,11611,2329,2565,346,562,954,739,13017,4411,672,831
2024-07-26,INV_03,223829.35,1969243.18,2193072.53,5645,1149,675,3388,11611,2329,2565,346,562,1589,739,13017,4411,672,831
2024-07-29,INV_03,190060.62,1995424.88,2185485.5,5645,1149,675,3388,11611,2329,2565,532,562,1589,739,13017,4411,672,831
2024-07-30,INV_03,190060.62,1973675.9,2163736.52,5645,1149,675,3388,11611,2329,2565,532,562,1589,739,13017,4411,672,831
2024-07-31,INV_03,190060.62,1949108.6,2139169.23,5645,1149,675,3388,11611,2329,2565,532,562,1589,739,13017,4411,672,831
2024-08-01,INV_03,190060.62,1956433.67,2146494.3,5645,1149,675,3388,11611,2329,2565,532,562,1589,739,13017,4411,672,831
2024-08-02,INV_03,190060.62,1958114.55,2148175.18,5645,1149,675,3388,11611,2329,2565,532,562,1589,739,13017,4411,672,831
2024-08-05,INV_03,190060.62,1912612.21,2102672.83,5645,1149,675,3388,11611,2329,2565,532,562,1589,739,13017,4411,672,831
2024-08-06,INV_03,161274.08,1948189.32,2109463.4,5645,1149,675,3388,14845,2329,2565,532,562,1589,739,13017,4411,672,831
2024-08-07,INV_03,161274.08,1948385.11,2109659.18,5645,1149,675,3388,14845,2329,2565,532,562,1589,739,13017,4411,672,831
2024-08-08,INV_03,161274.08,1940389.71,2101663.79,5645,1149,675,3388,14845,2329,2565,532,562,1589,739,13017,4411,672,831
2024-08-09,INV_03,136890.89,1976456.33,2113347.22,5645,1149,675,3388,14845,2329,2565,532,562,1589,739,13017,4411,1043,831
2024-08-12,INV_03,116162.87,1997091.53,2113254.4,5645,1149,675,3692,14845,2329,2565,532,562,1589,739,13017,4411,1043,831
2024-08-13,INV_03,98608.2,2019200.91,2117809.11,5645,1149,675,3692,14845,2329,2565,532,562,1589,739,13017,4411,1307,831
2024-08-14,INV_03,127236.4,1994127.16,2121363.56,4233,1149,675,3692,14845,2329,2565,532,562,1589,739,13017,4411,1307,831
2024-08-15,INV_03,107985.63,2041109.75,2149095.38,4233,1327,675,3692,14845,2329,2565,532,562,1589,739,13017,4411,1307,831
2024-08-16,INV_03,91636.95,2053660.41,2145297.36,4233,1327,675,3692,14845,2329,2565,532,562,1589,739,13017,4411,1549,831
2024-08-20,INV_03,116090.21,2013801.35,2129891.56,4233,1327,675,3692,14845,2329,2565,532,562,1589,739,13017,4411,1549,623
2024-08-21,INV_03,116090.21,2011540.31,2127630.52,4233,1327,675,3692,14845,2329,2565,532,562,1589,739,13017,4411,1549,623
2024-08-22,INV_03,98503.08,2025060.79,2123563.87,4233,1327,675,3692,14845,2329,2565,532,562,1589,739,16183,4411,1549,623
2024-08-23,INV_03,159837.92,1947107.86,2106945.79,4233,1327,675,2769,14845,2329,2565,532,562,1589,739,16183,4411,1549,623
2024-08-26,INV_03,181067.29,1891528.87,2072596.15,4233,1327,675,2769,14845,2329,2565,532,562,1589,739,12137,4411,1549,623
2024-08-27,INV_03,201172.09,1838401.76,2039573.85,3174,1327,675,2769,14845,2329,2565,532,562,1589,739,12137,4411,1549,623
2024-08-28,INV_03,201172.09,1812644.54,2013816.63,3174,1327,675,2769,14845,2329,2565,532,562,1589,739,12137,4411,1549,623
2024-08-29,INV_03,170748.45,1839659.88,2010408.33,3174,1630,675,2769,14845,2329,2565,532,562,1589,739,12137,4411,1549,623
2024-08-30,INV_03,219160.86,1782492.05,2001652.91,3174,1630,675,2769,14845,1746,2565,532,562,1589,739,12137,4411,1549,623
2024-09-02,INV_03,186054.68,1799307.18,1985361.85,3174,1630,675,2769,14845,1746,2565,532,562,1589,1063,12137,4411,1549,623
2024-09-03,INV_03,229654.02,1743735.54,1973389.56,3174,1630,675,2076,14845,1746,2565,532,562,1589,1063,12137,4411,1549,623
2024-09-04,INV_03,194877.21,1812878.39,2007755.6,3174,1630,675,2076,14845,1746,3058,532,562,1589,1063,12137,4411,1549,623
2024-09-05,INV_03,194877.21,1798649.61,1993526.82,3174,1630,675,2076,14845,1746,3058,532,562,1589,1063,12137,4411,1549,623
2024-09-06,INV_03,165410.98,1823757.71,1989168.69,3174,1630,675,2533,14845,1746,3058,532,562,1589,1063,12137,4411,1549,623
2024-09-09,INV_03,140363.9,1828256.02,1968619.92,4506,1630,675,2533,14845,1746,3058,532,562,1589,1063,12137,4411,1549,623
2024-09-10,INV_03,119222.08,1828430.56,1947652.63,4506,1630,675,2533,14845,1746,3058,672,562,1589,1063,12137,4411,1549,623
2024-09-11,INV_03,158624.54,1788225.83,1946850.38,4506,1630,675,1899,14845,1746,3058,672,562,1589,1063,12137,4411,1549,623
2024-09-12,INV_03,158624.54,1795230.25,1953854.79,4506,1630,675,1899,14845,1746,3058,672,562,1589,1063,12137,4411,1549,623
2024-09-13,INV_03,234206.08,1746874.05,1981080.14,4506,1630,675,1899,14845,1746,3058,672,562,1589,1063,12137,3308,1549,623
2024-09-18,INV_03,264503.64,1739165.35,2003669.0,4506,1630,675,1899,11133,1746,3058,672,562,1589,1063,12137,3308,1549,623
2024-09-19,INV_03,224474.59,1795270.14,2019744.73,4506,1630,675,1899,11133,1746,3620,672,562,1589,1063,12137,3308,1549,623
2024-09-20,INV_03,241912.57,1794917.3,2036829.88,4506,1630,675,1899,11133,1746,3620,672,562,1589,1063,12137,3308,1549,467
2024-09-23,INV_03,267972.51,1792557.5,2060530.01,4506,1630,675,1899,11133,1746,3620,672,562,1589,1063,12137,3308,1161,467
2024-09-24,INV_03,227509.19,1876636.95,2104146.14,4506,1630,675,1899,11133,1746,3620,909,562,1589,1063,12137,3308,1161,467
2024-09-25,INV_03,193131.85,1988527.05,2181658.9,4506,1630,675,1899,11133,1746,3620,909,562,1589,1358,12137,3308,1161,467
2024-09-26,INV_03,193131.85,1992051.23,2185183.08,4506,1630,675,1899,11133,1746,3620,909,562,1589,1358,12137,3308,1161,467
2024-09-27,INV_03,163978.19,2033050.62,2197028.81,4506,1902,675,1899,11133,1746,3620,909,562,1589,1358,12137,3308,1161,467
2024-09-30,INV_03,139163.48,2081067.62,2220231.1,4506,1902,675,1899,11133,1746,3620,1035,562,1589,1358,12137,3308,1161,467
2024-10-01,INV_03,139163.48,2117362.53,2256526.01,4506,1902,675,1899,11133,1746,3620,1035,562,1589,1358,12137,3308,1161,467
2024-10-02,INV_03,175811.11,2064424.77,2240235.88,4506,1902,675,1899,11133,1746,3620,1035,562,1589,1018,12137,3308,1161,467
2024-10-03,INV_03,149180.2,2085142.64,2234322.84,4506,1902,675,1899,14093,1746,3620,1035,562,1589,1018,12137,3308,1161,467
2024-10-04,INV_03,126605.7,2133488.87,2260094.57,4506,1902,675,1899,14093,1987,3620,1035,562,1589,1018,12137,3308,1161,467
2024-10-07,INV_03,192744.61,2081076.36,2273820.97,4506,1902,675,1899,14093,1987,3620,1035,562,1589,1018,12137,2481,1161,467
2024-10-08,INV_03,163624.66,2111801.57,2275426.23,4506,1902,675,1899,14093,2282,3620,1035,562,1589,1018,12137,2481,1161,467
2024-10-09,INV_03,138858.85,2134546.9,2273405.75,4506,1902,675,2214,14093,2282,3620,1035,562,1589,1018,12137,2481,1161,467
2024-10-10,INV_03,117857.05,2159651.87,2277508.92,4506,1902,675,2214,14093,2282,3620,1035,562,1914,1018,12137,2481,1161,467
2024-10-11,INV_03,100033.31,2203502.28,2303535.59,4506,1902,675,2214,14093,2282,3620,1035,562,1914,1018,12137,2697,1161,467
2024-10-14,INV_03,154629.54,2128758.52,2283388.06,4506,1902,675,2214,14093,2282,3620,1035,562,1914,1018,12137,2022,1161,467
2024-10-15,INV_03,154629.54,2128198.07,2282827.61,4506,1902,675,2214,14093,2282,3620,1035,562,1914,1018,12137,2022,1161,467
2024-10-16,INV_03,131220.68,2161040.74,2292261.42,5570,1902,675,2214,14093,2282,3620,1035,562,1914,1018,12137,2022,1161,467
2024-10-18,INV_03,111413.92,2200176.13,2311590.05,5570,1902,675,2214,14093,2282,3620,1131,562,1914,1018,12137,2022,1161,467
2024-10-21,INV_03,143165.59,2162120.96,2305286.55,5570,1902,675,2214,14093,2282,3620,1131,562,1435,1018,12137,2022,1161,467
2024-10-22,INV_03,143165.59,2162431.56,2305597.15,5570,1902,675,2214,14093,2282,3620,1131,562,1435,1018,12137,2022,1161,467
2024-10-23,INV_03,213465.53,2105583.94,2319049.47,5570,1902,675,2214,14093,2282,2715,1131,562,1435,1018,12137,2022,1161,467
2024-10-24,INV_03,244789.56,2098676.94,2343466.5,4177,1902,675,2214,14093,2282,2715,1131,562,1435,1018,12137,2022,1161,467
2024-10-25,INV_03,300697.1,2061268.12,2361965.22,4177,1902,675,2214,14093,1711,2715,1131,562,1435,1018,12137,2022,1161,467
2024-10-28,INV_03,318789.31,2048260.86,2367050.18,4177,1902,506,2214,14093,1711,2715,1131,562,1435,1018,12137,2022,1161,467
2024-10-29,INV_03,347988.06,2038813.66,2386801.72,4177,1902,506,2214,14093,1711,2715,1131,421,1435,1018,12137,2022,1161,467
2024-10-30,INV_03,295350.54,2115778.52,2411129.06,4177,1902,506,2214,14093,1711,2715,1131,421,1435,1018,12137,2614,1161,467
2024-10-31,INV_03,319465.16,2012163.9,2331629.06,4177,1902,506,2214,14093,1711,2715,1131,421,1435,1018,12137,2614,870,467
2024-11-01,INV_03,319465.16,2029548.44,2349013.6,4177,1902,506,2214,14093,1711,2715,1131,421,1435,1018,12137,2614,870,467
2024-11-04,INV_03,271167.19,2072769.83,2343937.02,4177,1902,506,2214,14093,1711,2715,1131,421,1435,1018,12137,2614,870,823
2024-11-05,INV_03,298412.59,2024380.05,2322792.65,4177,1902,506,2214,14093,1711,2715,1131,421,1435,1018,12137,2614,870,617
2024-11-06,INV_03,253208.75,2052860.15,2306068.9,4177,1902,506,2214,18591,1711,2715,1131,421,1435,1018,12137,2614,870,617
2024-11-07,INV_03,214924.75,2098456.97,2313381.72,4177,1902,855,2214,18591,1711,2715,1131,421,1435,1018,12137,2614,870,617
2024-11-08,INV_03,214924.75,2105821.59,2320746.34,4177,1902,855,2214,18591,1711,2715,1131,421,1435,1018,12137,2614,870,617
2024-11-11,INV_03,182364.51,2149658.4,2332022.91,4177,1902,855,2214,18591,1711,2715,1131,1988,1435,1018,12137,2614,870,617
2024-11-12,INV_03,243932.76,2108875.92,2352808.68,4177,1902,855,2214,18591,1711,2715,848,1988,1435,1018,12137,2614,870,617
2024-11-13,INV_03,206996.79,2163447.36,2370444.14,5632,1902,855,2214,18591,1711,2715,848,1988,1435,1018,12137,2614,870,617
2024-11-14,INV_03,206996.79,2176646.68,2383643.47,5632,1902,855,2214,18591,1711,2715,848,1988,1435,1018,12137,2614,870,617
2024-11-18,INV_03,175645.99,2212808.78,2388454.78,5632,1902,855,2214,18591,1711,2715,848,3472,1435,1018,12137,2614,870,617
2024-11-19,INV_03,149098.48,2217490.79,2366589.27,5632,1902,855,2214,18591,1711,2715,968,3472,1435,1018,12137,2614,870,617
2024-11-20,INV_03,173867.05,2191064.13,2364931.18,5632,1902,641,2214,18591,1711,2715,968,3472,1435,1018,12137,2614,870,617
2024-11-21,INV_03,147538.56,2201594.54,2349133.11,6673,1902,641,2214,18591,1711,2715,968,3472,1435,1018,12137,2614,870,617
2024-11-22,INV_03,125214.17,2231728.42,2356942.6,6673,1902,832,2214,18591,1711,2715,968,3472,1435,1018,12137,2614,870,617
2024-11-25,INV_03,106253.51,2209860.68,2316114.18,6673,1902,832,2214,18591,1711,2715,968,4463,1435,1018,12137,2614,870,617
2024-11-26,INV_03,147783.01,2189694.57,2337477.58,5004,1902,832,2214,18591,1711,2715,968,4463,1435,1018,12137,2614,870,617
2024-11-27,INV_03,125491.6,2231219.7,2356711.3,5004,1902,832,2214,18591,1939,2715,968,4463,1435,1018,12137,2614,870,617
2024-11-28,INV_03,170841.87,2199751.0,2370592.87,5004,1902,832,2214,13943,1939,2715,968,4463,1435,1018,12137,2614,870,617
2024-11-29,INV_03,144993.5,2219523.92,2364517.42,5004,1902,832,2214,13943,1939,2715,968,4463,1779,1018,12137,2614,870,617
2024-12-02,INV_03,123070.51,2260212.78,2383283.29,5004,1902,832,2214,13943,1939,2715,968,4463,1779,1018,12137,2834,870,617
2024-12-03,INV_03,123070.51,2280072.14,2403142.64,5004,1902,832,2214,13943,1939,2715,968,4463,1779,1018,12137,2834,870,617
2024-12-04,INV_03,104431.11,2332596.41,2437027.52,5004,1902,832,2214,13943,1939,2715,968,5371,1779,1018,12137,2834,870,617
2024-12-05,INV_03,88652.68,2364754.06,2453406.74,5004,1902,832,2214,13943,1939,2896,968,5371,1779,1018,12137,2834,870,617
2024-12-06,INV_03,75261.39,2388322.98,2463584.37,5004,2003,832,2214,13943,1939,2896,968,5371,1779,1018,12137,2834,870,617
2024-12-09,INV_03,63864.55,2426071.55,2489936.1,5004,2003,832,2214,13943,1939,2896,968,5371,1779,1018,13957,2834,870,617
2024-12-10,INV_03,131232.76,2370005.77,2501238.53,5004,1502,832,2214,13943,1939,2896,968,5371,1779,1018,13957,2834,870,617
2024-12-11,INV_03,159509.01,2345842.3,2505351.3,5004,1502,832,2214,13943,1939,2896,968,5371,1779,763,13957,2834,870,617
2024-12-12,INV_03,159509.01,2356375.27,2515884.27,5004,1502,832,2214,13943,1939,2896,968,5371,1779,763,13957,2834,870,617
2024-12-13,INV_03,135349.95,2431563.82,2566913.76,5004,1502,832,2214,16217,1939,2896,968,5371,1779,763,13957,2834,870,617
2024-12-16,INV_03,135349.95,2492441.44,2627791.39,5004,1502,832,2214,16217,1939,2896,968,5371,1779,763,13957,2834,870,617
2024-12-17,INV_03,157808.1,2466426.63,2624234.73,5004,1502,832,2214,16217,1939,2896,968,5371,1779,763,10467,2834,870,617
2024-12-18,INV_03,233025.23,2405694.71,2638719.95,5004,1502,832,2214,16217,1939,2896,968,5371,1779,763,10467,2125,870,617
2024-12-19,INV_03,197825.17,2443459.51,2641284.68,5004,1502,832,2214,16217,1939,2896,968,5371,1779,763,10467,2125,870,827
2024-12-20,INV_03,167900.42,2504884.73,2672785.15,5004,1502,832,2214,16217,1939,2896,968,5371,1779,1000,10467,2125,870,827
2024-12-23,INV_03,142510.71,2561633.04,2704143.75,5004,1502,832,2496,16217,1939,2896,968,5371,1779,1000,10467,2125,870,827
2024-12-24,INV_03,121069.1,2618663.14,2739732.24,5004,1620,832,2496,16217,1939,2896,968,5371,1779,1000,10467,2125,870,827
2024-12-26,INV_03,102850.0,2674675.17,2777525.17,5004,1620,832,2496,16217,1939,2896,968,5371,1779,1148,10467,2125,870,827
2024-12-27,INV_03,122647.53,2674201.77,2796849.3,5004,1620,832,2496,16217,1939,2896,968,5371,1779,1148,10467,2125,652,827
2024-12-30,INV_03,104103.25,2772375.71,2876478.97,5004,1620,832,2496,16217,1939,2896,968,5371,1779,1148,10467,2125,832,827
2024-12-31,INV_03,88338.83,2836093.03,2924431.86,5475,1620,832,2496,16217,1939,2896,968,5371,1779,1148,10467,2125,832,827
2025-01-01,INV_03,88338.83,2836093.03,2924431.86,5475,1620,832,2496,16217,1939,2896,968,5371,1779,1148,10467,2125,832,827
2025-01-02,INV_03,74956.85,2912779.56,2987736.41,5475,1620,832,2496,17412,1939,2896,968,5371,1779,1148,10467,2125,832,827
2025-01-03,INV_03,109985.6,2822984.85,2932970.45,5475,1620,832,2496,17412,1939,2896,968,5371,1334,1148,10467,2125,832,827
2025-01-06,INV_03,93429.47,2830097.54,2923527.01,5475,1620,832,2496,17412,1939,2896,1022,5371,1334,1148,10467,2125,832,827
2025-01-07,INV_03,93429.47,2805015.72,2898445.19,5475,1620,832,2496,17412,1939,2896,1022,5371,1334,1148,10467,2125,832,827
2025-01-08,INV_03,128744.55,2780914.34,2909658.89,5475,1620,832,2496,17412,1939,2896,1022,5371,1334,861,10467,2125,832,827
2025-01-09,INV_03,145844.03,2729040.66,2874884.69,5475,1620,832,2496,17412,1939,2896,1022,5371,1334,861,7850,2125,832,827
2025-01-10,INV_03,123916.96,2776774.86,2900691.82,5475,1741,832,2496,17412,1939,2896,1022,5371,1334,861,7850,2125,832,827
2025-01-13,INV_03,123916.96,2776774.86,2900691.82,5475,1741,832,2496,17412,1939,2896,1022,5371,1334,861,7850,2125,832,827
2025-01-14,INV_03,123916.96,2776774.86,2900691.82,5475,1741,832,2496,17412,1939,2896,1022,5371,1334,861,7850,2125,832,827
2025-01-15,INV_03,105283.19,2847846.37,2953129.56,5475,1741,832,2496,17412,1939,2896,1022,5371,1334,861,7850,2125,832,931
2025-01-16,INV_03,89360.05,2873168.95,2962528.99,5948,1741,832,2496,17412,1939,2896,1022,5371,1334,861,7850,2125,832,931
2025-01-17,INV_03,75830.07,2906216.51,2982046.58,5948,1741,832,2496,17412,1939,2896,1022,5371,1334,861,7850,2125,832,1006
2025-01-20,INV_03,75830.07,2924928.44,3000758.51,5948,1741,832,2496,17412,1939,2896,1022,5371,1334,861,7850,2125,832,1006
2025-01-21,INV_03,64383.81,2992317.33,3056701.14,5948,1741,913,2496,17412,1939,2896,1022,5371,1334,861,7850,2125,832,1006
2025-01-22,INV_03,54715.25,3040890.55,3095605.8,5948,1741,913,2496,17412,2015,2896,1022,5371,1334,861,7850,2125,832,1006
2025-01-23,INV_03,46504.26,3113922.68,3160426.94,5948,1741,913,2496,17412,2015,2896,1022,5371,1428,861,7850,2125,832,1006
2025-01-24,INV_03,71846.64,3053855.87,3125702.51,5948,1741,913,2496,17412,2015,2896,1022,5371,1428,645,7850,2125,832,1006
2025-01-27,INV_03,60970.69,3109858.5,3170829.19,5948,1741,913,2496,18260,2015,2896,1022,5371,1428,645,7850,2125,832,1006
2025-01-28,INV_03,51751.44,3146726.68,3198478.12,5948,1741,913,2496,18260,2015,2896,1022,5775,1428,645,7850,2125,832,1006
2025-01-29,INV_03,43926.85,3158204.97,3202131.81,5948,1741,913,2496,18260,2015,2966,1022,5775,1428,645,7850,2125,832,1006
2025-01-30,INV_03,43926.85,3163071.5,3206998.35,5948,1741,913,2496,18260,2015,2966,1022,5775,1428,645,7850,2125,832,1006
2025-01-31,INV_03,43926.85,3166356.66,3210283.5,5948,1741,913,2496,18260,2015,2966,1022,5775,1428,645,7850,2125,832,1006
2025-02-03,INV_03,127076.0,3048610.35,3175686.35,5948,1741,913,2496,18260,2015,2966,766,5775,1428,645,7850,2125,832,1006
2025-02-05,INV_03,139707.91,2931483.17,3071191.07,5948,1741,913,2496,18260,2015,2966,766,5775,1428,645,5887,2125,832,1006
2025-02-06,INV_03,185482.61,2897503.35,3082985.96,5948,1741,913,2496,18260,2015,2966,766,5775,1428,645,5887,2125,832,754
2025-02-07,INV_03,157394.57,2979410.54,3136805.1,5948,1741,913,2496,18260,2015,2966,766,5775,1428,645,5887,2125,832,903
2025-02-10,INV_03,213926.67,2885491.77,3099418.43,5948,1741,913,2496,13695,2015,2966,766,5775,1428,645,5887,2125,832,903
2025-02-11,INV_03,245520.9,2808031.96,3053552.86,5948,1741,913,2496,13695,2015,2966,766,4331,1428,645,5887,2125,832,903
2025-02-13,INV_03,208341.45,2890889.57,3099231.01,5948,1741,913,2496,13695,2015,2966,766,4331,1428,645,5887,2432,832,903
2025-02-14,INV_03,176783.52,3011266.95,3188050.47,5948,1741,913,2496,13695,2015,2966,766,4331,1794,645,5887,2432,832,903
2025-02-17,INV_03,150109.29,3090565.97,3240675.26,5948,1741,913,2496,13695,2015,2966,766,4331,1794,645,5887,2432,1054,903
2025-02-18,INV_03,127460.94,3145953.44,3273414.38,5948,1741,913,2496,13695,2015,2966,835,4331,1794,645,5887,2432,1054,903
2025-02-19,INV_03,108172.12,3138469.35,3246641.47,5948,1741,1047,2496,13695,2015,2966,835,4331,1794,645,5887,2432,1054,903
2025-02-20,INV_03,117352.99,3077221.81,3194574.8,5948,1741,1047,2496,13695,2015,2966,835,4331,1794,645,4415,2432,1054,903
2025-02-21,INV_03,147758.77,3054643.85,3202402.62,5948,1741,1047,2496,13695,2015,2966,835,4331,1794,645,4415,2432,790,903
2025-02-24,INV_03,218710.41,2937053.6,3155764.01,5948,1741,1047,1872,13695,2015,2966,835,4331,1794,645,4415,2432,790,903
2025-02-25,INV_03,282140.51,2812249.84,3094390.35,5948,1741,1047,1872,13695,1511,2966,835,4331,1794,645,4415,2432,790,903
2025-02-26,INV_03,239467.41,2854500.43,3093967.84,5948,1741,1047,1872,13695,1511,2966,835,4331,2326,645,4415,2432,790,903
2025-02-27,INV_03,203234.18,2895278.27,3098512.45,5948,1917,1047,1872,13695,1511,2966,835,4331,2326,645,4415,2432,790,903
2025-02-28,INV_03,172594.47,2936723.9,3109318.37,5948,2068,1047,1872,13695,1511,2966,835,4331,2326,645,4415,2432,790,903
2025-03-03,INV_03,227176.56,2817807.55,3044984.11,4461,2068,1047,1872,13695,1511,2966,835,4331,2326,645,4415,2432,790,903
2025-03-04,INV_03,262298.44,2740826.68,3003125.12,4461,2068,785,1872,13695,1511,2966,835,4331,2326,645,4415,2432,790,903
2025-03-05,INV_03,222598.33,2826625.22,3049223.55,4461,2068,785,1872,13695,1511,2966,835,4331,2326,645,4415,2746,790,903
2025-03-06,INV_03,188915.83,2862206.68,3051122.51,4461,2068,1030,1872,13695,1511,2966,835,4331,2326,645,4415,2746,790,903
2025-03-07,INV_03,160332.76,2908224.35,3068557.11,4461,2068,1239,1872,13695,1511,2966,835,4331,2326,645,4415,2746,790,903
2025-03-10,INV_03,160332.76,2884582.11,3044914.88,4461,2068,1239,1872,13695,1511,2966,835,4331,2326,645,4415,2746,790,903
2025-03-11,INV_03,245188.98,2757983.35,3003172.33,4461,2068,1239,1872,13695,1511,2224,835,4331,2326,645,4415,2746,790,903
2025-03-12,INV_03,329346.39,2708025.77,3037372.15,4461,2068,1239,1872,13695,1511,2224,835,4331,2326,645,4415,2059,790,903
2025-03-14,INV_03,279461.08,2760155.01,3039616.09,4461,2068,1239,1872,13695,1511,2224,835,6744,2326,645,4415,2059,790,903
2025-03-17,INV_03,326623.0,2664664.29,2991287.3,4461,2068,1239,1872,13695,1511,2224,835,6744,1744,645,4415,2059,790,903
2025-03-18,INV_03,389274.87,2553840.83,2943115.7,4461,2068,1239,1872,13695,1511,1668,835,6744,1744,645,4415,2059,790,903
2025-03-19,INV_03,389274.87,2560498.91,2949773.78,4461,2068,1239,1872,13695,1511,1668,835,6744,1744,645,4415,2059,790,903
2025-03-20,INV_03,330354.18,2674221.67,3004575.85,4461,2068,1239,1872,13695,1511,1668,835,6744,1744,645,4415,2059,790,1210
2025-03-21,INV_03,280306.36,2765348.67,3045655.02,4461,2068,1239,1872,17430,1511,1668,835,6744,1744,645,4415,2059,790,1210
2025-03-24,INV_03,237894.08,2800687.74,3038581.81,4461,2068,1239,1872,17430,1511,2030,835,6744,1744,645,4415,2059,790,1210
2025-03-25,INV_03,201858.39,2838036.07,3039894.46,4461,2068,1239,1872,17430,1511,2030,835,6744,1744,645,10264,2059,790,1210
2025-03-26,INV_03,250738.65,2771570.89,3022309.54,4461,2068,1239,1404,17430,1511,2030,835,6744,1744,645,10264,2059,790,1210
2025-03-27,INV_03,250738.65,2778206.7,3028945.34,4461,2068,1239,1404,17430,1511,2030,835,6744,1744,645,10264,2059,790,1210
2025-03-28,INV_03,212753.67,2815804.09,3028557.76,4461,2068,1239,1404,17430,1511,2030,835,6744,1744,645,10264,2059,790,1410
2025-03-31,INV_03,255198.65,2772930.37,3028129.03,4461,2068,929,1404,17430,1511,2030,835,6744,1744,645,10264,2059,790,1410
2025-04-01,INV_03,216612.13,2857682.64,3074294.77,4461,2068,929,1404,17430,1511,2030,835,6744,1744,645,10264,2359,790,1410
2025-04-02,INV_03,183914.67,2909106.52,3093021.19,4461,2068,929,1404,17430,1511,2030,835,6744,1744,901,10264,2359,790,1410
2025-04-03,INV_03,232796.59,2775548.15,3008344.74,4461,2068,929,1404,17430,1133,2030,835,6744,1744,901,10264,2359,790,1410
2025-04-04,INV_03,232796.59,2713546.27,2946342.86,4461,2068,929,1404,17430,1133,2030,835,6744,1744,901,10264,2359,790,1410
2025-04-07,INV_03,300431.3,2508613.39,2809044.68,4461,2068,929,1404,17430,1133,2030,835,6744,1744,901,10264,1769,790,1410
2025-04-08,INV_03,255045.59,2659861.64,2914907.24,4461,2068,929,1404,17430,1482,2030,835,6744,1744,901,10264,1769,790,1410
2025-04-09,INV_03,342130.93,2507037.61,2849168.54,4461,1551,929,1404,17430,1482,2030,835,6744,1744,901,10264,1769,790,1410
2025-04-10,INV_03,290298.99,2704576.36,2994875.35,4461,1551,929,1404,17430,1482,2030,835,6744,1744,901,10264,1769,1273,1410
2025-04-11,INV_03,246406.88,2732763.62,2979170.5,4461,1789,929,1404,17430,1482,2030,835,6744,1744,901,10264,1769,1273,1410
2025-04-14,INV_03,273677.03,2705218.01,2978895.04,4461,1789,929,1404,17430,1482,2030,835,6744,1744,675,10264,1769,1273,1410
2025-04-15,INV_03,273677.03,2705218.01,2978895.04,4461,1789,929,1404,17430,1482,2030,835,6744,1744,675,10264,1769,1273,1410
2025-04-16,INV_03,232316.01,2769846.66,3002162.68,4461,1789,929,1404,17430,1482,2386,835,6744,1744,675,10264,1769,1273,1410
2025-04-17,INV_03,197210.3,2803210.48,3000420.79,4461,1789,929,1404,17430,1482,2386,835,6744,1744,675,10264,2051,1273,1410
2025-04-21,INV_03,167449.81,2843548.02,3010997.84,4461,1789,929,1404,17430,1482,2386,835,6744,1744,675,10264,2291,1273,1410
2025-04-22,INV_03,235580.48,2757564.18,2993144.66,4461,1789,929,1404,17430,1482,1789,835,6744,1744,675,10264,2291,1273,1410
2025-04-23,INV_03,304680.41,2678503.88,2983184.29,4461,1789,929,1404,17430,1482,1789,835,6744,1744,675,10264,1718,1273,1410
2025-04-24,INV_03,258669.11,2734202.05,2992871.15,4461,1789,929,1404,17430,1482,1789,988,6744,1744,675,10264,1718,1273,1410
2025-04-25,INV_03,297170.75,2715088.93,3012259.68,4461,1789,929,1404,17430,1482,1789,988,6744,1308,675,10264,1718,1273,1410
2025-04-28,INV_03,333049.09,2523765.16,2856814.25,4461,1789,929,1053,17430,1482,1789,988,6744,1308,675,10264,1718,1273,1410
2025-04-29,INV_03,333049.09,2531688.47,2864737.56,4461,1789,929,1053,17430,1482,1789,988,6744,1308,675,10264,1718,1273,1410
2025-04-30,INV_03,282613.99,2568174.37,2850788.36,5794,1789,929,1053,17430,1482,1789,988,6744,1308,675,10264,1718,1273,1410
2025-05-01,INV_03,282613.99,42198.35,324812.34,5794,1789,929,1053,17430,1482,1789,988,6744,1308,675,10264,1718,1273,1410
2025-05-02,INV_03,239850.1,2618380.73,2858230.83,5794,2008,929,1053,17430,1482,1789,988,6744,1308,675,10264,1718,1273,1410
2025-05-05,INV_03,239850.1,2628210.56,2868060.66,5794,2008,929,1053,17430,1482,1789,988,6744,1308,675,10264,1718,1273,1410
2025-05-06,INV_03,336904.54,2537181.99,2874086.53,5794,1506,929,1053,17430,1482,1789,988,6744,1308,675,10264,1718,1273,1410
2025-05-07,INV_03,364478.02,2490710.84,2855188.86,5794,1506,929,789,17430,1482,1789,988,6744,1308,675,10264,1718,1273,1410
2025-05-08,INV_03,309399.81,2557240.71,2866640.53,5794,1506,929,789,17430,1482,1789,988,6744,1308,675,10264,1718,1273,1700
2025-05-09,INV_03,309399.81,2560728.31,2870128.12,5794,1506,929,789,17430,1482,1789,988,6744,1308,675,10264,1718,1273,1700
2025-05-12,INV_03,309399.81,2560728.31,2870128.12,5794,1506,929,789,17430,1482,1789,988,6744,1308,675,10264,1718,1273,1700
2025-05-13,INV_03,309399.81,2560728.31,2870128.12,5794,1506,929,789,17430,1482,1789,988,6744,1308,675,10264,1718,1273,1700
2025-05-14,INV_03,262574.34,2663116.75,2925691.09,5794,1506,929,789,17430,1482,1789,988,6744,1308,675,10264,1718,1273,1939
2025-05-15,INV_03,222852.8,2727717.78,2950570.58,5794,1506,929,789,17430,1482,1789,988,6744,1308,675,10264,1718,1273,2142
2025-05-16,INV_03,222852.8,2729936.46,2952789.26,5794,1506,929,789,17430,1482,1789,988,6744,1308,675,10264,1718,1273,2142
2025-05-19,INV_03,222852.8,2727045.79,2949898.58,5794,1506,929,789,17430,1482,1789,988,6744,1308,675,10264,1718,1273,2142
2025-05-20,INV_03,237840.8,2700532.59,2938373.39,5794,1506,929,789,17430,1482,1789,988,6744,1308,675,7698,1718,1273,2142
2025-05-21,INV_03,237840.8,2710497.62,2948338.42,5794,1506,929,789,17430,1482,1789,988,6744,1308,675,7698,1718,1273,2142
2025-05-22,INV_03,201891.12,2777730.71,2979621.83,5794,1506,929,789,17430,1482,1789,988,6744,1308,957,7698,1718,1273,2142
2025-05-23,INV_03,171430.38,2813533.94,2984964.32,5794,1506,929,789,17430,1482,1789,988,6744,1308,957,7698,1934,1273,2142
2025-05-26,INV_03,145569.33,2847675.31,2993244.64,5794,1506,1109,789,17430,1482,1789,988,6744,1308,957,7698,1934,1273,2142
2025-05-27,INV_03,213510.52,2800209.23,3013719.75,5794,1506,1109,789,17430,1482,1789,988,6744,1308,957,7698,1450,1273,2142
2025-05-28,INV_03,181180.54,2849585.09,3030765.63,5794,1506,1109,789,17430,1706,1789,988,6744,1308,957,7698,1450,1273,2142
2025-05-29,INV_03,181180.54,2871102.78,3052283.32,5794,1506,1109,789,17430,1706,1789,988,6744,1308,957,7698,1450,1273,2142
2025-05-30,INV_03,153918.88,2916927.7,3070846.58,5794,1506,1109,789,17430,1706,1789,1075,6744,1308,957,7698,1450,1273,2142
2025-06-02,INV_03,130603.26,2988457.5,3119060.77,5794,1506,1109,789,17430,1706,1789,1075,6744,1530,957,7698,1450,1273,2142
2025-06-03,INV_03,110888.06,3081920.88,3192808.94,5794,1506,1109,789,17430,1706,1789,1136,6744,1530,957,7698,1450,1273,2142
2025-06-04,INV_03,94126.94,3120966.29,3215093.23,5794,1506,1109,789,17430,1706,1789,1136,6744,1530,957,7698,1450,1273,2221
2025-06-05,INV_03,156375.99,3076732.11,3233108.1,4345,1506,1109,789,17430,1706,1789,1136,6744,1530,957,7698,1450,1273,2221
2025-06-06,INV_03,248526.18,2977667.81,3226193.99,4345,1506,1109,789,17430,1706,1789,852,6744,1530,957,7698,1450,1273,2221
2025-06-09,INV_03,210917.82,3041192.62,3252110.44,4345,1506,1109,789,17430,1706,1789,852,6744,1530,957,7698,1450,1594,2221
2025-06-11,INV_03,179090.7,3113202.65,3292293.34,4345,1506,1311,789,17430,1706,1789,852,6744,1530,957,7698,1450,1594,2221
2025-06-12,INV_03,151967.43,3154393.36,3306360.79,4345,1506,1311,789,17430,1706,1789,852,7959,1530,957,7698,1450,1594,2221
2025-06-13,INV_03,151967.43,3132346.24,3284313.68,4345,1506,1311,789,17430,1706,1789,852,7959,1530,957,7698,1450,1594,2221
2025-06-16,INV_03,217736.56,3042563.09,3260299.66,4345,1506,1311,789,17430,1279,1789,852,7959,1530,957,7698,1450,1594,2221
2025-06-17,INV_03,268569.99,2977519.5,3246089.49,4345,1506,1311,789,17430,959,1789,852,7959,1530,957,7698,1450,1594,2221
2025-06-18,INV_03,268569.99,2944184.23,3212754.22,4345,1506,1311,789,17430,959,1789,852,7959,1530,957,7698,1450,1594,2221
2025-06-19,INV_03,317196.81,2856656.95,3173853.77,4345,1506,983,789,17430,959,1789,852,7959,1530,957,7698,1450,1594,2221
2025-06-20,INV_03,269220.55,2953512.94,3222733.49,4345,1506,983,789,17430,1261,1789,852,7959,1530,957,7698,1450,1594,2221
2025-06-23,INV_03,290243.7,2870877.18,3161120.88,4345,1506,983,591,17430,1261,1789,852,7959,1530,957,7698,1450,1594,2221
2025-06-24,INV_03,290243.7,2949092.96,3239336.66,4345,1506,983,591,17430,1261,1789,852,7959,1530,957,7698,1450,1594,2221
2025-06-25,INV_03,302531.25,2936681.29,3239212.54,4345,1506,983,591,17430,1261,1341,852,7959,1530,957,7698,1450,1594,2221
2025-06-26,INV_03,256754.77,3085894.49,3342649.26,4345,1506,1274,591,17430,1261,1341,852,7959,1530,957,7698,1450,1594,2221
2025-06-27,INV_03,273714.46,3063630.09,3337344.55,4345,1506,1274,443,17430,1261,1341,852,7959,1530,957,7698,1450,1594,2221
2025-06-30,INV_03,232356.66,3158657.66,3391014.32,4345,1665,1274,443,17430,1261,1341,852,7959,1530,957,7698,1450,1594,2221
2025-07-01,INV_03,197203.1,3197864.57,3395067.67,4345,1665,1274,745,17430,1261,1341,852,7959,1530,957,7698,1450,1594,2221
2025-07-02,INV_03,197203.1,3220796.38,3417999.48,4345,1665,1274,745,17430,1261,1341,852,7959,1530,957,7698,1450,1594,2221
2025-07-03,INV_03,197203.1,3205731.01,3402934.11,4345,1665,1274,745,17430,1261,1341,852,7959,1530,957,7698,1450,1594,2221
2025-07-04,INV_03,197203.1,3205757.39,3402960.49,4345,1665,1274,745,17430,1261,1341,852,7959,1530,957,7698,1450,1594,2221
2025-07-07,INV_03,228447.5,3168308.12,3396755.62,4345,1665,1274,745,17430,1261,1341,852,7959,1530,717,7698,1450,1594,2221
2025-07-08,INV_03,193885.3,3204871.86,3398757.16,4345,1665,1274,745,17430,1261,1341,852,7959,1530,717,7698,1450,1889,2221
2025-07-09,INV_03,193885.3,3243867.59,3437752.89,4345,1665,1274,745,17430,1261,1341,852,7959,1530,717,7698,1450,1889,2221
2025-07-10,INV_03,193885.3,3243867.59,3437752.89,4345,1665,1274,745,17430,1261,1341,852,7959,1530,717,7698,1450,1889,2221
2025-07-11,INV_03,164524.4,3332488.89,3497013.29,4345,1665,1274,745,18952,1261,1341,852,7959,1530,717,7698,1450,1889,2221
2025-07-14,INV_03,139627.9,3423976.22,3563604.12,4345,1665,1274,745,18952,1261,1341,852,7959,1530,717,7698,1450,2089,2221
2025-07-15,INV_03,139627.9,3446679.63,3586307.53,4345,1665,1274,745,18952,1261,1341,852,7959,1530,717,7698,1450,2089,2221
2025-07-16,INV_03,151252.98,3407276.87,3558529.85,4345,1665,1274,745,18952,1261,1341,852,7959,1530,717,5773,1450,2089,2221
2025-07-17,INV_03,128340.12,3435370.27,3563710.38,4345,1665,1274,745,18952,1261,1341,852,7959,1530,717,9554,1450,2089,2221
2025-07-18,INV_03,108964.78,3483212.9,3592177.69,4345,1665,1274,745,18952,1261,1341,852,7959,1530,864,9554,1450,2089,2221
2025-07-21,INV_03,92655.76,3512327.27,3604983.03,4345,1722,1274,745,18952,1261,1341,852,7959,1530,864,9554,1450,2089,2221
2025-07-22,INV_03,213595.72,3397078.8,3610674.51,4345,1722,1274,745,18952,1261,1341,852,7959,1530,864,9554,1450,2089,1665
2025-07-23,INV_03,181247.94,3456799.19,3638047.13,4345,1722,1274,975,18952,1261,1341,852,7959,1530,864,9554,1450,2089,1665
2025-07-24,INV_03,153844.56,3512684.69,3666529.25,4796,1722,1274,975,18952,1261,1341,852,7959,1530,864,9554,1450,2089,1665
2025-07-25,INV_03,130806.64,3572304.86,3703111.5,4796,1798,1274,975,18952,1261,1341,852,7959,1530,864,9554,1450,2089,1665
2025-07-28,INV_03,130806.64,3582886.15,3713692.8,4796,1798,1274,975,18952,1261,1341,852,7959,1530,864,9554,1450,2089,1665
2025-07-29,INV_03,111149.9,3610184.77,3721334.66,4796,1798,1274,975,18952,1372,1341,852,7959,1530,864,9554,1450,2089,1665
2025-07-30,INV_03,94334.36,3631390.54,3725724.9,4796,1798,1274,975,18952,1372,1341,852,8656,1530,864,9554,1450,2089,1665
2025-07-31,INV_03,80050.92,3658574.59,3738625.5,4796,1798,1274,975,18952,1372,1341,852,9253,1530,864,9554,1450,2089,1665
2025-08-01,INV_03,68227.83,3746150.5,3814378.33,4796,1836,1274,975,18952,1372,1341,852,9253,1530,864,9554,1450,2089,1665
2025-08-04,INV_03,141233.4,3640423.27,3781656.67,4796,1836,1274,975,18952,1372,1341,852,9253,1530,864,9554,1450,1566,1665
2025-08-05,INV_03,141233.4,3625338.51,3766571.91,4796,1836,1274,975,18952,1372,1341,852,9253,1530,864,9554,1450,1566,1665
2025-08-06,INV_03,141233.4,3624434.98,3765668.38,4796,1836,1274,975,18952,1372,1341,852,9253,1530,864,9554,1450,1566,1665
2025-08-07,INV_03,191720.14,3568119.41,3759839.55,4796,1836,1274,975,18952,1372,1341,852,9253,1147,864,9554,1450,1566,1665
2025-08-11,INV_03,162696.76,3600438.42,3763135.18,4796,1836,1274,975,18952,1372,1341,852,10492,1147,864,9554,1450,1566,1665
2025-08-12,INV_03,162696.76,3619743.61,3782440.38,4796,1836,1274,975,18952,1372,1341,852,10492,1147,864,9554,1450,1566,1665
2025-08-13,INV_03,138186.66,3647594.48,3785781.14,4796,1836,1274,975,18952,1372,1341,852,10492,1147,864,9554,1609,1566,1665
2025-08-14,INV_03,148261.14,3619402.83,3767663.96,4796,1836,1274,975,18952,1372,1005,852,10492,1147,864,9554,1609,1566,1665
2025-08-15,INV_03,148261.14,3675835.85,3824096.98,4796,1836,1274,975,18952,1372,1005,852,10492,1147,864,9554,1609,1566,1665
2025-08-18,INV_03,125983.55,3747881.1,3873864.64,4796,1912,1274,975,18952,1372,1005,852,10492,1147,864,9554,1609,1566,1665
2025-08-19,INV_03,106900.61,3784697.33,3891597.93,4796,1912,1274,975,18952,1372,1005,852,10492,1147,864,12703,1609,1566,1665
2025-08-20,INV_03,106900.61,3809890.52,3916791.12,4796,1912,1274,975,18952,1372,1005,852,10492,1147,864,12703,1609,1566,1665
2025-08-21,INV_03,90713.36,3837299.51,3928012.87,4796,1912,1274,975,18952,1372,1543,852,10492,1147,864,12703,1609,1566,1665
2025-08-22,INV_03,90713.36,3822104.64,3912818.0,4796,1912,1274,975,18952,1372,1543,852,10492,1147,864,12703,1609,1566,1665
2025-08-25,INV_03,225592.27,3657875.37,3883467.64,4796,1434,1274,975,18952,1372,1543,852,10492,1147,864,12703,1609,1566,1665
2025-08-26,INV_03,191513.86,3702637.65,3894151.51,4796,1434,1274,1182,18952,1372,1543,852,10492,1147,864,12703,1609,1566,1665
2025-08-27,INV_03,162501.2,3757769.92,3920271.12,4796,1434,1274,1182,20139,1372,1543,852,10492,1147,864,12703,1609,1566,1665
2025-08-28,INV_03,137893.94,3785145.08,3923039.02,5199,1434,1274,1182,20139,1372,1543,852,10492,1147,864,12703,1609,1566,1665
2025-08-29,INV_03,117016.03,3843513.09,3960529.12,5199,1434,1274,1182,20931,1372,1543,852,10492,1147,864,12703,1609,1566,1665
2025-09-01,INV_03,128589.68,3845680.74,3974270.42,5199,1434,1274,1182,20931,1372,1157,852,10492,1147,864,12703,1609,1566,1665
2025-09-02,INV_03,189619.96,3762127.91,3951747.88,5199,1434,955,1182,20931,1372,1157,852,10492,1147,864,12703,1609,1566,1665
2025-09-03,INV_03,189619.96,3743966.2,3933586.17,5199,1434,955,1182,20931,1372,1157,852,10492,1147,864,12703,1609,1566,1665
2025-09-04,INV_03,160956.16,3770092.42,3931048.58,5199,1434,955,1182,20931,1372,1157,852,10492,1147,1079,12703,1609,1566,1665
2025-09-08,INV_03,136581.51,3771806.96,3908388.48,5199,1434,955,1182,20931,1372,1157,852,11579,1147,1079,12703,1609,1566,1665
2025-09-09,INV_03,181537.41,3679535.59,3861073.01,5199,1434,716,1182,20931,1372,1157,852,11579,1147,1079,12703,1609,1566,1665
2025-09-10,INV_03,215384.52,3664359.04,3879743.56,5199,1434,537,1182,20931,1372,1157,852,11579,1147,1079,12703,1609,1566,1665
2025-09-11,INV_03,215384.52,3637975.15,3853359.67,5199,1434,537,1182,20931,1372,1157,852,11579,1147,1079,12703,1609,1566,1665
2025-09-12,INV_03,182880.53,3675755.56,3858636.09,5199,1548,537,1182,20931,1372,1157,852,11579,1147,1079,12703,1609,1566,1665
2025-09-15,INV_03,220502.46,3591683.06,3812185.52,5199,1548,537,1182,20931,1372,1157,852,11579,860,1079,12703,1609,1566,1665
2025-09-16,INV_03,187126.33,3668063.16,3855189.49,5765,1548,537,1182,20931,1372,1157,852,11579,860,1079,12703,1609,1566,1665
2025-09-17,INV_03,158779.47,3724655.36,3883434.83,5765,1548,537,1182,20931,1372,1157,852,11579,860,1079,17542,1609,1566,1665
2025-09-18,INV_03,134791.97,3816535.02,3951326.99,5765,1548,662,1182,20931,1372,1157,852,11579,860,1079,17542,1609,1566,1665
2025-09-19,INV_03,114440.47,3846517.3,3960957.77,5765,1548,662,1306,20931,1372,1157,852,11579,860,1079,17542,1609,1566,1665
2025-09-22,INV_03,97108.87,3901024.17,3998133.05,5765,1548,662,1306,20931,1372,1157,852,11579,860,1209,17542,1609,1566,1665
2025-09-23,INV_03,97108.87,3917229.62,4014338.49,5765,1548,662,1306,20931,1372,1157,852,11579,860,1209,17542,1609,1566,1665
2025-09-24,INV_03,82398.87,3954268.91,4036667.78,5765,1548,662,1306,20931,1372,1157,852,12235,860,1209,17542,1609,1566,1665
2025-09-25,INV_03,69925.37,3987301.58,4057226.95,5765,1548,662,1306,21406,1372,1157,852,12235,860,1209,17542,1609,1566,1665
2025-09-26,INV_03,59371.88,4014038.52,4073410.4,5765,1548,716,1306,21406,1372,1157,852,12235,860,1209,17542,1609,1566,1665
2025-09-29,INV_03,59371.88,4021651.26,4081023.14,5765,1548,716,1306,21406,1372,1157,852,12235,860,1209,17542,1609,1566,1665
2025-09-30,INV_03,50479.84,4032803.78,4083283.62,5765,1548,716,1306,21406,1372,1157,852,12235,860,1209,17542,1609,1628,1665
2025-10-01,INV_03,42995.74,4048129.71,4091125.45,5765,1548,716,1306,21406,1372,1157,871,12235,860,1209,17542,1609,1628,1665
2025-10-02,INV_03,42995.74,4076669.84,4119665.58,5765,1548,716,1306,21406,1372,1157,871,12235,860,1209,17542,1609,1628,1665
2025-10-03,INV_03,42995.74,4096319.33,4139315.07,5765,1548,716,1306,21406,1372,1157,871,12235,860,1209,17542,1609,1628,1665
2025-10-07,INV_03,101622.06,4028041.34,4129663.39,5765,1548,716,1306,21406,1372,1157,871,12235,860,1209,17542,1609,1221,1665
2025-10-08,INV_03,111030.01,4006839.47,4117869.48,5765,1548,716,1306,21406,1372,867,871,12235,860,1209,17542,1609,1221,1665
2025-10-09,INV_03,173763.64,3921254.86,4095018.5,5765,1548,716,1306,21406,1372,867,871,9176,860,1209,17542,1609,1221,1665
2025-10-10,INV_03,217084.06,3898677.01,4115761.07,5765,1548,716,1306,21406,1372,867,871,9176,860,1209,17542,1609,915,1665
2025-10-13,INV_03,184299.42,3939828.13,4124127.55,5765,1548,716,1306,21406,1546,867,871,9176,860,1209,17542,1609,915,1665
2025-10-14,INV_03,156484.02,3990623.66,4147107.68,5765,1548,851,1306,21406,1546,867,871,9176,860,1209,17542,1609,915,1665
2025-10-15,INV_03,156484.02,3983845.78,4140329.8,5765,1548,851,1306,21406,1546,867,871,9176,860,1209,17542,1609,915,1665
2025-10-16,INV_03,181668.43,3968436.68,4150105.12,5765,1548,851,1306,21406,1546,867,871,9176,860,1209,13156,1609,915,1665
2025-10-17,INV_03,181668.43,3988579.65,4170248.08,5765,1548,851,1306,21406,1546,867,871,9176,860,1209,13156,1609,915,1665
2025-10-21,INV_03,154313.34,4051501.2,4205814.54,5765,1548,982,1306,21406,1546,867,871,9176,860,1209,13156,1609,915,1665
2025-10-22,INV_03,154313.34,4043815.54,4198128.88,5765,1548,982,1306,21406,1546,867,871,9176,860,1209,13156,1609,915,1665
2025-10-23,INV_03,131042.44,4064947.99,4195990.43,5765,1548,982,1306,21406,1546,867,929,9176,860,1209,13156,1609,915,1665
2025-10-24,INV_03,181089.91,4011973.2,4193063.11,5765,1548,736,1306,21406,1546,867,929,9176,860,1209,13156,1609,915,1665
2025-10-27,INV_03,266268.85,3916436.99,4182705.84,4323,1548,736,1306,21406,1546,867,929,9176,860,1209,13156,1609,915,1665
2025-10-28,INV_03,266268.85,3890537.18,4156806.03,4323,1548,736,1306,21406,1546,867,929,9176,860,1209,13156,1609,915,1665
2025-10-29,INV_03,226039.25,3943452.26,4169491.51,4323,1548,736,1306,21406,1546,867,929,9176,1107,1209,13156,1609,915,1665
2025-10-30,INV_03,258345.42,3901782.26,4160127.68,4323,1548,736,1306,21406,1546,867,929,9176,1107,1209,13156,1609,686,1665
2025-10-31,INV_03,349517.74,3808775.21,4158292.95,4323,1548,736,1306,21406,1546,867,696,9176,1107,1209,13156,1609,686,1665
2025-11-03,INV_03,296758.61,3891222.75,4187981.36,4323,1548,736,1306,21406,1546,867,696,9176,1107,1209,13156,1609,686,1847
2025-11-04,INV_03,316946.49,3871119.68,4188066.17,4323,1548,736,1306,21406,1546,867,696,9176,1107,1209,9867,1609,686,1847
2025-11-05,INV_03,316946.49,30218.59,347165.08,4323,1548,736,1306,21406,1546,867,696,9176,1107,1209,9867,1609,686,1847
2025-11-06,INV_03,269048.25,3953860.15,4222908.4,4323,1548,964,1306,21406,1546,867,696,9176,1107,1209,9867,1609,686,1847
2025-11-07,INV_03,228312.96,4027514.09,4255827.05,4323,1548,964,1306,21406,1546,1989,696,9176,1107,1209,9867,1609,686,1847
2025-11-10,INV_03,193728.54,4124859.86,4318588.4,4323,1548,964,1306,21406,1546,1989,696,9176,1107,1209,15135,1609,686,1847
2025-11-11,INV_03,164402.18,4191459.52,4355861.7,4323,1548,964,1306,21406,1546,1989,764,9176,1107,1209,15135,1609,686,1847
2025-11-12,INV_03,164402.18,4190892.58,4355294.76,4323,1548,964,1306,21406,1546,1989,764,9176,1107,1209,15135,1609,686,1847
2025-11-13,INV_03,214823.71,4092285.93,4307109.64,4323,1548,964,1306,21406,1546,1989,764,6882,1107,1209,15135,1609,686,1847
2025-11-14,INV_03,214823.71,4083401.33,4298225.04,4323,1548,964,1306,21406,1546,1989,764,6882,1107,1209,15135,1609,686,1847
2025-11-17,INV_03,214823.71,4072317.46,4287141.18,4323,1548,964,1306,21406,1546,1989,764,6882,1107,1209,15135,1609,686,1847
2025-11-18,INV_03,238799.14,4007419.96,4246219.1,4323,1548,964,1306,21406,1546,1989,764,6882,1107,1209,11351,1609,686,1847
2025-11-19,INV_03,256301.35,3973980.99,4230282.34,4323,1548,964,1306,21406,1546,1491,764,6882,1107,1209,11351,1609,686,1847
2025-11-20,INV_03,256301.35,3983332.74,4239634.09,4323,1548,964,1306,21406,1546,1491,764,6882,1107,1209,11351,1609,686,1847
2025-11-21,INV_03,295146.26,3929369.92,4224516.18,4323,1548,964,1306,21406,1546,1491,764,5161,1107,1209,11351,1609,686,1847
2025-11-24,INV_03,403967.89,3769564.28,4173532.17,4323,1161,964,1306,21406,1546,1491,764,5161,1107,1209,11351,1609,686,1847
2025-11-25,INV_03,403967.89,3783006.89,4186974.78,4323,1161,964,1306,21406,1546,1491,764,5161,1107,1209,11351,1609,686,1847
2025-11-26,INV_03,342816.94,3853918.24,4196735.18,4323,1161,1253,1306,21406,1546,1491,764,5161,1107,1209,11351,1609,686,1847
2025-11-27,INV_03,394290.01,3772316.31,4166606.32,4323,1161,1253,979,21406,1546,1491,764,5161,1107,1209,11351,1609,686,1847
2025-11-28,INV_03,394290.01,3775099.87,4169389.87,4323,1161,1253,979,21406,1546,1491,764,5161,1107,1209,11351,1609,686,1847
2025-12-01,INV_03,527036.19,3543594.91,4070631.1,4323,1161,1253,979,21406,1546,1491,764,5161,1107,1209,11351,1609,686,1385
2025-12-02,INV_03,551641.65,3546501.71,4098143.36,4323,1161,1253,979,21406,1546,1491,764,5161,1107,1209,11351,1609,514,1385
2025-12-03,INV_03,551641.65,3485578.41,4037220.06,4323,1161,1253,979,21406,1546,1491,764,5161,1107,1209,11351,1609,514,1385
2025-12-05,INV_03,551641.65,3448908.95,4000550.6,4323,1161,1253,979,21406,1546,1491,764,5161,1107,1209,11351,1609,514,1385
2025-12-08,INV_03,468093.19,3536311.65,4004404.84,4323,1161,1253,979,21406,1546,1491,979,5161,1107,1209,11351,1609,514,1385
2025-12-09,INV_03,397195.73,3650555.18,4047750.92,4323,1161,1253,979,23869,1546,1491,979,5161,1107,1209,11351,1609,514,1385
2025-12-10,INV_03,397195.73,3718056.62,4115252.36,4323,1161,1253,979,23869,1546,1491,979,5161,1107,1209,11351,1609,514,1385
2025-12-11,INV_03,337039.63,3799107.5,4136147.13,4323,1161,1253,979,25888,1546,1491,979,5161,1107,1209,11351,1609,514,1385
2025-12-12,INV_03,337039.63,3798340.65,4135380.28,4323,1161,1253,979,25888,1546,1491,979,5161,1107,1209,11351,1609,514,1385
2025-12-15,INV_03,378895.39,3726052.93,4104948.32,4323,1161,1253,979,25888,1546,1491,979,5161,830,1209,11351,1609,514,1385
2025-12-16,INV_03,378895.39,3727192.0,4106087.39,4323,1161,1253,979,25888,1546,1491,979,5161,830,1209,11351,1609,514,1385
2025-12-17,INV_03,321510.22,3783010.52,4104520.74,4323,1161,1253,979,27814,1546,1491,979,5161,830,1209,11351,1609,514,1385
2025-12-18,INV_03,334545.45,3762624.09,4097169.54,4323,1161,1253,979,27814,1546,1118,979,5161,830,1209,11351,1609,514,1385
2025-12-19,INV_03,370200.3,3720119.37,4090319.68,4323,1161,1253,734,27814,1546,1118,979,5161,830,1209,11351,1609,514,1385
2025-12-22,INV_03,370200.3,3706573.5,4076773.81,4323,1161,1253,734,27814,1546,1118,979,5161,830,1209,11351,1609,514,1385
2025-12-23,INV_03,314205.9,3762378.32,4076584.23,4323,1161,1253,1119,27814,1546,1118,979,5161,830,1209,11351,1609,514,1385
2025-12-24,INV_03,407405.74,3663860.61,4071266.35,4323,1161,1253,1119,27814,1546,1118,734,5161,830,1209,11351,1609,514,1385
2025-12-25,INV_03,407405.74,1981746.17,2389151.9,4323,1161,1253,1119,27814,1546,1118,734,5161,830,1209,11351,1609,514,1385
2025-12-26,INV_03,345693.73,3739660.93,4085354.66,4323,1161,1253,1119,27814,1546,1118,734,5161,830,1209,11351,1609,952,1385
2025-12-29,INV_03,293439.4,3789610.45,4083049.85,4323,1161,1253,1119,27814,1546,1118,734,5161,830,1209,11351,1609,952,1555
2025-12-30,INV_03,249039.8,3872941.04,4121980.84,4323,1161,1253,1119,27814,1546,1118,734,5161,830,1209,11351,1609,1266,1555
2025-12-31,INV_03,249039.8,3896039.95,4145079.75,4323,1161,1253,1119,27814,1546,1118,734,5161,830,1209,11351,1609,1266,1555
2026-01-02,INV_03,211432.2,3965521.01,4176953.2,4323,1161,1253,1366,27814,1546,1118,734,5161,830,1209,11351,1609,1266,1555
2026-01-05,INV_03,179417.07,4011755.0,4191172.07,4323,1161,1253,1366,27814,1546,1118,734,6635,830,1209,11351,1609,1266,1555
2026-01-06,INV_03,152235.95,4112184.63,4264420.58,4323,1161,1253,1366,27814,1546,1118,734,6635,830,1209,15991,1609,1266,1555
2026-01-07,INV_03,184376.4,4079719.54,4264095.93,4323,1161,1253,1366,27814,1546,1118,734,6635,622,1209,15991,1609,1266,1555
2026-01-08,INV_03,223972.44,4039723.54,4263695.97,4323,1161,1253,1366,27814,1546,1118,734,6635,622,906,15991,1609,1266,1555
2026-01-09,INV_03,190101.99,4141089.75,4331191.74,4766,1161,1253,1366,27814,1546,1118,734,6635,622,906,15991,1609,1266,1555
2026-01-12,INV_03,190101.99,4149066.6,4339168.58,4766,1161,1253,1366,27814,1546,1118,734,6635,622,906,15991,1609,1266,1555
2026-01-13,INV_03,161407.13,4206572.87,4367980.0,4766,1161,1253,1366,27814,1546,1118,734,6635,622,1113,15991,1609,1266,1555
2026-01-14,INV_03,137015.63,4317777.46,4454793.09,4766,1161,1253,1366,27814,1546,1118,734,6635,622,1113,15991,1609,1427,1555
2026-01-16,INV_03,191442.36,4266984.38,4458426.74,4766,1161,1253,1024,27814,1546,1118,734,6635,622,1113,15991,1609,1427,1555
2026-01-19,INV_03,191442.36,4256687.08,4448129.44,4766,1161,1253,1024,27814,1546,1118,734,6635,622,1113,15991,1609,1427,1555
2026-01-20,INV_03,162490.71,4300729.39,4463220.11,4766,1161,1253,1024,27814,1546,1118,734,6635,622,1323,15991,1609,1427,1555
2026-01-21,INV_03,138124.21,4377305.58,4515429.79,4766,1161,1253,1024,27814,1546,1118,791,6635,622,1323,15991,1609,1427,1555
2026-01-22,INV_03,370130.52,4118551.31,4488681.83,4766,1161,1253,1024,20860,1546,1118,791,6635,622,1323,15991,1609,1427,1555
2026-01-23,INV_03,370130.52,4129197.79,4499328.3,4766,1161,1253,1024,20860,1546,1118,791,6635,622,1323,15991,1609,1427,1555
2026-01-26,INV_03,542569.72,3966316.53,4508886.24,4766,1161,1253,1024,15645,1546,1118,791,6635,622,1323,15991,1609,1427,1555
2026-01-27,INV_03,460400.66,4037099.2,4497499.86,4766,1161,1611,1024,15645,1546,1118,791,6635,622,1323,15991,1609,1427,1555
2026-01-28,INV_03,470074.94,4016492.09,4486567.03,4766,1161,1611,1024,15645,1546,838,791,6635,622,1323,15991,1609,1427,1555
2026-01-29,INV_03,399102.02,4080604.97,4479706.98,4766,1161,1611,1024,15645,1546,838,791,6635,622,1323,15991,1609,1427,1762
2026-01-30,INV_03,338686.85,4145182.62,4483869.46,4766,1161,1611,1405,15645,1546,838,791,6635,622,1323,15991,1609,1427,1762
2026-02-02,INV_03,464555.45,3989075.49,4453630.94,4766,1161,1611,1405,11733,1546,838,791,6635,622,1323,15991,1609,1427,1762
2026-02-03,INV_03,394244.3,4060717.46,4454961.76,4766,1161,1611,1405,11733,1546,838,791,6635,622,1323,15991,1609,1903,1762
2026-02-05,INV_03,394244.3,4057126.39,4451370.68,4766,1161,1611,1405,11733,1546,838,791,6635,622,1323,15991,1609,1903,1762
2026-02-06,INV_03,440366.67,4019995.96,4460362.62,4766,1161,1611,1405,11733,1546,838,791,6635,622,992,15991,1609,1903,1762
2026-02-09,INV_03,440366.67,4026872.56,4467239.23,4766,1161,1611,1405,11733,1546,838,791,6635,622,992,15991,1609,1903,1762
2026-02-10,INV_03,373671.11,4080442.27,4454113.39,4766,1161,1611,1405,11733,1546,838,791,9583,622,992,15991,1609,1903,1762
2026-02-11,INV_03,457338.79,3994556.58,4451895.37,3574,1161,1611,1405,11733,1546,838,791,9583,622,992,15991,1609,1903,1762
2026-02-12,INV_03,492018.49,3948031.52,4440050.01,3574,1161,1611,1405,11733,1546,838,791,9583,622,744,15991,1609,1903,1762
2026-02-13,INV_03,492018.49,3960600.18,4452618.67,3574,1161,1611,1405,11733,1546,838,791,9583,622,744,15991,1609,1903,1762
2026-02-16,INV_03,417670.37,4075751.59,4493421.96,3574,1161,1611,1405,11733,1854,838,791,9583,622,744,15991,1609,1903,1762
2026-02-17,INV_03,354486.54,4141653.14,4496139.67,3574,1161,1611,1405,11733,1854,838,791,9583,622,744,15991,1958,1903,1762
2026-02-18,INV_03,300799.78,4208757.85,4509557.63,3574,1161,1611,1405,11733,1854,2406,791,9583,622,744,15991,1958,1903,1762
2026-02-19,INV_03,300799.78,4208757.85,4509557.63,3574,1161,1611,1405,11733,1854,2406,791,9583,622,744,15991,1958,1903,1762
2026-02-20,INV_03,255296.45,4253810.65,4509107.1,4182,1161,1611,1405,11733,1854,2406,791,9583,622,744,15991,1958,1903,1762
2026-02-23,INV_03,255296.45,4253810.65,4509107.1,4182,1161,1611,1405,11733,1854,2406,791,9583,622,744,15991,1958,1903,1762
2026-02-24,INV_03,216674.05,4292050.65,4508724.7,4182,1161,1611,1405,11733,2014,2406,791,9583,622,744,15991,1958,1903,1762
2026-02-25,INV_03,236877.78,4271642.84,4508520.62,4182,1161,1611,1405,11733,2014,1804,791,9583,622,744,15991,1958,1903,1762
2026-02-26,INV_03,201190.44,4306976.84,4508167.28,4182,1161,1762,1405,11733,2014,1804,791,9583,622,744,15991,1958,1903,1762
2026-02-27,INV_03,171018.37,4336850.18,4507868.55,4182,1161,1762,1405,11733,2014,1804,791,9583,622,744,15991,1958,1903,1850
2026-03-02,INV_03,197442.46,4304762.91,4502205.37,4182,1161,1762,1405,11733,2014,1804,791,9583,622,558,15991,1958,1903,1850
2026-03-03,INV_03,167572.72,4334336.91,4501909.63,4182,1161,1762,1591,11733,2014,1804,791,9583,622,558,15991,1958,1903,1850
2026-03-04,INV_03,190529.24,2637321.17,2827850.41,4182,1161,1762,1591,11733,2014,1804,791,9583,622,558,11993,1958,1903,1850
2020-01-01,INV_04,1000000.0,0.0,1000000.0,0,0,0,0,0,0,0,0,0,0,0,0,0,0,0
2020-01-02,INV_04,1000000.0,0.0,1000000.0,0,0,0,0,0,0,0,0,0,0,0,0,0,0,0
2020-01-03,INV_04,1000000.0,0.0,1000000.0,0,0,0,0,0,0,0,0,0,0,0,0,0,0,0
2020-01-06,INV_04,1000000.0,0.0,1000000.0,0,0,0,0,0,0,0,0,0,0,0,0,0,0,0
2020-01-07,INV_04,1000000.0,0.0,1000000.0,0,0,0,0,0,0,0,0,0,0,0,0,0,0,0
2020-01-08,INV_04,1000000.0,0.0,1000000.0,0,0,0,0,0,0,0,0,0,0,0,0,0,0,0
2020-01-09,INV_04,1000000.0,0.0,1000000.0,0,0,0,0,0,0,0,0,0,0,0,0,0,0,0
2020-01-10,INV_04,1000000.0,0.0,1000000.0,0,0,0,0,0,0,0,0,0,0,0,0,0,0,0
2020-01-13,INV_04,1000000.0,0.0,1000000.0,0,0,0,0,0,0,0,0,0,0,0,0,0,0,0
2020-01-14,INV_04,1000000.0,0.0,1000000.0,0,0,0,0,0,0,0,0,0,0,0,0,0,0,0
2020-01-15,INV_04,1000000.0,0.0,1000000.0,0,0,0,0,0,0,0,0,0,0,0,0,0,0,0
2020-01-16,INV_04,1000000.0,0.0,1000000.0,0,0,0,0,0,0,0,0,0,0,0,0,0,0,0
2020-01-17,INV_04,1000000.0,0.0,1000000.0,0,0,0,0,0,0,0,0,0,0,0,0,0,0,0
2020-01-20,INV_04,848533.83,149966.5,998500.33,0,0,0,0,0,0,0,0,0,0,0,0,0,2047,0
2020-01-21,INV_04,885821.8,112920.28,998742.07,0,0,0,0,0,0,0,0,0,0,0,0,0,1535,0
2020-01-22,INV_04,751669.94,247482.94,999152.88,0,0,0,2006,0,0,0,0,0,0,0,0,0,1535,0
2020-01-23,INV_04,751669.94,248795.53,1000465.46,0,0,0,2006,0,0,0,0,0,0,0,0,0,1535,0
2020-01-24,INV_04,751669.94,250262.97,1001932.91,0,0,0,2006,0,0,0,0,0,0,0,0,0,1535,0
2020-01-27,INV_04,784232.19,213201.77,997433.96,0,0,0,1504,0,0,0,0,0,0,0,0,0,1535,0
2020-01-28,INV_04,665421.75,328981.18,994402.93,0,0,0,1504,0,0,0,0,0,0,0,31793,0,1535,0
2020-01-29,INV_04,564629.13,434670.58,999299.72,0,0,0,1504,0,0,0,0,0,3904,0,31793,0,1535,0
2020-01-30,INV_04,564629.13,431492.65,996121.78,0,0,0,1504,0,0,0,0,0,3904,0,31793,0,1535,0
2020-01-31,INV_04,564629.13,432176.89,996806.03,0,0,0,1504,0,0,0,0,0,3904,0,31793,0,1535,0
2020-02-03,INV_04,479091.63,517192.71,996284.34,0,0,0,1504,0,0,0,0,0,3904,0,54080,0,1535,0
2020-02-04,INV_04,406586.49,588979.98,995566.47,0,0,0,1504,0,0,0,0,453,3904,0,54080,0,1535,0
2020-02-05,INV_04,344988.97,651853.89,996842.86,0,0,0,1504,0,4910,0,0,453,3904,0,54080,0,1535,0
2020-02-06,INV_04,292731.3,704641.02,997372.32,2944,0,0,1504,0,4910,0,0,453,3904,0,54080,0,1535,0
2020-02-07,INV_04,248390.96,746336.51,994727.46,2944,0,0,1504,0,4910,0,0,453,3904,0,54080,0,1535,730
2020-02-10,INV_04,210771.47,776517.48,987288.95,2944,0,0,1504,0,4910,0,0,453,3904,2644,54080,0,1535,730
2020-02-11,INV_04,210771.47,772959.58,983731.05,2944,0,0,1504,0,4910,0,0,453,3904,2644,54080,0,1535,730
2020-02-12,INV_04,178842.16,798646.66,977488.82,2944,0,0,1504,3821,4910,0,0,453,3904,2644,54080,0,1535,730
2020-02-13,INV_04,151766.78,827989.77,979756.55,2944,0,0,1504,3821,4910,0,0,453,3904,2644,54080,1243,1535,730
2020-02-14,INV_04,128779.05,852787.27,981566.32,2944,0,0,1504,3821,4910,0,0,453,3904,4316,54080,1243,1535,730
2020-02-17,INV_04,128779.05,850062.46,978841.5,2944,0,0,1504,3821,4910,0,0,453,3904,4316,54080,1243,1535,730
2020-02-18,INV_04,109299.4,869610.91,978910.31,2944,0,0,1504,3821,4910,0,173,453,3904,4316,54080,1243,1535,730
2020-02-19,INV_04,133660.0,854582.74,988242.74,2944,0,0,1128,3821,4910,0,173,453,3904,4316,54080,1243,1535,730
2020-02-20,INV_04,133660.0,850081.04,983741.04,2944,0,0,1128,3821,4910,0,173,453,3904,4316,54080,1243,1535,730
2020-02-21,INV_04,113415.19,870125.41,983540.6,2944,0,0,1128,3821,6555,0,173,453,3904,4316,54080,1243,1535,730
2020-02-24,INV_04,121433.53,855725.48,977159.0,2944,0,0,1128,2865,6555,0,173,453,3904,4316,54080,1243,1535,730
2020-02-25,INV_04,149342.08,812599.94,961942.02,2944,0,0,1128,2865,6555,0,173,453,3904,4316,54080,1243,1151,730
2020-02-26,INV_04,174275.75,778638.62,952914.37,2944,0,0,1128,2865,6555,0,173,453,2928,4316,54080,1243,1151,730
2020-02-27,INV_04,147891.87,799811.69,947703.56,2944,0,0,1128,2865,6555,0,173,453,2928,4316,54080,2509,1151,730
2020-02-28,INV_04,125574.74,810663.27,936238.01,2944,0,0,1128,2865,6555,0,384,453,2928,4316,54080,2509,1151,730
2020-03-02,INV_04,106614.25,842125.01,948739.26,2944,254,0,1128,2865,6555,0,384,453,2928,4316,54080,2509,1151,730
2020-03-03,INV_04,106614.25,846515.27,953129.53,2944,254,0,1128,2865,6555,0,384,453,2928,4316,54080,2509,1151,730
2020-03-04,INV_04,122923.62,808184.5,931108.12,2944,254,0,1128,2865,6555,0,384,339,2928,4316,54080,2509,1151,730
2020-03-05,INV_04,141108.0,777685.98,918793.98,2944,254,0,1128,2865,6555,0,384,339,2196,4316,54080,2509,1151,730
2020-03-06,INV_04,154888.17,731748.35,886636.51,2944,254,0,1128,2865,6555,0,384,339,2196,3237,54080,2509,1151,730
2020-03-09,INV_04,131444.84,754959.56,886404.4,2944,254,0,1128,2865,6555,0,384,339,3124,3237,54080,2509,1151,730
2020-03-10,INV_04,131444.84,724299.25,855744.09,2944,254,0,1128,2865,6555,0,384,339,3124,3237,54080,2509,1151,730
2020-03-11,INV_04,111662.27,766535.46,878197.73,2944,254,0,1128,2865,6555,0,384,486,3124,3237,54080,2509,1151,730
2020-03-12,INV_04,121990.36,713115.44,835105.8,2944,254,0,1128,2865,6555,0,384,486,3124,3237,54080,1881,1151,730
2020-03-13,INV_04,131921.37,676364.1,808285.47,2944,254,0,1128,2865,6555,0,384,486,3124,3237,54080,1881,1151,547
2020-03-16,INV_04,131921.37,676364.1,808285.47,2944,254,0,1128,2865,6555,0,384,486,3124,3237,54080,1881,1151,547
2020-03-17,INV_04,168060.33,639860.1,807920.43,2944,254,0,1128,2865,6555,0,384,486,3124,3237,40560,1881,1151,547
2020-03-18,INV_04,142616.09,665052.41,807668.5,2944,254,0,1128,2865,6555,0,384,486,4254,3237,40560,1881,1151,547
2020-03-19,INV_04,121014.54,686440.09,807454.63,2944,254,0,1128,2865,6555,0,384,486,4254,3237,40560,3240,1151,547
2020-03-20,INV_04,143099.46,586931.52,730030.98,2944,254,0,1128,2865,6555,0,384,486,4254,3237,30420,3240,1151,547
2020-03-23,INV_04,121421.63,608394.72,729816.35,2944,254,0,1128,6680,6555,0,384,486,4254,3237,30420,3240,1151,547
2020-03-24,INV_04,103032.97,626601.31,729634.28,2944,254,0,1128,6680,6555,0,384,486,4254,4693,30420,3240,1151,547
2020-03-25,INV_04,103032.97,626601.31,729634.28,2944,254,0,1128,6680,6555,0,384,486,4254,4693,30420,3240,1151,547
2020-03-26,INV_04,87465.68,642014.47,729480.15,2944,254,0,1128,6680,6555,0,590,486,4254,4693,30420,3240,1151,547
2020-03-27,INV_04,108001.14,621271.59,729272.72,2944,254,0,1128,6680,6555,0,590,486,3190,4693,30420,3240,1151,547
2020-03-30,INV_04,114982.9,614219.3,729202.2,2944,254,0,1128,6680,6555,0,590,486,3190,4693,30420,3240,1151,410
2020-03-31,INV_04,124284.37,606484.32,730768.69,2944,254,0,1128,5010,6555,0,590,486,3190,4693,30420,3240,1151,410
2020-04-01,INV_04,137939.82,592690.94,730630.76,2944,254,0,1128,5010,6555,0,590,364,3190,4693,30420,3240,1151,410
2020-04-02,INV_04,148970.76,581548.57,730519.34,2944,254,0,1128,5010,6555,0,590,364,3190,4693,30420,2430,1151,410
2020-04-03,INV_04,148970.76,581548.57,730519.34,2944,254,0,1128,5010,6555,0,590,364,3190,4693,30420,2430,1151,410
2020-04-06,INV_04,154219.82,576246.49,730466.31,2944,254,0,1128,5010,6555,0,590,364,3190,4693,30420,2430,1151,307
2020-04-07,INV_04,130867.31,599367.79,730235.1,2944,254,0,1128,5010,6555,0,590,364,4376,4693,30420,2430,1151,307
2020-04-08,INV_04,111044.31,618994.52,730038.83,2944,254,0,1128,5010,6555,0,590,364,4376,4693,30420,2430,1518,307
2020-04-09,INV_04,111044.31,618994.52,730038.83,2944,254,0,1128,5010,6555,0,590,364,4376,4693,30420,2430,1518,307
2020-04-10,INV_04,94228.93,635643.42,729872.35,2944,254,0,1128,5010,6555,0,590,364,5230,4693,30420,2430,1518,307
2020-04-13,INV_04,94228.93,635643.42,729872.35,2944,254,0,1128,5010,6555,0,590,364,5230,4693,30420,2430,1518,307
2020-04-14,INV_04,110792.62,618912.42,729705.04,2944,254,0,1128,5010,6555,0,590,364,5230,4693,22815,2430,1518,307
2020-04-15,INV_04,94048.4,635490.85,729539.25,2944,254,0,1128,5010,6555,0,590,364,5230,4693,22815,2430,1828,307
2020-04-16,INV_04,102328.41,627127.2,729455.61,2944,254,0,1128,5010,6555,0,590,364,5230,4693,22815,1822,1828,307
2020-04-17,INV_04,86827.2,642474.94,729302.14,2944,254,0,1128,7738,6555,0,590,364,5230,4693,22815,1822,1828,307
2020-04-20,INV_04,97012.82,632186.43,729199.25,2944,254,0,1128,7738,6555,0,590,273,5230,4693,22815,1822,1828,307
2020-04-21,INV_04,104986.19,624132.52,729118.71,2208,254,0,1128,7738,6555,0,590,273,5230,4693,22815,1822,1828,307
2020-04-22,INV_04,108970.54,620107.93,729078.47,2208,190,0,1128,7738,6555,0,590,273,5230,4693,22815,1822,1828,307
2020-04-23,INV_04,108970.54,620107.93,729078.47,2208,190,0,1128,7738,6555,0,590,273,5230,4693,22815,1822,1828,307
2020-04-24,INV_04,92466.28,636448.78,728915.06,2208,190,0,1128,7738,8291,0,590,273,5230,4693,22815,1822,1828,307
2020-04-27,INV_04,103841.43,624958.72,728800.16,2208,190,0,1128,7738,8291,0,442,273,5230,4693,22815,1822,1828,307
2020-04-28,INV_04,103841.43,624958.72,728800.16,2208,190,0,1128,7738,8291,0,442,273,5230,4693,22815,1822,1828,307
2020-04-29,INV_04,109821.46,618918.29,728739.75,1656,190,0,1128,7738,8291,0,442,273,5230,4693,22815,1822,1828,307
2020-04-30,INV_04,93190.86,635384.23,728575.09,1656,190,0,1128,7738,8291,0,442,273,5230,4693,22815,3019,1828,307
2020-05-01,INV_04,97675.88,630853.91,728529.79,1242,190,0,1128,7738,8291,0,442,273,5230,4693,22815,3019,1828,307
2020-05-04,INV_04,97675.88,630853.91,728529.79,1242,190,0,1128,7738,8291,0,442,273,5230,4693,22815,3019,1828,307
2020-05-05,INV_04,101599.94,626890.22,728490.15,1242,190,0,1128,7738,8291,0,442,273,5230,4693,22815,3019,1828,230
2020-05-06,INV_04,126844.65,601390.5,728235.16,1242,190,0,1128,7738,8291,0,442,273,3922,4693,22815,3019,1828,230
2020-05-07,INV_04,107663.68,620381.57,728045.25,1242,492,0,1128,7738,8291,0,442,273,3922,4693,22815,3019,1828,230
2020-05-08,INV_04,107663.68,620381.57,728045.25,1242,492,0,1128,7738,8291,0,442,273,3922,4693,22815,3019,1828,230
2020-05-11,INV_04,126418.89,570368.02,696786.91,1242,492,0,1128,7738,6218,0,442,273,3922,4693,22815,3019,1828,230
2020-05-12,INV_04,133862.53,536512.99,670375.52,1242,492,0,1128,7738,6218,0,331,273,3922,4693,22815,3019,1828,230
2020-05-13,INV_04,113592.24,591485.1,705077.34,1242,492,515,1128,7738,6218,0,331,273,3922,4693,22815,3019,1828,230
2020-05-14,INV_04,113592.24,592793.89,706386.13,1242,492,515,1128,7738,6218,0,331,273,3922,4693,22815,3019,1828,230
2020-05-15,INV_04,96389.89,630986.26,727376.15,1242,492,515,1128,7738,7941,0,331,273,3922,4693,22815,3019,1828,230
2020-05-18,INV_04,81797.94,679264.81,761062.75,1242,492,515,1128,7738,7941,0,331,273,3922,5910,22815,3019,1828,230
2020-05-19,INV_04,81797.94,685863.38,767661.32,1242,492,515,1128,7738,7941,0,331,273,3922,5910,22815,3019,1828,230
2020-05-20,INV_04,69411.41,689292.45,758703.86,1242,492,515,1128,9752,7941,0,331,273,3922,5910,22815,3019,1828,230
2020-05-21,INV_04,58910.49,729116.88,788027.37,1242,492,515,1128,9752,7941,0,331,273,3922,5910,22815,3019,2007,230
2020-05-22,INV_04,50008.08,734204.76,784212.83,1242,492,699,1128,9752,7941,0,331,273,3922,5910,22815,3019,2007,230
2020-05-25,INV_04,71219.92,712778.65,783998.57,1242,492,699,1128,9752,7941,0,331,273,2941,5910,22815,3019,2007,230
2020-05-26,INV_04,60432.31,716188.9,776621.2,1242,492,699,1128,11382,7941,0,331,273,2941,5910,22815,3019,2007,230
2020-05-27,INV_04,51283.53,730287.61,781571.13,1242,492,699,1128,12737,7941,0,331,273,2941,5910,22815,3019,2007,230
2020-05-28,INV_04,43519.62,746189.9,789709.51,1242,492,699,1128,12737,7941,0,331,273,2941,5910,22815,3490,2007,230
2020-05-29,INV_04,47526.9,733260.03,780786.93,931,492,699,1128,12737,7941,0,331,273,2941,5910,22815,3490,2007,230
2020-06-01,INV_04,47526.9,725515.99,773042.89,931,492,699,1128,12737,7941,0,331,273,2941,5910,22815,3490,2007,230
2020-06-02,INV_04,47526.9,724875.91,772402.81,931,492,699,1128,12737,7941,0,331,273,2941,5910,22815,3490,2007,230
2020-06-03,INV_04,47526.9,724137.6,771664.5,931,492,699,1128,12737,7941,0,331,273,2941,5910,22815,3490,2007,230
2020-06-04,INV_04,63877.36,706899.34,770776.7,931,492,699,1128,12737,7941,0,331,273,2205,5910,22815,3490,2007,230
2020-06-05,INV_04,77227.18,693414.67,770641.85,931,492,699,1128,12737,7941,0,331,273,2205,5910,22815,2617,2007,230
2020-06-08,INV_04,65537.68,716564.04,782101.72,1738,492,699,1128,12737,7941,0,331,273,2205,5910,22815,2617,2007,230
2020-06-09,INV_04,55613.63,737712.15,793325.79,1738,492,699,1128,12737,8935,0,331,273,2205,5910,22815,2617,2007,230
2020-06-10,INV_04,63176.52,732342.08,795518.6,1738,369,699,1128,12737,8935,0,331,273,2205,5910,22815,2617,2007,230
2020-06-11,INV_04,53614.42,746750.67,800365.09,1738,369,699,1128,12737,8935,0,331,273,2205,6735,22815,2617,2007,230
2020-06-12,INV_04,45492.37,752166.45,797658.82,1738,369,699,1128,12737,8935,0,434,273,2205,6735,22815,2617,2007,230
2020-06-15,INV_04,45492.37,749099.14,794591.51,1738,369,699,1128,12737,8935,0,434,273,2205,6735,22815,2617,2007,230
2020-06-16,INV_04,64624.15,733881.79,798505.94,1738,369,699,1128,12737,8935,0,434,273,2205,5051,22815,2617,2007,230
2020-06-17,INV_04,75245.1,734122.81,809367.9,1738,369,699,1128,12737,8935,0,434,273,2205,5051,22815,1962,2007,230
2020-06-18,INV_04,75245.1,747266.44,822511.54,1738,369,699,1128,12737,8935,0,434,273,2205,5051,22815,1962,2007,230
2020-06-19,INV_04,75245.1,750138.4,825383.5,1738,369,699,1128,12737,8935,0,434,273,2205,5051,22815,1962,2007,230
2020-06-22,INV_04,63851.83,776610.17,840461.99,1738,369,699,1128,14219,8935,0,434,273,2205,5051,22815,1962,2007,230
2020-06-23,INV_04,54187.78,795909.7,850097.48,1738,369,699,1128,14219,8935,0,434,273,2205,5051,22815,1962,2007,415
2020-06-24,INV_04,68825.63,781199.74,850025.37,1738,369,699,846,14219,8935,0,434,273,2205,5051,22815,1962,2007,415
2020-06-25,INV_04,58400.01,805496.64,863896.65,1738,369,699,846,14219,8935,0,434,273,2205,5051,25851,1962,2007,415
2020-06-26,INV_04,64196.92,800675.36,864872.28,1738,276,699,846,14219,8935,0,434,273,2205,5051,25851,1962,2007,415
2020-06-29,INV_04,54473.71,806217.24,860690.95,2359,276,699,846,14219,8935,0,434,273,2205,5051,25851,1962,2007,415
2020-06-30,INV_04,46233.58,807365.07,853598.65,2359,276,699,846,14219,8935,0,434,273,2205,5051,25851,1962,2007,572
2020-07-01,INV_04,46233.58,810312.12,856545.71,2359,276,699,846,14219,8935,0,434,273,2205,5051,25851,1962,2007,572
2020-07-02,INV_04,50449.66,793621.78,844071.45,2359,207,699,846,14219,8935,0,434,273,2205,5051,25851,1962,2007,572
2020-07-03,INV_04,71564.28,761430.81,832995.09,2359,207,699,846,14219,8935,0,434,273,2205,5051,19388,1962,2007,572
2020-07-06,INV_04,80849.47,750793.15,831642.62,2359,207,699,846,14219,8935,0,325,273,2205,5051,19388,1962,2007,572
2020-07-07,INV_04,68617.3,769886.11,838503.41,2359,407,699,846,14219,8935,0,325,273,2205,5051,19388,1962,2007,572
2020-07-08,INV_04,68617.3,763334.24,831951.54,2359,407,699,846,14219,8935,0,325,273,2205,5051,19388,1962,2007,572
2020-07-09,INV_04,68617.3,765548.22,834165.52,2359,407,699,846,14219,8935,0,325,273,2205,5051,19388,1962,2007,572
2020-07-10,INV_04,79083.76,735741.7,814825.46,2359,407,699,634,14219,8935,0,325,273,2205,5051,19388,1962,2007,572
2020-07-13,INV_04,67114.52,726952.08,794066.6,3215,407,699,634,14219,8935,0,325,273,2205,5051,19388,1962,2007,572
2020-07-14,INV_04,67114.52,743801.77,810916.3,3215,407,699,634,14219,8935,0,325,273,2205,5051,19388,1962,2007,572
2020-07-15,INV_04,75047.84,730402.9,805450.74,3215,407,699,634,14219,8935,0,325,273,2205,5051,19388,1471,2007,572
2020-07-16,INV_04,63700.25,748490.35,812190.6,3215,407,699,634,14219,8935,0,325,273,2205,5051,19388,1471,2007,800
2020-07-17,INV_04,75445.6,747645.81,823091.42,2411,407,699,634,14219,8935,0,325,273,2205,5051,19388,1471,2007,800
2020-07-20,INV_04,75445.6,759054.53,834500.14,2411,407,699,634,14219,8935,0,325,273,2205,5051,19388,1471,2007,800
2020-07-21,INV_04,91674.63,742380.67,834055.3,2411,407,699,634,14219,8935,0,325,273,2205,3788,19388,1471,2007,800
2020-07-22,INV_04,119257.84,719135.97,838393.8,2411,407,699,634,10664,8935,0,325,273,2205,3788,19388,1471,2007,800
2020-07-23,INV_04,119257.84,727763.62,847021.46,2411,407,699,634,10664,8935,0,325,273,2205,3788,19388,1471,2007,800
2020-07-24,INV_04,126293.78,723676.71,849970.49,2411,407,699,634,10664,8935,0,243,273,2205,3788,19388,1471,2007,800
2020-07-27,INV_04,132345.9,718753.79,851099.69,2411,407,699,634,10664,8935,0,243,273,2205,3788,19388,1103,2007,800
2020-07-28,INV_04,138351.02,706365.98,844717.0,2411,305,699,634,10664,8935,0,243,273,2205,3788,19388,1103,2007,800
2020-07-29,INV_04,149986.14,689217.01,839203.14,2411,305,699,634,10664,8935,0,243,273,1653,3788,19388,1103,2007,800
2020-07-30,INV_04,149986.14,687019.86,837006.0,2411,305,699,634,10664,8935,0,243,273,1653,3788,19388,1103,2007,800
2020-07-31,INV_04,157401.44,685904.92,843306.37,2411,305,699,634,10664,8935,0,243,204,1653,3788,19388,1103,2007,800
2020-08-03,INV_04,183996.87,659040.86,843037.72,2411,305,699,634,10664,6701,0,243,204,1653,3788,19388,1103,2007,800
2020-08-04,INV_04,193575.38,656115.84,849691.22,2411,305,524,634,10664,6701,0,243,204,1653,3788,19388,1103,2007,800
2020-08-05,INV_04,193575.38,660325.91,853901.29,2411,305,524,634,10664,6701,0,243,204,1653,3788,19388,1103,2007,800
2020-08-06,INV_04,164250.28,692179.9,856430.17,4025,305,524,634,10664,6701,0,243,204,1653,3788,19388,1103,2007,800
2020-08-07,INV_04,139368.74,719256.27,858625.01,4025,305,524,1147,10664,6701,0,243,204,1653,3788,19388,1103,2007,800
2020-08-10,INV_04,118256.0,731711.98,849967.99,4025,305,524,1147,13355,6701,0,243,204,1653,3788,19388,1103,2007,800
2020-08-11,INV_04,122812.95,734688.39,857501.34,4025,228,524,1147,13355,6701,0,243,204,1653,3788,19388,1103,2007,800
2020-08-12,INV_04,104261.38,761875.17,866136.55,4025,228,839,1147,13355,6701,0,243,204,1653,3788,19388,1103,2007,800
2020-08-13,INV_04,116504.14,760131.89,876636.03,4025,228,839,1147,13355,6701,0,243,204,1653,2841,19388,1103,2007,800
2020-08-14,INV_04,116504.14,773058.3,889562.44,4025,228,839,1147,13355,6701,0,243,204,1653,2841,19388,1103,2007,800
2020-08-17,INV_04,132339.29,749483.96,881823.25,4025,228,839,1147,13355,6701,0,243,204,1653,2841,14541,1103,2007,800
2020-08-18,INV_04,112302.35,775021.02,887323.38,4025,228,839,1147,13355,8048,0,243,204,1653,2841,14541,1103,2007,800
2020-08-19,INV_04,126700.91,775857.58,902558.5,4025,228,839,1147,13355,8048,0,243,204,1653,2841,10905,1103,2007,800
2020-08-20,INV_04,139123.05,770481.67,909604.72,4025,228,629,1147,13355,8048,0,243,204,1653,2841,10905,1103,2007,800
2020-08-21,INV_04,139123.05,783137.06,922260.11,4025,228,629,1147,13355,8048,0,243,204,1653,2841,10905,1103,2007,800
2020-08-24,INV_04,118072.52,802956.76,921029.28,4025,228,629,1527,13355,8048,0,243,204,1653,2841,10905,1103,2007,800
2020-08-25,INV_04,128216.49,787971.85,916188.35,4025,228,629,1527,13355,8048,0,243,204,1653,2841,10905,1103,2007,600
2020-08-26,INV_04,137405.03,773065.71,910470.73,4025,228,471,1527,13355,8048,0,243,204,1653,2841,10905,1103,2007,600
2020-08-27,INV_04,163312.29,746918.98,910231.27,4025,228,471,1527,10016,8048,0,243,204,1653,2841,10905,1103,2007,600
2020-08-28,INV_04,138601.95,773743.86,912345.81,4025,228,888,1527,10016,8048,0,243,204,1653,2841,10905,1103,2007,600
2020-08-31,INV_04,138601.95,773312.73,911914.69,4025,228,888,1527,10016,8048,0,243,204,1653,2841,10905,1103,2007,600
2020-09-01,INV_04,138601.95,773312.73,911914.69,4025,228,888,1527,10016,8048,0,243,204,1653,2841,10905,1103,2007,600
2020-09-02,INV_04,141946.46,768529.16,910475.62,4025,171,888,1527,10016,8048,0,243,204,1653,2841,10905,1103,2007,600
2020-09-03,INV_04,149324.63,758354.02,907678.64,4025,171,888,1527,10016,8048,0,243,204,1653,2841,10905,1103,2007,450
2020-09-04,INV_04,149324.63,755301.15,904625.78,4025,171,888,1527,10016,8048,0,243,204,1653,2841,10905,1103,2007,450
2020-09-07,INV_04,126705.31,771999.54,898704.85,4025,171,888,1527,12925,8048,0,243,204,1653,2841,10905,1103,2007,450
2020-09-08,INV_04,107514.44,796029.47,903543.91,4025,171,888,1527,12925,8048,0,243,204,1653,4245,10905,1103,2007,450
2020-09-09,INV_04,91239.59,821712.91,912952.51,4025,171,888,1527,12925,8048,0,243,204,2380,4245,10905,1103,2007,450
2020-09-10,INV_04,77454.07,841692.64,919146.71,4025,171,1128,1527,12925,8048,0,243,204,2380,4245,10905,1103,2007,450
2020-09-11,INV_04,90548.28,833339.66,923887.94,4025,171,1128,1527,12925,8048,0,243,204,1785,4245,10905,1103,2007,450
2020-09-14,INV_04,76857.37,856477.59,933334.96,4025,171,1128,1527,12925,8048,223,243,204,1785,4245,10905,1103,2007,450
2020-09-15,INV_04,76857.37,863746.77,940604.14,4025,171,1128,1527,12925,8048,223,243,204,1785,4245,10905,1103,2007,450
2020-09-16,INV_04,82433.82,871673.98,954107.79,4025,171,1128,1527,12925,8048,223,243,204,1785,4245,10905,1103,2007,337
2020-09-17,INV_04,69995.39,906441.26,976436.66,4025,171,1128,1527,12925,8048,223,243,204,1785,4245,10905,1103,2007,577
2020-09-18,INV_04,59392.82,927488.92,986881.74,4025,171,1128,1527,12925,8048,223,243,204,1785,4245,13821,1103,2007,577
2020-09-21,INV_04,66177.61,934229.58,1000407.19,4025,171,1128,1527,12925,8048,223,243,153,1785,4245,13821,1103,2007,577
2020-09-22,INV_04,56158.39,955778.44,1011936.84,4025,171,1128,1527,14158,8048,223,243,153,1785,4245,13821,1103,2007,577
2020-09-23,INV_04,61589.38,951138.57,1012727.95,4025,171,1128,1527,14158,8048,223,243,153,1785,4245,13821,827,2007,577
2020-09-24,INV_04,61589.38,956523.45,1018112.83,4025,171,1128,1527,14158,8048,223,243,153,1785,4245,13821,827,2007,577
2020-09-25,INV_04,66732.34,953346.66,1020079.0,4025,171,1128,1527,14158,8048,223,243,114,1785,4245,13821,827,2007,577
2020-09-28,INV_04,56623.94,975294.46,1031918.4,4025,171,1128,1527,15435,8048,223,243,114,1785,4245,13821,827,2007,577
2020-09-29,INV_04,56623.94,971593.48,1028217.43,4025,171,1128,1527,15435,8048,223,243,114,1785,4245,13821,827,2007,577
2020-09-30,INV_04,92355.57,926612.62,1018968.19,4025,171,1128,1527,15435,8048,223,243,114,1785,4245,13821,827,1505,577
2020-10-01,INV_04,78406.92,940423.16,1018830.08,4025,171,1128,1527,15435,8048,421,243,114,1785,4245,13821,827,1505,577
2020-10-02,INV_04,122357.31,900538.13,1022895.44,4025,171,1128,1527,15435,6036,421,243,114,1785,4245,13821,827,1505,577
2020-10-05,INV_04,129150.47,817338.99,946489.46,4025,171,1128,1527,15435,6036,421,243,114,1785,4245,13821,827,1505,432
2020-10-06,INV_04,134672.42,799485.68,934158.1,4025,171,1128,1527,15435,6036,421,182,114,1785,4245,13821,827,1505,432
2020-10-07,INV_04,134672.42,808082.86,942755.27,4025,171,1128,1527,15435,6036,421,182,114,1785,4245,13821,827,1505,432
2020-10-08,INV_04,114307.95,846681.29,960989.25,4025,171,1128,1527,15435,6036,421,182,114,1785,4245,13821,827,1505,853
2020-10-09,INV_04,126967.28,847432.4,974399.68,4025,171,1128,1527,15435,6036,421,182,114,1785,4245,10365,827,1505,853
2020-10-12,INV_04,107749.4,866076.26,973825.66,4025,171,1128,1527,15435,6945,421,182,114,1785,4245,10365,827,1505,853
2020-10-13,INV_04,111396.37,855519.75,966916.12,4025,171,1128,1527,15435,6945,421,182,85,1785,4245,10365,827,1505,853
2020-10-14,INV_04,111396.37,892280.32,1003676.69,4025,171,1128,1527,15435,6945,421,182,85,1785,4245,10365,827,1505,853
2020-10-15,INV_04,111396.37,916967.28,1028363.65,4025,171,1128,1527,15435,6945,421,182,85,1785,4245,10365,827,1505,853
2020-10-16,INV_04,130559.45,891877.05,1022436.5,4025,171,1128,1145,15435,6945,421,182,85,1785,4245,10365,827,1505,853
2020-10-19,INV_04,137516.49,877677.7,1015194.19,4025,171,1128,1145,15435,6945,315,182,85,1785,4245,10365,827,1505,853
2020-10-20,INV_04,116687.4,897127.55,1013814.95,4025,467,1128,1145,15435,6945,315,182,85,1785,4245,10365,827,1505,853
2020-10-21,INV_04,125668.68,836050.75,961719.43,4025,467,1128,1145,15435,6945,315,182,85,1785,4245,7773,827,1505,853
2020-10-22,INV_04,106662.55,863483.02,970145.57,4025,467,1128,1145,15435,6945,315,182,231,1785,4245,7773,827,1505,853
2020-10-23,INV_04,90589.65,878502.73,969092.38,4025,467,1128,1145,15435,6945,315,182,354,1785,4245,7773,827,1505,853
2020-10-26,INV_04,97902.02,855606.88,953508.91,4025,350,1128,1145,15435,6945,315,182,354,1785,4245,7773,827,1505,853
2020-10-27,INV_04,97902.02,856291.14,954193.17,4025,350,1128,1145,15435,6945,315,182,354,1785,4245,7773,827,1505,853
2020-10-28,INV_04,83077.91,856435.21,939513.12,4025,350,1128,1145,15435,7592,315,182,354,1785,4245,7773,827,1505,853
2020-10-29,INV_04,70496.46,897170.14,967666.6,4025,350,1128,1145,15435,7592,315,182,354,1785,4954,7773,827,1505,853
2020-10-30,INV_04,99113.53,868264.0,967377.53,4025,350,1128,1145,11576,7592,315,182,354,1785,4954,7773,827,1505,853
2020-11-02,INV_04,84145.77,875412.57,959558.34,4025,350,1410,1145,11576,7592,315,182,354,1785,4954,7773,827,1505,853
2020-11-03,INV_04,71398.58,911084.22,982482.8,4025,350,1410,1145,11576,7592,315,182,354,2362,4954,7773,827,1505,853
2020-11-04,INV_04,83091.9,905231.6,988323.49,4025,350,1410,1145,11576,7592,315,182,265,2362,4954,7773,827,1505,853
2020-11-05,INV_04,70511.72,950577.68,1021089.4,4025,350,1410,1145,11576,7592,315,182,265,2362,5649,7773,827,1505,853
2020-11-06,INV_04,59888.78,994962.11,1054850.89,4025,507,1410,1145,11576,7592,315,182,265,2362,5649,7773,827,1505,853
2020-11-09,INV_04,50851.12,1013214.94,1064066.07,4025,642,1410,1145,11576,7592,315,182,265,2362,5649,7773,827,1505,853
2020-11-10,INV_04,43185.1,997054.76,1040239.87,4025,642,1545,1145,11576,7592,315,182,265,2362,5649,7773,827,1505,853
2020-11-11,INV_04,43185.1,1002859.9,1046045.01,4025,642,1545,1145,11576,7592,315,182,265,2362,5649,7773,827,1505,853
2020-11-12,INV_04,53366.17,981471.62,1034837.79,4025,642,1545,1145,11576,7592,315,182,265,2362,5649,7773,827,1505,639
2020-11-13,INV_04,45293.71,985092.69,1030386.39,4025,642,1545,1145,11576,7870,315,182,265,2362,5649,7773,827,1505,639
2020-11-16,INV_04,49358.15,979251.26,1028609.4,4025,642,1545,1145,11576,7870,315,136,265,2362,5649,7773,827,1505,639
2020-11-17,INV_04,49358.15,985393.09,1034751.24,4025,642,1545,1145,11576,7870,315,136,265,2362,5649,7773,827,1505,639
2020-11-18,INV_04,49358.15,979387.85,1028746.0,4025,642,1545,1145,11576,7870,315,136,265,2362,5649,7773,827,1505,639
2020-11-19,INV_04,49358.15,972343.85,1021702.0,4025,642,1545,1145,11576,7870,315,136,265,2362,5649,7773,827,1505,639
2020-11-20,INV_04,104360.21,918024.43,1022384.64,4025,642,1545,1145,11576,5902,315,136,265,2362,5649,7773,827,1505,639
2020-11-23,INV_04,88550.07,931303.22,1019853.29,4025,642,1545,1145,11576,5902,315,136,265,2362,5649,12377,827,1505,639
2020-11-24,INV_04,101603.58,920707.4,1022310.98,4025,642,1545,1145,11576,5902,315,136,265,1771,5649,12377,827,1505,639
2020-11-25,INV_04,104589.32,929396.61,1033985.93,4025,642,1545,1145,11576,5902,315,102,265,1771,5649,12377,827,1505,639
2020-11-26,INV_04,88755.93,946836.25,1035592.19,4025,642,1545,1145,11576,5902,315,102,265,1771,6540,12377,827,1505,639
2020-11-27,INV_04,75418.52,962327.99,1037746.5,4025,642,1545,1145,11576,5902,315,102,356,1771,6540,12377,827,1505,639
2020-11-30,INV_04,64031.02,980553.85,1044584.87,4025,642,1545,1145,11576,5902,451,102,356,1771,6540,12377,827,1505,639
2020-12-01,INV_04,64031.02,991390.78,1055421.8,4025,642,1545,1145,11576,5902,451,102,356,1771,6540,12377,827,1505,639
2020-12-02,INV_04,54335.55,1003400.07,1057735.62,4025,642,1545,1145,11576,5902,451,102,356,1771,6540,12377,1210,1505,639
2020-12-03,INV_04,54335.55,1005812.25,1060147.8,4025,642,1545,1145,11576,5902,451,102,356,1771,6540,12377,1210,1505,639
2020-12-04,INV_04,46105.22,1021920.49,1068025.71,4025,642,1545,1145,12547,5902,451,102,356,1771,6540,12377,1210,1505,639
2020-12-07,INV_04,46105.22,1035619.05,1081724.26,4025,642,1545,1145,12547,5902,451,102,356,1771,6540,12377,1210,1505,639
2020-12-08,INV_04,53682.61,1042192.8,1095875.42,4025,642,1545,1145,12547,5902,451,102,356,1771,6540,12377,907,1505,639
2020-12-09,INV_04,80607.33,1012111.04,1092718.37,4025,642,1545,1145,9410,5902,451,102,356,1771,6540,12377,907,1505,639
2020-12-10,INV_04,80607.33,1007231.16,1087838.49,4025,642,1545,1145,9410,5902,451,102,356,1771,6540,12377,907,1505,639
2020-12-11,INV_04,80607.33,1009338.63,1089945.97,4025,642,1545,1145,9410,5902,451,102,356,1771,6540,12377,907,1505,639
2020-12-14,INV_04,80607.33,1013159.68,1093767.01,4025,642,1545,1145,9410,5902,451,102,356,1771,6540,12377,907,1505,639
2020-12-15,INV_04,80607.33,1005920.37,1086527.7,4025,642,1545,1145,9410,5902,451,102,356,1771,6540,12377,907,1505,639
2020-12-16,INV_04,90770.39,992815.02,1083585.4,4025,642,1545,1145,9410,5902,338,102,356,1771,6540,12377,907,1505,639
2020-12-17,INV_04,102107.37,975249.46,1077356.83,4025,642,1545,1145,9410,5902,338,102,356,1771,6540,9282,907,1505,639
2020-12-18,INV_04,109421.81,963125.48,1072547.29,4025,642,1545,1145,9410,5902,253,102,356,1771,6540,9282,907,1505,639
2020-12-21,INV_04,109421.81,962691.85,1072113.66,4025,642,1545,1145,9410,5902,253,102,356,1771,6540,9282,907,1505,639
2020-12-22,INV_04,109421.81,963182.22,1072604.04,4025,642,1545,1145,9410,5902,253,102,356,1771,6540,9282,907,1505,639
2020-12-23,INV_04,117693.86,952913.27,1070607.13,4025,642,1545,1145,9410,5902,253,102,356,1771,6540,6961,907,1505,639
2020-12-24,INV_04,128195.86,954447.91,1082643.77,4025,481,1545,1145,9410,5902,253,102,356,1771,6540,6961,907,1505,639
2020-12-25,INV_04,147906.85,934537.82,1082444.67,4025,481,1545,1145,7057,5902,253,102,356,1771,6540,6961,907,1505,639
2020-12-28,INV_04,147906.85,946059.29,1093966.13,4025,481,1545,1145,7057,5902,253,102,356,1771,6540,6961,907,1505,639
2020-12-29,INV_04,147906.85,946059.29,1093966.13,4025,481,1545,1145,7057,5902,253,102,356,1771,6540,6961,907,1505,639
2020-12-30,INV_04,153876.1,941362.07,1095238.17,4025,481,1545,1145,7057,5902,189,102,356,1771,6540,6961,907,1505,639
2020-12-31,INV_04,156420.83,935423.35,1091844.17,4025,481,1545,1145,7057,5902,189,76,356,1771,6540,6961,907,1505,639
2021-01-01,INV_04,132735.96,958873.71,1091609.67,5149,481,1545,1145,7057,5902,189,76,356,1771,6540,6961,907,1505,639
2021-01-04,INV_04,132735.96,966258.81,1098994.76,5149,481,1545,1145,7057,5902,189,76,356,1771,6540,6961,907,1505,639
2021-01-05,INV_04,112682.3,997383.33,1110065.62,5149,481,1545,1145,7057,5902,189,76,491,1771,6540,6961,907,1505,639
2021-01-06,INV_04,112682.3,999822.39,1112504.69,5149,481,1545,1145,7057,5902,189,76,491,1771,6540,6961,907,1505,639
2021-01-07,INV_04,95666.49,1010863.64,1106530.12,5149,737,1545,1145,7057,5902,189,76,491,1771,6540,6961,907,1505,639
2021-01-08,INV_04,127457.22,986133.14,1113590.36,5149,737,1545,1145,7057,5902,189,76,491,1771,4905,6961,907,1505,639
2021-01-11,INV_04,151314.85,967678.82,1118993.67,5149,737,1545,1145,7057,5902,189,76,491,1771,3678,6961,907,1505,639
2021-01-12,INV_04,162046.7,971452.42,1133499.12,5149,737,1545,1145,7057,5902,189,76,491,1328,3678,6961,907,1505,639
2021-01-13,INV_04,162046.7,990656.31,1152703.01,5149,737,1545,1145,7057,5902,189,76,491,1328,3678,6961,907,1505,639
2021-01-14,INV_04,170368.7,982250.25,1152618.95,5149,737,1545,1145,7057,5902,189,76,491,996,3678,6961,907,1505,639
2021-01-15,INV_04,144586.74,1050300.52,1194887.25,5149,737,1545,1145,7057,6572,189,76,491,996,3678,6961,907,1505,639
2021-01-18,INV_04,122683.76,1128960.11,1251643.87,5149,737,1545,1145,7057,6572,189,76,491,996,3678,6961,907,1505,1065
2021-01-19,INV_04,124727.12,1137228.63,1261955.75,5149,737,1545,1145,7057,6572,189,57,491,996,3678,6961,907,1505,1065
2021-01-20,INV_04,105851.65,1211886.79,1317738.44,5149,737,1545,1145,7057,6572,189,57,491,996,3678,6961,907,1505,1409
2021-01-21,INV_04,89836.54,1336843.89,1426680.44,5762,737,1545,1145,7057,6572,189,57,491,996,3678,6961,907,1505,1409
2021-01-22,INV_04,119474.89,1327150.55,1446625.44,5762,737,1545,1145,7057,6572,189,57,491,996,3678,6961,907,1128,1409
2021-01-25,INV_04,101394.44,1386596.28,1487990.71,5762,737,1545,1145,7057,6572,189,57,491,1475,3678,6961,907,1128,1409
2021-01-26,INV_04,101394.44,1373616.47,1475010.9,5762,737,1545,1145,7057,6572,189,57,491,1475,3678,6961,907,1128,1409
2021-01-27,INV_04,121295.24,1366307.29,1487602.53,5762,737,1545,1145,7057,6572,189,57,491,1475,2758,6961,907,1128,1409
2021-01-28,INV_04,102968.8,1384452.28,1487421.08,5762,737,1545,1145,7057,6572,189,57,491,1475,2758,6961,907,1128,1756
2021-01-29,INV_04,107259.2,1344593.84,1451853.04,5762,737,1545,1145,7057,6572,141,57,491,1475,2758,6961,907,1128,1756
2021-02-01,INV_04,121010.88,1302217.69,1423228.57,5762,737,1545,1145,7057,6572,141,57,491,1475,2068,6961,907,1128,1756
2021-02-02,INV_04,142391.92,1197217.67,1339609.59,5762,737,1545,1145,7057,6572,141,57,491,1475,2068,6961,907,1128,1317
2021-02-03,INV_04,120821.17,1260380.26,1381201.43,5762,737,1545,1531,7057,6572,141,57,491,1475,2068,6961,907,1128,1317
2021-02-04,INV_04,120821.17,1260380.26,1381201.43,5762,737,1545,1531,7057,6572,141,57,491,1475,2068,6961,907,1128,1317
2021-02-05,INV_04,102525.76,1295828.39,1398354.14,6556,737,1545,1531,7057,6572,141,57,491,1475,2068,6961,907,1128,1317
2021-02-08,INV_04,128093.33,1270002.55,1398095.88,6556,737,1158,1531,7057,6572,141,57,491,1475,2068,6961,907,1128,1317
2021-02-09,INV_04,138355.24,1259661.02,1398016.26,6556,737,1158,1531,7057,6572,141,57,491,1475,1551,6961,907,1128,1317
2021-02-10,INV_04,153944.86,1137787.95,1291732.81,6556,552,1158,1531,7057,6572,141,57,491,1475,1551,6961,907,1128,1317
2021-02-11,INV_04,161360.87,1122603.05,1283963.92,6556,552,1158,1531,7057,6572,141,57,491,1475,1551,6961,680,1128,1317
2021-02-12,INV_04,136996.59,1187141.44,1324138.03,6556,552,1158,1531,7057,6572,431,57,491,1475,1551,6961,680,1128,1317
2021-02-15,INV_04,149061.72,1155429.95,1304491.67,6556,552,1158,1531,7057,6572,431,57,491,1475,1551,5220,680,1128,1317
2021-02-16,INV_04,157717.78,1112032.31,1269750.09,6556,552,1158,1531,7057,6572,431,57,491,1475,1551,3915,680,1128,1317
2021-02-17,INV_04,133832.62,1151919.21,1285751.83,6556,552,1158,1531,7057,6572,431,57,491,1475,1551,3915,1447,1128,1317
2021-02-18,INV_04,113578.89,1207900.66,1321479.54,6556,552,1158,1531,7057,6572,431,57,491,1475,1551,3915,1447,1128,1735
2021-02-19,INV_04,96372.99,1210915.09,1307288.08,6556,552,1158,1531,7057,6572,431,57,491,1935,1551,3915,1447,1128,1735
2021-02-22,INV_04,107445.0,1166566.75,1274011.75,6556,552,1158,1531,7057,6572,431,57,491,1935,1551,3915,1085,1128,1735
2021-02-23,INV_04,139784.27,1075648.45,1215432.73,4917,552,1158,1531,7057,6572,431,57,491,1935,1551,3915,1085,1128,1735
2021-02-24,INV_04,139784.27,1078507.52,1218291.8,4917,552,1158,1531,7057,6572,431,57,491,1935,1551,3915,1085,1128,1735
2021-02-25,INV_04,139784.27,1092167.71,1231951.98,4917,552,1158,1531,7057,6572,431,57,491,1935,1551,3915,1085,1128,1735
2021-02-26,INV_04,118615.2,1113127.19,1231742.39,4917,552,1158,1531,7057,6572,431,57,491,2538,1551,3915,1085,1128,1735
2021-03-01,INV_04,118615.2,1111822.7,1230437.9,4917,552,1158,1531,7057,6572,431,57,491,2538,1551,3915,1085,1128,1735
2021-03-02,INV_04,138527.86,1064567.85,1203095.71,4917,552,1158,1531,7057,6572,431,57,491,2538,1551,3915,1085,1128,1301
2021-03-03,INV_04,159345.94,1010887.79,1170233.73,4917,552,1158,1531,7057,6572,431,57,491,1903,1551,3915,1085,1128,1301
2021-03-04,INV_04,135206.01,1008736.1,1143942.1,4917,552,1158,1531,7057,7159,431,57,491,1903,1551,3915,1085,1128,1301
2021-03-05,INV_04,114776.96,1044178.69,1158955.64,4917,552,1158,1531,7057,7159,431,262,491,1903,1551,3915,1085,1128,1301
2021-03-08,INV_04,97413.28,1117144.52,1214557.8,4917,552,1158,1531,7057,7526,431,262,491,1903,1551,3915,1085,1128,1301
2021-03-09,INV_04,97413.28,1120949.56,1218362.84,4917,552,1158,1531,7057,7526,431,262,491,1903,1551,3915,1085,1128,1301
2021-03-10,INV_04,116741.18,1083366.19,1200107.36,4917,552,1158,1148,7057,7526,431,262,491,1903,1551,3915,1085,1128,1301
2021-03-11,INV_04,116741.18,1083366.19,1200107.36,4917,552,1158,1148,7057,7526,431,262,491,1903,1551,3915,1085,1128,1301
2021-03-12,INV_04,116741.18,1095594.18,1212335.36,4917,552,1158,1148,7057,7526,431,262,491,1903,1551,3915,1085,1128,1301
2021-03-15,INV_04,123379.59,1070895.87,1194275.45,4917,552,1158,1148,7057,7526,431,196,491,1903,1551,3915,1085,1128,1301
2021-03-16,INV_04,123379.59,1054147.88,1177527.47,4917,552,1158,1148,7057,7526,431,196,491,1903,1551,3915,1085,1128,1301
2021-03-17,INV_04,202855.36,957478.72,1160334.08,4917,552,1158,1148,7057,5644,431,196,491,1903,1551,3915,1085,1128,1301
2021-03-18,INV_04,202855.36,941784.65,1144640.01,4917,552,1158,1148,7057,5644,431,196,491,1903,1551,3915,1085,1128,1301
2021-03-19,INV_04,202855.36,933209.2,1136064.56,4917,552,1158,1148,7057,5644,431,196,491,1903,1551,3915,1085,1128,1301
2021-03-22,INV_04,220712.45,929526.95,1150239.4,4917,552,868,1148,7057,5644,431,196,491,1903,1551,3915,1085,1128,1301
2021-03-23,INV_04,220712.45,932901.05,1153613.5,4917,552,868,1148,7057,5644,431,196,491,1903,1551,3915,1085,1128,1301
2021-03-24,INV_04,187292.15,992737.53,1180029.67,4917,552,1381,1148,7057,5644,431,196,491,1903,1551,3915,1085,1128,1301
2021-03-25,INV_04,187292.15,983495.28,1170787.43,4917,552,1381,1148,7057,5644,431,196,491,1903,1551,3915,1085,1128,1301
2021-03-26,INV_04,158952.42,1015392.67,1174345.09,4917,552,1381,1148,7057,5644,431,196,683,1903,1551,3915,1085,1128,1301
2021-03-29,INV_04,181672.57,998624.42,1180296.99,3687,552,1381,1148,7057,5644,431,196,683,1903,1551,3915,1085,1128,1301
2021-03-30,INV_04,154214.51,1022191.51,1176406.02,3687,552,1381,1148,7057,5644,431,196,683,1903,1551,3915,1085,1541,1301
2021-03-31,INV_04,130872.85,1058773.18,1189646.03,3687,552,1381,1148,7057,5644,431,196,683,1903,1551,3915,1085,1541,1797
2021-04-01,INV_04,136591.19,1069185.96,1205777.15,3687,552,1381,1148,7057,5644,431,196,683,1903,1551,2936,1085,1541,1797
2021-04-02,INV_04,136591.19,1069185.96,1205777.15,3687,552,1381,1148,7057,5644,431,196,683,1903,1551,2936,1085,1541,1797
2021-04-05,INV_04,115936.7,1108247.74,1224184.44,3687,552,1381,1148,7057,5644,431,196,822,1903,1551,2936,1085,1541,1797
2021-04-06,INV_04,98417.19,1160844.68,1259261.87,3687,552,1643,1148,7057,5644,431,196,822,1903,1551,2936,1085,1541,1797
2021-04-07,INV_04,116686.67,1141086.84,1257773.52,2765,552,1643,1148,7057,5644,431,196,822,1903,1551,2936,1085,1541,1797
2021-04-08,INV_04,116686.67,1154325.27,1271011.95,2765,552,1643,1148,7057,5644,431,196,822,1903,1551,2936,1085,1541,1797
2021-04-09,INV_04,116686.67,1175293.0,1291979.67,2765,552,1643,1148,7057,5644,431,196,822,1903,1551,2936,1085,1541,1797
2021-04-12,INV_04,99062.81,1225433.93,1324496.75,2765,552,1643,1148,7057,5644,431,196,822,1903,1551,2936,1085,1801,1797
2021-04-13,INV_04,84060.73,1240287.48,1324348.21,2765,552,1864,1148,7057,5644,431,196,822,1903,1551,2936,1085,1801,1797
2021-04-14,INV_04,99936.79,1224251.06,1324187.85,2765,552,1864,1148,5292,5644,431,196,822,1903,1551,2936,1085,1801,1797
2021-04-15,INV_04,84798.13,1259302.58,1344100.71,2765,552,1864,1444,5292,5644,431,196,822,1903,1551,2936,1085,1801,1797
2021-04-16,INV_04,105630.76,1237574.33,1343205.09,2765,552,1864,1444,5292,5644,431,196,822,1903,1551,2936,1085,1801,1347
2021-04-19,INV_04,89686.42,1239136.92,1328823.34,2765,552,1864,1444,5292,5644,431,196,822,1903,1551,2936,1085,2038,1347
2021-04-20,INV_04,101405.03,1176716.37,1278121.4,2765,552,1864,1444,3969,5644,431,196,822,1903,1551,2936,1085,2038,1347
2021-04-21,INV_04,86140.78,1204308.26,1290449.04,2765,552,1864,1444,3969,5644,431,196,927,1903,1551,2936,1085,2038,1347
2021-04-22,INV_04,91372.62,1173459.35,1264831.97,2765,552,1864,1444,3969,5644,431,147,927,1903,1551,2936,1085,2038,1347
2021-04-23,INV_04,77529.75,1166795.81,1244325.56,2765,552,1864,1444,5525,5644,431,147,927,1903,1551,2936,1085,2038,1347
2021-04-26,INV_04,77529.75,1166795.81,1244325.56,2765,552,1864,1444,5525,5644,431,147,927,1903,1551,2936,1085,2038,1347
2021-04-27,INV_04,77529.75,1143567.91,1221097.66,2765,552,1864,1444,5525,5644,431,147,927,1903,1551,2936,1085,2038,1347
2021-04-28,INV_04,77529.75,1180622.9,1258152.65,2765,552,1864,1444,5525,5644,431,147,927,1903,1551,2936,1085,2038,1347
2021-04-29,INV_04,90893.16,1157349.31,1248242.47,2073,552,1864,1444,5525,5644,431,147,927,1903,1551,2936,1085,2038,1347
2021-04-30,INV_04,77138.81,1171077.02,1248215.84,2073,552,1864,1444,5525,5644,612,147,927,1903,1551,2936,1085,2038,1347
2021-05-03,INV_04,85892.88,1151644.04,1237536.91,2073,414,1864,1444,5525,5644,612,147,927,1903,1551,2936,1085,2038,1347
2021-05-04,INV_04,85892.88,1139563.0,1225455.88,2073,414,1864,1444,5525,5644,612,147,927,1903,1551,2936,1085,2038,1347
2021-05-05,INV_04,72890.41,1161209.95,1234100.37,2073,414,1864,1444,5525,5644,612,147,927,1903,1551,2936,1085,2038,1631
2021-05-06,INV_04,61888.56,1175165.61,1237054.18,2073,584,1864,1444,5525,5644,612,147,927,1903,1551,2936,1085,2038,1631
2021-05-07,INV_04,52513.73,1205840.22,1258353.94,2073,584,2014,1444,5525,5644,612,147,927,1903,1551,2936,1085,2038,1631
2021-05-10,INV_04,52513.73,1187643.32,1240157.05,2073,584,2014,1444,5525,5644,612,147,927,1903,1551,2936,1085,2038,1631
2021-05-11,INV_04,44589.71,1201585.89,1246175.6,2073,584,2140,1444,5525,5644,612,147,927,1903,1551,2936,1085,2038,1631
2021-05-12,INV_04,130043.82,1115670.04,1245713.86,2073,584,2140,1444,5525,4233,612,147,927,1903,1551,2936,1085,2038,1631
2021-05-13,INV_04,110393.56,1144408.85,1254802.41,2073,584,2140,1444,5525,4547,612,147,927,1903,1551,2936,1085,2038,1631
2021-05-14,INV_04,110393.56,1144408.85,1254802.41,2073,584,2140,1444,5525,4547,612,147,927,1903,1551,2936,1085,2038,1631
2021-05-17,INV_04,93686.93,1186697.35,1280384.29,2936,584,2140,1444,5525,4547,612,147,927,1903,1551,2936,1085,2038,1631
2021-05-18,INV_04,105738.36,1177460.57,1283198.93,2936,584,2140,1444,4143,4547,612,147,927,1903,1551,2936,1085,2038,1631
2021-05-19,INV_04,89768.68,1188541.28,1278309.96,2936,826,2140,1444,4143,4547,612,147,927,1903,1551,2936,1085,2038,1631
2021-05-20,INV_04,76202.7,1195417.01,1271619.71,2936,826,2140,1444,4143,4766,612,147,927,1903,1551,2936,1085,2038,1631
2021-05-21,INV_04,64662.63,1191839.54,1256502.17,2936,826,2140,1444,4143,4766,612,147,927,1903,2282,2936,1085,2038,1631
2021-05-24,INV_04,77842.18,1174841.25,1252683.43,2936,619,2140,1444,4143,4766,612,147,927,1903,2282,2936,1085,2038,1631
2021-05-25,INV_04,77842.18,1182176.47,1260018.64,2936,619,2140,1444,4143,4766,612,147,927,1903,2282,2936,1085,2038,1631
2021-05-26,INV_04,77842.18,1182176.47,1260018.64,2936,619,2140,1444,4143,4766,612,147,927,1903,2282,2936,1085,2038,1631
2021-05-27,INV_04,85594.63,1174345.7,1259940.33,2936,619,2140,1444,4143,4766,612,147,927,1903,2282,2936,813,2038,1631
2021-05-28,INV_04,96007.6,1173847.07,1269854.67,2936,464,2140,1444,4143,4766,612,147,927,1903,2282,2936,813,2038,1631
2021-05-31,INV_04,81464.37,1195832.48,1277296.85,2936,464,2140,1444,5740,4766,612,147,927,1903,2282,2936,813,2038,1631
2021-06-01,INV_04,69126.55,1225358.46,1294485.02,3554,464,2140,1444,5740,4766,612,147,927,1903,2282,2936,813,2038,1631
2021-06-02,INV_04,69126.55,1227467.75,1296594.3,3554,464,2140,1444,5740,4766,612,147,927,1903,2282,2936,813,2038,1631
2021-06-03,INV_04,58721.93,1251700.67,1310422.6,3554,464,2288,1444,5740,4766,612,147,927,1903,2282,2936,813,2038,1631
2021-06-04,INV_04,49825.56,1259309.69,1309135.25,3554,591,2288,1444,5740,4766,612,147,927,1903,2282,2936,813,2038,1631
2021-06-07,INV_04,49825.56,1271363.51,1321189.07,3554,591,2288,1444,5740,4766,612,147,927,1903,2282,2936,813,2038,1631
2021-06-08,INV_04,49825.56,1263614.23,1313439.79,3554,591,2288,1444,5740,4766,612,147,927,1903,2282,2936,813,2038,1631
2021-06-09,INV_04,49825.56,1267246.57,1317072.14,3554,591,2288,1444,5740,4766,612,147,927,1903,2282,2936,813,2038,1631
2021-06-10,INV_04,49825.56,1279067.0,1328892.56,3554,591,2288,1444,5740,4766,612,147,927,1903,2282,2936,813,2038,1631
2021-06-11,INV_04,49825.56,1275226.36,1325051.92,3554,591,2288,1444,5740,4766,612,147,927,1903,2282,2936,813,2038,1631
2021-06-14,INV_04,49825.56,1270564.13,1320389.7,3554,591,2288,1444,5740,4766,612,147,927,1903,2282,2936,813,2038,1631
2021-06-15,INV_04,70211.27,1247925.03,1318136.3,3554,591,2288,1444,5740,4766,612,147,927,1903,2282,2936,813,2038,1223
2021-06-16,INV_04,70211.27,1256560.88,1326772.15,3554,591,2288,1444,5740,4766,612,147,927,1903,2282,2936,813,2038,1223
2021-06-17,INV_04,70211.27,1259208.6,1329419.87,3554,591,2288,1444,5740,4766,612,147,927,1903,2282,2936,813,2038,1223
2021-06-18,INV_04,59635.17,1273415.52,1333050.69,3554,591,2288,1444,5740,4935,612,147,927,1903,2282,2936,813,2038,1223
2021-06-21,INV_04,50610.85,1281876.34,1332487.2,3554,591,2288,1444,5740,4935,725,147,927,1903,2282,2936,813,2038,1223
2021-06-22,INV_04,60464.28,1254452.29,1314916.57,3554,591,2288,1444,5740,4935,725,147,927,1903,1711,2936,813,2038,1223
2021-06-23,INV_04,60464.28,1258638.09,1319102.37,3554,591,2288,1444,5740,4935,725,147,927,1903,1711,2936,813,2038,1223
2021-06-24,INV_04,60464.28,1258638.09,1319102.37,3554,591,2288,1444,5740,4935,725,147,927,1903,1711,2936,813,2038,1223
2021-06-25,INV_04,91619.57,1230358.37,1321977.95,3554,591,2288,1444,5740,4935,725,147,695,1903,1711,2936,813,2038,1223
2021-06-28,INV_04,77748.3,1238631.36,1316379.66,3554,591,2288,1444,7236,4935,725,147,695,1903,1711,2936,813,2038,1223
2021-06-29,INV_04,81866.01,1225284.71,1307150.72,3554,591,2288,1444,7236,4935,725,110,695,1903,1711,2936,813,2038,1223
2021-06-30,INV_04,86516.64,1207875.83,1294392.46,3554,591,2288,1444,7236,4935,725,110,695,1903,1711,2202,813,2038,1223
2021-07-01,INV_04,103913.27,1187666.58,1291579.86,2665,591,2288,1444,7236,4935,725,110,695,1903,1711,2202,813,2038,1223
2021-07-02,INV_04,88178.27,1208192.11,1296370.37,2665,591,2288,1444,7236,4935,725,110,695,1903,1711,2202,1327,2038,1223
2021-07-05,INV_04,74836.61,1214805.03,1289641.64,2665,591,2288,1704,7236,4935,725,110,695,1903,1711,2202,1327,2038,1223
2021-07-06,INV_04,63518.37,1222661.5,1286179.87,3227,591,2288,1704,7236,4935,725,110,695,1903,1711,2202,1327,2038,1223
2021-07-07,INV_04,79448.89,1203902.99,1283351.88,2420,591,2288,1704,7236,4935,725,110,695,1903,1711,2202,1327,2038,1223
2021-07-08,INV_04,117333.92,1170572.37,1287906.3,2420,591,1716,1704,7236,4935,725,110,695,1903,1711,2202,1327,2038,1223
2021-07-09,INV_04,99571.13,1194244.08,1293815.21,3302,591,1716,1704,7236,4935,725,110,695,1903,1711,2202,1327,2038,1223
2021-07-12,INV_04,99571.13,1199357.65,1298928.79,3302,591,1716,1704,7236,4935,725,110,695,1903,1711,2202,1327,2038,1223
2021-07-13,INV_04,106644.81,1196995.49,1303640.3,3302,591,1716,1704,7236,4935,725,110,695,1903,1283,2202,1327,2038,1223
2021-07-14,INV_04,112054.1,1194146.7,1306200.8,3302,591,1716,1704,7236,4935,725,110,695,1903,962,2202,1327,2038,1223
2021-07-15,INV_04,112054.1,1198511.33,1310565.43,3302,591,1716,1704,7236,4935,725,110,695,1903,962,2202,1327,2038,1223
2021-07-16,INV_04,112054.1,1196277.37,1308331.47,3302,591,1716,1704,7236,4935,725,110,695,1903,962,2202,1327,2038,1223
2021-07-19,INV_04,95126.83,1224104.54,1319231.37,3302,815,1716,1704,7236,4935,725,110,695,1903,962,2202,1327,2038,1223
2021-07-20,INV_04,80755.19,1235743.83,1316499.02,3302,815,1716,1704,7236,4935,725,110,695,2209,962,2202,1327,2038,1223
2021-07-21,INV_04,84573.62,1231886.83,1316460.45,3302,815,1716,1704,7236,4935,725,110,695,2209,962,1651,1327,2038,1223
2021-07-22,INV_04,71765.07,1253612.22,1325377.29,3938,815,1716,1704,7236,4935,725,110,695,2209,962,1651,1327,2038,1223
2021-07-23,INV_04,71765.07,1253612.22,1325377.29,3938,815,1716,1704,7236,4935,725,110,695,2209,962,1651,1327,2038,1223
2021-07-26,INV_04,71765.07,1238079.58,1309844.66,3938,815,1716,1704,7236,4935,725,110,695,2209,962,1651,1327,2038,1223
2021-07-27,INV_04,86135.47,1218336.57,1304472.04,3938,815,1716,1704,7236,4935,725,110,695,2209,962,1651,1327,2038,917
2021-07-28,INV_04,73125.52,1231964.2,1305089.72,3938,815,1716,1704,7236,4935,725,110,695,2209,962,1651,1327,2038,1190
2021-07-29,INV_04,62079.83,1254796.2,1316876.03,3938,815,1716,1704,7236,4935,725,110,695,2209,962,1651,1644,2038,1190
2021-07-30,INV_04,75824.31,1236193.28,1312017.59,3938,815,1716,1704,7236,4935,725,110,695,2209,962,1651,1233,2038,1190
2021-08-02,INV_04,88989.72,1215720.25,1304709.97,3938,815,1716,1704,7236,4935,543,110,695,2209,962,1651,1233,2038,1190
2021-08-03,INV_04,75511.59,1236388.77,1311900.36,3938,815,1716,1704,8816,4935,543,110,695,2209,962,1651,1233,2038,1190
2021-08-04,INV_04,94871.37,1217674.02,1312545.39,2953,815,1716,1704,8816,4935,543,110,695,2209,962,1651,1233,2038,1190
2021-08-05,INV_04,112979.71,1176205.0,1289184.71,2953,815,1716,1704,6612,4935,543,110,695,2209,962,1651,1233,2038,1190
2021-08-06,INV_04,95869.06,1196229.2,1292098.25,2953,815,1978,1704,6612,4935,543,110,695,2209,962,1651,1233,2038,1190
2021-08-09,INV_04,116373.62,1163637.39,1280011.02,2953,815,1978,1278,6612,4935,543,110,695,2209,962,1651,1233,2038,1190
2021-08-10,INV_04,98746.94,1173825.59,1272572.53,2953,815,1978,1278,8643,4935,543,110,695,2209,962,1651,1233,2038,1190
2021-08-11,INV_04,98746.94,1176111.85,1274858.79,2953,815,1978,1278,8643,4935,543,110,695,2209,962,1651,1233,2038,1190
2021-08-12,INV_04,98746.94,1157968.34,1256715.28,2953,815,1978,1278,8643,4935,543,110,695,2209,962,1651,1233,2038,1190
2021-08-13,INV_04,83800.27,1178783.87,1262584.14,2953,1030,1978,1278,8643,4935,543,110,695,2209,962,1651,1233,2038,1190
2021-08-16,INV_04,83800.27,1175358.2,1259158.47,2953,1030,1978,1278,8643,4935,543,110,695,2209,962,1651,1233,2038,1190
2021-08-17,INV_04,115790.37,1155766.83,1271557.2,2953,1030,1483,1278,8643,4935,543,110,695,2209,962,1651,1233,2038,1190
2021-08-18,INV_04,193598.79,1098887.19,1292485.98,2953,1030,1483,1278,8643,3701,543,110,695,2209,962,1651,1233,2038,1190
2021-08-19,INV_04,193598.79,1088215.56,1281814.35,2953,1030,1483,1278,8643,3701,543,110,695,2209,962,1651,1233,2038,1190
2021-08-20,INV_04,208974.64,1067975.91,1276950.54,2953,1030,1483,958,8643,3701,543,110,695,2209,962,1651,1233,2038,1190
2021-08-23,INV_04,208974.64,1081566.38,1290541.01,2953,1030,1483,958,8643,3701,543,110,695,2209,962,1651,1233,2038,1190
2021-08-24,INV_04,208974.64,1109829.96,1318804.6,2953,1030,1483,958,8643,3701,543,110,695,2209,962,1651,1233,2038,1190
2021-08-25,INV_04,231665.05,1097542.8,1329207.85,2953,1030,1483,958,8643,3701,543,110,521,2209,962,1651,1233,2038,1190
2021-08-26,INV_04,196639.51,1188584.14,1385223.66,2953,1030,1483,958,8643,3701,1017,110,521,2209,962,1651,1233,2038,1190
2021-08-27,INV_04,196639.51,1201297.21,1397936.72,2953,1030,1483,958,8643,3701,1017,110,521,2209,962,1651,1233,2038,1190
2021-08-30,INV_04,196639.51,1175151.68,1371791.2,2953,1030,1483,958,8643,3701,1017,110,521,2209,962,1651,1233,2038,1190
2021-08-31,INV_04,166855.72,1204797.87,1371653.6,2953,1030,1483,958,8643,3701,1017,110,521,2209,962,4514,1233,2038,1190
2021-09-01,INV_04,141583.33,1254610.58,1396193.92,2953,1030,1483,958,8643,3701,1017,110,521,2209,962,4514,1233,2038,1728
2021-09-02,INV_04,120145.27,1293603.5,1413748.78,2953,1030,1483,1365,8643,3701,1017,110,521,2209,962,4514,1233,2038,1728
2021-09-03,INV_04,137146.89,1278190.5,1415337.39,2953,1030,1483,1365,8643,3701,762,110,521,2209,962,4514,1233,2038,1728
2021-09-06,INV_04,137146.89,1280323.35,1417470.25,2953,1030,1483,1365,8643,3701,762,110,521,2209,962,4514,1233,2038,1728
2021-09-07,INV_04,147429.83,1227500.1,1374929.93,2953,1030,1483,1365,8643,3701,762,110,521,2209,962,3385,1233,2038,1728
2021-09-08,INV_04,171161.83,1159133.29,1330295.12,2953,1030,1483,1365,8643,3701,762,110,521,1656,962,3385,1233,2038,1728
2021-09-09,INV_04,145265.94,1217289.16,1362555.1,2953,1030,1483,1365,8643,3701,1147,110,521,1656,962,3385,1233,2038,1728
2021-09-10,INV_04,123261.39,1223040.58,1346301.97,2953,1030,1483,1365,8643,3701,1476,110,521,1656,962,3385,1233,2038,1728
2021-09-13,INV_04,126544.22,1200748.58,1327292.8,2953,1030,1483,1365,8643,3701,1476,82,521,1656,962,3385,1233,2038,1728
2021-09-14,INV_04,126544.22,1207909.53,1334453.75,2953,1030,1483,1365,8643,3701,1476,82,521,1656,962,3385,1233,2038,1728
2021-09-15,INV_04,137558.55,1211990.49,1349549.04,2953,1030,1483,1365,8643,3701,1476,82,521,1656,962,3385,924,2038,1728
2021-09-16,INV_04,116736.39,1230538.85,1347275.23,3967,1030,1483,1365,8643,3701,1476,82,521,1656,962,3385,924,2038,1728
2021-09-17,INV_04,148927.45,1172760.26,1321687.71,3967,1030,1483,1365,8643,3701,1476,82,521,1656,962,3385,924,1528,1728
2021-09-20,INV_04,148927.45,1172760.26,1321687.71,3967,1030,1483,1365,8643,3701,1476,82,521,1656,962,3385,924,1528,1728
2021-09-21,INV_04,168566.44,1142892.26,1311458.7,3967,1030,1483,1365,8643,3701,1476,82,521,1656,962,3385,924,1528,1296
2021-09-22,INV_04,143062.22,1168072.58,1311134.8,3967,1030,1483,1365,8643,3701,1476,82,521,1656,962,3385,1645,1528,1296
2021-09-23,INV_04,167424.71,1157504.96,1324929.67,3967,1030,1483,1365,8643,3701,1107,82,521,1656,962,3385,1645,1528,1296
2021-09-24,INV_04,142139.85,1188774.96,1330914.81,3967,1030,1483,1365,8643,3701,1107,82,710,1656,962,3385,1645,1528,1296
2021-09-27,INV_04,120656.8,1232868.58,1353525.38,3967,1030,1483,1365,8643,3955,1107,82,710,1656,962,3385,1645,1528,1296
2021-09-28,INV_04,102377.8,1250931.9,1353309.7,3967,1030,1483,1365,10946,3955,1107,82,710,1656,962,3385,1645,1528,1296
2021-09-29,INV_04,86882.38,1277234.58,1364116.95,3967,1030,1483,1365,10946,3955,1107,82,710,1656,1881,3385,1645,1528,1296
2021-09-30,INV_04,169644.41,1199658.92,1369303.33,3967,1030,1483,1365,10946,2966,1107,82,710,1656,1881,3385,1645,1528,1296
2021-10-01,INV_04,143977.72,1221880.95,1365858.67,3967,1030,1870,1365,10946,2966,1107,82,710,1656,1881,3385,1645,1528,1296
2021-10-04,INV_04,163686.55,1208681.48,1372368.03,2975,1030,1870,1365,10946,2966,1107,82,710,1656,1881,3385,1645,1528,1296
2021-10-05,INV_04,163686.55,1208665.8,1372352.35,2975,1030,1870,1365,10946,2966,1107,82,710,1656,1881,3385,1645,1528,1296
2021-10-06,INV_04,163686.55,1214399.85,1378086.41,2975,1030,1870,1365,10946,2966,1107,82,710,1656,1881,3385,1645,1528,1296
2021-10-07,INV_04,138928.56,1258508.58,1397437.14,2975,1030,2221,1365,10946,2966,1107,82,710,1656,1881,3385,1645,1528,1296
2021-10-08,INV_04,138928.56,1265944.47,1404873.03,2975,1030,2221,1365,10946,2966,1107,82,710,1656,1881,3385,1645,1528,1296
2021-10-11,INV_04,146894.6,1247032.61,1393927.2,2975,1030,2221,1365,10946,2966,1107,82,710,1656,1881,2538,1645,1528,1296
2021-10-12,INV_04,157082.94,1236897.17,1393980.11,2975,1030,2221,1365,10946,2966,1107,82,710,1656,1410,2538,1645,1528,1296
2021-10-13,INV_04,181511.94,1200043.15,1381555.09,2975,1030,2221,1365,10946,2966,1107,82,710,1656,1410,2538,1645,1146,1296
2021-10-14,INV_04,181511.94,1199647.46,1381159.4,2975,1030,2221,1365,10946,2966,1107,82,710,1656,1410,2538,1645,1146,1296
2021-10-15,INV_04,196293.57,1180987.32,1377280.88,2231,1030,2221,1365,10946,2966,1107,82,710,1656,1410,2538,1645,1146,1296
2021-10-18,INV_04,166559.49,1217400.41,1383959.89,2231,1030,2221,1365,14525,2966,1107,82,710,1656,1410,2538,1645,1146,1296
2021-10-19,INV_04,141370.06,1242340.43,1383710.49,2231,1030,2221,1829,14525,2966,1107,82,710,1656,1410,2538,1645,1146,1296
2021-10-20,INV_04,119958.41,1263540.08,1383498.5,3292,1030,2221,1829,14525,2966,1107,82,710,1656,1410,2538,1645,1146,1296
2021-10-21,INV_04,139134.84,1240329.88,1379464.72,3292,1030,2221,1829,14525,2966,1107,82,710,1242,1410,2538,1645,1146,1296
2021-10-22,INV_04,139134.84,1248247.21,1387382.04,3292,1030,2221,1829,14525,2966,1107,82,710,1242,1410,2538,1645,1146,1296
2021-10-25,INV_04,155026.2,1231496.53,1386522.72,3292,1030,2221,1829,14525,2966,1107,82,710,1242,1410,2538,1645,1146,972
2021-10-26,INV_04,155026.2,1242626.54,1397652.74,3292,1030,2221,1829,14525,2966,1107,82,710,1242,1410,2538,1645,1146,972
2021-10-27,INV_04,131543.54,1273933.11,1405476.64,3292,1030,2221,1829,17377,2966,1107,82,710,1242,1410,2538,1645,1146,972
2021-10-28,INV_04,150135.62,1268289.25,1418424.87,3292,1030,2221,1829,17377,2966,1107,82,710,1242,1410,2538,1645,859,972
2021-10-29,INV_04,157571.28,1254770.81,1412342.09,3292,1030,2221,1829,17377,2966,1107,82,710,1242,1057,2538,1645,859,972
2021-11-01,INV_04,182781.71,1215259.47,1398041.18,3292,1030,2221,1371,17377,2966,1107,82,710,1242,1057,2538,1645,859,972
2021-11-02,INV_04,155133.36,1241842.1,1396975.45,3292,1030,2221,1371,17377,2966,1107,82,896,1242,1057,2538,1645,859,972
2021-11-03,INV_04,161608.45,1242250.96,1403859.41,3292,1030,2221,1371,17377,2966,1107,82,896,1242,1057,1903,1645,859,972
2021-11-04,INV_04,199411.8,1204065.76,1403477.56,3292,1030,1665,1371,17377,2966,1107,82,896,1242,1057,1903,1645,859,972
2021-11-05,INV_04,169211.49,1225894.27,1395105.76,3292,1030,1665,1371,17377,2966,1107,82,896,1242,1057,4334,1645,859,972
2021-11-08,INV_04,143672.8,1278052.71,1421725.51,3292,1030,1665,1371,17377,2966,1107,267,896,1242,1057,4334,1645,859,972
2021-11-09,INV_04,164384.79,1236947.47,1401332.26,3292,1030,1665,1371,17377,2966,1107,267,896,1242,1057,3250,1645,859,972
2021-11-10,INV_04,139515.77,1276686.95,1416202.72,3292,1030,1665,1371,17377,2966,1107,267,896,1242,1057,3250,1645,859,1469
2021-11-11,INV_04,118400.31,1310337.14,1428737.44,3292,1030,1665,1371,17377,2966,1107,267,896,1242,1057,4093,1645,859,1469
2021-11-12,INV_04,100489.27,1339386.97,1439876.23,3292,1030,1665,1371,17377,2966,1375,267,896,1242,1057,4093,1645,859,1469
2021-11-15,INV_04,133192.17,1306773.87,1439966.04,3292,1030,1665,1371,17377,2966,1375,267,672,1242,1057,4093,1645,859,1469
2021-11-16,INV_04,113016.0,1353535.97,1466551.97,3292,1030,1665,1371,17377,2966,1375,267,672,1242,1057,4630,1645,859,1469
2021-11-17,INV_04,127995.48,1348794.15,1476789.64,3292,1030,1665,1371,17377,2966,1375,267,672,1242,1057,4630,1233,859,1469
2021-11-18,INV_04,127995.48,1348794.15,1476789.64,3292,1030,1665,1371,17377,2966,1375,267,672,1242,1057,4630,1233,859,1469
2021-11-19,INV_04,136538.7,1285640.68,1422179.38,3292,1030,1665,1371,17377,2966,1375,200,672,1242,1057,4630,1233,859,1469
2021-11-22,INV_04,115906.6,1312890.86,1428797.47,3292,1330,1665,1371,17377,2966,1375,200,672,1242,1057,4630,1233,859,1469
2021-11-23,INV_04,115906.6,1300406.47,1416313.07,3292,1330,1665,1371,17377,2966,1375,200,672,1242,1057,4630,1233,859,1469
2021-11-24,INV_04,121703.31,1282091.96,1403795.27,3292,1330,1665,1371,17377,2966,1375,200,672,1242,792,4630,1233,859,1469
2021-11-25,INV_04,121703.31,1298393.76,1420097.07,3292,1330,1665,1371,17377,2966,1375,200,672,1242,792,4630,1233,859,1469
2021-11-26,INV_04,121703.31,1310612.97,1432316.28,3292,1330,1665,1371,17377,2966,1375,200,672,1242,792,4630,1233,859,1469
2021-11-29,INV_04,103282.94,1332638.96,1435921.91,3292,1330,1665,1371,17377,2966,1375,200,672,1242,792,4630,1724,859,1469
2021-11-30,INV_04,135497.35,1314620.79,1450118.14,3292,1330,1665,1371,17377,2966,1375,200,672,1242,792,3472,1724,859,1469
2021-12-01,INV_04,141575.15,1301150.44,1442725.59,3292,1330,1665,1371,17377,2966,1375,150,672,1242,792,3472,1724,859,1469
2021-12-02,INV_04,141575.15,1305905.51,1447480.67,3292,1330,1665,1371,17377,2966,1375,150,672,1242,792,3472,1724,859,1469
2021-12-03,INV_04,146248.9,1289622.51,1435871.41,3292,1330,1665,1371,17377,2966,1375,112,672,1242,792,3472,1724,859,1469
2021-12-06,INV_04,160191.11,1279626.68,1439817.79,3292,1330,1665,1371,17377,2966,1375,112,672,931,792,3472,1724,859,1469
2021-12-07,INV_04,182540.1,1259282.0,1441822.09,2469,1330,1665,1371,17377,2966,1375,112,672,931,792,3472,1724,859,1469
2021-12-08,INV_04,182540.1,1245808.34,1428348.44,2469,1330,1665,1371,17377,2966,1375,112,672,931,792,3472,1724,859,1469
2021-12-09,INV_04,243910.54,1201362.22,1445272.76,2469,1330,1665,1371,17377,2224,1375,112,672,931,792,3472,1724,859,1469
2021-12-10,INV_04,243910.54,1214112.81,1458023.35,2469,1330,1665,1371,17377,2224,1375,112,672,931,792,3472,1724,859,1469
2021-12-13,INV_04,243910.54,1218125.75,1462036.28,2469,1330,1665,1371,17377,2224,1375,112,672,931,792,3472,1724,859,1469
2021-12-14,INV_04,260907.11,1208921.3,1469828.41,1851,1330,1665,1371,17377,2224,1375,112,672,931,792,3472,1724,859,1469
2021-12-15,INV_04,221399.95,1259323.53,1480723.48,1851,1330,1665,1371,17377,2224,1375,112,672,931,792,5250,1724,859,1469
2021-12-16,INV_04,187887.8,1292503.54,1480391.34,1851,1330,1665,2023,17377,2224,1375,112,672,931,792,5250,1724,859,1469
2021-12-17,INV_04,159444.75,1335903.19,1495347.94,1851,1330,1665,2023,17377,2224,1375,112,672,931,1568,5250,1724,859,1469
2021-12-20,INV_04,159444.75,1319629.87,1479074.62,1851,1330,1665,2023,17377,2224,1375,112,672,931,1568,5250,1724,859,1469
2021-12-21,INV_04,170204.22,1300912.74,1471116.96,1851,1330,1665,2023,17377,2224,1375,112,672,698,1568,5250,1724,859,1469
2021-12-22,INV_04,170204.22,1335831.79,1506036.01,1851,1330,1665,2023,17377,2224,1375,112,672,698,1568,5250,1724,859,1469
2021-12-23,INV_04,170204.22,1336565.57,1506769.79,1851,1330,1665,2023,17377,2224,1375,112,672,698,1568,5250,1724,859,1469
2021-12-24,INV_04,144421.7,1373746.87,1518168.57,1851,1330,1665,2023,17377,2224,1375,112,672,698,1568,5250,1724,1300,1469
2021-12-27,INV_04,144421.7,1370529.12,1514950.82,1851,1330,1665,2023,17377,2224,1375,112,672,698,1568,5250,1724,1300,1469
2021-12-28,INV_04,144421.7,1362581.6,1507003.3,1851,1330,1665,2023,17377,2224,1375,112,672,698,1568,5250,1724,1300,1469
2021-12-29,INV_04,122567.26,1391309.36,1513876.62,1851,1330,1665,2023,17377,2224,1375,112,818,698,1568,5250,1724,1300,1469
2021-12-30,INV_04,152496.25,1357674.9,1510171.15,1851,1330,1665,2023,17377,2224,1375,112,613,698,1568,5250,1724,1300,1469
2021-12-31,INV_04,152496.25,1360837.72,1513333.98,1851,1330,1665,2023,17377,2224,1375,112,613,698,1568,5250,1724,1300,1469
2022-01-03,INV_04,129396.27,1424814.42,1554210.69,1851,1330,1665,2023,20234,2224,1375,112,613,698,1568,5250,1724,1300,1469
2022-01-04,INV_04,109836.65,1463899.42,1573736.07,1851,1330,1665,2023,20234,2224,1375,112,613,1092,1568,5250,1724,1300,1469
2022-01-05,INV_04,93203.44,1484326.81,1577530.25,1851,1330,1665,2023,20234,2224,1619,112,613,1092,1568,5250,1724,1300,1469
2022-01-06,INV_04,93203.44,1494377.98,1587581.42,1851,1330,1665,2023,20234,2224,1619,112,613,1092,1568,5250,1724,1300,1469
2022-01-07,INV_04,93203.44,1523751.79,1616955.23,1851,1330,1665,2023,20234,2224,1619,112,613,1092,1568,5250,1724,1300,1469
2022-01-10,INV_04,93203.44,1524575.59,1617779.03,1851,1330,1665,2023,20234,2224,1619,112,613,1092,1568,5250,1724,1300,1469
2022-01-11,INV_04,79127.68,1536073.76,1615201.44,1851,1330,1665,2023,20234,2224,1619,112,613,1092,1813,5250,1724,1300,1469
2022-01-12,INV_04,67143.3,1546837.71,1613981.0,1851,1330,1665,2252,20234,2224,1619,112,613,1092,1813,5250,1724,1300,1469
2022-01-13,INV_04,57109.75,1566857.51,1623967.25,1851,1330,1665,2252,20234,2224,1619,112,675,1092,1813,5250,1724,1300,1469
2022-01-14,INV_04,57109.75,1566857.51,1623967.25,1851,1330,1665,2252,20234,2224,1619,112,675,1092,1813,5250,1724,1300,1469
2022-01-17,INV_04,48462.95,1575418.69,1623881.64,1851,1330,1665,2252,20234,2224,1619,112,675,1092,1973,5250,1724,1300,1469
2022-01-18,INV_04,48462.95,1624569.41,1673032.36,1851,1330,1665,2252,20234,2224,1619,112,675,1092,1973,5250,1724,1300,1469
2022-01-19,INV_04,48462.95,1619664.1,1668127.05,1851,1330,1665,2252,20234,2224,1619,112,675,1092,1973,5250,1724,1300,1469
2022-01-20,INV_04,63084.59,1596071.65,1659156.24,1388,1330,1665,2252,20234,2224,1619,112,675,1092,1973,5250,1724,1300,1469
2022-01-21,INV_04,63084.59,1588320.02,1651404.61,1388,1330,1665,2252,20234,2224,1619,112,675,1092,1973,5250,1724,1300,1469
2022-01-24,INV_04,91203.07,1558321.07,1649524.13,1388,997,1665,2252,20234,2224,1619,112,675,1092,1973,5250,1724,1300,1469
2022-01-25,INV_04,126559.53,1492408.1,1618967.63,1388,997,1665,2252,20234,2224,1619,112,675,1092,1973,3937,1724,1300,1469
2022-01-26,INV_04,126559.53,1474993.33,1601552.86,1388,997,1665,2252,20234,2224,1619,112,675,1092,1973,3937,1724,1300,1469
2022-01-27,INV_04,142382.92,1442214.51,1584597.44,1388,997,1665,2252,20234,2224,1619,112,675,819,1973,3937,1724,1300,1469
2022-01-28,INV_04,159934.47,1410531.41,1570465.88,1388,997,1665,2252,20234,2224,1619,112,675,819,1973,3937,1293,1300,1469
2022-01-31,INV_04,135776.6,1452862.09,1588638.68,1388,1292,1665,2252,20234,2224,1619,112,675,819,1973,3937,1293,1300,1469
2022-02-01,INV_04,135776.6,1464912.94,1600689.54,1388,1292,1665,2252,20234,2224,1619,112,675,819,1973,3937,1293,1300,1469
2022-02-02,INV_04,161928.52,1415070.55,1576999.07,1388,1292,1248,2252,20234,2224,1619,112,675,819,1973,3937,1293,1300,1469
2022-02-03,INV_04,137420.38,1458394.49,1595814.87,2200,1292,1248,2252,20234,2224,1619,112,675,819,1973,3937,1293,1300,1469
2022-02-04,INV_04,116640.17,1478968.96,1595609.13,2200,1292,1248,2252,20234,2420,1619,112,675,819,1973,3937,1293,1300,1469
2022-02-07,INV_04,143019.65,1439975.72,1582995.37,2200,1292,1248,2252,20234,2420,1214,112,675,819,1973,3937,1293,1300,1469
2022-02-08,INV_04,168809.4,1387468.7,1556278.1,2200,1292,1248,2252,20234,2420,1214,112,506,819,1973,3937,1293,1300,1469
2022-02-09,INV_04,187851.34,1326567.23,1514418.57,2200,1292,936,2252,20234,2420,1214,112,506,819,1973,3937,1293,1300,1469
2022-02-10,INV_04,187851.34,1330216.25,1518067.59,2200,1292,936,2252,20234,2420,1214,112,506,819,1973,3937,1293,1300,1469
2022-02-11,INV_04,159423.53,1376867.36,1536290.89,2200,1292,936,2252,20234,2420,1214,112,506,1338,1973,3937,1293,1300,1469
2022-02-14,INV_04,135303.88,1417130.34,1552434.22,2200,1292,936,2252,20234,2420,1214,112,506,1338,2405,3937,1293,1300,1469
2022-02-15,INV_04,114866.74,1441674.4,1556541.14,2200,1292,1263,2252,20234,2420,1214,112,506,1338,2405,3937,1293,1300,1469
2022-02-16,INV_04,114866.74,1441674.4,1556541.14,2200,1292,1263,2252,20234,2420,1214,112,506,1338,2405,3937,1293,1300,1469
2022-02-17,INV_04,114866.74,1443855.34,1558722.08,2200,1292,1263,2252,20234,2420,1214,112,506,1338,2405,3937,1293,1300,1469
2022-02-18,INV_04,171970.34,1355099.08,1527069.42,2200,1292,1263,2252,20234,1815,1214,112,506,1338,2405,3937,1293,1300,1469
2022-02-21,INV_04,171970.34,1299141.05,1471111.39,2200,1292,1263,2252,20234,1815,1214,112,506,1338,2405,3937,1293,1300,1469
2022-02-22,INV_04,191546.42,1281743.05,1473289.47,2200,1292,947,2252,20234,1815,1214,112,506,1338,2405,3937,1293,1300,1469
2022-02-23,INV_04,233479.64,1196011.45,1429491.09,2200,1292,947,2252,15175,1815,1214,112,506,1338,2405,3937,1293,1300,1469
2022-02-24,INV_04,256179.14,1112431.05,1368610.19,2200,969,947,2252,15175,1815,1214,112,506,1338,2405,3937,1293,1300,1469
2022-02-25,INV_04,217394.27,1192730.15,1410124.43,2200,969,947,2252,15175,1815,1214,112,506,1338,2405,3937,1293,2013,1469
2022-02-28,INV_04,184493.03,1271056.47,1455549.49,2200,969,947,2922,15175,1815,1214,112,506,1338,2405,3937,1293,2013,1469
2022-03-01,INV_04,184493.03,1271056.47,1455549.49,2200,969,947,2922,15175,1815,1214,112,506,1338,2405,3937,1293,2013,1469
2022-03-02,INV_04,221159.6,1235650.73,1456810.33,2200,969,947,2922,15175,1361,1214,112,506,1338,2405,3937,1293,2013,1469
2022-03-03,INV_04,233088.94,1192034.08,1425123.02,1650,969,947,2922,15175,1361,1214,112,506,1338,2405,3937,1293,2013,1469
2022-03-04,INV_04,233088.94,1198583.8,1431672.74,1650,969,947,2922,15175,1361,1214,112,506,1338,2405,3937,1293,2013,1469
2022-03-07,INV_04,250226.48,1148749.33,1398975.81,1650,726,947,2922,15175,1361,1214,112,506,1338,2405,3937,1293,2013,1469
2022-03-08,INV_04,264832.4,1078831.65,1343664.05,1650,726,947,2922,15175,1361,1214,112,506,1003,2405,3937,1293,2013,1469
2022-03-09,INV_04,289947.41,1020482.05,1310429.45,1650,726,947,2922,15175,1361,1214,112,506,1003,2405,3937,1293,1509,1469
2022-03-10,INV_04,246063.58,1133303.94,1379367.52,1650,726,947,2922,15175,1361,1214,112,506,1936,2405,3937,1293,1509,1469
2022-03-11,INV_04,264487.37,1104588.37,1369075.74,1650,726,947,2922,15175,1361,1214,112,379,1936,2405,3937,1293,1509,1469
2022-03-14,INV_04,278176.6,1071520.59,1349697.2,1650,726,947,2922,15175,1361,1214,112,284,1936,2405,3937,1293,1509,1469
2022-03-15,INV_04,310803.54,1002387.63,1313191.17,1650,726,947,2191,15175,1361,1214,112,284,1936,2405,3937,1293,1509,1469
2022-03-16,INV_04,263722.79,1042631.26,1306354.05,1650,726,947,2191,20945,1361,1214,112,284,1936,2405,3937,1293,1509,1469
2022-03-17,INV_04,263722.79,1042631.26,1306354.05,1650,726,947,2191,20945,1361,1214,112,284,1936,2405,3937,1293,1509,1469
2022-03-18,INV_04,277716.07,1039284.0,1317000.07,1650,726,710,2191,20945,1361,1214,112,284,1936,2405,3937,1293,1509,1469
2022-03-21,INV_04,296552.33,1029551.29,1326103.61,1650,726,710,2191,20945,1361,1214,112,284,1936,2405,3937,1293,1131,1469
2022-03-22,INV_04,322831.76,996360.8,1319192.56,1650,726,710,2191,20945,1020,1214,112,284,1936,2405,3937,1293,1131,1469
2022-03-23,INV_04,274000.22,1042173.57,1316173.79,1650,726,710,2191,20945,1020,1214,551,284,1936,2405,3937,1293,1131,1469
2022-03-24,INV_04,316647.29,993348.97,1309996.26,1650,726,710,2191,15708,1020,1214,551,284,1936,2405,3937,1293,1131,1469
2022-03-25,INV_04,335609.88,967106.38,1302716.26,1650,726,710,2191,15708,1020,1214,551,284,1936,1803,3937,1293,1131,1469
2022-03-28,INV_04,335609.88,939422.06,1275031.94,1650,726,710,2191,15708,1020,1214,551,284,1936,1803,3937,1293,1131,1469
2022-03-29,INV_04,346239.01,877450.83,1223689.84,1650,726,710,2191,15708,1020,1214,551,284,1936,1803,2952,1293,1131,1469
2022-03-30,INV_04,355768.55,845503.68,1201272.23,1650,726,532,2191,15708,1020,1214,551,284,1936,1803,2952,1293,1131,1469
2022-03-31,INV_04,301903.15,887683.69,1189586.84,1650,726,532,2191,15708,1868,1214,551,284,1936,1803,2952,1293,1131,1469
2022-04-01,INV_04,314705.44,832091.2,1146796.64,1650,726,532,2191,15708,1868,910,551,284,1936,1803,2952,1293,1131,1469
2022-04-04,INV_04,314705.44,828353.38,1143058.82,1650,726,532,2191,15708,1868,910,551,284,1936,1803,2952,1293,1131,1469
2022-04-05,INV_04,267032.59,928542.51,1195575.11,1650,726,532,2191,15708,1868,910,551,284,1936,1803,2952,1293,2023,1469
2022-04-06,INV_04,267032.59,903560.36,1170592.95,1650,726,532,2191,15708,1868,910,551,284,1936,1803,2952,1293,2023,1469
2022-04-07,INV_04,276907.23,858633.33,1135540.56,1650,544,532,2191,15708,1868,910,551,284,1936,1803,2952,1293,2023,1469
2022-04-08,INV_04,285814.6,835571.74,1121386.35,1650,544,532,2191,15708,1868,910,551,284,1936,1803,2952,969,2023,1469
2022-04-11,INV_04,242544.37,878413.56,1120957.93,1650,544,532,2191,15708,1868,910,1054,284,1936,1803,2952,969,2023,1469
2022-04-12,INV_04,242544.37,878413.56,1120957.93,1650,544,532,2191,15708,1868,910,1054,284,1936,1803,2952,969,2023,1469
2022-04-13,INV_04,249417.81,871470.69,1120888.5,1650,408,532,2191,15708,1868,910,1054,284,1936,1803,2952,969,2023,1469
2022-04-14,INV_04,211635.93,908878.49,1120514.42,1650,408,532,3080,15708,1868,910,1054,284,1936,1803,2952,969,2023,1469
2022-04-15,INV_04,238330.51,881914.27,1120244.78,1650,408,532,3080,15708,1401,910,1054,284,1936,1803,2952,969,2023,1469
2022-04-18,INV_04,238330.51,881914.27,1120244.78,1650,408,532,3080,15708,1401,910,1054,284,1936,1803,2952,969,2023,1469
2022-04-19,INV_04,202233.94,917653.45,1119887.39,1650,408,1261,3080,15708,1401,910,1054,284,1936,1803,2952,969,2023,1469
2022-04-20,INV_04,202233.94,917653.45,1119887.39,1650,408,1261,3080,15708,1401,910,1054,284,1936,1803,2952,969,2023,1469
2022-04-21,INV_04,207389.03,912446.29,1119835.32,1650,306,1261,3080,15708,1401,910,1054,284,1936,1803,2952,969,2023,1469
2022-04-22,INV_04,175996.4,943528.1,1119524.5,1650,306,1895,3080,15708,1401,910,1054,284,1936,1803,2952,969,2023,1469
2022-04-25,INV_04,180618.65,869117.43,1049736.09,1237,306,1895,3080,15708,1401,910,1054,284,1936,1803,2952,969,2023,1469
2022-04-26,INV_04,210875.64,782033.99,992909.63,1237,306,1895,2310,15708,1401,910,1054,284,1936,1803,2952,969,2023,1469
2022-04-27,INV_04,179007.14,840802.33,1019809.47,1237,306,1895,2310,15708,1401,910,1448,284,1936,1803,2952,969,2023,1469
2022-04-28,INV_04,200185.9,839871.26,1040057.17,1237,306,1895,2310,15708,1401,910,1448,284,1936,1803,2952,969,1517,1469
2022-04-29,INV_04,200185.9,833693.42,1033879.32,1237,306,1895,2310,15708,1401,910,1448,284,1936,1803,2952,969,1517,1469
2022-05-02,INV_04,206761.23,827051.67,1033812.9,1237,306,1895,2310,15708,1401,910,1448,284,1936,1803,2952,726,1517,1469
2022-05-03,INV_04,175437.37,858065.4,1033502.77,1237,306,1895,2310,20400,1401,910,1448,284,1936,1803,2952,726,1517,1469
2022-05-04,INV_04,175437.37,867000.32,1042437.69,1237,306,1895,2310,20400,1401,910,1448,284,1936,1803,2952,726,1517,1469
2022-05-05,INV_04,186981.82,844335.79,1031317.61,1237,306,1895,2310,20400,1401,910,1448,284,1936,1803,2952,726,1517,1101
2022-05-06,INV_04,207658.61,811325.41,1018984.03,1237,306,1421,2310,20400,1401,910,1448,284,1936,1803,2952,726,1517,1101
2022-05-09,INV_04,241773.71,780110.61,1021884.32,1237,306,1421,2310,15300,1401,910,1448,284,1936,1803,2952,726,1517,1101
2022-05-10,INV_04,246829.77,775003.48,1021833.25,1237,306,1421,2310,15300,1401,910,1448,284,1936,1803,2952,544,1517,1101
2022-05-11,INV_04,246829.77,775003.48,1021833.25,1237,306,1421,2310,15300,1401,910,1448,284,1936,1803,2952,544,1517,1101
2022-05-12,INV_04,209468.97,831573.15,1041042.12,1237,306,1421,2310,15300,1401,910,1949,284,1936,1803,2952,544,1517,1101
2022-05-13,INV_04,177737.77,896900.86,1074638.63,1237,306,2101,2310,15300,1401,910,1949,284,1936,1803,2952,544,1517,1101
2022-05-16,INV_04,177737.77,896900.86,1074638.63,1237,306,2101,2310,15300,1401,910,1949,284,1936,1803,2952,544,1517,1101
2022-05-17,INV_04,199590.23,890771.66,1090361.89,1237,306,2101,1732,15300,1401,910,1949,284,1936,1803,2952,544,1517,1101
2022-05-18,INV_04,169369.07,916550.94,1085920.01,1237,306,2101,1732,15300,1401,1636,1949,284,1936,1803,2952,544,1517,1101
2022-05-19,INV_04,178582.06,891636.85,1070218.91,1237,306,2101,1732,15300,1401,1636,1949,213,1936,1803,2952,544,1517,1101
2022-05-20,INV_04,178582.06,898194.21,1076776.26,1237,306,2101,1732,15300,1401,1636,1949,213,1936,1803,2952,544,1517,1101
2022-05-23,INV_04,151581.62,948694.74,1100276.36,1237,306,2101,1732,15300,1838,1636,1949,213,1936,1803,2952,544,1517,1101
2022-05-24,INV_04,165639.59,934561.48,1100201.07,1237,306,2101,1732,15300,1838,1636,1949,213,1936,1803,2952,544,1137,1101
2022-05-25,INV_04,140554.59,955306.16,1095860.75,1237,306,2101,1732,15300,1838,2216,1949,213,1936,1803,2952,544,1137,1101
2022-05-26,INV_04,119263.24,969527.58,1088790.82,1237,306,2101,1732,15300,2198,2216,1949,213,1936,1803,2952,544,1137,1101
2022-05-27,INV_04,141947.92,931366.16,1073314.08,1237,306,2101,1732,15300,2198,2216,1949,213,1936,1352,2952,544,1137,1101
2022-05-30,INV_04,141947.92,925220.61,1067168.54,1237,306,2101,1732,15300,2198,2216,1949,213,1936,1352,2952,544,1137,1101
2022-05-31,INV_04,120475.88,936300.3,1056776.17,1237,306,2562,1732,15300,2198,2216,1949,213,1936,1352,2952,544,1137,1101
2022-06-01,INV_04,120475.88,933541.18,1054017.06,1237,306,2562,1732,15300,2198,2216,1949,213,1936,1352,2952,544,1137,1101
2022-06-02,INV_04,102242.17,957553.47,1059795.64,1237,306,2562,1732,15300,2198,2216,1949,213,1936,1691,2952,544,1137,1101
2022-06-03,INV_04,102242.17,959263.5,1061505.67,1237,306,2562,1732,15300,2198,2216,1949,213,1936,1691,2952,544,1137,1101
2022-06-06,INV_04,102242.17,940141.54,1042383.71,1237,306,2562,1732,15300,2198,2216,1949,213,1936,1691,2952,544,1137,1101
2022-06-07,INV_04,108700.71,925970.99,1034671.7,1237,306,2562,1732,15300,2198,2216,1949,159,1936,1691,2952,544,1137,1101
2022-06-08,INV_04,124741.3,928902.93,1053644.23,1237,306,2562,1732,15300,2198,2216,1949,159,1452,1691,2952,544,1137,1101
2022-06-09,INV_04,105856.42,959052.2,1064908.62,1237,306,2562,1732,15300,2198,2646,1949,159,1452,1691,2952,544,1137,1101
2022-06-10,INV_04,89833.35,981642.57,1071475.92,1237,306,2562,1732,15300,2198,2646,1949,159,1452,1691,2952,544,1137,1580
2022-06-13,INV_04,93527.81,976048.67,1069576.47,1237,229,2562,1732,15300,2198,2646,1949,159,1452,1691,2952,544,1137,1580
2022-06-14,INV_04,79381.46,990054.95,1069436.41,1237,518,2562,1732,15300,2198,2646,1949,159,1452,1691,2952,544,1137,1580
2022-06-15,INV_04,79381.46,972024.55,1051406.01,1237,518,2562,1732,15300,2198,2646,1949,159,1452,1691,2952,544,1137,1580
2022-06-16,INV_04,79381.46,963398.48,1042779.93,1237,518,2562,1732,15300,2198,2646,1949,159,1452,1691,2952,544,1137,1580
2022-06-17,INV_04,88360.09,932141.89,1020501.98,1237,518,2562,1732,15300,2198,2646,1949,159,1452,1691,2952,544,852,1580
2022-06-20,INV_04,74985.86,944396.26,1019382.13,1237,518,2562,1732,15300,2198,2646,1949,159,1852,1691,2952,544,852,1580
2022-06-21,INV_04,77842.79,958129.96,1035972.75,927,518,2562,1732,15300,2198,2646,1949,159,1852,1691,2952,544,852,1580
2022-06-22,INV_04,105452.12,931825.0,1037277.12,927,518,2562,1732,15300,1648,2646,1949,159,1852,1691,2952,544,852,1580
2022-06-23,INV_04,126134.03,917477.66,1043611.69,927,518,2562,1732,15300,1236,2646,1949,159,1852,1691,2952,544,852,1580
2022-06-24,INV_04,107044.43,948253.12,1055297.55,927,518,2562,2321,15300,1236,2646,1949,159,1852,1691,2952,544,852,1580
2022-06-27,INV_04,124993.4,913567.26,1038560.66,927,518,2562,1740,15300,1236,2646,1949,159,1852,1691,2952,544,852,1580
2022-06-28,INV_04,131220.07,892952.42,1024172.49,927,388,2562,1740,15300,1236,2646,1949,159,1852,1691,2952,544,852,1580
2022-06-29,INV_04,131220.07,896172.43,1027392.49,927,388,2562,1740,15300,1236,2646,1949,159,1852,1691,2952,544,852,1580
2022-06-30,INV_04,145916.79,883814.04,1029730.83,927,388,2562,1740,15300,1236,2646,1949,159,1389,1691,2952,544,852,1580
2022-07-01,INV_04,157124.4,894551.67,1051676.07,927,388,2562,1740,15300,1236,2646,1949,159,1041,1691,2952,544,852,1580
2022-07-04,INV_04,133328.36,919753.2,1053081.57,927,388,2562,1740,15300,1236,2646,1949,159,1041,1691,2952,1406,852,1580
2022-07-05,INV_04,138034.68,900654.69,1038689.37,927,388,2562,1740,15300,1236,2646,1949,119,1041,1691,2952,1406,852,1580
2022-07-06,INV_04,172368.31,843270.13,1015638.44,927,388,2562,1740,15300,1236,2646,1461,119,1041,1691,2952,1406,852,1580
2022-07-07,INV_04,146277.84,863154.22,1009432.06,927,388,2562,2602,15300,1236,2646,1461,119,1041,1691,2952,1406,852,1580
2022-07-08,INV_04,146277.84,865730.29,1012008.13,927,388,2562,2602,15300,1236,2646,1461,119,1041,1691,2952,1406,852,1580
2022-07-11,INV_04,124139.53,910987.96,1035127.5,927,388,2562,2602,15300,1236,2646,1461,119,1041,1691,2952,1406,1587,1580
2022-07-12,INV_04,105360.26,934489.67,1039849.93,927,388,2562,2602,15300,1236,2646,1728,119,1041,1691,2952,1406,1587,1580
2022-07-13,INV_04,105360.26,934489.67,1039849.93,927,388,2562,2602,15300,1236,2646,1728,119,1041,1691,2952,1406,1587,1580
2022-07-14,INV_04,133321.91,902705.85,1036027.76,927,388,1921,2602,15300,1236,2646,1728,119,1041,1691,2952,1406,1587,1580
2022-07-15,INV_04,113142.77,943781.45,1056924.22,927,388,1921,2602,15300,1236,2646,1728,119,1041,1691,2952,1406,1587,2300
2022-07-18,INV_04,96017.13,968613.33,1064630.46,927,388,1921,2602,15300,1236,2646,1728,119,1041,1691,2952,2015,1587,2300
2022-07-19,INV_04,113705.16,957396.95,1071102.11,927,388,1921,2602,15300,927,2646,1728,119,1041,1691,2952,2015,1587,2300
2022-07-20,INV_04,96488.11,987139.98,1083628.1,2607,388,1921,2602,15300,927,2646,1728,119,1041,1691,2952,2015,1587,2300
2022-07-21,INV_04,81880.95,1012200.9,1094081.85,2607,658,1921,2602,15300,927,2646,1728,119,1041,1691,2952,2015,1587,2300
2022-07-22,INV_04,110097.1,980891.38,1090988.48,2607,658,1921,2602,11475,927,2646,1728,119,1041,1691,2952,2015,1587,2300
2022-07-25,INV_04,110097.1,974339.53,1084436.62,2607,658,1921,2602,11475,927,2646,1728,119,1041,1691,2952,2015,1587,2300
2022-07-26,INV_04,130607.4,949841.93,1080449.33,2607,658,1921,1951,11475,927,2646,1728,119,1041,1691,2952,2015,1587,2300
2022-07-27,INV_04,142757.13,933143.86,1075900.99,2607,658,1921,1951,11475,927,2646,1728,119,1041,1691,2952,2015,1190,2300
2022-07-28,INV_04,142757.13,939646.65,1082403.78,2607,658,1921,1951,11475,927,2646,1728,119,1041,1691,2952,2015,1190,2300
2022-07-29,INV_04,121161.5,961028.46,1082189.96,2607,658,1921,1951,11475,927,2646,2019,119,1041,1691,2952,2015,1190,2300
2022-08-01,INV_04,102807.78,988753.28,1091561.06,2607,658,1921,1951,11475,927,2646,2019,119,1041,1691,5548,2015,1190,2300
2022-08-02,INV_04,87246.8,1032605.44,1119852.24,2607,658,2264,1951,11475,927,2646,2019,119,1041,1691,5548,2015,1190,2300
2022-08-03,INV_04,74052.13,1060812.04,1134864.17,2607,658,2264,1951,11475,927,2949,2019,119,1041,1691,5548,2015,1190,2300
2022-08-04,INV_04,74052.13,1087674.7,1161726.83,2607,658,2264,1951,11475,927,2949,2019,119,1041,1691,5548,2015,1190,2300
2022-08-05,INV_04,74052.13,1122157.63,1196209.76,2607,658,2264,1951,11475,927,2949,2019,119,1041,1691,5548,2015,1190,2300
2022-08-08,INV_04,83098.33,1142009.75,1225108.08,2607,493,2264,1951,11475,927,2949,2019,119,1041,1691,5548,2015,1190,2300
2022-08-09,INV_04,83098.33,1166548.83,1249647.16,2607,493,2264,1951,11475,927,2949,2019,119,1041,1691,5548,2015,1190,2300
2022-08-10,INV_04,90257.29,1184057.52,1274314.81,2607,369,2264,1951,11475,927,2949,2019,119,1041,1691,5548,2015,1190,2300
2022-08-11,INV_04,76596.12,1197583.44,1274179.55,2607,369,2264,1951,11475,927,2949,2019,119,1448,1691,5548,2015,1190,2300
2022-08-12,INV_04,64994.18,1259440.16,1324434.34,2607,369,2509,1951,11475,927,2949,2019,119,1448,1691,5548,2015,1190,2300
2022-08-15,INV_04,55179.48,1260286.32,1315465.79,2607,369,2509,1951,11475,1031,2949,2019,119,1448,1691,5548,2015,1190,2300
2022-08-16,INV_04,55179.48,1255470.36,1310649.83,2607,369,2509,1951,11475,1031,2949,2019,119,1448,1691,5548,2015,1190,2300
2022-08-17,INV_04,46831.89,1256140.46,1302972.36,2607,369,2693,1951,11475,1031,2949,2019,119,1448,1691,5548,2015,1190,2300
2022-08-18,INV_04,64513.41,1230298.85,1294812.26,2607,369,2693,1951,11475,1031,2949,2019,119,1448,1691,5548,2015,1190,1725
2022-08-19,INV_04,64513.41,1224135.43,1288648.84,2607,369,2693,1951,11475,1031,2949,2019,119,1448,1691,5548,2015,1190,1725
2022-08-22,INV_04,64513.41,1221715.75,1286229.17,2607,369,2693,1951,11475,1031,2949,2019,119,1448,1691,5548,2015,1190,1725
2022-08-23,INV_04,64513.41,1230574.17,1295087.58,2607,369,2693,1951,11475,1031,2949,2019,119,1448,1691,5548,2015,1190,1725
2022-08-24,INV_04,101382.15,1193380.46,1294762.6,2607,369,2693,1951,11475,1031,2949,1514,119,1448,1691,5548,2015,1190,1725
2022-08-25,INV_04,106592.28,1153252.3,1259844.57,2607,276,2693,1951,11475,1031,2949,1514,119,1448,1691,5548,2015,1190,1725
2022-08-26,INV_04,118474.43,1142922.98,1261397.41,2607,276,2693,1951,11475,1031,2949,1514,119,1086,1691,5548,2015,1190,1725
2022-08-29,INV_04,100528.61,1145198.86,1245727.47,2607,276,2693,1951,11475,1031,2949,1514,119,1627,1691,5548,2015,1190,1725
2022-08-30,INV_04,100528.61,1153881.89,1254410.5,2607,276,2693,1951,11475,1031,2949,1514,119,1627,1691,5548,2015,1190,1725
2022-08-31,INV_04,85319.49,1205042.34,1290361.83,2607,276,2693,1951,11475,1031,2949,1514,119,2078,1691,5548,2015,1190,1725
2022-09-01,INV_04,85319.49,1248362.7,1333682.19,2607,276,2693,1951,11475,1031,2949,1514,119,2078,1691,5548,2015,1190,1725
2022-09-02,INV_04,94814.96,1258519.5,1353334.47,2607,276,2693,1951,11475,1031,2949,1514,119,2078,1691,5548,2015,892,1725
2022-09-05,INV_04,80451.63,1294840.2,1375291.83,3971,276,2693,1951,11475,1031,2949,1514,119,2078,1691,5548,2015,892,1725
2022-09-06,INV_04,68291.38,1321071.59,1389362.97,3971,276,2693,2360,11475,1031,2949,1514,119,2078,1691,5548,2015,892,1725
2022-09-07,INV_04,57949.12,1342109.84,1400058.97,4971,276,2693,2360,11475,1031,2949,1514,119,2078,1691,5548,2015,892,1725
2022-09-08,INV_04,49244.58,1361946.19,1411190.77,4971,276,2693,2360,11475,1031,2949,1514,119,2078,1735,5548,2015,892,1725
2022-09-09,INV_04,49244.58,1384456.22,1433700.8,4971,276,2693,2360,11475,1031,2949,1514,119,2078,1735,5548,2015,892,1725
2022-09-12,INV_04,79216.65,1386776.58,1465993.23,4971,276,2019,2360,11475,1031,2949,1514,119,2078,1735,5548,2015,892,1725
2022-09-13,INV_04,79216.65,1394552.37,1473769.02,4971,276,2019,2360,11475,1031,2949,1514,119,2078,1735,5548,2015,892,1725
2022-09-14,INV_04,67216.34,1432448.81,1499665.16,4971,276,2019,2360,11475,1031,2949,1514,119,2078,1735,5548,2015,1189,1725
2022-09-15,INV_04,57091.53,1461400.35,1518491.88,4971,276,2019,2360,11475,1031,3121,1514,119,2078,1735,5548,2015,1189,1725
2022-09-16,INV_04,48487.71,1467821.5,1516309.21,4971,276,2019,2360,11475,1031,3121,1514,178,2078,1735,5548,2015,1189,1725
2022-09-19,INV_04,48487.71,1466531.26,1515018.97,4971,276,2019,2360,11475,1031,3121,1514,178,2078,1735,5548,2015,1189,1725
2022-09-20,INV_04,48487.71,1472795.48,1521283.19,4971,276,2019,2360,11475,1031,3121,1514,178,2078,1735,5548,2015,1189,1725
2022-09-21,INV_04,48487.71,1494606.45,1543094.16,4971,276,2019,2360,11475,1031,3121,1514,178,2078,1735,5548,2015,1189,1725
2022-09-22,INV_04,48487.71,1515533.28,1564020.99,4971,276,2019,2360,11475,1031,3121,1514,178,2078,1735,5548,2015,1189,1725
2022-09-23,INV_04,48487.71,1506189.75,1554677.46,4971,276,2019,2360,11475,1031,3121,1514,178,2078,1735,5548,2015,1189,1725
2022-09-26,INV_04,68959.1,1461121.0,1530080.11,4971,276,2019,2360,11475,773,3121,1514,178,2078,1735,5548,2015,1189,1725
2022-09-27,INV_04,58542.99,1478920.47,1537463.47,4971,449,2019,2360,11475,773,3121,1514,178,2078,1735,5548,2015,1189,1725
2022-09-28,INV_04,49696.54,1490128.94,1539825.48,4971,449,2019,2360,11475,773,3121,1514,178,2078,1735,5548,2015,1189,1931
2022-09-29,INV_04,68646.43,1469338.45,1537984.88,4971,449,2019,1770,11475,773,3121,1514,178,2078,1735,5548,2015,1189,1931
2022-09-30,INV_04,90218.91,1457900.39,1548119.3,4971,449,2019,1770,11475,773,3121,1514,178,2078,1735,5548,2015,1189,1448
2022-10-03,INV_04,117888.71,1381522.18,1499410.89,4971,449,2019,1770,11475,773,3121,1135,178,2078,1735,5548,2015,1189,1448
2022-10-04,INV_04,138296.48,1275220.17,1413516.65,4971,449,2019,1770,11475,773,3121,851,178,2078,1735,5548,2015,1189,1448
2022-10-05,INV_04,117377.12,1312535.92,1429913.04,4971,449,2019,1770,11475,773,3121,851,178,2668,1735,5548,2015,1189,1448
2022-10-06,INV_04,117377.12,1279601.27,1396978.4,4971,449,2019,1770,11475,773,3121,851,178,2668,1735,5548,2015,1189,1448
2022-10-07,INV_04,129863.44,1244457.41,1374320.85,3728,449,2019,1770,11475,773,3121,851,178,2668,1735,5548,2015,1189,1448
2022-10-10,INV_04,110195.23,1263930.88,1374126.11,3728,449,2019,1770,14244,773,3121,851,178,2668,1735,5548,2015,1189,1448
2022-10-11,INV_04,124229.86,1199088.9,1323318.76,3728,449,2019,1327,14244,773,3121,851,178,2668,1735,5548,2015,1189,1448
2022-10-12,INV_04,124229.86,1205220.15,1329450.01,3728,449,2019,1327,14244,773,3121,851,178,2668,1735,5548,2015,1189,1448
2022-10-13,INV_04,105421.42,1283902.7,1389324.12,3728,449,2019,1901,14244,773,3121,851,178,2668,1735,5548,2015,1189,1448
2022-10-14,INV_04,105421.42,1275816.7,1381238.12,3728,449,2019,1901,14244,773,3121,851,178,2668,1735,5548,2015,1189,1448
2022-10-17,INV_04,105421.42,1249977.51,1355398.93,3728,449,2019,1901,14244,773,3121,851,178,2668,1735,5548,2015,1189,1448
2022-10-18,INV_04,105421.42,1224343.86,1329765.28,3728,449,2019,1901,14244,773,3121,851,178,2668,1735,5548,2015,1189,1448
2022-10-19,INV_04,89492.84,1236883.1,1326375.94,3728,449,2019,1901,14244,773,3121,851,178,2668,1819,5548,2015,1189,1448
2022-10-20,INV_04,98597.39,1198062.32,1296659.71,2796,449,2019,1901,14244,773,3121,851,178,2668,1819,5548,2015,1189,1448
2022-10-21,INV_04,137834.21,1134214.55,1272048.76,2796,449,2019,1901,14244,773,2340,851,178,2668,1819,5548,2015,1189,1448
2022-10-24,INV_04,137834.21,1134214.55,1272048.76,2796,449,2019,1901,14244,773,2340,851,178,2668,1819,5548,2015,1189,1448
2022-10-25,INV_04,116957.48,1126037.25,1242994.73,2796,449,2019,1901,17292,773,2340,851,178,2668,1819,5548,2015,1189,1448
2022-10-26,INV_04,116957.48,1158227.43,1275184.92,2796,449,2019,1901,17292,773,2340,851,178,2668,1819,5548,2015,1189,1448
2022-10-27,INV_04,116957.48,1184637.56,1301595.04,2796,449,2019,1901,17292,773,2340,851,178,2668,1819,5548,2015,1189,1448
2022-10-28,INV_04,137717.55,1137204.99,1274922.54,2796,449,2019,1901,17292,773,2340,851,178,2001,1819,5548,2015,1189,1448
2022-10-31,INV_04,137717.55,1126916.36,1264633.91,2796,449,2019,1901,17292,773,2340,851,178,2001,1819,5548,2015,1189,1448
2022-11-01,INV_04,116924.74,1133728.66,1250653.4,2796,449,2019,1901,17292,773,2340,851,338,2001,1819,5548,2015,1189,1448
2022-11-02,INV_04,99216.53,1152187.21,1251403.74,4607,449,2019,1901,17292,773,2340,851,338,2001,1819,5548,2015,1189,1448
2022-11-03,INV_04,99216.53,1151347.45,1250563.98,4607,449,2019,1901,17292,773,2340,851,338,2001,1819,5548,2015,1189,1448
2022-11-04,INV_04,99216.53,1153225.44,1252441.97,4607,449,2019,1901,17292,773,2340,851,338,2001,1819,5548,2015,1189,1448
2022-11-07,INV_04,84197.22,1168096.05,1252293.27,4607,449,2019,1901,17292,773,2340,851,338,2474,1819,5548,2015,1189,1448
2022-11-08,INV_04,94707.74,1127087.97,1221795.71,3455,449,2019,1901,17292,773,2340,851,338,2474,1819,5548,2015,1189,1448
2022-11-09,INV_04,80360.05,1153838.28,1234198.33,3455,449,2019,1901,17292,773,2340,851,338,2935,1819,5548,2015,1189,1448
2022-11-10,INV_04,68203.27,1174329.19,1242532.46,3455,449,2019,1901,17292,773,2340,851,338,2935,1819,5548,2374,1189,1448
2022-11-11,INV_04,68203.27,1190365.67,1258568.94,3455,449,2019,1901,17292,773,2340,851,338,2935,1819,5548,2374,1189,1448
2022-11-14,INV_04,83280.75,1177404.59,1260685.35,3455,449,2019,1901,17292,773,2340,851,338,2935,1819,5548,2374,1189,1086
2022-11-15,INV_04,94087.42,1146715.45,1240802.87,3455,449,2019,1901,17292,579,2340,851,338,2935,1819,5548,2374,1189,1086
2022-11-16,INV_04,94087.42,1125028.69,1219116.1,3455,449,2019,1901,17292,579,2340,851,338,2935,1819,5548,2374,1189,1086
2022-11-17,INV_04,124543.95,1098467.76,1223011.71,3455,449,2019,1901,12969,579,2340,851,338,2935,1819,5548,2374,1189,1086
2022-11-18,INV_04,152761.03,1034225.44,1186986.46,3455,449,2019,1901,12969,579,1755,851,338,2935,1819,5548,2374,1189,1086
2022-11-21,INV_04,152761.03,1020636.79,1173397.82,3455,449,2019,1901,12969,579,1755,851,338,2935,1819,5548,2374,1189,1086
2022-11-22,INV_04,129620.03,1099059.77,1228679.8,3455,449,2019,1901,12969,579,1755,1204,338,2935,1819,5548,2374,1189,1086
2022-11-23,INV_04,110013.97,1137551.89,1247565.87,3455,449,2019,1901,12969,579,1755,1204,338,2935,1819,5548,2930,1189,1086
2022-11-24,INV_04,110013.97,1116747.5,1226761.47,3455,449,2019,1901,12969,579,1755,1204,338,2935,1819,5548,2930,1189,1086
2022-11-25,INV_04,93376.87,1148507.99,1241884.86,3455,449,2401,1901,12969,579,1755,1204,338,2935,1819,5548,2930,1189,1086
2022-11-28,INV_04,79230.5,1181032.19,1260262.69,3455,449,2401,1901,12969,579,1755,1204,338,3405,1819,5548,2930,1189,1086
2022-11-29,INV_04,87193.01,1175886.78,1263079.8,2591,449,2401,1901,12969,579,1755,1204,338,3405,1819,5548,2930,1189,1086
2022-11-30,INV_04,87193.01,1202462.63,1289655.64,2591,449,2401,1901,12969,579,1755,1204,338,3405,1819,5548,2930,1189,1086
2022-12-01,INV_04,74016.63,1228248.58,1302265.21,2591,449,2401,1901,12969,579,1755,1204,338,3405,1819,5548,2930,1189,1389
2022-12-02,INV_04,62847.47,1263128.27,1325975.74,2591,649,2401,1901,12969,579,1755,1204,338,3405,1819,5548,2930,1189,1389
2022-12-05,INV_04,62847.47,1270274.14,1333121.61,2591,649,2401,1901,12969,579,1755,1204,338,3405,1819,5548,2930,1189,1389
2022-12-06,INV_04,62847.47,1278896.01,1341743.48,2591,649,2401,1901,12969,579,1755,1204,338,3405,1819,5548,2930,1189,1389
2022-12-07,INV_04,53355.95,1288293.55,1341649.5,2591,649,2401,1901,12969,579,1755,1204,338,3405,1819,5548,2930,1493,1389
2022-12-08,INV_04,45273.12,1295340.38,1340613.51,2591,649,2401,1901,12969,579,1755,1204,338,3405,1819,6536,2930,1493,1389
2022-12-09,INV_04,45273.12,1293845.99,1339119.12,2591,649,2401,1901,12969,579,1755,1204,338,3405,1819,6536,2930,1493,1389
2022-12-12,INV_04,45273.12,1300526.87,1345799.99,2591,649,2401,1901,12969,579,1755,1204,338,3405,1819,6536,2930,1493,1389
2022-12-13,INV_04,56617.97,1293675.24,1350293.21,2591,649,2401,1901,12969,579,1755,1204,338,3405,1819,6536,2930,1119,1389
2022-12-14,INV_04,48181.37,1333764.77,1381946.14,2591,649,2401,1901,12969,579,1755,1204,338,3405,1859,6536,2930,1119,1389
2022-12-15,INV_04,48181.37,1323625.36,1371806.73,2591,649,2401,1901,12969,579,1755,1204,338,3405,1859,6536,2930,1119,1389
2022-12-16,INV_04,72470.19,1289235.12,1361705.31,2591,649,2401,1901,12969,579,1316,1204,338,3405,1859,6536,2930,1119,1389
2022-12-19,INV_04,98381.53,1235732.71,1334114.24,2591,649,1800,1901,12969,579,1316,1204,338,3405,1859,6536,2930,1119,1389
2022-12-20,INV_04,98381.53,1209144.35,1307525.88,2591,649,1800,1901,12969,579,1316,1204,338,3405,1859,6536,2930,1119,1389
2022-12-21,INV_04,180710.1,1119717.93,1300428.03,2591,649,1800,1901,12969,579,1316,1204,338,3405,1394,6536,2930,1119,1389
2022-12-22,INV_04,180710.1,1117385.88,1298095.98,2591,649,1800,1901,12969,579,1316,1204,338,3405,1394,6536,2930,1119,1389
2022-12-23,INV_04,153353.4,1138952.28,1292305.68,2591,649,1800,1901,12969,579,1316,1204,338,4273,1394,6536,2930,1119,1389
2022-12-26,INV_04,172563.99,1119547.65,1292111.64,2591,649,1350,1901,12969,579,1316,1204,338,4273,1394,6536,2930,1119,1389
2022-12-27,INV_04,146440.32,1159424.41,1305864.74,2591,649,1350,1901,12969,579,1782,1204,338,4273,1394,6536,2930,1119,1389
2022-12-28,INV_04,146440.32,1155909.21,1302349.53,2591,649,1350,1901,12969,579,1782,1204,338,4273,1394,6536,2930,1119,1389
2022-12-29,INV_04,124255.02,1170557.08,1294812.1,2591,649,1350,1901,12969,579,1782,1204,338,4273,1394,6536,2930,1119,1919
2022-12-30,INV_04,124255.02,1172864.65,1297119.67,2591,649,1350,1901,12969,579,1782,1204,338,4273,1394,6536,2930,1119,1919
2023-01-02,INV_04,135462.3,1158709.44,1294171.73,2591,649,1350,1901,12969,579,1782,1204,253,4273,1394,6536,2930,1119,1919
2023-01-03,INV_04,135462.3,1169942.78,1305405.08,2591,649,1350,1901,12969,579,1782,1204,253,4273,1394,6536,2930,1119,1919
2023-01-04,INV_04,196502.19,1096919.62,1293421.8,2591,649,1350,1901,12969,579,1782,1204,253,4273,1045,6536,2930,1119,1919
2023-01-05,INV_04,166748.63,1126873.42,1293622.04,2591,649,1350,1901,12969,579,1782,1204,253,5229,1045,6536,2930,1119,1919
2023-01-06,INV_04,173078.83,1120479.27,1293558.1,1943,649,1350,1901,12969,579,1782,1204,253,5229,1045,6536,2930,1119,1919
2023-01-09,INV_04,173078.83,1107461.53,1280540.36,1943,649,1350,1901,12969,579,1782,1204,253,5229,1045,6536,2930,1119,1919
2023-01-10,INV_04,193191.75,1084321.22,1277512.96,1943,649,1350,1901,12969,579,1782,903,253,5229,1045,6536,2930,1119,1919
2023-01-11,INV_04,163930.67,1114159.51,1278090.18,4907,649,1350,1901,12969,579,1782,903,253,5229,1045,6536,2930,1119,1919
2023-01-12,INV_04,163930.67,1096880.64,1260811.31,4907,649,1350,1901,12969,579,1782,903,253,5229,1045,6536,2930,1119,1919
2023-01-13,INV_04,139099.17,1121466.28,1260565.45,4907,649,1350,1901,16196,579,1782,903,253,5229,1045,6536,2930,1119,1919
2023-01-16,INV_04,179906.46,1080246.8,1260153.26,4907,649,1350,1901,16196,579,1782,903,253,5229,783,6536,2930,1119,1919
2023-01-17,INV_04,152689.52,1120439.37,1273128.9,4907,649,1970,1901,16196,579,1782,903,253,5229,783,6536,2930,1119,1919
2023-01-18,INV_04,164449.72,1102277.17,1266726.88,3680,649,1970,1901,16196,579,1782,903,253,5229,783,6536,2930,1119,1919
2023-01-19,INV_04,139549.45,1136881.14,1276430.59,3680,649,1970,1901,16196,579,1782,903,253,5229,783,6536,2930,1119,2505
2023-01-20,INV_04,118411.67,1200793.7,1319205.37,3680,649,1970,1901,16196,579,1782,903,253,5877,783,6536,2930,1119,2505
2023-01-23,INV_04,100525.87,1250548.71,1351074.58,3680,960,1970,1901,16196,579,1782,903,253,5877,783,6536,2930,1119,2505
2023-01-24,INV_04,85330.85,1247065.53,1332396.38,3680,960,2284,1901,16196,579,1782,903,253,5877,783,6536,2930,1119,2505
2023-01-25,INV_04,72453.25,1268287.51,1340740.76,3680,960,2284,1901,16196,579,1782,903,347,5877,783,6536,2930,1119,2505
2023-01-26,INV_04,72453.25,1283396.85,1355850.1,3680,960,2284,1901,16196,579,1782,903,347,5877,783,6536,2930,1119,2505
2023-01-27,INV_04,72453.25,1305884.88,1378338.13,3680,960,2284,1901,16196,579,1782,903,347,5877,783,6536,2930,1119,2505
2023-01-30,INV_04,61477.07,1308877.59,1370354.66,3680,960,2284,1901,16196,579,1782,903,347,5877,783,8111,2930,1119,2505
2023-01-31,INV_04,75330.34,1301358.72,1376689.06,3680,960,2284,1901,16196,579,1782,903,347,5877,783,6083,2930,1119,2505
2023-02-01,INV_04,75330.34,1314489.07,1389819.41,3680,960,2284,1901,16196,579,1782,903,347,5877,783,6083,2930,1119,2505
2023-02-02,INV_04,99795.54,1307551.48,1407347.02,3680,960,2284,1901,16196,579,1336,903,347,5877,783,6083,2930,1119,2505
2023-02-03,INV_04,99795.54,1341264.13,1441059.67,3680,960,2284,1901,16196,579,1336,903,347,5877,783,6083,2930,1119,2505
2023-02-06,INV_04,84684.76,1349000.85,1433685.61,3680,960,2284,1901,17983,579,1336,903,347,5877,783,6083,2930,1119,2505
2023-02-07,INV_04,84684.76,1336653.46,1421338.21,3680,960,2284,1901,17983,579,1336,903,347,5877,783,6083,2930,1119,2505
2023-02-08,INV_04,71873.5,1358052.88,1429926.38,3680,1168,2284,1901,17983,579,1336,903,347,5877,783,6083,2930,1119,2505
2023-02-09,INV_04,126254.93,1301179.84,1427434.78,3680,1168,2284,1901,17983,579,1336,903,347,4407,783,6083,2930,1119,2505
2023-02-10,INV_04,126254.93,1294763.91,1421018.84,3680,1168,2284,1901,17983,579,1336,903,347,4407,783,6083,2930,1119,2505
2023-02-13,INV_04,145730.94,1243964.16,1389695.09,3680,1168,2284,1901,17983,579,1336,677,347,4407,783,6083,2930,1119,2505
2023-02-14,INV_04,145730.94,1221042.05,1366772.98,3680,1168,2284,1901,17983,579,1336,677,347,4407,783,6083,2930,1119,2505
2023-02-15,INV_04,153714.16,1214425.21,1368139.37,3680,1168,2284,1901,17983,434,1336,677,347,4407,783,6083,2930,1119,2505
2023-02-16,INV_04,130474.17,1264138.71,1394612.88,3680,1168,2730,1901,17983,434,1336,677,347,4407,783,6083,2930,1119,2505
2023-02-17,INV_04,110732.0,1302400.85,1413132.85,3680,1168,2730,2497,17983,434,1336,677,347,4407,783,6083,2930,1119,2505
2023-02-20,INV_04,110732.0,1352111.24,1462843.24,3680,1168,2730,2497,17983,434,1336,677,347,4407,783,6083,2930,1119,2505
2023-02-21,INV_04,110732.0,1376756.98,1487488.98,3680,1168,2730,2497,17983,434,1336,677,347,4407,783,6083,2930,1119,2505
2023-02-22,INV_04,110732.0,1387139.87,1497871.87,3680,1168,2730,2497,17983,434,1336,677,347,4407,783,6083,2930,1119,2505
2023-02-23,INV_04,146903.87,1355772.46,1502676.32,3680,1168,2730,2497,17983,434,1336,677,347,4407,783,6083,2930,1119,1878
2023-02-24,INV_04,124684.34,1387134.29,1511818.64,3680,1168,3119,2497,17983,434,1336,677,347,4407,783,6083,2930,1119,1878
2023-02-27,INV_04,105799.71,1387829.03,1493628.75,3680,1168,3119,2497,17983,434,1336,677,347,4407,783,6083,3329,1119,1878
2023-02-28,INV_04,105799.71,1380735.16,1486534.87,3680,1168,3119,2497,17983,434,1336,677,347,4407,783,6083,3329,1119,1878
2023-03-01,INV_04,112559.87,1380123.03,1492682.9,3680,1168,3119,2497,17983,325,1336,677,347,4407,783,6083,3329,1119,1878
2023-03-02,INV_04,95513.31,1414563.35,1510076.65,3680,1168,3119,2497,17983,325,1336,677,347,4854,783,6083,3329,1119,1878
2023-03-03,INV_04,81099.27,1477758.93,1558858.2,3680,1168,3119,2497,17983,325,1336,816,347,4854,783,6083,3329,1119,1878
2023-03-06,INV_04,92969.32,1465768.98,1558738.3,2760,1168,3119,2497,17983,325,1336,816,347,4854,783,6083,3329,1119,1878
2023-03-07,INV_04,78903.23,1553197.56,1632100.78,2760,1168,3119,2497,17983,325,1336,816,347,4854,783,6083,3329,1119,2099
2023-03-08,INV_04,67064.62,1580607.34,1647671.96,2760,1168,3119,2497,17983,325,1336,816,432,4854,783,6083,3329,1119,2099
2023-03-09,INV_04,106938.3,1531846.66,1638784.96,2760,1168,3119,2497,13487,325,1336,816,432,4854,783,6083,3329,1119,2099
2023-03-10,INV_04,106938.3,1499190.44,1606128.75,2760,1168,3119,2497,13487,325,1336,816,432,4854,783,6083,3329,1119,2099
2023-03-13,INV_04,135446.13,1439911.6,1575357.72,2760,1168,3119,2497,10115,325,1336,816,432,4854,783,6083,3329,1119,2099
2023-03-14,INV_04,167919.01,1414683.58,1582602.59,2760,1168,3119,2497,10115,325,1336,816,432,4854,783,6083,3329,1119,1574
2023-03-15,INV_04,142491.21,1457071.32,1599562.54,2760,1168,3119,2497,10115,325,1727,816,432,4854,783,6083,3329,1119,1574
2023-03-16,INV_04,155319.63,1441869.79,1597189.41,2760,1168,3119,2497,10115,325,1727,816,432,4854,783,6083,3329,839,1574
2023-03-17,INV_04,131790.94,1481846.83,1613637.77,2760,1168,3119,2497,12765,325,1727,816,432,4854,783,6083,3329,839,1574
2023-03-20,INV_04,177377.97,1433179.23,1610557.2,2760,1168,2339,2497,12765,325,1727,816,432,4854,783,6083,3329,839,1574
2023-03-21,INV_04,211370.04,1382954.98,1594325.02,2760,1168,1754,2497,12765,325,1727,816,432,4854,783,6083,3329,839,1574
2023-03-22,INV_04,216654.84,1361314.14,1577968.98,2760,1168,1754,2497,12765,243,1727,816,432,4854,783,6083,3329,839,1574
2023-03-23,INV_04,265503.67,1283815.51,1549319.18,2760,1168,1754,2497,12765,243,1727,816,432,3640,783,6083,3329,839,1574
2023-03-24,INV_04,265503.67,1292413.47,1557917.14,2760,1168,1754,2497,12765,243,1727,816,432,3640,783,6083,3329,839,1574
2023-03-27,INV_04,290149.97,1242258.44,1532408.4,2760,1168,1754,1872,12765,243,1727,816,432,3640,783,6083,3329,839,1574
2023-03-28,INV_04,308390.52,1216082.57,1524473.09,2760,1168,1754,1404,12765,243,1727,816,432,3640,783,6083,3329,839,1574
2023-03-29,INV_04,261726.38,1275518.45,1537244.83,2760,1168,1754,1404,12765,243,1727,1230,432,3640,783,6083,3329,839,1574
2023-03-30,INV_04,261726.38,1271531.7,1533258.07,2760,1168,1754,1404,12765,243,1727,1230,432,3640,783,6083,3329,839,1574
2023-03-31,INV_04,276444.22,1281625.48,1558069.7,2760,1168,1754,1404,12765,243,1727,1230,324,3640,783,6083,3329,839,1574
2023-04-03,INV_04,302470.33,1235903.76,1538374.09,2760,1168,1754,1404,12765,243,1295,1230,324,3640,783,6083,3329,839,1574
2023-04-04,INV_04,302470.33,1225295.37,1527765.69,2760,1168,1754,1404,12765,243,1295,1230,324,3640,783,6083,3329,839,1574
2023-04-05,INV_04,256656.98,1270655.11,1527312.1,2760,1168,1754,1404,12765,243,2030,1230,324,3640,783,6083,3329,839,1574
2023-04-06,INV_04,217774.51,1321913.9,1539688.4,2760,1168,1754,1404,12765,243,2030,1230,324,3640,783,12608,3329,839,1574
2023-04-07,INV_04,253799.59,1285524.92,1539324.51,2760,1168,1754,1404,12765,243,2030,1230,324,3640,783,12608,2496,839,1574
2023-04-10,INV_04,215350.83,1321627.16,1536977.99,5681,1168,1754,1404,12765,243,2030,1230,324,3640,783,12608,2496,839,1574
2023-04-11,INV_04,229063.43,1325168.74,1554232.17,5681,1168,1754,1053,12765,243,2030,1230,324,3640,783,12608,2496,839,1574
2023-04-12,INV_04,194363.87,1357137.72,1551501.6,5681,1168,1754,1053,12765,243,2030,1230,324,3640,783,18334,2496,839,1574
2023-04-13,INV_04,234072.75,1317027.74,1551100.5,5681,1168,1754,1053,12765,243,2030,1230,324,2730,783,18334,2496,839,1574
2023-04-14,INV_04,198614.58,1352134.84,1550749.42,5681,1168,1754,1053,16797,243,2030,1230,324,2730,783,18334,2496,839,1574
2023-04-17,INV_04,198614.58,1352975.17,1551589.75,5681,1168,1754,1053,16797,243,2030,1230,324,2730,783,18334,2496,839,1574
2023-04-18,INV_04,209267.29,1335448.07,1544715.36,5681,1168,1754,789,16797,243,2030,1230,324,2730,783,18334,2496,839,1574
2023-04-19,INV_04,209267.29,1326665.81,1535933.09,5681,1168,1754,789,16797,243,2030,1230,324,2730,783,18334,2496,839,1574
2023-04-20,INV_04,217238.66,1318769.89,1536008.55,5681,1168,1754,591,16797,243,2030,1230,324,2730,783,18334,2496,839,1574
2023-04-21,INV_04,235179.11,1300605.8,1535784.91,5681,876,1754,591,16797,243,2030,1230,324,2730,783,18334,2496,839,1574
2023-04-24,INV_04,261046.62,1260612.04,1521658.66,5681,876,1754,591,16797,243,2030,1230,324,2730,783,13750,2496,839,1574
2023-04-25,INV_04,261046.62,1259582.04,1520628.66,5681,876,1754,591,16797,243,2030,1230,324,2730,783,13750,2496,839,1574
2023-04-26,INV_04,261046.62,1253547.73,1514594.35,5681,876,1754,591,16797,243,2030,1230,324,2730,783,13750,2496,839,1574
2023-04-27,INV_04,261046.62,1245094.54,1506141.16,5681,876,1754,591,16797,243,2030,1230,324,2730,783,13750,2496,839,1574
2023-04-28,INV_04,291507.26,1209841.61,1501348.86,5681,876,1754,591,16797,243,1522,1230,324,2730,783,13750,2496,839,1574
2023-05-01,INV_04,318395.5,1182681.76,1501077.27,5681,876,1754,591,16797,243,1522,1230,324,2730,783,13750,1872,839,1574
2023-05-02,INV_04,345784.67,1118073.64,1463858.32,5681,876,1754,591,16797,243,1522,1230,324,2047,783,13750,1872,839,1574
2023-05-03,INV_04,345784.67,1133488.21,1479272.88,5681,876,1754,591,16797,243,1522,1230,324,2047,783,13750,1872,839,1574
2023-05-04,INV_04,345784.67,1132802.12,1478586.8,5681,876,1754,591,16797,243,1522,1230,324,2047,783,13750,1872,839,1574
2023-05-05,INV_04,293446.83,1184621.77,1478068.6,5681,876,1754,591,16797,243,2383,1230,324,2047,783,13750,1872,839,1574
2023-05-08,INV_04,293446.83,1195679.19,1489126.02,5681,876,1754,591,16797,243,2383,1230,324,2047,783,13750,1872,839,1574
2023-05-09,INV_04,302028.79,1183439.53,1485468.32,5681,876,1754,591,16797,243,2383,1230,324,2047,783,13750,1872,629,1574
2023-05-10,INV_04,302028.79,1182702.07,1484730.85,5681,876,1754,591,16797,243,2383,1230,324,2047,783,13750,1872,629,1574
2023-05-11,INV_04,256310.37,1243898.56,1500208.93,5681,876,2584,591,16797,243,2383,1230,324,2047,783,13750,1872,629,1574
2023-05-12,INV_04,274513.47,1215943.9,1490457.38,4260,876,2584,591,16797,243,2383,1230,324,2047,783,13750,1872,629,1574
2023-05-15,INV_04,294495.66,1190401.88,1484897.54,4260,876,2584,591,16797,243,2383,1230,324,2047,783,13750,1404,629,1574
2023-05-16,INV_04,294495.66,1180621.27,1475116.94,4260,876,2584,591,16797,243,2383,1230,324,2047,783,13750,1404,629,1574
2023-05-17,INV_04,249886.67,1221252.79,1471139.46,7649,876,2584,591,16797,243,2383,1230,324,2047,783,13750,1404,629,1574
2023-05-18,INV_04,283375.16,1181328.71,1464703.87,7649,876,2584,591,16797,243,2383,922,324,2047,783,13750,1404,629,1574
2023-05-19,INV_04,240449.37,1217568.66,1458018.03,7649,876,2584,591,21977,243,2383,922,324,2047,783,13750,1404,629,1574
2023-05-22,INV_04,252911.63,1190183.94,1443095.57,7649,657,2584,591,21977,243,2383,922,324,2047,783,13750,1404,629,1574
2023-05-23,INV_04,252911.63,1193705.82,1446617.45,7649,657,2584,591,21977,243,2383,922,324,2047,783,13750,1404,629,1574
2023-05-24,INV_04,256453.52,1212223.19,1468676.71,7649,657,2584,591,21977,182,2383,922,324,2047,783,13750,1404,629,1574
2023-05-25,INV_04,217735.07,1244997.97,1462733.04,7649,657,2584,591,21977,182,2383,922,605,2047,783,13750,1404,629,1574
2023-05-26,INV_04,184800.24,1283020.09,1467820.33,7649,657,2584,591,21977,725,2383,922,605,2047,783,13750,1404,629,1574
2023-05-29,INV_04,184800.24,1265377.79,1450178.03,7649,657,2584,591,21977,725,2383,922,605,2047,783,13750,1404,629,1574
2023-05-30,INV_04,191092.73,1248336.08,1439428.81,7649,657,2584,591,21977,725,2383,922,605,2047,783,13750,1404,471,1574
2023-05-31,INV_04,162175.96,1283691.85,1445867.81,7649,1163,2584,591,21977,725,2383,922,605,2047,783,13750,1404,471,1574
2023-06-01,INV_04,162175.96,1313644.35,1475820.31,7649,1163,2584,591,21977,725,2383,922,605,2047,783,13750,1404,471,1574
2023-06-02,INV_04,137615.6,1343672.32,1481287.92,7649,1163,3046,591,21977,725,2383,922,605,2047,783,13750,1404,471,1574
2023-06-05,INV_04,137615.6,1344779.78,1482395.38,7649,1163,3046,591,21977,725,2383,922,605,2047,783,13750,1404,471,1574
2023-06-06,INV_04,116779.42,1368638.15,1485417.57,7649,1163,3046,591,21977,725,2383,922,605,2510,783,13750,1404,471,1574
2023-06-07,INV_04,121590.5,1363012.86,1484603.36,7649,1163,3046,591,21977,725,2383,922,605,2510,783,13750,1404,353,1574
2023-06-08,INV_04,103264.67,1386321.37,1489586.04,7649,1163,3046,591,21977,725,2383,922,737,2510,783,13750,1404,353,1574
2023-06-09,INV_04,103264.67,1396354.08,1499618.74,7649,1163,3046,591,21977,725,2383,922,737,2510,783,13750,1404,353,1574
2023-06-12,INV_04,87647.91,1438943.23,1526591.14,7649,1163,3046,591,21977,725,2383,922,737,2510,783,13750,1404,711,1574
2023-06-13,INV_04,102827.74,1435279.7,1538107.45,7649,1163,3046,591,21977,725,2383,922,737,2510,783,13750,1053,711,1574
2023-06-14,INV_04,87254.65,1484226.46,1571481.11,8704,1163,3046,591,21977,725,2383,922,737,2510,783,13750,1053,711,1574
2023-06-15,INV_04,109307.03,1466327.97,1575635.0,8704,1163,3046,591,21977,725,2383,922,737,2510,587,13750,1053,711,1574
2023-06-16,INV_04,92779.76,1477923.23,1570702.99,8704,1163,3046,591,21977,725,2383,922,737,2510,587,13750,1417,711,1574
2023-06-19,INV_04,129982.6,1429021.34,1559003.94,8704,1163,3046,591,21977,725,1787,922,737,2510,587,13750,1417,711,1574
2023-06-20,INV_04,129982.6,1424888.88,1554871.48,8704,1163,3046,591,21977,725,1787,922,737,2510,587,13750,1417,711,1574
2023-06-21,INV_04,110323.64,1462150.39,1572474.03,8704,1163,3046,591,21977,725,1787,922,737,2510,587,13750,1417,1131,1574
2023-06-22,INV_04,93651.45,1483263.57,1576915.02,8704,1163,3046,591,21977,725,1787,922,737,2510,587,13750,1417,1485,1574
2023-06-23,INV_04,79507.06,1500638.4,1580145.46,8704,1163,3046,591,21977,725,1787,922,737,2510,587,13750,1417,1485,1789
2023-06-26,INV_04,79507.06,1519100.44,1598607.49,8704,1163,3046,591,21977,725,1787,922,737,2510,587,13750,1417,1485,1789
2023-06-27,INV_04,125774.35,1469706.78,1595481.13,8704,1163,2284,591,21977,725,1787,922,737,2510,587,13750,1417,1485,1789
2023-06-28,INV_04,106741.37,1502402.37,1609143.75,8704,1163,2284,591,21977,1002,1787,922,737,2510,587,13750,1417,1485,1789
2023-06-29,INV_04,113066.23,1496013.63,1609079.86,8704,1163,2284,443,21977,1002,1787,922,737,2510,587,13750,1417,1485,1789
2023-06-30,INV_04,113066.23,1498119.31,1611185.54,8704,1163,2284,443,21977,1002,1787,922,737,2510,587,13750,1417,1485,1789
2023-07-03,INV_04,95992.52,1515023.98,1611016.5,8704,1163,2284,443,21977,1002,1787,922,737,2510,732,13750,1417,1485,1789
2023-07-04,INV_04,81466.43,1668666.66,1750133.1,8704,1163,2284,443,21977,1002,1787,922,737,2510,732,13750,1417,1485,1976
2023-07-05,INV_04,69130.06,1700846.0,1769976.06,8704,1163,2284,443,21977,1002,1787,922,737,2510,732,13750,1646,1485,1976
2023-07-06,INV_04,97142.69,1667547.51,1764690.21,8704,1163,2284,443,21977,1002,1787,922,552,2510,732,13750,1646,1485,1976
2023-07-07,INV_04,82429.04,1689814.64,1772243.69,8704,1163,2284,443,21977,1002,1787,922,552,2510,732,13750,1899,1485,1976
2023-07-10,INV_04,69976.23,1705563.42,1775539.65,8704,1163,2284,685,21977,1002,1787,922,552,2510,732,13750,1899,1485,1976
2023-07-11,INV_04,89342.88,1684371.28,1773714.16,8704,1163,2284,685,21977,751,1787,922,552,2510,732,13750,1899,1485,1976
2023-07-12,INV_04,89342.88,1710045.13,1799388.0,8704,1163,2284,685,21977,751,1787,922,552,2510,732,13750,1899,1485,1976
2023-07-13,INV_04,122792.51,1674469.95,1797262.47,8704,1163,2284,685,21977,751,1787,922,552,1882,732,13750,1899,1485,1976
2023-07-14,INV_04,104192.63,1715578.86,1819771.49,8704,1163,2284,685,23995,751,1787,922,552,1882,732,13750,1899,1485,1976
2023-07-17,INV_04,88460.55,1761725.78,1850186.33,8704,1163,2284,970,23995,751,1787,922,552,1882,732,13750,1899,1485,1976
2023-07-18,INV_04,75068.77,1793605.95,1868674.72,8704,1163,2284,1194,23995,751,1787,922,552,1882,732,13750,1899,1485,1976
2023-07-19,INV_04,63716.52,1852076.7,1915793.22,8704,1163,2284,1194,23995,751,1787,922,552,1882,732,13750,1899,1485,2101
2023-07-20,INV_04,63716.52,1854178.07,1917894.59,8704,1163,2284,1194,23995,751,1787,922,552,1882,732,13750,1899,1485,2101
2023-07-21,INV_04,54081.8,1872168.01,1926249.81,8704,1275,2284,1194,23995,751,1787,922,552,1882,732,13750,1899,1485,2101
2023-07-24,INV_04,45938.1,1876389.11,1922327.21,8704,1275,2284,1194,23995,751,1787,922,552,1882,732,13750,2026,1485,2101
2023-07-25,INV_04,45938.1,1854928.4,1900866.5,8704,1275,2284,1194,23995,751,1787,922,552,1882,732,13750,2026,1485,2101
2023-07-26,INV_04,59970.6,1836629.72,1896600.32,8704,1275,2284,1194,23995,563,1787,922,552,1882,732,13750,2026,1485,2101
2023-07-27,INV_04,50901.45,1903664.18,1954565.63,8704,1275,2284,1194,23995,681,1787,922,552,1882,732,13750,2026,1485,2101
2023-07-28,INV_04,83212.22,1880874.98,1964087.2,8704,1275,2284,1194,23995,681,1340,922,552,1882,732,13750,2026,1485,2101
2023-07-31,INV_04,70608.77,1905681.02,1976289.79,9470,1275,2284,1194,23995,681,1340,922,552,1882,732,13750,2026,1485,2101
2023-08-01,INV_04,70608.77,1905681.02,1976289.79,9470,1275,2284,1194,23995,681,1340,922,552,1882,732,13750,2026,1485,2101
2023-08-02,INV_04,59979.52,1953267.82,2013247.34,9470,1275,2284,1194,23995,681,1340,922,552,1882,820,13750,2026,1485,2101
2023-08-03,INV_04,59979.52,1995853.38,2055832.89,9470,1275,2284,1194,23995,681,1340,922,552,1882,820,13750,2026,1485,2101
2023-08-04,INV_04,50995.49,2017127.0,2068122.49,9470,1275,2284,1194,23995,681,1340,922,552,1882,898,13750,2026,1485,2101
2023-08-07,INV_04,43338.86,2031454.79,2074793.65,9470,1358,2284,1194,23995,681,1340,922,552,1882,898,13750,2026,1485,2101
2023-08-08,INV_04,43338.86,2041972.09,2085310.95,9470,1358,2284,1194,23995,681,1340,922,552,1882,898,13750,2026,1485,2101
2023-08-09,INV_04,43338.86,2038796.65,2082135.52,9470,1358,2284,1194,23995,681,1340,922,552,1882,898,13750,2026,1485,2101
2023-08-10,INV_04,69408.36,2018214.87,2087623.22,9470,1358,2284,1194,23995,681,1340,922,414,1882,898,13750,2026,1485,2101
2023-08-11,INV_04,95248.32,1978802.06,2074050.39,9470,1358,2284,1194,23995,681,1005,922,414,1882,898,13750,2026,1485,2101
2023-08-14,INV_04,119049.27,1928101.15,2047150.41,9470,1358,2284,895,23995,681,1005,922,414,1882,898,13750,2026,1485,2101
2023-08-15,INV_04,143730.19,1869390.93,2013121.12,9470,1358,2284,895,23995,681,1005,922,414,1882,673,13750,2026,1485,2101
2023-08-16,INV_04,122022.27,1940454.51,2062476.78,9470,1358,2284,895,23995,681,1005,922,414,1882,673,13750,2341,1485,2101
2023-08-17,INV_04,103615.23,1979823.4,2083438.63,9470,1358,2284,895,23995,681,1005,1029,414,1882,673,13750,2341,1485,2101
2023-08-18,INV_04,103615.23,1972081.06,2075696.29,9470,1358,2284,895,23995,681,1005,1029,414,1882,673,13750,2341,1485,2101
2023-08-21,INV_04,122165.02,1922441.64,2044606.66,9470,1358,2284,671,23995,681,1005,1029,414,1882,673,13750,2341,1485,2101
2023-08-22,INV_04,140204.21,1889754.88,2029959.08,9470,1358,2284,671,23995,681,1005,1029,414,1882,673,10312,2341,1485,2101
2023-08-23,INV_04,140204.21,1905526.28,2045730.49,9470,1358,2284,671,23995,681,1005,1029,414,1882,673,10312,2341,1485,2101
2023-08-24,INV_04,178050.33,1826763.35,2004813.68,9470,1358,2284,671,23995,681,1005,1029,414,1882,673,10312,1755,1485,2101
2023-08-25,INV_04,151091.06,1848166.5,1999257.56,9470,1358,2284,671,23995,681,1005,1029,414,2343,673,10312,1755,1485,2101
2023-08-28,INV_04,187314.42,1803415.5,1990729.91,9470,1018,2284,671,23995,681,1005,1029,414,2343,673,10312,1755,1485,2101
2023-08-29,INV_04,187314.42,1798484.7,1985799.11,9470,1018,2284,671,23995,681,1005,1029,414,2343,673,10312,1755,1485,2101
2023-08-30,INV_04,243998.35,1741228.2,1985226.55,9470,1018,2284,671,17996,681,1005,1029,414,2343,673,10312,1755,1485,2101
2023-08-31,INV_04,281316.02,1689014.47,1970330.49,7102,1018,2284,671,17996,681,1005,1029,414,2343,673,10312,1755,1485,2101
2023-09-01,INV_04,300473.36,1681148.06,1981621.42,7102,1018,2284,671,17996,681,1005,1029,414,2343,504,10312,1755,1485,2101
2023-09-04,INV_04,254984.66,1774187.69,2029172.35,7102,1018,2284,671,17996,681,1005,1029,414,3122,504,10312,1755,1485,2101
2023-09-05,INV_04,216438.33,1833935.02,2050373.35,7102,1018,2284,671,17996,681,1005,1029,414,3122,504,10312,1755,1485,2449
2023-09-06,INV_04,183667.5,1841509.86,2025177.36,7102,1018,2284,671,17996,681,1005,1029,589,3122,504,10312,1755,1485,2449
2023-09-07,INV_04,249645.87,1771691.13,2021337.0,7102,1018,2284,671,17996,681,1005,1029,589,3122,504,10312,1755,1485,1836
2023-09-08,INV_04,279425.65,1758469.45,2037895.1,7102,763,2284,671,17996,681,1005,1029,589,3122,504,10312,1755,1485,1836
2023-09-11,INV_04,279425.65,1741592.61,2021018.27,7102,763,2284,671,17996,681,1005,1029,589,3122,504,10312,1755,1485,1836
2023-09-12,INV_04,279425.65,1735819.61,2015245.26,7102,763,2284,671,17996,681,1005,1029,589,3122,504,10312,1755,1485,1836
2023-09-13,INV_04,279425.65,1751131.5,2030557.15,7102,763,2284,671,17996,681,1005,1029,589,3122,504,10312,1755,1485,1836
2023-09-14,INV_04,237156.7,1805011.95,2042168.64,7102,1127,2284,671,17996,681,1005,1029,589,3122,504,10312,1755,1485,1836
2023-09-15,INV_04,269891.49,1763835.85,2033727.34,5326,1127,2284,671,17996,681,1005,1029,589,3122,504,10312,1755,1485,1836
2023-09-18,INV_04,300577.54,1714664.68,2015242.21,5326,845,2284,671,17996,681,1005,1029,589,3122,504,10312,1755,1485,1836
2023-09-19,INV_04,324883.12,1669592.04,1994475.16,3994,845,2284,671,17996,681,1005,1029,589,3122,504,10312,1755,1485,1836
2023-09-20,INV_04,275674.65,1718265.71,1993940.36,6678,845,2284,671,17996,681,1005,1029,589,3122,504,10312,1755,1485,1836
2023-09-21,INV_04,288893.68,1693290.74,1982184.42,6678,845,2284,503,17996,681,1005,1029,589,3122,504,10312,1755,1485,1836
2023-09-22,INV_04,311817.84,1679726.3,1991544.14,6678,633,2284,503,17996,681,1005,1029,589,3122,504,10312,1755,1485,1836
2023-09-25,INV_04,311817.84,1672596.83,1984414.67,6678,633,2284,503,17996,681,1005,1029,589,3122,504,10312,1755,1485,1836
2023-09-26,INV_04,264616.53,1722257.36,1986873.89,6678,633,2284,1091,17996,681,1005,1029,589,3122,504,10312,1755,1485,1836
2023-09-27,INV_04,224570.16,1778386.19,2002956.35,6678,633,2284,1091,17996,681,1005,1029,589,3122,504,10312,1755,2089,1836
2023-09-28,INV_04,238372.67,1764444.26,2002816.93,6678,633,2284,1091,17996,510,1005,1029,589,3122,504,10312,1755,2089,1836
2023-09-29,INV_04,284565.34,1717785.0,2002350.34,6678,633,1713,1091,17996,510,1005,1029,589,3122,504,10312,1755,2089,1836
2023-10-02,INV_04,284565.34,1684228.61,1968793.95,6678,633,1713,1091,17996,510,1005,1029,589,3122,504,10312,1755,2089,1836
2023-10-03,INV_04,300817.36,1646900.01,1947717.38,6678,474,1713,1091,17996,510,1005,1029,589,3122,504,10312,1755,2089,1836
2023-10-04,INV_04,255294.59,1701131.42,1956426.01,6678,474,1713,1091,17996,510,1005,1029,589,3929,504,10312,1755,2089,1836
2023-10-05,INV_04,255294.59,1700076.34,1955370.93,6678,474,1713,1091,17996,510,1005,1029,589,3929,504,10312,1755,2089,1836
2023-10-06,INV_04,309315.03,1630880.93,1940195.97,6678,474,1713,1091,17996,510,1005,1029,589,2946,504,10312,1755,2089,1836
2023-10-09,INV_04,309315.03,1599015.47,1908330.5,6678,474,1713,1091,17996,510,1005,1029,589,2946,504,10312,1755,2089,1836
2023-10-10,INV_04,262459.42,1641289.52,1903748.94,9343,474,1713,1091,17996,510,1005,1029,589,2946,504,10312,1755,2089,1836
2023-10-11,INV_04,262459.42,1620582.85,1883042.27,9343,474,1713,1091,17996,510,1005,1029,589,2946,504,10312,1755,2089,1836
2023-10-12,INV_04,222700.89,1679037.48,1901738.37,9343,474,1713,1091,22517,510,1005,1029,589,2946,504,10312,1755,2089,1836
2023-10-13,INV_04,267357.8,1632577.52,1899935.31,9343,474,1713,1091,22517,510,1005,1029,589,2946,504,10312,1755,2089,1377
2023-10-16,INV_04,300599.14,1580231.57,1880830.71,9343,474,1713,1091,22517,510,1005,1029,589,2946,504,10312,1755,2089,1032
2023-10-17,INV_04,318095.58,1544100.38,1862195.96,9343,474,1713,1091,22517,510,753,1029,589,2946,504,10312,1755,2089,1032
2023-10-18,INV_04,318095.58,1531917.27,1850012.85,9343,474,1713,1091,22517,510,753,1029,589,2946,504,10312,1755,2089,1032
2023-10-19,INV_04,318095.58,1535882.96,1853978.55,9343,474,1713,1091,22517,510,753,1029,589,2946,504,10312,1755,2089,1032
2023-10-20,INV_04,318095.58,1577088.1,1895183.68,9343,474,1713,1091,22517,510,753,1029,589,2946,504,10312,1755,2089,1032
2023-10-23,INV_04,269965.2,1627246.54,1897211.74,9343,474,1713,1091,22517,510,753,1029,589,2946,504,10312,1755,2861,1032
2023-10-24,INV_04,269965.2,1601139.16,1871104.36,9343,474,1713,1091,22517,510,753,1029,589,2946,504,10312,1755,2861,1032
2023-10-25,INV_04,297743.65,1552547.64,1850291.29,9343,474,1713,1091,22517,510,753,1029,441,2946,504,10312,1755,2861,1032
2023-10-26,INV_04,336251.31,1499079.58,1835330.89,9343,474,1713,1091,22517,510,753,1029,441,2209,504,10312,1755,2861,1032
2023-10-27,INV_04,336251.31,1518274.06,1854525.37,9343,474,1713,1091,22517,510,753,1029,441,2209,504,10312,1755,2861,1032
2023-10-30,INV_04,348170.96,1518292.4,1866463.37,9343,355,1713,1091,22517,510,753,1029,441,2209,504,10312,1755,2861,1032
2023-10-31,INV_04,376378.61,1475606.28,1851984.88,9343,355,1713,1091,22517,510,753,1029,441,2209,504,10312,1316,2861,1032
2023-11-01,INV_04,319397.04,1560702.65,1880099.69,9343,355,1713,1091,22517,510,753,1029,441,3251,504,10312,1316,2861,1032
2023-11-02,INV_04,271104.76,1626493.56,1897598.32,9343,812,1713,1091,22517,510,753,1029,441,3251,504,10312,1316,2861,1032
2023-11-03,INV_04,282844.97,1601930.09,1884775.06,9343,812,1713,1091,22517,510,753,1029,441,3251,504,7734,1316,2861,1032
2023-11-06,INV_04,328575.98,1555209.64,1883785.62,9343,812,1713,1091,16887,510,753,1029,441,3251,504,7734,1316,2861,1032
2023-11-07,INV_04,278798.13,1618308.89,1897107.02,9343,812,1713,1091,16887,510,753,1029,441,3251,504,17591,1316,2861,1032
2023-11-08,INV_04,312233.61,1602174.0,1914407.61,9343,812,1284,1091,16887,510,753,1029,441,3251,504,17591,1316,2861,1032
2023-11-09,INV_04,337136.61,1566400.44,1903537.05,9343,812,963,1091,16887,510,753,1029,441,3251,504,17591,1316,2861,1032
2023-11-10,INV_04,286253.04,1609989.18,1896242.21,9343,812,963,1091,16887,510,753,1029,701,3251,504,17591,1316,2861,1032
2023-11-13,INV_04,242898.11,1660002.52,1902900.63,9343,812,963,1091,16887,1119,753,1029,701,3251,504,17591,1316,2861,1032
2023-11-14,INV_04,286132.81,1591336.44,1877469.26,9343,812,963,1091,16887,1119,753,1029,701,2438,504,17591,1316,2861,1032
2023-11-15,INV_04,306420.12,1564223.64,1870643.77,9343,609,963,1091,16887,1119,753,1029,701,2438,504,17591,1316,2861,1032
2023-11-16,INV_04,318510.17,1538961.3,1857471.47,9343,609,963,1091,16887,1119,753,1029,701,2438,378,17591,1316,2861,1032
2023-11-17,INV_04,336774.52,1513635.13,1850409.65,9343,609,722,1091,16887,1119,753,1029,701,2438,378,17591,1316,2861,1032
2023-11-20,INV_04,336774.52,1510940.53,1847715.05,9343,609,722,1091,16887,1119,753,1029,701,2438,378,17591,1316,2861,1032
2023-11-21,INV_04,356152.43,1481424.07,1837576.5,9343,609,722,818,16887,1119,753,1029,701,2438,378,17591,1316,2861,1032
2023-11-22,INV_04,302212.14,1542347.37,1844559.5,9343,1170,722,818,16887,1119,753,1029,701,2438,378,17591,1316,2861,1032
2023-11-23,INV_04,346847.78,1496326.75,1843174.52,9343,1170,722,818,16887,1119,753,1029,701,2438,378,17591,1316,2145,1032
2023-11-24,INV_04,379042.33,1462111.81,1841154.14,9343,1170,722,818,12665,1119,753,1029,701,2438,378,17591,1316,2145,1032
2023-11-27,INV_04,321644.34,1513726.16,1835370.51,9343,1170,722,818,12665,1119,753,1029,701,2438,378,17591,1316,3053,1032
2023-11-28,INV_04,321644.34,1511193.43,1832837.78,9343,1170,722,818,12665,1119,753,1029,701,2438,378,17591,1316,3053,1032
2023-11-29,INV_04,339870.63,1504901.35,1844771.98,9343,1170,722,818,12665,839,753,1029,701,2438,378,17591,1316,3053,1032
2023-11-30,INV_04,288391.27,1572821.53,1861212.81,12240,1170,722,818,12665,839,753,1029,701,2438,378,17591,1316,3053,1032
2023-12-01,INV_04,244787.41,1647511.02,1892298.43,12240,1170,722,818,12665,839,753,1029,701,2438,831,17591,1316,3053,1032
2023-12-04,INV_04,207726.34,1689196.95,1896923.29,12240,1170,722,818,12665,839,753,1029,701,2438,831,17591,1316,3053,1389
2023-12-05,INV_04,231351.07,1654435.68,1885786.75,12240,1170,722,818,9498,839,753,1029,701,2438,831,17591,1316,3053,1389
2023-12-06,INV_04,231351.07,1652168.84,1883519.91,12240,1170,722,818,9498,839,753,1029,701,2438,831,17591,1316,3053,1389
2023-12-07,INV_04,196352.11,1683106.48,1879458.58,12240,1170,722,818,9498,839,753,1029,701,3074,831,17591,1316,3053,1389
2023-12-08,INV_04,196352.11,1695473.12,1891825.22,12240,1170,722,818,9498,839,753,1029,701,3074,831,17591,1316,3053,1389
2023-12-11,INV_04,229265.94,1668316.93,1897582.87,12240,1170,722,818,9498,839,753,1029,525,3074,831,17591,1316,3053,1389
2023-12-12,INV_04,194550.48,1714628.08,1909178.56,12240,1170,722,818,9498,839,753,1029,525,3074,831,17591,1755,3053,1389
2023-12-13,INV_04,165081.52,1730858.91,1895940.43,13881,1170,722,818,9498,839,753,1029,525,3074,831,17591,1755,3053,1389
2023-12-14,INV_04,140073.3,1747117.85,1887191.15,13881,1170,722,818,12821,839,753,1029,525,3074,831,17591,1755,3053,1389
2023-12-15,INV_04,160317.27,1715290.02,1875607.29,13881,1170,722,818,12821,839,753,1029,525,3074,623,17591,1755,3053,1389
2023-12-18,INV_04,160317.27,1699787.38,1860104.65,13881,1170,722,818,12821,839,753,1029,525,3074,623,17591,1755,3053,1389
2023-12-19,INV_04,160317.27,1687269.02,1847586.29,13881,1170,722,818,12821,839,753,1029,525,3074,623,17591,1755,3053,1389
2023-12-20,INV_04,160317.27,1692734.24,1853051.51,13881,1170,722,818,12821,839,753,1029,525,3074,623,17591,1755,3053,1389
2023-12-21,INV_04,160317.27,1692496.98,1852814.25,13881,1170,722,818,12821,839,753,1029,525,3074,623,17591,1755,3053,1389
2023-12-22,INV_04,160317.27,1692322.81,1852640.08,13881,1170,722,818,12821,839,753,1029,525,3074,623,17591,1755,3053,1389
2023-12-25,INV_04,223654.11,1628346.2,1852000.31,10410,1170,722,818,12821,839,753,1029,525,3074,623,17591,1755,3053,1389
2023-12-26,INV_04,238734.92,1613113.06,1851847.98,10410,1170,541,818,12821,839,753,1029,525,3074,623,17591,1755,3053,1389
2023-12-27,INV_04,238734.92,1624761.61,1863496.54,10410,1170,541,818,12821,839,753,1029,525,3074,623,17591,1755,3053,1389
2023-12-28,INV_04,238734.92,1632781.87,1871516.8,10410,1170,541,818,12821,839,753,1029,525,3074,623,17591,1755,3053,1389
2023-12-29,INV_04,238734.92,1639377.47,1878112.4,10410,1170,541,818,12821,839,753,1029,525,3074,623,17591,1755,3053,1389
2024-01-01,INV_04,202594.77,1675159.8,1877754.57,10410,1170,541,818,12821,839,753,1029,525,3074,623,17591,1755,3630,1389
2024-01-02,INV_04,202594.77,1671840.25,1874435.02,10410,1170,541,818,12821,839,753,1029,525,3074,623,17591,1755,3630,1389
2024-01-03,INV_04,202594.77,1683130.62,1885725.39,10410,1170,541,818,12821,839,753,1029,525,3074,623,17591,1755,3630,1389
2024-01-04,INV_04,242771.01,1636457.54,1879228.55,10410,1170,541,818,12821,839,753,771,525,3074,623,17591,1755,3630,1389
2024-01-05,INV_04,278170.82,1609742.48,1887913.3,10410,1170,541,818,12821,839,753,771,525,3074,623,17591,1316,3630,1389
2024-01-08,INV_04,278170.82,1601920.02,1880090.85,10410,1170,541,818,12821,839,753,771,525,3074,623,17591,1316,3630,1389
2024-01-09,INV_04,236036.45,1637603.98,1873640.43,12720,1170,541,818,12821,839,753,771,525,3074,623,17591,1316,3630,1389
2024-01-10,INV_04,200352.84,1665357.72,1865710.56,12720,1170,541,818,12821,839,753,771,525,3074,623,17591,1776,3630,1389
2024-01-11,INV_04,213840.29,1638753.64,1852593.93,12720,1170,541,818,12821,629,753,771,525,3074,623,17591,1776,3630,1389
2024-01-12,INV_04,225000.97,1626478.13,1851479.09,12720,1170,405,818,12821,629,753,771,525,3074,623,17591,1776,3630,1389
2024-01-15,INV_04,190920.1,1660221.56,1851141.66,12720,1170,405,818,17401,629,753,771,525,3074,623,17591,1776,3630,1389
2024-01-16,INV_04,225104.75,1614057.84,1839162.6,12720,1170,405,818,17401,629,753,771,525,3074,623,17591,1776,3630,1041
2024-01-17,INV_04,225104.75,1600632.37,1825737.12,12720,1170,405,818,17401,629,753,771,525,3074,623,17591,1776,3630,1041
2024-01-18,INV_04,191058.72,1636154.13,1827212.85,12720,1526,405,818,17401,629,753,771,525,3074,623,17591,1776,3630,1041
2024-01-19,INV_04,191058.72,1631118.6,1822177.33,12720,1526,405,818,17401,629,753,771,525,3074,623,17591,1776,3630,1041
2024-01-22,INV_04,246154.91,1563866.95,1810021.86,9540,1526,405,818,17401,629,753,771,525,3074,623,17591,1776,3630,1041
2024-01-23,INV_04,259709.69,1531771.13,1791480.82,9540,1526,405,613,17401,629,753,771,525,3074,623,17591,1776,3630,1041
2024-01-24,INV_04,259709.69,1532362.27,1792071.96,9540,1526,405,613,17401,629,753,771,525,3074,623,17591,1776,3630,1041
2024-01-25,INV_04,290541.12,1501219.41,1791760.53,9540,1526,405,613,17401,629,753,771,525,3074,623,17591,1332,3630,1041
2024-01-26,INV_04,290541.12,1511916.75,1802457.87,9540,1526,405,613,17401,629,753,771,525,3074,623,17591,1332,3630,1041
2024-01-29,INV_04,290541.12,1507712.31,1798253.43,9540,1526,405,613,17401,629,753,771,525,3074,623,17591,1332,3630,1041
2024-01-30,INV_04,325103.15,1467397.01,1792500.16,9540,1144,405,613,17401,629,753,771,525,3074,623,17591,1332,3630,1041
2024-01-31,INV_04,275852.37,1521813.54,1797665.9,12297,1144,405,613,17401,629,753,771,525,3074,623,17591,1332,3630,1041
2024-02-01,INV_04,234096.04,1573347.29,1807443.33,12297,1144,923,613,17401,629,753,771,525,3074,623,17591,1332,3630,1041
2024-02-02,INV_04,252382.92,1567255.7,1819638.62,12297,1144,923,613,17401,629,753,771,525,3074,623,13193,1332,3630,1041
2024-02-06,INV_04,214192.17,1620745.69,1834937.86,12297,1144,923,1137,17401,629,753,771,525,3074,623,13193,1332,3630,1041
2024-02-07,INV_04,181743.98,1650738.02,1832482.0,12297,1144,923,1137,21572,629,753,771,525,3074,623,13193,1332,3630,1041
2024-02-08,INV_04,154270.43,1693014.52,1847284.95,12297,1144,923,1137,21572,629,753,771,525,3074,901,13193,1332,3630,1041
2024-02-09,INV_04,180092.93,1666621.14,1846714.08,12297,1144,923,1137,21572,629,753,771,525,3074,901,13193,1332,3630,780
2024-02-12,INV_04,152812.63,1703887.34,1856699.97,12297,1144,923,1137,21572,629,753,771,525,3074,901,19624,1332,3630,780
2024-02-13,INV_04,181622.1,1672101.31,1853723.4,12297,1144,923,1137,21572,629,753,578,525,3074,901,19624,1332,3630,780
2024-02-14,INV_04,181622.1,1672299.59,1853921.69,12297,1144,923,1137,21572,629,753,578,525,3074,901,19624,1332,3630,780
2024-02-15,INV_04,181622.1,1675149.18,1856771.27,12297,1144,923,1137,21572,629,753,578,525,3074,901,19624,1332,3630,780
2024-02-16,INV_04,236316.01,1626947.24,1863263.26,9222,1144,923,1137,21572,629,753,578,525,3074,901,19624,1332,3630,780
2024-02-19,INV_04,200542.47,1680930.36,1881472.83,9222,1144,923,1621,21572,629,753,578,525,3074,901,19624,1332,3630,780
2024-02-20,INV_04,225631.55,1654761.7,1880393.25,9222,1144,923,1621,21572,629,753,578,525,3074,901,19624,999,3630,780
2024-02-21,INV_04,191536.68,1678937.37,1870474.05,9222,1144,923,1621,21572,629,753,578,525,3074,1246,19624,999,3630,780
2024-02-22,INV_04,191536.68,1679305.97,1870842.66,9222,1144,923,1621,21572,629,753,578,525,3074,1246,19624,999,3630,780
2024-02-23,INV_04,191536.68,273596.56,465133.24,9222,1144,923,1621,21572,629,753,578,525,3074,1246,19624,999,3630,780
2024-02-26,INV_04,162560.76,1696386.37,1858947.13,9222,1144,1271,1621,21572,629,753,578,525,3074,1246,19624,999,3630,780
2024-02-27,INV_04,162560.76,1687880.71,1850441.47,9222,1144,1271,1621,21572,629,753,578,525,3074,1246,19624,999,3630,780
2024-02-28,INV_04,138053.77,1710646.96,1848700.73,9222,1144,1271,1621,21572,629,753,743,525,3074,1246,19624,999,3630,780
2024-02-29,INV_04,138053.77,1708311.7,1846365.46,9222,1144,1271,1621,21572,629,753,743,525,3074,1246,19624,999,3630,780
2024-03-01,INV_04,117173.96,1738887.68,1856061.63,9222,1356,1271,1621,21572,629,753,743,525,3074,1246,19624,999,3630,780
2024-03-04,INV_04,117173.96,1752470.75,1869644.71,9222,1356,1271,1621,21572,629,753,743,525,3074,1246,19624,999,3630,780
2024-03-05,INV_04,99456.08,1789077.57,1888533.65,9222,1356,1271,1621,21572,629,753,743,525,3398,1246,19624,999,3630,780
2024-03-06,INV_04,99456.08,1799993.53,1899449.61,9222,1356,1271,1621,21572,629,753,743,525,3398,1246,19624,999,3630,780
2024-03-07,INV_04,84441.04,1854169.29,1938610.33,9222,1356,1271,1621,21572,629,753,743,525,3670,1246,19624,999,3630,780
2024-03-08,INV_04,84441.04,109608.88,194049.93,9222,1356,1271,1621,21572,629,753,743,525,3670,1246,19624,999,3630,780
2024-03-11,INV_04,71649.36,1880652.26,1952301.62,9824,1356,1271,1621,21572,629,753,743,525,3670,1246,19624,999,3630,780
2024-03-12,INV_04,71649.36,1886251.23,1957900.59,9824,1356,1271,1621,21572,629,753,743,525,3670,1246,19624,999,3630,780
2024-03-13,INV_04,100791.0,1882611.3,1983402.3,9824,1356,1271,1621,21572,629,753,743,525,3670,1246,14718,999,3630,780
2024-03-14,INV_04,120615.43,1862138.08,1982753.51,9824,1356,1271,1621,21572,629,753,743,525,3670,1246,14718,999,3630,585
2024-03-15,INV_04,132340.14,1857119.98,1989460.12,9824,1356,1271,1621,21572,471,753,743,525,3670,1246,14718,999,3630,585
2024-03-18,INV_04,182404.04,1795211.47,1977615.52,9824,1356,1271,1621,16179,471,753,743,525,3670,1246,14718,999,3630,585
2024-03-19,INV_04,182404.04,1785662.8,1968066.85,9824,1356,1271,1621,16179,471,753,743,525,3670,1246,14718,999,3630,585
2024-03-20,INV_04,208831.54,1758746.99,1967578.53,9824,1356,953,1621,16179,471,753,743,525,3670,1246,14718,999,3630,585
2024-03-21,INV_04,236587.28,1717949.41,1954536.7,9824,1356,953,1215,16179,471,753,743,525,3670,1246,14718,999,3630,585
2024-03-22,INV_04,236587.28,1736829.43,1973416.72,9824,1356,953,1215,16179,471,753,743,525,3670,1246,14718,999,3630,585
2024-03-26,INV_04,236587.28,1750839.49,1987426.77,9824,1356,953,1215,16179,471,753,743,525,3670,1246,14718,999,3630,585
2024-03-27,INV_04,200905.27,1811934.11,2012839.38,9824,1356,953,1215,16179,471,753,961,525,3670,1246,14718,999,3630,585
2024-03-28,INV_04,170518.5,1848813.85,2019332.34,9824,1356,953,1215,16179,889,753,961,525,3670,1246,14718,999,3630,585
2024-03-29,INV_04,144872.43,1874206.0,2019078.42,9824,1356,953,1215,16179,889,753,961,658,3670,1246,14718,999,3630,585
2024-04-01,INV_04,159710.76,1848561.75,2008272.51,9824,1356,953,1215,16179,889,753,961,658,3670,1246,14718,999,3630,438
2024-04-02,INV_04,135600.11,1924838.91,2060439.02,9824,1356,953,1215,16179,889,753,961,658,3670,1246,14718,999,3630,663
2024-04-03,INV_04,115080.87,1974163.3,2089244.17,9824,1356,953,1215,16179,889,753,961,762,3670,1246,14718,999,3630,663
2024-04-04,INV_04,115080.87,1990708.96,2105789.83,9824,1356,953,1215,16179,889,753,961,762,3670,1246,14718,999,3630,663
2024-04-05,INV_04,97649.89,2036221.61,2133871.5,9824,1356,953,1215,16179,889,753,961,762,3670,1246,17914,999,3630,663
2024-04-08,INV_04,83029.51,2079522.17,2162551.68,9824,1356,953,1215,16179,889,753,1037,762,3670,1246,17914,999,3630,663
2024-04-09,INV_04,83029.51,2092804.45,2175833.97,9824,1356,953,1215,16179,889,753,1037,762,3670,1246,17914,999,3630,663
2024-04-10,INV_04,83029.51,2092804.45,2175833.97,9824,1356,953,1215,16179,889,753,1037,762,3670,1246,17914,999,3630,663
2024-04-11,INV_04,70478.96,2105230.74,2175709.7,9824,1356,953,1215,16179,889,753,1037,762,3878,1246,17914,999,3630,663
2024-04-15,INV_04,59804.17,2124764.2,2184568.37,9824,1356,953,1215,17231,889,753,1037,762,3878,1246,17914,999,3630,663
2024-04-16,INV_04,85966.01,2047347.97,2133313.98,9824,1356,953,1215,17231,889,753,1037,762,3878,1246,13435,999,3630,663
2024-04-17,INV_04,85966.01,2056326.8,2142292.81,9824,1356,953,1215,17231,889,753,1037,762,3878,1246,13435,999,3630,663
2024-04-18,INV_04,85966.01,2041550.34,2127516.35,9824,1356,953,1215,17231,889,753,1037,762,3878,1246,13435,999,3630,663
2024-04-19,INV_04,72994.02,2042748.18,2115742.2,9824,1356,953,1215,17231,1060,753,1037,762,3878,1246,13435,999,3630,663
2024-04-22,INV_04,61990.92,2075842.39,2137833.3,9824,1356,953,1215,17231,1060,753,1037,816,3878,1246,13435,999,3630,663
2024-04-24,INV_04,52630.22,2096390.66,2149020.89,9824,1356,953,1215,17231,1177,753,1037,816,3878,1246,13435,999,3630,663
2024-04-25,INV_04,44700.3,2138000.94,2182701.25,9824,1356,953,1215,17231,1276,753,1037,816,3878,1246,13435,999,3630,663
2024-04-26,INV_04,44700.3,2162499.89,2207200.19,9824,1356,953,1215,17231,1276,753,1037,816,3878,1246,13435,999,3630,663
2024-04-29,INV_04,44700.3,2194945.26,2239645.56,9824,1356,953,1215,17231,1276,753,1037,816,3878,1246,13435,999,3630,663
2024-04-30,INV_04,44700.3,2214793.61,2259493.91,9824,1356,953,1215,17231,1276,753,1037,816,3878,1246,13435,999,3630,663
2024-05-02,INV_04,44700.3,2214085.96,2258786.26,9824,1356,953,1215,17231,1276,753,1037,816,3878,1246,13435,999,3630,663
2024-05-03,INV_04,44700.3,2228623.71,2273324.01,9824,1356,953,1215,17231,1276,753,1037,816,3878,1246,13435,999,3630,663
2024-05-06,INV_04,67924.52,2201982.38,2269906.9,9824,1356,953,911,17231,1276,753,1037,816,3878,1246,13435,999,3630,663
2024-05-07,INV_04,67924.52,2190415.45,2258339.98,9824,1356,953,911,17231,1276,753,1037,816,3878,1246,13435,999,3630,663
2024-05-08,INV_04,57634.14,2190409.17,2248043.31,9824,1356,953,911,17231,1276,753,1037,816,3878,1246,14870,999,3630,663
2024-05-09,INV_04,83276.28,2183348.49,2266624.77,9824,1356,714,911,17231,1276,753,1037,816,3878,1246,14870,999,3630,663
2024-05-10,INV_04,70826.97,2228294.46,2299121.43,9824,1356,714,911,17231,1276,753,1037,876,3878,1246,14870,999,3630,663
2024-05-13,INV_04,60142.91,2238872.73,2299015.65,9824,1356,714,911,17231,1276,753,1037,876,4044,1246,14870,999,3630,663
2024-05-14,INV_04,79338.57,2174655.87,2253994.43,9824,1356,714,911,17231,1276,753,1037,876,4044,1246,14870,999,3630,497
2024-05-15,INV_04,99317.07,2127142.7,2226459.76,9824,1356,714,911,17231,1276,753,1037,876,4044,1246,14870,749,3630,497
2024-05-16,INV_04,142630.39,2079728.5,2222358.89,9824,1356,714,911,17231,1276,753,1037,657,4044,1246,14870,749,3630,497
2024-05-17,INV_04,121084.98,2114118.72,2235203.7,9824,1356,714,911,17231,1276,753,1037,657,4044,1420,14870,749,3630,497
2024-05-20,INV_04,121084.98,2092085.45,2213170.43,9824,1356,714,911,17231,1276,753,1037,657,4044,1420,14870,749,3630,497
2024-05-21,INV_04,121084.98,2084059.46,2205144.43,9824,1356,714,911,17231,1276,753,1037,657,4044,1420,14870,749,3630,497
2024-05-22,INV_04,102746.41,2137890.91,2240637.32,9824,1356,714,911,17231,1276,753,1037,657,4044,1420,17580,749,3630,497
2024-05-27,INV_04,117773.13,2109396.88,2227170.01,9824,1356,714,911,17231,1276,753,1037,657,4044,1420,17580,749,3630,372
2024-05-28,INV_04,135104.09,2073406.31,2208510.41,9824,1356,714,683,17231,1276,753,1037,657,4044,1420,17580,749,3630,372
2024-05-29,INV_04,162212.68,2024490.03,2186702.71,9824,1356,714,683,17231,957,753,1037,657,4044,1420,17580,749,3630,372
2024-05-30,INV_04,137675.62,2062158.73,2199834.34,9824,1356,714,683,17231,957,753,1037,657,4044,1420,17580,749,3630,577
2024-05-31,INV_04,137675.62,2055375.46,2193051.07,9824,1356,714,683,17231,957,753,1037,657,4044,1420,17580,749,3630,577
2024-06-03,INV_04,116837.57,2076039.46,2192877.03,9824,1356,714,959,17231,957,753,1037,657,4044,1420,17580,749,3630,577
2024-06-04,INV_04,116837.57,2077916.98,2194754.54,9824,1356,714,959,17231,957,753,1037,657,4044,1420,17580,749,3630,577
2024-06-05,INV_04,99137.97,2118466.88,2217604.86,9824,1511,714,959,17231,957,753,1037,657,4044,1420,17580,749,3630,577
2024-06-06,INV_04,84212.74,2166328.99,2250541.73,9824,1638,714,959,17231,957,753,1037,657,4044,1420,17580,749,3630,577
2024-06-07,INV_04,102377.31,2146797.99,2249175.3,9824,1638,714,959,17231,957,753,1037,657,4044,1420,17580,749,3630,432
2024-06-10,INV_04,118034.14,2148249.74,2266283.88,9824,1638,714,959,17231,957,564,1037,657,4044,1420,17580,749,3630,432
2024-06-11,INV_04,118034.14,2138841.38,2256875.52,9824,1638,714,959,17231,957,564,1037,657,4044,1420,17580,749,3630,432
2024-06-12,INV_04,118034.14,2138841.38,2256875.52,9824,1638,714,959,17231,957,564,1037,657,4044,1420,17580,749,3630,432
2024-06-13,INV_04,118034.14,2123076.22,2241110.36,9824,1638,714,959,17231,957,564,1037,657,4044,1420,17580,749,3630,432
2024-06-14,INV_04,100180.94,2140000.87,2240181.81,9824,1638,714,959,17231,957,564,1129,657,4044,1420,17580,749,3630,432
2024-06-18,INV_04,111713.75,2119630.56,2231344.31,9824,1638,714,959,17231,957,423,1129,657,4044,1420,17580,749,3630,432
2024-06-19,INV_04,94841.09,2131110.32,2225951.41,9824,1787,714,959,17231,957,423,1129,657,4044,1420,17580,749,3630,432
2024-06-20,INV_04,80473.43,2148970.03,2229443.46,9824,1787,714,959,17231,957,423,1129,657,4044,1420,19838,749,3630,432
2024-06-24,INV_04,68324.65,2167595.24,2235919.89,9824,1787,714,959,17231,957,423,1129,657,4044,1520,19838,749,3630,432
2024-06-25,INV_04,58084.42,2178294.45,2236378.87,9824,1787,714,959,17231,957,423,1129,707,4044,1520,19838,749,3630,432
2024-06-26,INV_04,49286.31,2190084.54,2239370.85,9824,1787,714,959,17231,957,423,1129,707,4044,1520,21243,749,3630,432
2024-06-27,INV_04,113333.35,2106377.5,2219710.84,9824,1787,714,959,17231,957,423,1129,707,3033,1520,21243,749,3630,432
2024-06-28,INV_04,96204.71,2123519.7,2219724.41,9824,1787,714,959,17231,957,423,1129,707,3033,1520,21243,749,3630,563
2024-07-01,INV_04,96204.71,2111288.02,2207492.74,9824,1787,714,959,17231,957,423,1129,707,3033,1520,21243,749,3630,563
2024-07-02,INV_04,81734.18,2128993.42,2210727.6,9824,1787,714,959,17231,957,423,1129,778,3033,1520,21243,749,3630,563
2024-07-03,INV_04,99311.83,2091293.39,2190605.22,9824,1787,714,719,17231,957,423,1129,778,3033,1520,21243,749,3630,563
2024-07-04,INV_04,152542.01,2015070.4,2167612.42,9824,1787,714,719,17231,957,423,846,778,3033,1520,21243,749,3630,563
2024-07-05,INV_04,152542.01,2015318.93,2167860.94,9824,1787,714,719,17231,957,423,846,778,3033,1520,21243,749,3630,563
2024-07-08,INV_04,190937.46,1940590.22,2131527.68,9824,1787,714,719,12923,957,423,846,778,3033,1520,21243,749,3630,563
2024-07-09,INV_04,190937.46,1932827.12,2123764.58,9824,1787,714,719,12923,957,423,846,778,3033,1520,21243,749,3630,563
2024-07-10,INV_04,162058.76,1970599.79,2132658.55,9824,1787,714,719,12923,957,423,846,778,3033,1520,21243,749,3630,798
2024-07-11,INV_04,137693.98,1993532.65,2131226.63,9824,1787,714,719,12923,957,423,846,904,3033,1520,21243,749,3630,798
2024-07-12,INV_04,116836.46,2026790.26,2143626.73,10768,1787,714,719,12923,957,423,846,904,3033,1520,21243,749,3630,798
2024-07-15,INV_04,133856.02,2019213.21,2153069.23,10768,1787,535,719,12923,957,423,846,904,3033,1520,21243,749,3630,798
2024-07-16,INV_04,113642.02,2033941.51,2147583.52,10768,1787,535,719,12923,957,423,846,1008,3033,1520,21243,749,3630,798
2024-07-17,INV_04,121886.21,2015435.52,2137321.72,10768,1787,535,719,12923,957,317,846,1008,3033,1520,21243,749,3630,798
2024-07-18,INV_04,165563.85,1952023.22,2117587.07,10768,1787,535,719,12923,957,317,846,1008,3033,1140,21243,749,3630,798
2024-07-19,INV_04,165563.85,1944689.77,2110253.62,10768,1787,535,719,12923,957,317,846,1008,3033,1140,21243,749,3630,798
2024-07-22,INV_04,177543.44,1895542.34,2073085.78,10768,1787,401,719,12923,957,317,846,1008,3033,1140,21243,749,3630,798
2024-07-23,INV_04,177543.44,1905297.34,2082840.78,10768,1787,401,719,12923,957,317,846,1008,3033,1140,21243,749,3630,798
2024-07-24,INV_04,150649.05,1958962.95,2109612.0,12045,1787,401,719,12923,957,317,846,1008,3033,1140,21243,749,3630,798
2024-07-25,INV_04,159792.26,1930667.98,2090460.24,12045,1787,300,719,12923,957,317,846,1008,3033,1140,21243,749,3630,798
2024-07-26,INV_04,135602.06,1957710.89,2093312.95,12045,1787,300,1062,12923,957,317,846,1008,3033,1140,21243,749,3630,798
2024-07-29,INV_04,135602.06,1950152.78,2085754.84,12045,1787,300,1062,12923,957,317,846,1008,3033,1140,21243,749,3630,798
2024-07-30,INV_04,153634.26,1904620.09,2058254.35,12045,1787,300,796,12923,957,317,846,1008,3033,1140,21243,749,3630,798
2024-07-31,INV_04,195812.01,1838660.87,2034472.87,12045,1787,300,796,12923,957,317,846,756,3033,1140,21243,749,3630,798
2024-08-01,INV_04,166219.26,1880159.32,2046378.58,12045,1787,300,796,12923,957,317,846,756,3033,1140,21243,1145,3630,798
2024-08-02,INV_04,166219.26,1879595.88,2045815.14,12045,1787,300,796,12923,957,317,846,756,3033,1140,21243,1145,3630,798
2024-08-05,INV_04,179271.89,1822364.44,2001636.33,12045,1787,300,597,12923,957,317,846,756,3033,1140,21243,1145,3630,798
2024-08-06,INV_04,152136.31,1855990.74,2008127.05,12045,1787,300,999,12923,957,317,846,756,3033,1140,21243,1145,3630,798
2024-08-07,INV_04,152136.31,1859126.64,2011262.95,12045,1787,300,999,12923,957,317,846,756,3033,1140,21243,1145,3630,798
2024-08-08,INV_04,173196.55,1824865.46,1998062.0,12045,1787,300,999,12923,717,317,846,756,3033,1140,21243,1145,3630,798
2024-08-09,INV_04,147019.85,1867259.5,2014279.35,12045,1787,607,999,12923,717,317,846,756,3033,1140,21243,1145,3630,798
2024-08-12,INV_04,147019.85,1869195.92,2016215.78,12045,1787,607,999,12923,717,317,846,756,3033,1140,21243,1145,3630,798
2024-08-13,INV_04,193418.83,1828276.91,2021695.73,12045,1787,607,999,12923,717,317,846,756,2274,1140,21243,1145,3630,798
2024-08-14,INV_04,193418.83,1837414.01,2030832.84,12045,1787,607,999,12923,717,317,846,756,2274,1140,21243,1145,3630,798
2024-08-15,INV_04,164122.33,1888072.13,2052194.46,12045,1787,607,999,16324,717,317,846,756,2274,1140,21243,1145,3630,798
2024-08-16,INV_04,164122.33,1885496.08,2049618.4,12045,1787,607,999,16324,717,317,846,756,2274,1140,21243,1145,3630,798
2024-08-20,INV_04,223475.94,1806779.25,2030255.19,12045,1787,607,999,16324,717,317,846,756,2274,1140,21243,1145,2722,798
2024-08-21,INV_04,252394.34,1773531.19,2025925.53,12045,1787,607,999,16324,717,317,846,756,2274,1140,15932,1145,2722,798
2024-08-22,INV_04,269102.86,1753013.51,2022116.36,12045,1787,607,749,16324,717,317,846,756,2274,1140,15932,1145,2722,798
2024-08-23,INV_04,303177.95,1704291.33,2007469.28,12045,1787,607,749,12243,717,317,846,756,2274,1140,15932,1145,2722,798
2024-08-26,INV_04,303177.95,1672060.95,1975238.9,12045,1787,607,749,12243,717,317,846,756,2274,1140,15932,1145,2722,798
2024-08-27,INV_04,360359.88,1581406.56,1941766.44,9033,1787,607,749,12243,717,317,846,756,2274,1140,15932,1145,2722,798
2024-08-28,INV_04,402684.76,1522127.32,1924812.08,9033,1787,607,749,12243,717,317,846,756,2274,1140,15932,1145,2041,798
2024-08-29,INV_04,427956.0,1496994.87,1924950.87,9033,1787,607,749,9182,717,317,846,756,2274,1140,15932,1145,2041,798
2024-08-30,INV_04,456772.37,1457466.05,1914238.41,9033,1787,607,749,9182,717,317,846,756,2274,855,15932,1145,2041,798
2024-09-02,INV_04,471403.69,1425894.71,1897298.4,9033,1787,607,749,9182,537,317,846,756,2274,855,15932,1145,2041,798
2024-09-03,INV_04,471403.69,1418803.84,1890207.52,9033,1787,607,749,9182,537,317,846,756,2274,855,15932,1145,2041,798
2024-09-04,INV_04,400016.0,1516121.54,1916137.54,9033,1787,607,749,9182,537,1329,846,756,2274,855,15932,1145,2041,798
2024-09-05,INV_04,421601.48,1486558.38,1908159.86,9033,1787,607,749,9182,537,1329,846,756,2274,855,15932,1145,2041,598
2024-09-06,INV_04,433483.22,1469420.05,1902903.27,9033,1787,607,561,9182,537,1329,846,756,2274,855,15932,1145,2041,598
2024-09-09,INV_04,367920.46,1515021.06,1882941.52,9033,1787,607,561,9182,537,1329,846,1159,2274,855,15932,1145,2041,598
2024-09-10,INV_04,367920.46,1499892.06,1867812.52,9033,1787,607,561,9182,537,1329,846,1159,2274,855,15932,1145,2041,598
2024-09-11,INV_04,411384.06,1458373.63,1869757.69,9033,1340,607,561,9182,537,1329,846,1159,2274,855,15932,1145,2041,598
2024-09-12,INV_04,411384.06,1463249.92,1874633.97,9033,1340,607,561,9182,537,1329,846,1159,2274,855,15932,1145,2041,598
2024-09-13,INV_04,349081.71,1547517.14,1896598.85,9033,1959,607,561,9182,537,1329,846,1159,2274,855,15932,1145,2041,598
2024-09-18,INV_04,349081.71,1569027.98,1918109.69,9033,1959,607,561,9182,537,1329,846,1159,2274,855,15932,1145,2041,598
2024-09-19,INV_04,296225.48,1632753.75,1928979.24,9033,1959,607,561,9182,1150,1329,846,1159,2274,855,15932,1145,2041,598
2024-09-20,INV_04,251367.93,1695081.18,1946449.12,9033,1959,607,561,9182,1150,1329,846,1159,2274,855,15932,1145,2705,598
2024-09-23,INV_04,213292.22,1750318.53,1963610.75,9033,1959,607,561,9182,1150,1329,846,1159,2274,855,15932,1652,2705,598
2024-09-24,INV_04,181030.79,1820152.13,2001182.92,9033,1959,607,561,9182,1150,1329,846,1159,2800,855,15932,1652,2705,598
2024-09-25,INV_04,153679.64,1926153.56,2079833.2,9033,2208,607,561,9182,1150,1329,846,1159,2800,855,15932,1652,2705,598
2024-09-26,INV_04,130402.94,1951947.53,2082350.48,9033,2208,607,561,11797,1150,1329,846,1159,2800,855,15932,1652,2705,598
2024-09-27,INV_04,110654.68,1989453.64,2100108.32,9033,2208,607,561,13992,1150,1329,846,1159,2800,855,15932,1652,2705,598
2024-09-30,INV_04,93954.41,2037444.53,2131398.94,9033,2208,607,561,13992,1150,1329,846,1159,2800,855,15932,1652,2926,598
2024-10-01,INV_04,93954.41,2074661.16,2168615.57,9033,2208,607,561,13992,1150,1329,846,1159,2800,855,15932,1652,2926,598
2024-10-02,INV_04,79778.04,2071947.06,2151725.09,9033,2208,607,561,13992,1150,1329,846,1159,2800,855,15932,1652,2926,710
2024-10-03,INV_04,133720.64,2009342.09,2143062.72,9033,2208,607,561,13992,1150,1329,846,1159,2800,855,15932,1652,2194,710
2024-10-04,INV_04,113463.07,2053782.85,2167245.92,9033,2208,607,561,13992,1150,1329,846,1159,2800,855,19167,1652,2194,710
2024-10-07,INV_04,96283.54,2081675.7,2177959.24,9824,2208,607,561,13992,1150,1329,846,1159,2800,855,19167,1652,2194,710
2024-10-08,INV_04,96283.54,2085697.74,2181981.28,9824,2208,607,561,13992,1150,1329,846,1159,2800,855,19167,1652,2194,710
2024-10-09,INV_04,96283.54,2089468.17,2185751.71,9824,2208,607,561,13992,1150,1329,846,1159,2800,855,19167,1652,2194,710
2024-10-10,INV_04,81891.61,2106394.19,2188285.8,9824,2208,607,561,13992,1150,1329,916,1159,2800,855,19167,1652,2194,710
2024-10-11,INV_04,69493.43,2143900.07,2213393.5,9824,2208,607,561,13992,1150,1329,916,1159,2800,855,19167,1652,2194,805
2024-10-14,INV_04,97957.91,2096948.19,2194906.1,9824,2208,607,561,13992,1150,1329,916,1159,2800,855,14375,1652,2194,805
2024-10-15,INV_04,159223.86,2035017.27,2194241.13,9824,1656,607,561,13992,1150,1329,916,1159,2800,855,14375,1652,2194,805
2024-10-16,INV_04,135115.59,2065881.83,2200997.41,9824,1656,840,561,13992,1150,1329,916,1159,2800,855,14375,1652,2194,805
2024-10-18,INV_04,114659.91,2106702.96,2221362.87,10742,1656,840,561,13992,1150,1329,916,1159,2800,855,14375,1652,2194,805
2024-10-21,INV_04,114659.91,2100618.87,2215278.78,10742,1656,840,561,13992,1150,1329,916,1159,2800,855,14375,1652,2194,805
2024-10-22,INV_04,114659.91,2101779.89,2216439.8,10742,1656,840,561,13992,1150,1329,916,1159,2800,855,14375,1652,2194,805
2024-10-23,INV_04,136008.27,2094620.45,2230628.72,10742,1656,840,561,13992,1150,1329,916,1159,2800,855,10781,1652,2194,805
2024-10-24,INV_04,146793.51,2111475.3,2258268.82,10742,1656,840,420,13992,1150,1329,916,1159,2800,855,10781,1652,2194,805
2024-10-25,INV_04,124561.61,2157110.77,2281672.39,10742,1656,840,420,16123,1150,1329,916,1159,2800,855,10781,1652,2194,805
2024-10-28,INV_04,141643.47,2148632.12,2290275.59,10742,1656,840,420,16123,1150,1329,916,1159,2800,855,8085,1652,2194,805
2024-10-29,INV_04,120382.37,2187914.2,2308296.57,10742,1656,840,420,16123,1150,1329,1012,1159,2800,855,8085,1652,2194,805
2024-10-30,INV_04,120382.37,2212240.74,2332623.11,10742,1656,840,420,16123,1150,1329,1012,1159,2800,855,8085,1652,2194,805
2024-10-31,INV_04,169670.04,1944264.73,2113934.78,10742,1242,840,420,16123,1150,1329,1012,1159,2800,855,8085,1652,2194,805
2024-11-01,INV_04,175675.46,1956916.88,2132592.34,10742,1242,840,420,16123,1150,1329,1012,869,2800,855,8085,1652,2194,805
2024-11-04,INV_04,175675.46,1951868.94,2127544.4,10742,1242,840,420,16123,1150,1329,1012,869,2800,855,8085,1652,2194,805
2024-11-05,INV_04,202391.82,1908128.89,2110520.71,10742,1242,840,420,16123,1150,1329,1012,869,2800,855,8085,1652,2194,603
2024-11-06,INV_04,240112.98,1854694.97,2094807.95,10742,1242,840,420,16123,1150,1329,1012,869,2800,855,8085,1239,2194,603
2024-11-07,INV_04,267579.96,1834064.54,2101644.5,10742,1242,840,420,16123,862,1329,1012,869,2800,855,8085,1239,2194,603
2024-11-08,INV_04,227090.09,1885299.21,2112389.3,10742,1242,840,420,16123,862,1329,1012,869,2800,1229,8085,1239,2194,603
2024-11-11,INV_04,247897.91,1878300.6,2126198.52,10742,1242,840,420,16123,862,1329,1012,869,2800,1229,8085,1239,2194,452
2024-11-12,INV_04,210343.95,1927311.08,2137655.03,10742,1242,840,420,19756,862,1329,1012,869,2800,1229,8085,1239,2194,452
2024-11-13,INV_04,178485.09,1971921.84,2150406.93,11997,1242,840,420,19756,862,1329,1012,869,2800,1229,8085,1239,2194,452
2024-11-14,INV_04,178485.09,1971791.91,2150277.0,11997,1242,840,420,19756,862,1329,1012,869,2800,1229,8085,1239,2194,452
2024-11-18,INV_04,178485.09,1976468.19,2154953.28,11997,1242,840,420,19756,862,1329,1012,869,2800,1229,8085,1239,2194,452
2024-11-19,INV_04,233347.77,1901598.27,2134946.03,11997,1242,840,420,19756,862,1329,759,869,2800,1229,8085,1239,2194,452
2024-11-20,INV_04,274548.98,1864783.45,2139332.43,11997,1242,840,420,19756,862,1329,569,869,2800,1229,8085,1239,2194,452
2024-11-21,INV_04,311426.75,1812496.63,2123923.39,11997,931,840,420,19756,862,1329,569,869,2800,1229,8085,1239,2194,452
2024-11-22,INV_04,264323.46,1868399.6,2132723.06,11997,931,1243,420,19756,862,1329,569,869,2800,1229,8085,1239,2194,452
2024-11-25,INV_04,299369.73,1798458.12,2097827.85,11997,931,932,420,19756,862,1329,569,869,2800,1229,8085,1239,2194,452
2024-11-26,INV_04,299369.73,1818532.42,2117902.15,11997,931,932,420,19756,862,1329,569,869,2800,1229,8085,1239,2194,452
2024-11-27,INV_04,254127.56,1875872.75,2130000.31,11997,1308,932,420,19756,862,1329,569,869,2800,1229,8085,1239,2194,452
2024-11-28,INV_04,215747.15,1926874.56,2142621.72,11997,1308,932,420,19756,862,1329,569,869,2800,1229,8085,1239,2194,708
2024-11-29,INV_04,215747.15,1925799.02,2141546.18,11997,1308,932,420,19756,862,1329,569,869,2800,1229,8085,1239,2194,708
2024-12-02,INV_04,183062.04,1977593.08,2160655.12,11997,1308,932,420,19756,862,1329,569,869,2800,1229,13570,1239,2194,708
2024-12-03,INV_04,155341.44,2025736.74,2181078.18,11997,1519,932,420,19756,862,1329,569,869,2800,1229,13570,1239,2194,708
2024-12-04,INV_04,131869.58,2080225.27,2212094.85,11997,1519,932,420,19756,862,1329,569,869,3107,1229,13570,1239,2194,708
2024-12-05,INV_04,214812.46,2012964.93,2227777.39,8997,1519,932,420,19756,862,1329,569,869,3107,1229,13570,1239,2194,708
2024-12-06,INV_04,182378.97,2053598.46,2235977.42,8997,1519,932,420,19756,862,1329,569,869,3107,1522,13570,1239,2194,708
2024-12-09,INV_04,154766.01,2099022.74,2253788.75,8997,1519,932,420,19756,862,1329,569,869,3107,1522,13570,1239,2194,883
2024-12-10,INV_04,131333.41,2129882.82,2261216.23,8997,1519,932,420,19756,862,1329,569,869,3415,1522,13570,1239,2194,883
2024-12-11,INV_04,111441.17,2149482.25,2260923.42,8997,1519,932,652,19756,862,1329,569,869,3415,1522,13570,1239,2194,883
2024-12-12,INV_04,111441.17,2160050.76,2271491.93,8997,1519,932,652,19756,862,1329,569,869,3415,1522,13570,1239,2194,883
2024-12-13,INV_04,94625.36,2224426.07,2319051.43,8997,1637,932,652,19756,862,1329,569,869,3415,1522,13570,1239,2194,883
2024-12-16,INV_04,80409.19,2296871.62,2377280.81,8997,1730,932,652,19756,862,1329,569,869,3415,1522,13570,1239,2194,883
2024-12-17,INV_04,125655.47,2252354.31,2378009.78,8997,1730,932,652,19756,862,1329,569,869,3415,1141,13570,1239,2194,883
2024-12-18,INV_04,125655.47,2268848.74,2394504.21,8997,1730,932,652,19756,862,1329,569,869,3415,1141,13570,1239,2194,883
2024-12-19,INV_04,125655.47,2275970.35,2401625.83,8997,1730,932,652,19756,862,1329,569,869,3415,1141,13570,1239,2194,883
2024-12-20,INV_04,106715.76,2333216.74,2439932.5,8997,1730,932,652,19756,862,1329,569,869,3415,1291,13570,1239,2194,883
2024-12-23,INV_04,90740.6,2382369.71,2473110.32,8997,1730,932,652,19756,862,1329,628,869,3415,1291,13570,1239,2194,883
2024-12-24,INV_04,76999.58,2431219.06,2508218.65,8997,1730,1035,652,19756,862,1329,628,869,3415,1291,13570,1239,2194,883
2024-12-26,INV_04,76999.58,2459070.34,2536069.93,8997,1730,1035,652,19756,862,1329,628,869,3415,1291,13570,1239,2194,883
2024-12-27,INV_04,76999.58,2462392.24,2539391.82,8997,1730,1035,652,19756,862,1329,628,869,3415,1291,13570,1239,2194,883
2024-12-30,INV_04,65438.01,2540960.32,2606398.33,8997,1730,1035,762,19756,862,1329,628,869,3415,1291,13570,1239,2194,883
2024-12-31,INV_04,55537.16,2596042.69,2651579.85,8997,1730,1035,762,19756,862,1329,628,869,3415,1291,13570,1239,2194,937
2025-01-01,INV_04,129353.69,2521480.54,2650834.23,6747,1730,1035,762,19756,862,1329,628,869,3415,1291,13570,1239,2194,937
2025-01-02,INV_04,109762.92,2587947.03,2697709.95,6747,1730,1035,762,19756,862,1329,628,869,3415,1291,16264,1239,2194,937
2025-01-03,INV_04,150694.62,2494750.15,2645444.78,6747,1730,1035,762,19756,862,1329,628,869,3415,1291,16264,1239,2194,702
2025-01-06,INV_04,186334.94,2441480.01,2627814.94,6747,1730,1035,762,19756,862,1329,628,869,3415,1291,16264,929,2194,702
2025-01-07,INV_04,226079.78,2377087.34,2603167.12,6747,1730,1035,762,19756,862,1329,628,869,3415,968,16264,929,2194,702
2025-01-08,INV_04,226079.78,2399427.89,2625507.67,6747,1730,1035,762,19756,862,1329,628,869,3415,968,16264,929,2194,702
2025-01-09,INV_04,279829.65,2319989.82,2599819.48,6747,1730,1035,762,14817,862,1329,628,869,3415,968,16264,929,2194,702
2025-01-10,INV_04,313515.68,2304740.91,2618256.58,6747,1730,776,762,14817,862,1329,628,869,3415,968,16264,929,2194,702
2025-01-13,INV_04,266075.66,2351711.22,2617786.88,6747,1730,776,762,14817,862,1329,628,869,3967,968,16264,929,2194,702
2025-01-14,INV_04,225822.56,2391565.78,2617388.33,6747,1730,776,1138,14817,862,1329,628,869,3967,968,16264,929,2194,702
2025-01-15,INV_04,191701.88,2470638.51,2662340.39,6747,1730,776,1138,14817,862,1329,628,869,3967,1243,16264,929,2194,702
2025-01-16,INV_04,162674.42,2522128.54,2684802.96,6747,1730,776,1138,14817,862,1329,628,869,3967,1243,16264,1178,2194,702
2025-01-17,INV_04,138043.91,2555969.4,2694013.3,6747,1865,776,1138,14817,862,1329,628,869,3967,1243,16264,1178,2194,702
2025-01-20,INV_04,117132.67,2588629.0,2705761.67,6747,1865,776,1138,14817,862,1329,628,869,3967,1243,19401,1178,2194,702
2025-01-21,INV_04,99408.06,2647410.73,2746818.79,7269,1865,776,1138,14817,862,1329,628,869,3967,1243,19401,1178,2194,702
2025-01-22,INV_04,84423.52,2703648.63,2788072.15,7269,1865,776,1138,14817,862,1329,628,869,4136,1243,19401,1178,2194,702
2025-01-23,INV_04,71634.1,2767343.09,2838977.19,7269,1865,776,1138,14817,862,1329,628,1406,4136,1243,19401,1178,2194,702
2025-01-24,INV_04,122886.95,2683088.77,2805975.72,7269,1865,776,1138,14817,862,1329,471,1406,4136,1243,19401,1178,2194,702
2025-01-27,INV_04,104281.83,2743044.82,2847326.65,7269,1865,776,1138,14817,862,1494,471,1406,4136,1243,19401,1178,2194,702
2025-01-28,INV_04,88552.43,2790782.2,2879334.63,7269,1865,776,1138,14817,862,1494,517,1406,4136,1243,19401,1178,2194,702
2025-01-29,INV_04,88552.43,2802678.35,2891230.78,7269,1865,776,1138,14817,862,1494,517,1406,4136,1243,19401,1178,2194,702
2025-01-30,INV_04,88552.43,2809037.32,2897589.75,7269,1865,776,1138,14817,862,1494,517,1406,4136,1243,19401,1178,2194,702
2025-01-31,INV_04,88552.43,2812246.94,2900799.37,7269,1865,776,1138,14817,862,1494,517,1406,4136,1243,19401,1178,2194,702
2025-02-03,INV_04,130776.61,2732688.48,2863465.09,7269,1865,776,1138,14817,862,1494,387,1406,4136,1243,19401,1178,2194,702
2025-02-05,INV_04,161322.08,2601171.0,2762493.08,7269,1865,776,1138,14817,862,1494,290,1406,4136,1243,19401,1178,2194,702
2025-02-06,INV_04,195789.34,2574961.29,2770750.63,7269,1865,776,1138,14817,862,1494,290,1406,4136,1243,19401,883,2194,702
2025-02-07,INV_04,290591.42,2531300.08,2821891.5,7269,1398,776,1138,14817,862,1494,290,1406,4136,1243,19401,883,2194,702
2025-02-10,INV_04,317342.22,2473499.59,2790841.81,7269,1398,776,1138,14817,862,1494,290,1406,4136,1243,19401,662,2194,702
2025-02-11,INV_04,317342.22,2436699.53,2754041.75,7269,1398,776,1138,14817,862,1494,290,1406,4136,1243,19401,662,2194,702
2025-02-13,INV_04,269356.35,2531273.36,2800629.71,7269,1398,776,1138,14817,862,1929,290,1406,4136,1243,19401,662,2194,702
2025-02-14,INV_04,228585.18,2635598.84,2864184.02,8272,1398,776,1138,14817,862,1929,290,1406,4136,1243,19401,662,2194,702
2025-02-17,INV_04,228585.18,2678809.22,2907394.4,8272,1398,776,1138,14817,862,1929,290,1406,4136,1243,19401,662,2194,702
2025-02-18,INV_04,193999.47,2734264.53,2928264.01,8272,1398,776,1415,14817,862,1929,290,1406,4136,1243,19401,662,2194,702
2025-02-19,INV_04,201649.35,2696426.04,2898075.39,8272,1398,776,1415,14817,862,1929,290,1054,4136,1243,19401,662,2194,702
2025-02-20,INV_04,229881.15,2625604.8,2855485.95,8272,1398,776,1415,14817,646,1929,290,1054,4136,1243,19401,662,2194,702
2025-02-21,INV_04,286391.54,2572291.28,2858682.82,8272,1398,776,1415,14817,646,1446,290,1054,4136,1243,19401,662,2194,702
2025-02-24,INV_04,292128.95,2517794.71,2809923.66,8272,1398,776,1415,14817,646,1446,290,790,4136,1243,19401,662,2194,702
2025-02-25,INV_04,332213.34,2432318.2,2764531.53,8272,1398,776,1061,14817,646,1446,290,790,4136,1243,19401,662,2194,702
2025-02-26,INV_04,413510.79,2350199.56,2763710.35,8272,1398,776,1061,14817,646,1446,290,790,3102,1243,19401,662,2194,702
2025-02-27,INV_04,440109.14,2337597.47,2777706.62,8272,1398,582,1061,14817,646,1446,290,790,3102,1243,19401,662,2194,702
2025-02-28,INV_04,373493.3,2408996.97,2782490.27,8272,1398,582,1061,14817,646,1446,290,790,3102,1243,19401,1177,2194,702
2025-03-03,INV_04,436742.31,2287957.12,2724699.43,8272,1398,582,1061,14817,646,1446,290,790,2326,1243,19401,1177,2194,702
2025-03-04,INV_04,458078.31,2237785.47,2695863.78,8272,1398,582,1061,14817,646,1446,217,790,2326,1243,19401,1177,2194,702
2025-03-05,INV_04,388792.78,2348848.97,2737641.76,8272,1398,582,1061,14817,646,1446,217,790,2326,1243,19401,1725,2194,702
2025-03-06,INV_04,329908.4,2403037.13,2732945.53,8272,1398,582,1061,14817,646,1446,217,790,2326,1730,19401,1725,2194,702
2025-03-07,INV_04,279935.45,2463604.92,2743540.36,8272,1398,582,1061,14817,646,1869,217,790,2326,1730,19401,1725,2194,702
2025-03-10,INV_04,313907.43,2409748.05,2723655.49,8272,1398,582,1061,14817,646,1869,217,790,2326,1730,19401,1725,2194,526
2025-03-11,INV_04,317880.97,2377525.85,2695406.82,8272,1398,582,1061,14817,646,1869,217,592,2326,1730,19401,1725,2194,526
2025-03-12,INV_04,269771.64,2458548.03,2728319.67,8272,1398,582,1498,14817,646,1869,217,592,2326,1730,19401,1725,2194,526
2025-03-14,INV_04,290346.94,2433750.97,2724097.91,8272,1398,582,1498,14817,484,1869,217,592,2326,1730,19401,1725,2194,526
2025-03-17,INV_04,344204.72,2335860.47,2680065.19,8272,1398,582,1498,14817,484,1401,217,592,2326,1730,19401,1725,2194,526
2025-03-18,INV_04,417949.92,2218821.56,2636771.49,6204,1398,582,1498,14817,484,1401,217,592,2326,1730,19401,1725,2194,526
2025-03-19,INV_04,420862.09,2220852.44,2641714.54,6204,1398,582,1498,14817,484,1401,217,444,2326,1730,19401,1725,2194,526
2025-03-20,INV_04,357186.9,2335708.31,2692895.2,6204,1398,582,1498,14817,484,1401,217,444,2326,1730,19401,1725,2793,526
2025-03-21,INV_04,382180.88,2345280.72,2727461.6,6204,1398,582,1498,14817,484,1401,217,444,2326,1730,19401,1725,2793,394
2025-03-24,INV_04,429892.47,2289996.41,2719888.88,6204,1398,582,1498,14817,484,1401,217,444,1744,1730,19401,1725,2793,394
2025-03-25,INV_04,449747.16,2275556.1,2725303.26,6204,1398,436,1498,14817,484,1401,217,444,1744,1730,19401,1725,2793,394
2025-03-26,INV_04,449747.16,2266815.56,2716562.72,6204,1398,436,1498,14817,484,1401,217,444,1744,1730,19401,1725,2793,394
2025-03-27,INV_04,449747.16,2274615.65,2724362.81,6204,1398,436,1498,14817,484,1401,217,444,1744,1730,19401,1725,2793,394
2025-03-28,INV_04,449747.16,2267052.65,2716799.81,6204,1398,436,1498,14817,484,1401,217,444,1744,1730,19401,1725,2793,394
2025-03-31,INV_04,381649.83,2334475.75,2716125.58,6204,1398,436,1498,14817,484,1401,217,444,1744,2281,19401,1725,2793,394
2025-04-01,INV_04,381649.83,2375902.49,2757552.32,6204,1398,436,1498,14817,484,1401,217,444,1744,2281,19401,1725,2793,394
2025-04-02,INV_04,453136.32,2322116.07,2775252.4,6204,1398,436,1498,14817,484,1401,217,444,1744,1710,19401,1725,2793,394
2025-04-03,INV_04,468054.88,2241201.45,2709256.33,6204,1398,327,1498,14817,484,1401,217,444,1744,1710,19401,1725,2793,394
2025-04-04,INV_04,483967.89,2177105.65,2661073.54,6204,1398,327,1498,14817,484,1401,162,444,1744,1710,19401,1725,2793,394
2025-04-07,INV_04,530892.69,2022338.99,2553231.67,6204,1398,327,1498,11112,484,1401,162,444,1744,1710,19401,1725,2793,394
2025-04-08,INV_04,450524.88,2186287.28,2636812.17,6204,1398,327,1498,11112,1102,1401,162,444,1744,1710,19401,1725,2793,394
2025-04-09,INV_04,450524.88,2136395.81,2586920.69,6204,1398,327,1498,11112,1102,1401,162,444,1744,1710,19401,1725,2793,394
2025-04-10,INV_04,382332.04,2317052.04,2699384.08,6204,1398,327,1498,11112,1102,1998,162,444,1744,1710,19401,1725,2793,394
2025-04-11,INV_04,324416.13,2359257.98,2683674.1,7775,1398,327,1498,11112,1102,1998,162,444,1744,1710,19401,1725,2793,394
2025-04-14,INV_04,275330.13,2407857.98,2683188.1,7775,1398,327,1498,11112,1102,1998,324,444,1744,1710,19401,1725,2793,394
2025-04-15,INV_04,328147.11,2354507.49,2682654.6,7775,1398,327,1498,11112,1102,1998,324,444,1744,1710,19401,1293,2793,394
2025-04-16,INV_04,328147.11,2380649.7,2708796.82,7775,1398,327,1498,11112,1102,1998,324,444,1744,1710,19401,1293,2793,394
2025-04-17,INV_04,278487.85,2430985.26,2709473.1,7775,1398,327,1498,11112,1102,1998,324,444,1744,2115,19401,1293,2793,394
2025-04-21,INV_04,278487.85,2448440.35,2726928.19,7775,1398,327,1498,11112,1102,1998,324,444,1744,2115,19401,1293,2793,394
2025-04-22,INV_04,280628.51,2428075.29,2708703.8,7775,1398,327,1498,11112,1102,1998,324,333,1744,2115,19401,1293,2793,394
2025-04-23,INV_04,280628.51,2424606.35,2705234.86,7775,1398,327,1498,11112,1102,1998,324,333,1744,2115,19401,1293,2793,394
2025-04-24,INV_04,291648.69,2424645.32,2716294.01,7775,1398,245,1498,11112,1102,1998,324,333,1744,2115,19401,1293,2793,394
2025-04-25,INV_04,247553.1,2487260.73,2734813.83,7775,1398,245,1498,11112,1102,1998,471,333,1744,2115,19401,1293,2793,394
2025-04-28,INV_04,259229.0,2296554.98,2555783.98,7775,1398,245,1498,11112,1102,1498,471,333,1744,2115,19401,1293,2793,394
2025-04-29,INV_04,259229.0,2297981.77,2557210.77,7775,1398,245,1498,11112,1102,1498,471,333,1744,2115,19401,1293,2793,394
2025-04-30,INV_04,259229.0,2287490.17,2546719.17,7775,1398,245,1498,11112,1102,1498,471,333,1744,2115,19401,1293,2793,394
2025-05-01,INV_04,259229.0,35334.34,294563.34,7775,1398,245,1498,11112,1102,1498,471,333,1744,2115,19401,1293,2793,394
2025-05-02,INV_04,219979.95,2329926.06,2549906.02,7775,1599,245,1498,11112,1102,1498,471,333,1744,2115,19401,1293,2793,394
2025-05-05,INV_04,186685.13,2371200.8,2557885.93,7775,1599,245,1498,11112,1102,1498,471,333,1744,2115,19401,1293,2793,570
2025-05-06,INV_04,186685.13,2380261.99,2566947.11,7775,1599,245,1498,11112,1102,1498,471,333,1744,2115,19401,1293,2793,570
2025-05-07,INV_04,258041.95,2287502.92,2545544.87,5831,1599,245,1498,11112,1102,1498,471,333,1744,2115,19401,1293,2793,570
2025-05-08,INV_04,219000.6,2338103.13,2557103.73,5831,1599,245,1498,11112,1102,1498,471,333,1744,2426,19401,1293,2793,570
2025-05-09,INV_04,219000.6,2336468.86,2555469.45,5831,1599,245,1498,11112,1102,1498,471,333,1744,2426,19401,1293,2793,570
2025-05-12,INV_04,185833.21,2369307.85,2555141.06,5831,1599,245,1498,11112,1350,1498,471,333,1744,2426,19401,1293,2793,570
2025-05-13,INV_04,194500.23,2360553.29,2555053.52,5831,1599,245,1498,11112,1350,1123,471,333,1744,2426,19401,1293,2793,570
2025-05-14,INV_04,165084.2,2440317.16,2605401.35,5831,1599,245,1498,11112,1350,1123,471,333,1744,2655,19401,1293,2793,570
2025-05-15,INV_04,165084.2,2462254.25,2627338.45,5831,1599,245,1498,11112,1350,1123,471,333,1744,2655,19401,1293,2793,570
2025-05-16,INV_04,140074.58,2480948.24,2621022.82,5831,1599,245,1498,11112,1350,1123,471,333,1744,2655,23528,1293,2793,570
2025-05-19,INV_04,118968.17,2493817.32,2612785.49,5831,1599,245,1498,11112,1350,1123,471,333,1744,2819,23528,1293,2793,570
2025-05-20,INV_04,146290.18,2452807.33,2599097.52,5831,1599,245,1498,11112,1350,1123,471,333,1744,2819,23528,1293,2793,427
2025-05-21,INV_04,124196.04,2486240.32,2610436.36,5831,1599,245,1498,11112,1350,1123,471,333,1744,2991,23528,1293,2793,427
2025-05-22,INV_04,124196.04,2505551.67,2629747.71,5831,1599,245,1498,11112,1350,1123,471,333,1744,2991,23528,1293,2793,427
2025-05-23,INV_04,144849.47,2488325.31,2633174.78,5831,1599,245,1498,11112,1350,1123,471,333,1744,2991,23528,1293,2793,320
2025-05-26,INV_04,198505.73,2447779.77,2646285.5,4373,1599,245,1498,11112,1350,1123,471,333,1744,2991,23528,1293,2793,320
2025-05-27,INV_04,270474.77,2387242.49,2657717.26,4373,1599,245,1498,11112,1350,1123,471,333,1744,2991,23528,1293,2094,320
2025-05-28,INV_04,318292.38,2349994.48,2668286.86,4373,1599,245,1498,11112,1012,1123,471,333,1744,2991,23528,1293,2094,320
2025-05-29,INV_04,363850.9,2323051.24,2686902.14,4373,1599,245,1498,11112,1012,1123,471,333,1744,2991,23528,969,2094,320
2025-05-30,INV_04,309014.21,2395043.29,2704057.49,4373,1599,245,1498,11112,1012,1123,646,333,1744,2991,23528,969,2094,320
2025-06-02,INV_04,262200.05,2485486.22,2747686.28,5492,1599,245,1498,11112,1012,1123,646,333,1744,2991,23528,969,2094,320
2025-06-03,INV_04,222480.09,2596708.72,2819188.81,5492,1599,245,1498,11112,1012,1123,646,333,1744,2991,29975,969,2094,320
2025-06-04,INV_04,188800.36,2641602.2,2830402.55,6282,1599,245,1498,11112,1012,1123,646,333,1744,2991,29975,969,2094,320
2025-06-05,INV_04,188800.36,2664094.69,2852895.04,6282,1599,245,1498,11112,1012,1123,646,333,1744,2991,29975,969,2094,320
2025-06-06,INV_04,234798.53,2607619.58,2842418.1,6282,1599,245,1498,11112,1012,1123,646,333,1744,2991,22481,969,2094,320
2025-06-09,INV_04,199388.43,2661591.53,2860979.96,6282,1599,245,1498,11112,1012,1123,752,333,1744,2991,22481,969,2094,320
2025-06-11,INV_04,169294.47,2725487.0,2894781.47,6282,1599,436,1498,11112,1012,1123,752,333,1744,2991,22481,969,2094,320
2025-06-12,INV_04,143652.39,2763913.44,2907565.83,6282,1599,436,1498,11112,1012,1123,752,333,1744,2991,26643,969,2094,320
2025-06-13,INV_04,176778.83,2696808.15,2873586.98,6282,1599,436,1498,11112,1012,1123,752,333,1744,2991,26643,726,2094,320
2025-06-16,INV_04,150075.84,2711668.37,2861744.21,6282,1599,436,1498,11112,1012,1123,752,333,1744,2991,26643,917,2094,320
2025-06-17,INV_04,127428.11,2724906.22,2852334.33,6282,1599,436,1696,11112,1012,1123,752,333,1744,2991,26643,917,2094,320
2025-06-18,INV_04,158837.17,2654820.05,2813657.21,6282,1599,436,1696,11112,1012,1123,752,333,1744,2991,26643,687,2094,320
2025-06-19,INV_04,256585.81,2523524.29,2780110.1,6282,1599,436,1696,11112,1012,1123,752,333,1744,2243,26643,687,2094,320
2025-06-20,INV_04,256585.81,2574466.35,2831052.16,6282,1599,436,1696,11112,1012,1123,752,333,1744,2243,26643,687,2094,320
2025-06-23,INV_04,279418.45,2490808.49,2770226.94,6282,1599,436,1696,11112,1012,1123,752,333,1744,2243,26643,515,2094,320
2025-06-24,INV_04,237184.12,2601369.6,2838553.72,6282,1599,436,1696,11112,1273,1123,752,333,1744,2243,26643,515,2094,320
2025-06-25,INV_04,201295.34,2636903.05,2838198.39,6282,1599,436,1696,11112,1273,1123,752,333,2057,2243,26643,515,2094,320
2025-06-26,INV_04,170874.14,2753955.07,2924829.21,6282,1599,436,1696,11112,1273,1123,752,333,2057,2243,26643,515,2345,320
2025-06-27,INV_04,170874.14,2749772.75,2920646.89,6282,1599,436,1696,11112,1273,1123,752,333,2057,2243,26643,515,2345,320
2025-06-30,INV_04,145123.06,2827325.84,2972448.9,6282,1698,436,1696,11112,1273,1123,752,333,2057,2243,26643,515,2345,320
2025-07-01,INV_04,212153.06,2769066.52,2981219.58,4711,1698,436,1696,11112,1273,1123,752,333,2057,2243,26643,515,2345,320
2025-07-02,INV_04,212153.06,2784007.4,2996160.46,4711,1698,436,1696,11112,1273,1123,752,333,2057,2243,26643,515,2345,320
2025-07-03,INV_04,229229.82,2751722.85,2980952.67,4711,1698,327,1696,11112,1273,1123,752,333,2057,2243,26643,515,2345,320
2025-07-04,INV_04,194502.99,2785005.95,2979508.94,4711,1698,327,1696,11112,1273,1123,752,333,2057,2243,26643,515,2637,320
2025-07-07,INV_04,194502.99,2778819.02,2973322.0,4711,1698,327,1696,11112,1273,1123,752,333,2057,2243,26643,515,2637,320
2025-07-08,INV_04,165172.59,2819287.56,2984460.15,4711,1698,327,1696,11112,1273,1123,840,333,2057,2243,26643,515,2637,320
2025-07-09,INV_04,140160.82,2874804.15,3014964.97,4711,1790,327,1696,11112,1273,1123,840,333,2057,2243,26643,515,2637,320
2025-07-10,INV_04,118948.49,2895806.45,3014754.95,4711,1790,327,1696,11112,1273,1123,840,333,2213,2243,26643,515,2637,320
2025-07-11,INV_04,100930.7,2977391.2,3078321.9,4711,1790,327,1696,12046,1273,1123,840,333,2213,2243,26643,515,2637,320
2025-07-14,INV_04,100930.7,3028350.44,3129281.14,4711,1790,327,1696,12046,1273,1123,840,333,2213,2243,26643,515,2637,320
2025-07-15,INV_04,100930.7,3046739.78,3147670.47,4711,1790,327,1696,12046,1273,1123,840,333,2213,2243,26643,515,2637,320
2025-07-16,INV_04,151826.6,2966031.16,3117857.75,4711,1790,327,1272,12046,1273,1123,840,333,2213,2243,26643,515,2637,320
2025-07-17,INV_04,191392.94,2933291.19,3124684.13,4711,1790,327,1272,12046,1273,1123,840,333,2213,2243,19982,515,2637,320
2025-07-18,INV_04,191392.94,2958740.29,3150133.22,4711,1790,327,1272,12046,1273,1123,840,333,2213,2243,19982,515,2637,320
2025-07-21,INV_04,162461.49,3007322.36,3169783.85,4711,1790,497,1272,12046,1273,1123,840,333,2213,2243,19982,515,2637,320
2025-07-22,INV_04,137865.46,3047579.87,3185445.34,4711,1790,497,1272,13321,1273,1123,840,333,2213,2243,19982,515,2637,320
2025-07-23,INV_04,117080.17,3090286.21,3207366.38,4711,1790,497,1272,13321,1273,1123,840,333,2213,2243,19982,515,2795,320
2025-07-24,INV_04,99554.65,3139337.42,3238892.07,4711,1790,497,1272,13321,1273,1123,888,333,2213,2243,19982,515,2795,320
2025-07-25,INV_04,84606.86,3190254.5,3274861.36,4711,1790,497,1272,13321,1358,1123,888,333,2213,2243,19982,515,2795,320
2025-07-28,INV_04,71789.96,3220511.53,3292301.49,4711,1790,497,1272,13321,1358,1123,888,333,2213,2243,22097,515,2795,320
2025-07-29,INV_04,60995.73,3241515.79,3302511.53,4711,1790,497,1272,13321,1358,1123,888,333,2213,2243,22097,515,2795,366
2025-07-30,INV_04,51861.54,3247866.83,3299728.38,4711,1790,497,1272,13321,1358,1123,913,333,2213,2243,22097,515,2795,366
2025-07-31,INV_04,51861.54,3265424.61,3317286.16,4711,1790,497,1272,13321,1358,1123,913,333,2213,2243,22097,515,2795,366
2025-08-01,INV_04,44105.34,3331404.37,3375509.71,4711,1790,497,1272,13321,1358,1123,913,333,2213,2243,22097,565,2795,366
2025-08-04,INV_04,118944.14,3227704.45,3346648.59,4711,1790,497,1272,13321,1358,1123,913,333,2213,1682,22097,565,2795,366
2025-08-05,INV_04,167347.72,3172246.92,3339594.64,4711,1790,497,954,13321,1358,1123,913,333,2213,1682,22097,565,2795,366
2025-08-06,INV_04,142043.68,3194956.64,3337000.32,4711,1790,497,954,13321,1358,1123,913,333,2213,1682,22097,565,2973,366
2025-08-07,INV_04,142043.68,3190534.2,3332577.88,4711,1790,497,954,13321,1358,1123,913,333,2213,1682,22097,565,2973,366
2025-08-11,INV_04,142043.68,3189148.95,3331192.63,4711,1790,497,954,13321,1358,1123,913,333,2213,1682,22097,565,2973,366
2025-08-12,INV_04,120544.13,3232633.47,3353177.61,4711,1790,497,954,13321,1358,1819,913,333,2213,1682,22097,565,2973,366
2025-08-13,INV_04,102296.38,3247367.55,3349663.93,4711,1790,497,954,13321,1358,1819,913,1129,2213,1682,22097,565,2973,366
2025-08-14,INV_04,124493.99,3203422.13,3327916.12,4711,1790,497,954,13321,1358,1819,913,1129,2213,1682,22097,565,2973,274
2025-08-15,INV_04,105714.31,3248673.69,3354388.0,4711,1790,497,954,13321,1466,1819,913,1129,2213,1682,22097,565,2973,274
2025-08-18,INV_04,89714.61,3299203.76,3388918.37,4711,1790,497,954,13321,1466,2349,913,1129,2213,1682,22097,565,2973,274
2025-08-19,INV_04,76244.94,3319662.12,3395907.06,4711,1790,497,954,13321,1466,2349,913,1129,2213,1682,22097,565,2973,323
2025-08-20,INV_04,64964.15,3352421.59,3417385.74,4711,1790,497,954,13321,1466,2349,913,1129,2213,1682,22097,565,2973,364
2025-08-21,INV_04,87164.75,3332031.55,3419196.3,4711,1790,497,954,13321,1466,2349,913,1129,2213,1682,22097,423,2973,364
2025-08-22,INV_04,119436.28,3289914.6,3409350.88,4711,1790,497,954,13321,1466,2349,913,1129,2213,1682,16572,423,2973,364
2025-08-25,INV_04,143635.54,3242403.23,3386038.77,4711,1790,497,954,13321,1466,2349,913,1129,2213,1682,12429,423,2973,364
2025-08-26,INV_04,220179.52,3178235.55,3398415.07,4711,1790,497,954,13321,1466,2349,913,1129,1659,1682,12429,423,2973,364
2025-08-27,INV_04,259101.86,3158672.21,3417774.07,4711,1790,497,715,13321,1466,2349,913,1129,1659,1682,12429,423,2973,364
2025-08-28,INV_04,259101.86,3161266.28,3420368.14,4711,1790,497,715,13321,1466,2349,913,1129,1659,1682,12429,423,2973,364
2025-08-29,INV_04,277563.38,3169669.49,3447232.88,4711,1790,497,715,13321,1466,2349,913,1129,1659,1682,9321,423,2973,364
2025-09-01,INV_04,235553.96,3224692.5,3460246.47,5399,1790,497,715,13321,1466,2349,913,1129,1659,1682,9321,423,2973,364
2025-09-02,INV_04,291091.23,3145655.14,3436746.37,5399,1790,497,715,13321,1466,2349,913,1129,1659,1261,9321,423,2973,364
2025-09-03,INV_04,394393.77,3022720.23,3417114.0,5399,1790,497,715,13321,1466,2349,913,1129,1659,1261,9321,423,2229,364
2025-09-04,INV_04,471870.68,2939099.32,3410970.0,5399,1790,497,715,13321,1466,2349,913,1129,1659,1261,9321,423,1671,364
2025-09-08,INV_04,495521.09,2899792.03,3395313.13,5399,1790,497,715,13321,1466,2349,913,1129,1659,1261,9321,423,1671,273
2025-09-09,INV_04,551904.07,2805899.92,3357803.99,5399,1790,497,715,13321,1466,2349,913,1129,1659,1261,9321,423,1253,273
2025-09-10,INV_04,468396.12,2904097.06,3372493.18,5399,2086,497,715,13321,1466,2349,913,1129,1659,1261,9321,423,1253,273
2025-09-11,INV_04,468396.12,2889347.93,3357744.05,5399,2086,497,715,13321,1466,2349,913,1129,1659,1261,9321,423,1253,273
2025-09-12,INV_04,530062.56,2824244.17,3354306.73,5399,2086,497,715,13321,1099,2349,913,1129,1659,1261,9321,423,1253,273
2025-09-15,INV_04,552677.87,2768368.9,3321046.77,5399,2086,372,715,13321,1099,2349,913,1129,1659,1261,9321,423,1253,273
2025-09-16,INV_04,468949.48,2884262.73,3353212.21,5399,2086,372,715,13321,1099,2349,913,1129,1659,1261,23614,423,1253,273
2025-09-17,INV_04,468949.48,2898134.7,3367084.17,5399,2086,372,715,13321,1099,2349,913,1129,1659,1261,23614,423,1253,273
2025-09-18,INV_04,556742.92,2841247.15,3397990.07,5399,2086,372,715,13321,1099,2349,684,1129,1659,1261,23614,423,1253,273
2025-09-19,INV_04,556742.92,2847136.28,3403879.21,5399,2086,372,715,13321,1099,2349,684,1129,1659,1261,23614,423,1253,273
2025-09-22,INV_04,472670.74,2942851.0,3415521.74,5399,2384,372,715,13321,1099,2349,684,1129,1659,1261,23614,423,1253,273
2025-09-23,INV_04,401081.33,3030733.14,3431814.47,5399,2384,372,715,16079,1099,2349,684,1129,1659,1261,23614,423,1253,273
2025-09-24,INV_04,340335.31,3122339.9,3462675.21,5399,2384,372,715,16079,1099,2349,684,3838,1659,1261,23614,423,1253,273
2025-09-25,INV_04,289021.72,3215171.37,3504193.09,5399,2553,372,715,16079,1099,2349,684,3838,1659,1261,23614,423,1253,273
2025-09-26,INV_04,245391.99,3272621.84,3518013.83,5399,2553,372,978,16079,1099,2349,684,3838,1659,1261,23614,423,1253,273
2025-09-29,INV_04,352846.59,3162803.38,3515649.97,5399,2553,372,978,12059,1099,2349,684,3838,1659,1261,23614,423,1253,273
2025-09-30,INV_04,352846.59,3163623.16,3516469.75,5399,2553,372,978,12059,1099,2349,684,3838,1659,1261,23614,423,1253,273
2025-10-01,INV_04,299670.09,3220764.1,3520434.19,5399,2553,372,978,12059,1099,2349,819,3838,1659,1261,23614,423,1253,273
2025-10-02,INV_04,254272.75,3282943.23,3537215.97,5399,2553,372,978,12059,1099,2349,819,5890,1659,1261,23614,423,1253,273
2025-10-03,INV_04,273521.6,3266203.64,3539725.23,5399,2553,372,978,12059,1099,1761,819,5890,1659,1261,23614,423,1253,273
2025-10-07,INV_04,356824.95,3177241.63,3534066.57,4049,2553,372,978,12059,1099,1761,819,5890,1659,1261,23614,423,1253,273
2025-10-08,INV_04,302904.08,3224595.6,3527499.67,4049,2553,643,978,12059,1099,1761,819,5890,1659,1261,23614,423,1253,273
2025-10-09,INV_04,302904.08,3219266.98,3522171.06,4049,2553,643,978,12059,1099,1761,819,5890,1659,1261,23614,423,1253,273
2025-10-10,INV_04,257031.83,3280291.17,3537323.0,4049,2553,643,978,12059,1099,1761,819,7992,1659,1261,23614,423,1253,273
2025-10-13,INV_04,257031.83,3278784.68,3535816.51,4049,2553,643,978,12059,1099,1761,819,7992,1659,1261,23614,423,1253,273
2025-10-14,INV_04,442510.25,3111946.45,3554456.7,4049,1914,643,978,12059,1099,1761,819,7992,1659,1261,23614,423,1253,273
2025-10-15,INV_04,509371.87,3039823.59,3549195.46,4049,1914,643,978,12059,1099,1761,819,7992,1244,1261,23614,423,1253,273
2025-10-16,INV_04,432495.77,3133073.64,3565569.41,4049,2171,643,978,12059,1099,1761,819,7992,1244,1261,23614,423,1253,273
2025-10-17,INV_04,366974.04,3218706.36,3585680.39,4049,2171,643,978,12059,1099,1761,819,7992,1244,1261,34799,423,1253,273
2025-10-21,INV_04,311465.95,3311612.68,3623078.63,4049,2171,643,978,12059,1099,1761,957,7992,1244,1261,34799,423,1253,273
2025-10-22,INV_04,311465.95,3308380.92,3619846.87,4049,2171,643,978,12059,1099,1761,957,7992,1244,1261,34799,423,1253,273
2025-10-23,INV_04,362634.74,3268999.46,3631634.2,4049,2171,643,978,12059,1099,1761,957,7992,933,1261,34799,423,1253,273
2025-10-24,INV_04,307801.13,3327256.82,3635057.96,4049,2345,643,978,12059,1099,1761,957,7992,933,1261,34799,423,1253,273
2025-10-27,INV_04,345501.42,3271991.56,3617492.98,4049,2345,643,978,12059,1099,1761,957,7992,699,1261,34799,423,1253,273
2025-10-28,INV_04,384915.79,3210740.13,3595655.92,4049,2345,643,733,12059,1099,1761,957,7992,699,1261,34799,423,1253,273
2025-10-29,INV_04,326623.16,3276784.27,3603407.43,4049,2345,643,733,12059,1099,3436,957,7992,699,1261,34799,423,1253,273
2025-10-30,INV_04,369795.08,3234071.38,3603866.46,4049,2345,643,733,12059,1099,3436,957,7992,699,945,34799,423,1253,273
2025-10-31,INV_04,313792.6,3288935.44,3602728.04,4049,2345,643,733,13971,1099,3436,957,7992,699,945,34799,423,1253,273
2025-11-03,INV_04,492236.06,3128634.62,3620870.69,4049,1758,643,733,13971,1099,3436,957,7992,699,945,34799,423,1253,273
2025-11-04,INV_04,544087.08,3073843.26,3617930.34,4049,1758,643,733,13971,824,3436,957,7992,699,945,34799,423,1253,273
2025-11-05,INV_04,544087.08,119759.03,663846.11,4049,1758,643,733,13971,824,3436,957,7992,699,945,34799,423,1253,273
2025-11-06,INV_04,461827.71,3178515.38,3640343.09,4049,1758,643,733,13971,1250,3436,957,7992,699,945,34799,423,1253,273
2025-11-07,INV_04,391939.36,3273048.21,3664987.58,4049,1758,643,733,13971,1250,3436,957,7992,699,945,34799,423,1253,500
2025-11-10,INV_04,332570.15,3396201.09,3728771.24,4049,1758,643,733,15849,1250,3436,957,7992,699,945,34799,423,1253,500
2025-11-11,INV_04,282314.16,3473021.66,3755335.81,4049,1758,643,733,15849,1250,3436,957,7992,1002,945,34799,423,1253,500
2025-11-12,INV_04,239588.85,3518796.93,3758385.78,4049,1758,643,733,15849,1250,3436,957,7992,1002,945,34799,650,1253,500
2025-11-13,INV_04,363567.35,3341498.45,3705065.8,4049,1758,643,733,11886,1250,3436,957,7992,1002,945,34799,650,1253,500
2025-11-14,INV_04,393050.36,3309492.55,3702542.91,4049,1758,643,733,11886,1250,3436,957,7992,1002,945,34799,487,1253,500
2025-11-17,INV_04,414911.72,3280668.64,3695580.36,4049,1758,643,733,11886,1250,3436,957,7992,1002,945,34799,365,1253,500
2025-11-18,INV_04,473852.03,3191100.34,3664952.38,4049,1758,643,733,11886,937,3436,957,7992,1002,945,34799,365,1253,500
2025-11-19,INV_04,539822.09,3110874.95,3650697.04,3036,1758,643,733,11886,937,3436,957,7992,1002,945,34799,365,1253,500
2025-11-20,INV_04,458174.53,3199047.51,3657222.04,3036,1758,643,733,11886,1362,3436,957,7992,1002,945,34799,365,1253,500
2025-11-21,INV_04,555531.13,3089812.39,3645343.51,3036,1758,643,733,11886,1362,3436,717,7992,1002,945,34799,365,1253,500
2025-11-24,INV_04,605923.21,2989591.1,3595514.3,2277,1758,643,733,11886,1362,3436,717,7992,1002,945,34799,365,1253,500
2025-11-25,INV_04,514134.41,3097560.57,3611694.98,2277,1758,643,1301,11886,1362,3436,717,7992,1002,945,34799,365,1253,500
2025-11-26,INV_04,436267.45,3179580.87,3615848.32,2277,1758,1011,1301,11886,1362,3436,717,7992,1002,945,34799,365,1253,500
2025-11-27,INV_04,370457.48,3221231.1,3591688.58,2277,1758,1011,1301,11886,1362,3436,717,7992,1002,945,34799,365,1253,718
2025-11-28,INV_04,314345.24,3277577.51,3591922.75,2277,1758,1011,1301,11886,1362,3436,717,10517,1002,945,34799,365,1253,718
2025-12-01,INV_04,394963.71,3105635.29,3500599.0,2277,1758,1011,1301,8914,1362,3436,717,10517,1002,945,34799,365,1253,718
2025-12-02,INV_04,335193.25,3191490.66,3526683.91,2277,1758,1011,1301,8914,1683,3436,717,10517,1002,945,34799,365,1253,718
2025-12-03,INV_04,383362.2,3081742.35,3465104.55,2277,1758,1011,975,8914,1683,3436,717,10517,1002,945,34799,365,1253,718
2025-12-05,INV_04,444488.07,2979067.66,3423555.72,2277,1758,1011,975,6685,1683,3436,717,10517,1002,945,34799,365,1253,718
2025-12-08,INV_04,444488.07,2975424.74,3419912.81,2277,1758,1011,975,6685,1683,3436,717,10517,1002,945,34799,365,1253,718
2025-12-09,INV_04,444488.07,3012618.61,3457106.68,2277,1758,1011,975,6685,1683,3436,717,10517,1002,945,34799,365,1253,718
2025-12-10,INV_04,377267.52,3119894.78,3497162.3,2277,1758,1011,975,6685,1683,3436,717,10517,1002,1467,34799,365,1253,718
2025-12-11,INV_04,320237.36,3204145.78,3524383.14,2277,1758,1011,975,6685,1683,3436,717,10517,1002,1909,34799,365,1253,718
2025-12-12,INV_04,271739.65,3253501.74,3525241.39,2277,1758,1011,975,6685,1683,3436,717,12792,1002,1909,34799,365,1253,718
2025-12-15,INV_04,313590.5,3182840.47,3496430.97,1707,1758,1011,975,6685,1683,3436,717,12792,1002,1909,34799,365,1253,718
2025-12-16,INV_04,380099.24,3111496.23,3491595.47,1707,1758,1011,975,6685,1683,3436,717,9594,1002,1909,34799,365,1253,718
2025-12-17,INV_04,322516.58,3180051.26,3502567.83,2484,1758,1011,975,6685,1683,3436,717,9594,1002,1909,34799,365,1253,718
2025-12-18,INV_04,322516.58,3165462.42,3487979.0,2484,1758,1011,975,6685,1683,3436,717,9594,1002,1909,34799,365,1253,718
2025-12-19,INV_04,322516.58,3158770.56,3481287.14,2484,1758,1011,975,6685,1683,3436,717,9594,1002,1909,34799,365,1253,718
2025-12-22,INV_04,273710.35,3182872.06,3456582.41,2484,1758,1011,975,6685,1683,3436,717,9594,1002,2291,34799,365,1253,718
2025-12-23,INV_04,302964.45,3154548.19,3457512.64,2484,1758,1011,975,6685,1683,2577,717,9594,1002,2291,34799,365,1253,718
2025-12-24,INV_04,324930.58,3133204.07,3458134.64,2484,1758,1011,975,6685,1683,1932,717,9594,1002,2291,34799,365,1253,718
2025-12-25,INV_04,359473.66,919324.87,1278798.52,2484,1758,1011,731,6685,1683,1932,717,9594,1002,2291,34799,365,1253,718
2025-12-26,INV_04,305088.19,3168474.64,3473562.82,2484,1758,1011,731,6685,1683,1932,717,9594,1002,2291,34799,365,1639,718
2025-12-29,INV_04,341544.73,3124294.33,3465839.06,2484,1758,1011,731,6685,1683,1932,717,9594,751,2291,34799,365,1639,718
2025-12-30,INV_04,290085.09,3204060.87,3494145.96,2484,1758,1011,731,6685,1683,1932,717,9594,751,2291,34799,365,1639,883
2025-12-31,INV_04,246289.47,3264816.79,3511106.26,2484,1758,1227,731,6685,1683,1932,717,9594,751,2291,34799,365,1639,883
2026-01-02,INV_04,320885.47,3218911.4,3539796.88,2484,1758,1227,731,6685,1683,1932,717,9594,751,1718,34799,365,1639,883
2026-01-05,INV_04,336583.64,3216802.53,3553386.17,2484,1758,1227,731,6685,1683,1932,717,9594,751,1718,34799,273,1639,883
2026-01-06,INV_04,285595.61,3332125.72,3617721.33,2484,1758,1227,731,6685,1683,1932,717,9594,751,1718,43503,273,1639,883
2026-01-07,INV_04,242343.16,3374949.93,3617293.09,3038,1758,1227,731,6685,1683,1932,717,9594,751,1718,43503,273,1639,883
2026-01-08,INV_04,242343.16,3374949.93,3617293.09,3038,1758,1227,731,6685,1683,1932,717,9594,751,1718,43503,273,1639,883
2026-01-09,INV_04,205657.74,3489391.86,3695049.6,3038,1758,1227,731,7872,1683,1932,717,9594,751,1718,43503,273,1639,883
2026-01-12,INV_04,174501.56,3513140.31,3687641.87,3038,1758,1227,731,7872,1683,1932,717,9594,751,1718,48560,273,1639,883
2026-01-13,INV_04,174501.56,3519420.66,3693922.22,3038,1758,1227,731,7872,1683,1932,717,9594,751,1718,48560,273,1639,883
2026-01-14,INV_04,148195.28,3591534.38,3739729.67,3038,1758,1227,731,7872,1810,1932,717,9594,751,1718,48560,273,1639,883
2026-01-16,INV_04,125744.79,3614385.77,3740130.56,3038,1758,1227,731,7872,1918,1932,717,9594,751,1718,48560,273,1639,883
2026-01-19,INV_04,137871.62,3585504.61,3723376.23,3038,1758,1227,731,7872,1918,1932,717,9594,751,1718,48560,204,1639,883
2026-01-20,INV_04,116993.71,3621503.19,3738496.89,3038,1758,1227,731,7872,1918,2526,717,9594,751,1718,48560,204,1639,883
2026-01-21,INV_04,99466.93,3702171.83,3801638.75,3038,1758,1227,731,7872,1918,2526,758,9594,751,1718,48560,204,1639,883
2026-01-22,INV_04,99466.93,3676924.26,3776391.19,3038,1758,1227,731,7872,1918,2526,758,9594,751,1718,48560,204,1639,883
2026-01-23,INV_04,84401.77,3712667.06,3797068.83,3038,1758,1227,731,7872,1918,2526,758,10275,751,1718,48560,204,1639,883
2026-01-26,INV_04,153621.82,3643072.96,3796694.78,3038,1758,920,731,7872,1918,2526,758,10275,751,1718,48560,204,1639,883
2026-01-27,INV_04,130350.97,3663975.67,3794326.64,3038,1758,920,731,7872,1918,2526,758,11299,751,1718,48560,204,1639,883
2026-01-28,INV_04,110720.08,3679146.53,3789866.61,3038,1758,920,731,7872,2000,2526,758,11299,751,1718,48560,204,1639,883
2026-01-29,INV_04,191179.86,3590498.95,3781678.81,3038,1758,920,731,7872,2000,2526,568,11299,751,1718,48560,204,1639,883
2026-01-30,INV_04,162236.49,3630925.02,3793161.51,3038,1758,920,731,7872,2000,2526,568,12567,751,1718,48560,204,1639,883
2026-02-02,INV_04,213412.06,3552452.99,3765865.05,3038,1758,690,731,7872,2000,2526,568,12567,751,1718,48560,204,1639,883
2026-02-03,INV_04,181172.86,3583206.75,3764379.61,3038,1872,690,731,7872,2000,2526,568,12567,751,1718,48560,204,1639,883
2026-02-05,INV_04,153742.27,3610449.47,3764191.74,3038,1872,690,731,8695,2000,2526,568,12567,751,1718,48560,204,1639,883
2026-02-06,INV_04,130791.28,3641514.53,3772305.81,3038,1872,690,731,8695,2000,2526,621,12567,751,1718,48560,204,1639,883
2026-02-09,INV_04,130791.28,3637515.94,3768307.22,3038,1872,690,731,8695,2000,2526,621,12567,751,1718,48560,204,1639,883
2026-02-10,INV_04,111032.05,3644048.57,3755080.62,3312,1872,690,731,8695,2000,2526,621,12567,751,1718,48560,204,1639,883
2026-02-11,INV_04,111032.05,3650964.44,3761996.49,3312,1872,690,731,8695,2000,2526,621,12567,751,1718,48560,204,1639,883
2026-02-12,INV_04,94213.73,3647610.67,3741824.4,3312,1872,690,731,8695,2000,2526,621,12567,751,1718,51431,204,1639,883
2026-02-13,INV_04,80008.08,3666450.85,3746458.93,3506,1872,690,731,8695,2000,2526,621,12567,751,1718,51431,204,1639,883
2026-02-16,INV_04,67887.47,3711739.38,3779626.86,3506,1872,690,731,8695,2000,2880,621,12567,751,1718,51431,204,1639,883
2026-02-17,INV_04,141510.43,3640082.88,3781593.31,3506,1872,690,731,8695,2000,2880,621,12567,751,1718,51431,204,1639,662
2026-02-18,INV_04,141510.43,3647442.53,3788952.95,3506,1872,690,731,8695,2000,2880,621,12567,751,1718,51431,204,1639,662
2026-02-19,INV_04,205846.27,3582456.83,3788303.1,2629,1872,690,731,8695,2000,2880,621,12567,751,1718,51431,204,1639,662
2026-02-20,INV_04,205846.27,3582456.83,3788303.1,2629,1872,690,731,8695,2000,2880,621,12567,751,1718,51431,204,1639,662
2026-02-23,INV_04,205846.27,3582456.83,3788303.1,2629,1872,690,731,8695,2000,2880,621,12567,751,1718,51431,204,1639,662
2026-02-24,INV_04,230010.19,3558048.83,3788059.02,2629,1872,690,731,8695,2000,2160,621,12567,751,1718,51431,204,1639,662
2026-02-25,INV_04,230010.19,3558048.83,3788059.02,2629,1872,690,731,8695,2000,2160,621,12567,751,1718,51431,204,1639,662
2026-02-26,INV_04,292518.79,3494908.83,3787427.62,2629,1872,690,731,8695,2000,2160,621,12567,751,1718,51431,204,1229,662
2026-02-27,INV_04,248289.29,3538700.41,3786989.7,2629,1872,690,731,8695,2000,2160,621,12567,751,1718,51431,204,1229,791
2026-03-02,INV_04,210719.11,3573591.34,3784310.45,3131,1872,690,731,8695,2000,2160,621,12567,751,1718,51431,204,1229,791
2026-03-03,INV_04,281018.22,3502582.14,3783600.36,3131,1872,690,731,8695,2000,2160,621,9425,751,1718,51431,204,1229,791
2026-03-04,INV_04,399323.22,2087294.55,2486617.77,3131,1872,690,731,8695,1500,2160,621,9425,751,1718,51431,204,1229,791
2020-01-01,INV_05,1000000.0,0.0,1000000.0,0,0,0,0,0,0,0,0,0,0,0,0,0,0,0
2020-01-02,INV_05,848502.12,149997.9,998500.02,0,0,0,0,0,0,0,0,0,0,0,38461,0,0,0
2020-01-03,INV_05,719982.54,288783.3,1008765.84,0,0,0,1857,0,0,0,0,0,0,0,38461,0,0,0
2020-01-06,INV_05,719982.54,281091.1,1001073.65,0,0,0,1857,0,0,0,0,0,0,0,38461,0,0,0
2020-01-07,INV_05,751314.42,244738.79,996053.21,0,0,0,1392,0,0,0,0,0,0,0,38461,0,0,0
2020-01-08,INV_05,774126.18,215278.35,989404.53,0,0,0,1044,0,0,0,0,0,0,0,38461,0,0,0
2020-01-09,INV_05,656862.34,339877.16,996739.51,0,0,0,1044,0,0,0,0,0,4568,0,38461,0,0,0
2020-01-10,INV_05,694941.7,301413.16,996354.87,0,0,0,1044,0,0,0,0,0,4568,0,28845,0,0,0
2020-01-13,INV_05,589666.09,407173.65,996839.75,0,0,0,1044,0,0,0,0,0,8669,0,28845,0,0,0
2020-01-14,INV_05,589666.09,402585.59,992251.68,0,0,0,1044,0,0,0,0,0,8669,0,28845,0,0,0
2020-01-15,INV_05,589666.09,402585.59,992251.68,0,0,0,1044,0,0,0,0,0,8669,0,28845,0,0,0
2020-01-16,INV_05,617511.63,371484.75,988996.37,0,0,0,1044,0,0,0,0,0,8669,0,21633,0,0,0
2020-01-17,INV_05,617511.63,368839.17,986350.8,0,0,0,1044,0,0,0,0,0,8669,0,21633,0,0,0
2020-01-20,INV_05,637860.28,345479.93,983340.21,0,0,0,1044,0,0,0,0,0,8669,0,16224,0,0,0
2020-01-21,INV_05,637860.28,345801.43,983661.71,0,0,0,1044,0,0,0,0,0,8669,0,16224,0,0,0
2020-01-22,INV_05,541224.79,443365.86,984590.65,0,0,0,1044,0,0,0,0,0,8669,0,40757,0,0,0
2020-01-23,INV_05,459336.45,527070.51,986406.96,0,0,0,1044,0,0,0,0,496,8669,0,40757,0,0,0
2020-01-24,INV_05,389753.43,599825.02,989578.45,0,0,0,1044,0,0,0,0,496,8669,4783,40757,0,0,0
2020-01-27,INV_05,409447.62,570638.15,980085.77,0,0,0,1044,0,0,0,0,372,8669,4783,40757,0,0,0
2020-01-28,INV_05,426337.61,550257.45,976595.06,0,0,0,783,0,0,0,0,372,8669,4783,40757,0,0,0
2020-01-29,INV_05,361762.67,623245.83,985008.5,0,0,0,783,0,0,0,0,372,8669,4783,40757,2756,0,0
2020-01-30,INV_05,376371.11,603305.2,979676.31,0,0,0,783,0,0,0,0,279,8669,4783,40757,2756,0,0
2020-01-31,INV_05,414705.89,565469.26,980175.15,0,0,0,783,0,0,0,0,279,8669,4783,30567,2756,0,0
2020-02-03,INV_05,414705.89,563331.77,978037.65,0,0,0,783,0,0,0,0,279,8669,4783,30567,2756,0,0
2020-02-04,INV_05,414705.89,563331.77,978037.65,0,0,0,783,0,0,0,0,279,8669,4783,30567,2756,0,0
2020-02-05,INV_05,469917.69,509756.2,979673.89,0,0,0,783,0,0,0,0,279,6501,4783,30567,2756,0,0
2020-02-06,INV_05,398766.5,581156.85,979923.35,0,0,0,783,0,0,0,0,279,6501,4783,30567,2756,0,1187
2020-02-07,INV_05,398766.5,581576.93,980343.44,0,0,0,783,0,0,0,0,279,6501,4783,30567,2756,0,1187
2020-02-10,INV_05,411465.11,564870.58,976335.69,0,0,0,587,0,0,0,0,279,6501,4783,30567,2756,0,1187
2020-02-11,INV_05,411465.11,565098.24,976563.35,0,0,0,587,0,0,0,0,279,6501,4783,30567,2756,0,1187
2020-02-12,INV_05,420877.02,551755.14,972632.16,0,0,0,440,0,0,0,0,279,6501,4783,30567,2756,0,1187
2020-02-13,INV_05,431468.66,540684.07,972152.73,0,0,0,440,0,0,0,0,209,6501,4783,30567,2756,0,1187
2020-02-14,INV_05,431468.66,543286.01,974754.67,0,0,0,440,0,0,0,0,209,6501,4783,30567,2756,0,1187
2020-02-17,INV_05,431468.66,539488.18,970956.83,0,0,0,440,0,0,0,0,209,6501,4783,30567,2756,0,1187
2020-02-18,INV_05,366114.79,604642.01,970756.8,0,0,0,440,0,0,0,0,209,6501,9509,30567,2756,0,1187
2020-02-19,INV_05,310658.84,663479.77,974138.61,0,0,0,1279,0,0,0,0,209,6501,9509,30567,2756,0,1187
2020-02-20,INV_05,310658.84,660581.04,971239.87,0,0,0,1279,0,0,0,0,209,6501,9509,30567,2756,0,1187
2020-02-21,INV_05,263597.6,707176.32,970773.92,0,0,736,1279,0,0,0,0,209,6501,9509,30567,2756,0,1187
2020-02-24,INV_05,223684.38,744032.29,967716.66,0,0,736,1279,0,0,0,0,209,8006,9509,30567,2756,0,1187
2020-02-25,INV_05,235088.57,721161.4,956249.97,0,0,552,1279,0,0,0,0,209,8006,9509,30567,2756,0,1187
2020-02-26,INV_05,261568.1,687176.49,948744.59,0,0,552,1279,0,0,0,0,209,8006,9509,22925,2756,0,1187
2020-02-27,INV_05,261568.1,683036.76,944604.86,0,0,552,1279,0,0,0,0,209,8006,9509,22925,2756,0,1187
2020-02-28,INV_05,261568.1,676599.71,938167.81,0,0,552,1279,0,0,0,0,209,8006,9509,22925,2756,0,1187
2020-03-02,INV_05,261568.1,684770.75,946338.85,0,0,552,1279,0,0,0,0,209,8006,9509,22925,2756,0,1187
2020-03-03,INV_05,221949.15,729524.87,951474.02,0,0,552,1908,0,0,0,0,209,8006,9509,22925,2756,0,1187
2020-03-04,INV_05,241243.06,691240.78,932483.84,0,0,552,1908,0,0,0,0,209,8006,9509,17193,2756,0,1187
2020-03-05,INV_05,290976.85,633004.19,923981.03,0,0,552,1908,0,0,0,0,209,6004,9509,17193,2756,0,1187
2020-03-06,INV_05,328144.55,577872.57,906017.13,0,0,552,1908,0,0,0,0,209,4503,9509,17193,2756,0,1187
2020-03-09,INV_05,278438.0,627086.98,905524.98,0,0,552,1908,0,0,0,0,209,4503,13324,17193,2756,0,1187
2020-03-10,INV_05,236315.43,658869.94,895185.38,0,632,552,1908,0,0,0,0,209,4503,13324,17193,2756,0,1187
2020-03-11,INV_05,200514.57,710553.91,911068.48,0,632,552,1908,0,0,0,0,209,4503,13324,28270,2756,0,1187
2020-03-12,INV_05,207722.27,664126.06,871848.34,0,632,414,1908,0,0,0,0,209,4503,13324,28270,2756,0,1187
2020-03-13,INV_05,212944.14,633259.41,846203.54,0,632,310,1908,0,0,0,0,209,4503,13324,28270,2756,0,1187
2020-03-16,INV_05,180688.47,665195.71,845884.18,0,632,310,2518,0,0,0,0,209,4503,13324,28270,2756,0,1187
2020-03-17,INV_05,180688.47,665195.71,845884.18,0,632,310,2518,0,0,0,0,209,4503,13324,28270,2756,0,1187
2020-03-18,INV_05,180688.47,665195.71,845884.18,0,632,310,2518,0,0,0,0,209,4503,13324,28270,2756,0,1187
2020-03-19,INV_05,180688.47,665195.71,845884.18,0,632,310,2518,0,0,0,0,209,4503,13324,28270,2756,0,1187
2020-03-20,INV_05,186620.75,603574.09,790194.84,0,632,310,2518,0,0,0,0,156,4503,13324,28270,2756,0,1187
2020-03-23,INV_05,201756.39,588285.56,790041.96,0,632,310,2518,0,0,0,0,156,4503,13324,28270,2756,0,890
2020-03-24,INV_05,201756.39,588285.56,790041.96,0,632,310,2518,0,0,0,0,156,4503,13324,28270,2756,0,890
2020-03-25,INV_05,201756.39,588285.56,790041.96,0,632,310,2518,0,0,0,0,156,4503,13324,28270,2756,0,890
2020-03-26,INV_05,171226.63,618513.05,789739.68,0,632,1025,2518,0,0,0,0,156,4503,13324,28270,2756,0,890
2020-03-27,INV_05,171226.63,618513.05,789739.68,0,632,1025,2518,0,0,0,0,156,4503,13324,28270,2756,0,890
2020-03-30,INV_05,171226.63,618513.05,789739.68,0,632,1025,2518,0,0,0,0,156,4503,13324,28270,2756,0,890
2020-03-31,INV_05,171226.63,618513.05,789739.68,0,632,1025,2518,0,0,0,0,156,4503,13324,28270,2756,0,890
2020-04-01,INV_05,180609.74,609035.17,789644.9,0,632,1025,2518,0,0,0,0,156,4503,13324,28270,2067,0,890
2020-04-02,INV_05,196003.84,593485.56,789489.41,0,632,1025,2518,0,0,0,0,156,4503,13324,21202,2067,0,890
2020-04-03,INV_05,196003.84,593485.56,789489.41,0,632,1025,2518,0,0,0,0,156,4503,13324,21202,2067,0,890
2020-04-06,INV_05,196003.84,593485.56,789489.41,0,632,1025,2518,0,0,0,0,156,4503,13324,21202,2067,0,890
2020-04-07,INV_05,196003.84,593485.56,789489.41,0,632,1025,2518,0,0,0,0,156,4503,13324,21202,2067,0,890
2020-04-08,INV_05,196003.84,593485.56,789489.41,0,632,1025,2518,0,0,0,0,156,4503,13324,21202,2067,0,890
2020-04-09,INV_05,196003.84,593485.56,789489.41,0,632,1025,2518,0,0,0,0,156,4503,13324,21202,2067,0,890
2020-04-10,INV_05,166314.01,622881.43,789195.45,0,632,1025,2518,5225,0,0,0,156,4503,13324,21202,2067,0,890
2020-04-13,INV_05,166314.01,622881.43,789195.45,0,632,1025,2518,5225,0,0,0,156,4503,13324,21202,2067,0,890
2020-04-14,INV_05,141118.86,647827.13,788945.99,0,632,1025,2518,9659,0,0,0,156,4503,13324,21202,2067,0,890
2020-04-15,INV_05,119771.79,668962.84,788734.63,0,632,1025,2971,9659,0,0,0,156,4503,13324,21202,2067,0,890
2020-04-16,INV_05,126812.53,661850.99,788663.52,0,632,1025,2971,9659,0,0,0,156,4503,13324,21202,1550,0,890
2020-04-17,INV_05,107603.74,680869.59,788473.33,1738,632,1025,2971,9659,0,0,0,156,4503,13324,21202,1550,0,890
2020-04-20,INV_05,141923.37,646203.3,788126.67,1738,632,1025,2228,9659,0,0,0,156,4503,13324,21202,1550,0,890
2020-04-21,INV_05,120441.42,667472.56,787913.97,1738,632,1025,2228,9659,0,0,0,156,5594,13324,21202,1550,0,890
2020-04-22,INV_05,125153.94,662712.43,787866.37,1303,632,1025,2228,9659,0,0,0,156,5594,13324,21202,1550,0,890
2020-04-23,INV_05,106232.64,681446.39,787679.03,1303,632,1025,2228,9659,0,357,0,156,5594,13324,21202,1550,0,890
2020-04-24,INV_05,90190.6,697329.6,787520.2,1303,632,1025,2228,9659,0,357,0,156,5594,13324,21202,1550,297,890
2020-04-27,INV_05,90190.6,697329.6,787520.2,1303,632,1025,2228,9659,0,357,0,156,5594,13324,21202,1550,297,890
2020-04-28,INV_05,117191.64,670055.83,787247.46,1303,632,1025,2228,9659,0,357,0,156,4195,13324,21202,1550,297,890
2020-04-29,INV_05,117191.64,670055.83,787247.46,1303,632,1025,2228,9659,0,357,0,156,4195,13324,21202,1550,297,890
2020-04-30,INV_05,128737.21,658393.63,787130.84,1303,632,1025,2228,9659,0,357,0,156,4195,13324,15901,1550,297,890
2020-05-01,INV_05,128737.21,658393.63,787130.84,1303,632,1025,2228,9659,0,357,0,156,4195,13324,15901,1550,297,890
2020-05-04,INV_05,134021.17,653056.3,787077.47,1303,632,1025,2228,9659,0,357,0,156,4195,13324,15901,1162,297,890
2020-05-05,INV_05,113809.34,673068.01,786877.35,1303,632,1025,2228,9659,0,357,0,333,4195,13324,15901,1162,297,890
2020-05-06,INV_05,123645.71,663132.28,786777.99,1303,474,1025,2228,9659,0,357,0,333,4195,13324,15901,1162,297,890
2020-05-07,INV_05,143891.66,642681.83,786573.49,1303,474,1025,2228,9659,0,357,0,333,3146,13324,15901,1162,297,890
2020-05-08,INV_05,143891.66,642681.83,786573.49,1303,474,1025,2228,9659,0,357,0,333,3146,13324,15901,1162,297,890
2020-05-11,INV_05,143891.66,614486.86,758378.53,1303,474,1025,2228,9659,0,357,0,333,3146,13324,15901,1162,297,890
2020-05-12,INV_05,153753.13,569587.16,723340.29,1303,474,768,2228,9659,0,357,0,333,3146,13324,15901,1162,297,890
2020-05-13,INV_05,130482.78,619359.33,749842.1,1303,474,768,2835,9659,0,357,0,333,3146,13324,15901,1162,297,890
2020-05-14,INV_05,110793.02,640716.33,751509.35,1303,474,768,2835,9659,0,357,0,566,3146,13324,15901,1162,297,890
2020-05-15,INV_05,110793.02,662101.84,772894.86,1303,474,768,2835,9659,0,357,0,566,3146,13324,15901,1162,297,890
2020-05-18,INV_05,114779.54,680379.78,795159.32,977,474,768,2835,9659,0,357,0,566,3146,13324,15901,1162,297,890
2020-05-19,INV_05,97395.47,712745.52,810140.99,977,474,768,2835,9659,1720,357,0,566,3146,13324,15901,1162,297,890
2020-05-20,INV_05,82640.09,724457.63,807097.72,977,474,768,2835,9659,1720,357,0,566,3146,13324,15901,2115,297,890
2020-05-21,INV_05,86997.31,746886.09,833883.39,977,474,768,2835,9659,1290,357,0,566,3146,13324,15901,2115,297,890
2020-05-22,INV_05,99199.65,724807.02,824006.68,977,474,768,2835,9659,1290,357,0,566,3146,13324,11925,2115,297,890
2020-05-25,INV_05,99199.65,724807.02,824006.68,977,474,768,2835,9659,1290,357,0,566,3146,13324,11925,2115,297,890
2020-05-26,INV_05,84190.66,740199.91,824390.56,977,474,768,3127,9659,1290,357,0,566,3146,13324,11925,2115,297,890
2020-05-27,INV_05,84190.66,742597.55,826788.2,977,474,768,3127,9659,1290,357,0,566,3146,13324,11925,2115,297,890
2020-05-28,INV_05,71448.61,765302.09,836750.7,977,474,768,3127,9659,1290,357,0,566,3146,13324,11925,2888,297,890
2020-05-29,INV_05,71448.61,754930.01,826378.62,977,474,768,3127,9659,1290,357,0,566,3146,13324,11925,2888,297,890
2020-06-01,INV_05,87906.22,731746.89,819653.11,977,474,768,3127,7244,1290,357,0,566,3146,13324,11925,2888,297,890
2020-06-02,INV_05,74596.06,742921.29,817517.35,2016,474,768,3127,7244,1290,357,0,566,3146,13324,11925,2888,297,890
2020-06-03,INV_05,74596.06,742362.7,816958.76,2016,474,768,3127,7244,1290,357,0,566,3146,13324,11925,2888,297,890
2020-06-04,INV_05,74596.06,743372.96,817969.01,2016,474,768,3127,7244,1290,357,0,566,3146,13324,11925,2888,297,890
2020-06-05,INV_05,79754.21,738162.7,817916.91,2016,474,768,3127,7244,1290,267,0,566,3146,13324,11925,2888,297,890
2020-06-08,INV_05,67689.92,765376.09,833066.02,2016,474,768,3127,7244,1290,482,0,566,3146,13324,11925,2888,297,890
2020-06-09,INV_05,57452.68,785214.98,842667.66,2016,474,989,3127,7244,1290,482,0,566,3146,13324,11925,2888,297,890
2020-06-10,INV_05,48799.29,795097.7,843896.99,2016,474,989,3127,7244,1290,482,0,641,3146,13324,11925,2888,297,890
2020-06-11,INV_05,48799.29,799367.42,848166.71,2016,474,989,3127,7244,1290,482,0,641,3146,13324,11925,2888,297,890
2020-06-12,INV_05,48799.29,795123.51,843922.8,2016,474,989,3127,7244,1290,482,0,641,3146,13324,11925,2888,297,890
2020-06-15,INV_05,48799.29,791711.77,840511.06,2016,474,989,3127,7244,1290,482,0,641,3146,13324,11925,2888,297,890
2020-06-16,INV_05,48799.29,799199.01,847998.3,2016,474,989,3127,7244,1290,482,0,641,3146,13324,11925,2888,297,890
2020-06-17,INV_05,48799.29,806868.73,855668.02,2016,474,989,3127,7244,1290,482,0,641,3146,13324,11925,2888,297,890
2020-06-18,INV_05,48799.29,823650.7,872449.99,2016,474,989,3127,7244,1290,482,0,641,3146,13324,11925,2888,297,890
2020-06-19,INV_05,66433.99,808554.51,874988.5,2016,474,989,3127,7244,1290,482,0,641,2359,13324,11925,2888,297,890
2020-06-22,INV_05,56410.62,834834.52,891245.14,2016,474,989,3316,7244,1290,482,0,641,2359,13324,11925,2888,297,890
2020-06-23,INV_05,47979.87,848164.77,896144.65,2016,474,989,3316,7244,1290,482,0,712,2359,13324,11925,2888,297,890
2020-06-24,INV_05,52634.47,843048.03,895682.51,2016,474,989,3316,7244,1290,482,0,712,2359,13324,11925,2888,222,890
2020-06-25,INV_05,44688.59,884492.53,929181.12,2016,474,989,3316,7244,1290,619,0,712,2359,13324,11925,2888,222,890
2020-06-26,INV_05,44688.59,886538.3,931226.89,2016,474,989,3316,7244,1290,619,0,712,2359,13324,11925,2888,222,890
2020-06-29,INV_05,44688.59,879208.75,923897.34,2016,474,989,3316,7244,1290,619,0,712,2359,13324,11925,2888,222,890
2020-06-30,INV_05,58454.11,858740.2,917194.31,2016,474,989,3316,5433,1290,619,0,712,2359,13324,11925,2888,222,890
2020-07-01,INV_05,69872.53,843889.6,913762.13,2016,474,989,3316,5433,1290,619,0,712,2359,13324,11925,2888,222,667
2020-07-02,INV_05,77143.74,827360.64,904504.38,2016,355,989,3316,5433,1290,619,0,712,2359,13324,11925,2888,222,667
2020-07-03,INV_05,89476.05,797929.71,887405.76,2016,355,989,3316,5433,1290,619,0,712,2359,13324,11925,2166,222,667
2020-07-06,INV_05,98890.2,783775.16,882665.36,2016,355,989,3316,5433,1290,619,0,712,2359,13324,11925,1624,222,667
2020-07-07,INV_05,83915.43,808937.48,892852.91,2988,355,989,3316,5433,1290,619,0,712,2359,13324,11925,1624,222,667
2020-07-08,INV_05,93657.62,791962.58,885620.2,2988,355,989,3316,5433,1290,619,0,712,2359,13324,8943,1624,222,667
2020-07-09,INV_05,79498.5,810370.2,889868.69,2988,588,989,3316,5433,1290,619,0,712,2359,13324,8943,1624,222,667
2020-07-10,INV_05,121256.52,743125.03,864381.54,2988,588,989,3316,5433,1290,619,0,712,2359,9993,8943,1624,222,667
2020-07-13,INV_05,139919.71,701703.29,841623.0,2988,588,989,3316,5433,1290,619,0,534,2359,9993,8943,1624,222,667
2020-07-14,INV_05,139919.71,713143.15,853062.86,2988,588,989,3316,5433,1290,619,0,534,2359,9993,8943,1624,222,667
2020-07-15,INV_05,139919.71,707558.82,847478.53,2988,588,989,3316,5433,1290,619,0,534,2359,9993,8943,1624,222,667
2020-07-16,INV_05,171247.63,683325.07,854572.7,2988,588,989,3316,5433,1290,619,0,534,2359,7494,8943,1624,222,667
2020-07-17,INV_05,145304.37,717042.08,862346.44,2988,588,989,3316,5433,1290,619,0,534,2359,7494,16970,1624,222,667
2020-07-20,INV_05,123311.05,747399.7,870710.75,2988,588,989,3316,5433,1290,619,0,534,3356,7494,16970,1624,222,667
2020-07-21,INV_05,131879.32,736457.72,868337.04,2988,588,989,3316,5433,1290,464,0,534,3356,7494,16970,1624,222,667
2020-07-22,INV_05,131879.32,734938.84,866818.16,2988,588,989,3316,5433,1290,464,0,534,3356,7494,16970,1624,222,667
2020-07-23,INV_05,131879.32,737646.98,869526.3,2988,588,989,3316,5433,1290,464,0,534,3356,7494,16970,1624,222,667
2020-07-24,INV_05,111910.09,760416.3,872326.39,2988,588,989,3316,5433,1290,464,0,534,4268,7494,16970,1624,222,667
2020-07-27,INV_05,122641.18,752792.73,875433.91,2988,588,989,3316,4074,1290,464,0,534,4268,7494,16970,1624,222,667
2020-07-28,INV_05,134718.67,733201.33,867920.0,2241,588,989,3316,4074,1290,464,0,534,4268,7494,16970,1624,222,667
2020-07-29,INV_05,134718.67,730894.67,865613.35,2241,588,989,3316,4074,1290,464,0,534,4268,7494,16970,1624,222,667
2020-07-30,INV_05,134718.67,727791.03,862509.7,2241,588,989,3316,4074,1290,464,0,534,4268,7494,16970,1624,222,667
2020-07-31,INV_05,134718.67,735390.4,870109.07,2241,588,989,3316,4074,1290,464,0,534,4268,7494,16970,1624,222,667
2020-08-03,INV_05,114359.76,755547.74,869907.5,2241,588,989,3316,4074,1290,825,0,534,4268,7494,16970,1624,222,667
2020-08-04,INV_05,97044.54,778293.62,875338.16,2241,588,989,3673,4074,1290,825,0,534,4268,7494,16970,1624,222,667
2020-08-05,INV_05,97044.54,779746.18,876790.72,2241,588,989,3673,4074,1290,825,0,534,4268,7494,16970,1624,222,667
2020-08-06,INV_05,82372.99,799334.96,881707.95,2241,831,989,3673,4074,1290,825,0,534,4268,7494,16970,1624,222,667
2020-08-07,INV_05,69900.09,809897.46,879797.55,2241,831,989,3673,4074,1290,825,0,534,4268,8434,16970,1624,222,667
2020-08-10,INV_05,69900.09,804646.03,874546.12,2241,831,989,3673,4074,1290,825,0,534,4268,8434,16970,1624,222,667
2020-08-11,INV_05,69900.09,811233.54,881133.63,2241,831,989,3673,4074,1290,825,0,534,4268,8434,16970,1624,222,667
2020-08-12,INV_05,79522.84,807287.11,886809.95,1680,831,989,3673,4074,1290,825,0,534,4268,8434,16970,1624,222,667
2020-08-13,INV_05,67528.88,826067.47,893596.35,1680,831,989,3673,4074,1290,825,0,534,4268,8434,16970,1624,418,667
2020-08-14,INV_05,57313.87,843956.45,901270.32,1680,831,989,3673,4074,1290,825,0,534,4728,8434,16970,1624,418,667
2020-08-17,INV_05,48730.96,849898.65,898629.61,1680,831,989,3673,4074,1290,825,0,602,4728,8434,16970,1624,418,667
2020-08-18,INV_05,48730.96,858748.74,907479.7,1680,831,989,3673,4074,1290,825,0,602,4728,8434,16970,1624,418,667
2020-08-19,INV_05,48730.96,878336.24,927067.21,1680,831,989,3673,4074,1290,825,0,602,4728,8434,16970,1624,418,667
2020-08-20,INV_05,48730.96,880814.24,929545.2,1680,831,989,3673,4074,1290,825,0,602,4728,8434,16970,1624,418,667
2020-08-21,INV_05,48730.96,898751.94,947482.9,1680,831,989,3673,4074,1290,825,0,602,4728,8434,16970,1624,418,667
2020-08-24,INV_05,56707.34,889992.05,946699.39,1680,831,989,3673,3055,1290,825,0,602,4728,8434,16970,1624,418,667
2020-08-25,INV_05,72669.51,867134.74,939804.24,1680,831,989,3673,3055,1290,825,0,602,4728,8434,12727,1624,418,667
2020-08-26,INV_05,61666.63,874460.35,936126.98,1680,831,989,3673,4445,1290,825,0,602,4728,8434,12727,1624,418,667
2020-08-27,INV_05,66222.43,870562.55,936784.98,1680,831,989,3673,4445,967,825,0,602,4728,8434,12727,1624,418,667
2020-08-28,INV_05,56273.39,882284.7,938558.08,1680,831,989,3673,4445,967,825,0,677,4728,8434,12727,1624,418,667
2020-08-31,INV_05,56273.39,881386.63,937660.02,1680,831,989,3673,4445,967,825,0,677,4728,8434,12727,1624,418,667
2020-09-01,INV_05,85356.08,852010.18,937366.25,1680,831,989,3673,4445,967,825,0,677,4728,6325,12727,1624,418,667
2020-09-02,INV_05,72425.52,863766.12,936191.64,2345,831,989,3673,4445,967,825,0,677,4728,6325,12727,1624,418,667
2020-09-03,INV_05,75948.47,854963.73,930912.19,2345,831,989,3673,4445,725,825,0,677,4728,6325,12727,1624,418,667
2020-09-04,INV_05,75948.47,850525.54,926474.01,2345,831,989,3673,4445,725,825,0,677,4728,6325,12727,1624,418,667
2020-09-07,INV_05,84423.76,836218.66,920642.42,2345,831,989,3673,3333,725,825,0,677,4728,6325,12727,1624,418,667
2020-09-08,INV_05,84423.76,838223.42,922647.18,2345,831,989,3673,3333,725,825,0,677,4728,6325,12727,1624,418,667
2020-09-09,INV_05,71667.96,859658.58,931326.54,2345,831,989,3673,3333,725,825,0,677,4728,6325,12727,1624,418,925
2020-09-10,INV_05,60813.2,873631.54,934444.74,2345,831,989,3673,3333,725,825,0,677,4728,6325,12727,2262,418,925
2020-09-11,INV_05,51600.99,887455.9,939056.88,2345,831,989,3673,3333,725,825,0,677,4728,6325,15333,2262,418,925
2020-09-14,INV_05,43787.28,904872.15,948659.44,2345,831,989,3673,3333,1192,825,0,677,4728,6325,15333,2262,418,925
2020-09-15,INV_05,43787.28,906968.35,950755.64,2345,831,989,3673,3333,1192,825,0,677,4728,6325,15333,2262,418,925
2020-09-16,INV_05,50201.02,915160.54,965361.56,2345,831,989,3673,2499,1192,825,0,677,4728,6325,15333,2262,418,925
2020-09-17,INV_05,42598.55,950811.69,993410.24,2345,831,989,3673,3451,1192,825,0,677,4728,6325,15333,2262,418,925
2020-09-18,INV_05,42598.55,967235.66,1009834.21,2345,831,989,3673,3451,1192,825,0,677,4728,6325,15333,2262,418,925
2020-09-21,INV_05,42598.55,979162.44,1021760.98,2345,831,989,3673,3451,1192,825,0,677,4728,6325,15333,2262,418,925
2020-09-22,INV_05,42598.55,977203.72,1019802.26,2345,831,989,3673,3451,1192,825,0,677,4728,6325,15333,2262,418,925
2020-09-23,INV_05,54571.34,966062.05,1020633.38,2345,831,989,3673,3451,1192,825,0,677,4728,6325,15333,2262,418,693
2020-09-24,INV_05,46306.71,975189.55,1021496.26,2345,831,989,3673,3451,1192,825,0,677,4728,6325,17606,2262,418,693
2020-09-25,INV_05,46306.71,981360.36,1027667.06,2345,831,989,3673,3451,1192,825,0,677,4728,6325,17606,2262,418,693
2020-09-28,INV_05,46306.71,987646.91,1033953.62,2345,831,989,3673,3451,1192,825,0,677,4728,6325,17606,2262,418,693
2020-09-29,INV_05,60446.42,969904.01,1030350.43,2345,831,741,3673,3451,1192,825,0,677,4728,6325,17606,2262,418,693
2020-09-30,INV_05,67920.16,957695.52,1025615.68,2345,831,741,3673,3451,1192,825,0,677,4728,6325,17606,2262,313,693
2020-10-01,INV_05,57630.49,967883.32,1025513.8,2345,831,741,3673,3451,1192,825,0,677,4728,6325,20287,2262,313,693
2020-10-02,INV_05,48909.27,982420.07,1031329.34,2771,831,741,3673,3451,1192,825,0,677,4728,6325,20287,2262,313,693
2020-10-05,INV_05,61032.65,882912.4,943945.06,2771,623,741,3673,3451,1192,825,0,677,4728,6325,20287,2262,313,693
2020-10-06,INV_05,70831.01,862288.66,933119.67,2771,623,741,3673,3451,1192,825,0,677,4728,6325,20287,1696,313,693
2020-10-07,INV_05,70831.01,871631.2,942462.21,2771,623,741,3673,3451,1192,825,0,677,4728,6325,20287,1696,313,693
2020-10-08,INV_05,88907.62,873913.1,962820.72,2771,623,741,3673,3451,1192,825,0,677,4728,6325,15215,1696,313,693
2020-10-09,INV_05,75445.01,898841.57,974286.58,2771,623,741,3673,3451,1192,825,0,677,4728,6325,15215,1696,513,693
2020-10-12,INV_05,89050.06,879420.87,968470.92,2771,623,741,3673,3451,1192,618,0,677,4728,6325,15215,1696,513,693
2020-10-13,INV_05,75647.5,882462.04,958109.54,2771,623,741,3673,3451,1192,618,145,677,4728,6325,15215,1696,513,693
2020-10-14,INV_05,83305.68,891316.18,974621.85,2771,623,741,3673,3451,1192,618,145,677,4728,6325,15215,1272,513,693
2020-10-15,INV_05,70688.08,919042.53,989730.61,2771,623,741,3673,3451,1650,618,145,677,4728,6325,15215,1272,513,693
2020-10-16,INV_05,96246.08,890212.6,986458.68,2771,623,741,3673,3451,1650,618,145,677,3546,6325,15215,1272,513,693
2020-10-19,INV_05,110268.85,878834.24,989103.09,2078,623,741,3673,3451,1650,618,145,677,3546,6325,15215,1272,513,693
2020-10-20,INV_05,121028.96,867148.65,988177.61,2078,467,741,3673,3451,1650,618,145,677,3546,6325,15215,1272,513,693
2020-10-21,INV_05,128890.43,815021.27,943911.71,2078,467,741,3673,3451,1650,618,145,677,3546,6325,15215,1272,384,693
2020-10-22,INV_05,128890.43,820339.31,949229.74,2078,467,741,3673,3451,1650,618,145,677,3546,6325,15215,1272,384,693
2020-10-23,INV_05,128890.43,820788.17,949678.6,2078,467,741,3673,3451,1650,618,145,677,3546,6325,15215,1272,384,693
2020-10-26,INV_05,136202.8,799285.85,935488.66,2078,350,741,3673,3451,1650,618,145,677,3546,6325,15215,1272,384,693
2020-10-27,INV_05,136202.8,799466.56,935669.37,2078,350,741,3673,3451,1650,618,145,677,3546,6325,15215,1272,384,693
2020-10-28,INV_05,145478.11,778653.88,924132.0,2078,350,741,3673,3451,1237,618,145,677,3546,6325,15215,1272,384,693
2020-10-29,INV_05,123448.66,822334.23,945782.89,2078,350,741,3673,3451,1237,618,145,847,3546,6325,15215,1272,384,693
2020-10-30,INV_05,123448.66,822334.23,945782.89,2078,350,741,3673,3451,1237,618,145,847,3546,6325,15215,1272,384,693
2020-11-02,INV_05,131305.8,808645.18,939950.99,2078,350,741,3673,3451,1237,618,145,847,3546,6325,15215,1272,384,519
2020-11-03,INV_05,176019.37,777868.82,953888.19,2078,350,741,2754,3451,1237,618,145,847,3546,6325,15215,1272,384,519
2020-11-04,INV_05,176019.37,782835.14,958854.52,2078,350,741,2754,3451,1237,618,145,847,3546,6325,15215,1272,384,519
2020-11-05,INV_05,176019.37,792125.99,968145.37,2078,350,741,2754,3451,1237,618,145,847,3546,6325,15215,1272,384,519
2020-11-06,INV_05,149372.59,830254.93,979627.53,2078,350,1229,2754,3451,1237,618,145,847,3546,6325,15215,1272,384,519
2020-11-09,INV_05,126762.39,853739.71,980502.11,3151,350,1229,2754,3451,1237,618,145,847,3546,6325,15215,1272,384,519
2020-11-10,INV_05,126762.39,860181.86,986944.25,3151,350,1229,2754,3451,1237,618,145,847,3546,6325,15215,1272,384,519
2020-11-11,INV_05,107574.93,884804.79,992379.73,4047,350,1229,2754,3451,1237,618,145,847,3546,6325,15215,1272,384,519
2020-11-12,INV_05,107574.93,873630.27,981205.2,4047,350,1229,2754,3451,1237,618,145,847,3546,6325,15215,1272,384,519
2020-11-13,INV_05,113294.56,869271.14,982565.7,4047,262,1229,2754,3451,1237,618,145,847,3546,6325,15215,1272,384,519
2020-11-16,INV_05,113294.56,868816.1,982110.66,4047,262,1229,2754,3451,1237,618,145,847,3546,6325,15215,1272,384,519
2020-11-17,INV_05,120346.1,862183.62,982529.72,4047,262,1229,2754,2588,1237,618,145,847,3546,6325,15215,1272,384,519
2020-11-18,INV_05,125632.72,855191.03,980823.76,4047,262,1229,2754,1941,1237,618,145,847,3546,6325,15215,1272,384,519
2020-11-19,INV_05,106612.68,869920.65,976533.33,4047,262,1229,2754,1941,1237,618,356,847,3546,6325,15215,1272,384,519
2020-11-20,INV_05,90479.69,887203.88,977683.57,4047,262,1229,2754,1941,1237,618,356,847,4263,6325,15215,1272,384,519
2020-11-23,INV_05,99029.38,878905.85,977935.23,4047,262,1229,2754,1941,927,618,356,847,4263,6325,15215,1272,384,519
2020-11-24,INV_05,84054.7,896000.75,980055.45,4047,262,1229,2754,1941,927,618,523,847,4263,6325,15215,1272,384,519
2020-11-25,INV_05,71332.94,912448.32,983781.26,4047,262,1229,2754,1941,927,618,665,847,4263,6325,15215,1272,384,519
2020-11-26,INV_05,83165.13,902256.7,985421.83,4047,262,1229,2754,1941,927,463,665,847,4263,6325,15215,1272,384,519
2020-11-27,INV_05,70573.2,917904.89,988478.09,4047,262,1229,2754,1941,927,463,665,847,4263,6325,15215,1272,384,782
2020-11-30,INV_05,59883.04,939030.22,998913.26,4567,262,1229,2754,1941,927,463,665,847,4263,6325,15215,1272,384,782
2020-12-01,INV_05,59883.04,950141.27,1010024.31,4567,262,1229,2754,1941,927,463,665,847,4263,6325,15215,1272,384,782
2020-12-02,INV_05,59883.04,951307.01,1011190.05,4567,262,1229,2754,1941,927,463,665,847,4263,6325,15215,1272,384,782
2020-12-03,INV_05,59883.04,955586.43,1015469.47,4567,262,1229,2754,1941,927,463,665,847,4263,6325,15215,1272,384,782
2020-12-04,INV_05,59883.04,965646.41,1025529.45,4567,262,1229,2754,1941,927,463,665,847,4263,6325,15215,1272,384,782
2020-12-07,INV_05,90998.06,950152.5,1041150.56,4567,262,1229,2754,1941,927,463,665,635,4263,6325,15215,1272,384,782
2020-12-08,INV_05,90998.06,966638.95,1057637.01,4567,262,1229,2754,1941,927,463,665,635,4263,6325,15215,1272,384,782
2020-12-09,INV_05,77260.91,981096.96,1058357.87,4567,459,1229,2754,1941,927,463,665,635,4263,6325,15215,1272,384,782
2020-12-10,INV_05,77260.91,972999.16,1050260.07,4567,459,1229,2754,1941,927,463,665,635,4263,6325,15215,1272,384,782
2020-12-11,INV_05,77260.91,977396.42,1054657.33,4567,459,1229,2754,1941,927,463,665,635,4263,6325,15215,1272,384,782
2020-12-14,INV_05,86948.17,966092.29,1053040.46,4567,459,1229,2754,1941,927,463,665,635,4263,6325,15215,954,384,782
2020-12-15,INV_05,91086.11,950870.46,1041956.57,4567,459,1229,2754,1455,927,463,665,635,4263,6325,15215,954,384,782
2020-12-16,INV_05,108866.23,931010.1,1039876.33,4567,459,921,2754,1455,927,463,665,635,4263,6325,15215,954,384,782
2020-12-17,INV_05,111940.44,920438.08,1032378.52,4567,459,921,2754,1091,927,463,665,635,4263,6325,15215,954,384,782
2020-12-18,INV_05,135091.5,894147.86,1029239.36,4567,459,921,2754,1091,927,463,665,476,4263,6325,15215,954,384,782
2020-12-21,INV_05,159438.88,868541.78,1027980.66,4567,459,921,2754,1091,927,463,665,476,3197,6325,15215,954,384,782
2020-12-22,INV_05,135419.05,892941.38,1028360.44,4567,459,921,2754,1091,927,463,665,641,3197,6325,15215,954,384,782
2020-12-23,INV_05,142884.59,884169.31,1027053.9,4567,344,921,2754,1091,927,463,665,641,3197,6325,15215,954,384,782
2020-12-24,INV_05,142884.59,888656.77,1031541.36,4567,344,921,2754,1091,927,463,665,641,3197,6325,15215,954,384,782
2020-12-25,INV_05,121253.93,910073.27,1031327.2,4567,344,921,2754,1091,927,463,665,641,4124,6325,15215,954,384,782
2020-12-28,INV_05,121253.93,917578.78,1038832.72,4567,344,921,2754,1091,927,463,665,641,4124,6325,15215,954,384,782
2020-12-29,INV_05,135187.98,903503.98,1038691.97,4567,344,921,2754,1091,927,463,665,641,4124,6325,11411,954,384,782
2020-12-30,INV_05,114764.97,927916.1,1042681.08,4567,344,921,2754,1091,927,463,871,641,4124,6325,11411,954,384,782
2020-12-31,INV_05,138144.72,902362.43,1040507.16,4567,344,921,2754,1091,927,463,871,480,4124,6325,11411,954,384,782
2021-01-01,INV_05,117220.28,923079.7,1040299.98,5560,344,921,2754,1091,927,463,871,480,4124,6325,11411,954,384,782
2021-01-04,INV_05,99475.09,948610.1,1048085.19,5560,344,921,2754,1091,927,463,871,480,4124,6325,11411,954,660,782
2021-01-05,INV_05,84460.47,974598.71,1059059.17,5560,344,921,2754,1091,927,463,1018,480,4124,6325,11411,954,660,782
2021-01-06,INV_05,101909.67,954069.99,1055979.66,5560,344,921,2754,1091,927,463,1018,360,4124,6325,11411,954,660,782
2021-01-07,INV_05,109688.42,947921.75,1057610.17,5560,344,921,2754,1091,927,463,1018,360,4124,6325,11411,715,660,782
2021-01-08,INV_05,93078.0,974158.56,1067236.56,5560,344,921,2754,1091,927,463,1018,360,4124,6325,11411,715,920,782
2021-01-11,INV_05,118219.53,948272.31,1066491.84,5560,344,921,2754,1091,927,463,1018,360,3093,6325,11411,715,920,782
2021-01-12,INV_05,100321.86,973291.41,1073613.26,5560,344,921,2754,1091,927,463,1018,360,3093,6325,11411,715,920,1144
2021-01-13,INV_05,85272.7,1005010.72,1090283.42,5560,344,921,2754,1091,927,463,1018,459,3093,6325,11411,715,920,1144
2021-01-14,INV_05,91504.57,998715.9,1090220.47,5560,344,921,2754,1091,927,463,1018,459,3093,6325,11411,536,920,1144
2021-01-15,INV_05,77679.3,1054867.26,1132546.57,5560,553,921,2754,1091,927,463,1018,459,3093,6325,11411,536,920,1144
2021-01-18,INV_05,65922.76,1138917.83,1204840.6,5560,553,921,2754,1091,927,463,1018,459,3093,6833,11411,536,920,1144
2021-01-19,INV_05,55986.83,1157533.7,1213520.54,5560,553,921,2754,1091,927,463,1018,459,3093,6833,11411,536,920,1327
2021-01-20,INV_05,47548.16,1193957.07,1241505.23,5560,553,921,2754,1091,927,557,1018,459,3093,6833,11411,536,920,1327
2021-01-21,INV_05,74824.25,1197016.49,1271840.74,5560,553,921,2754,1091,927,557,763,459,3093,6833,11411,536,920,1327
2021-01-22,INV_05,92546.68,1221682.57,1314229.25,5560,553,921,2754,1091,927,557,763,459,3093,6833,11411,536,920,995
2021-01-25,INV_05,78542.83,1264610.62,1343153.44,5560,553,921,2754,1091,927,557,763,459,3464,6833,11411,536,920,995
2021-01-26,INV_05,80960.95,1245401.45,1326362.4,5560,553,921,2754,818,927,557,763,459,3464,6833,11411,536,920,995
2021-01-27,INV_05,68735.29,1286174.47,1354909.75,5560,553,921,2754,818,927,557,763,459,3464,6833,11411,821,920,995
2021-01-28,INV_05,68735.29,1286174.47,1354909.75,5560,553,921,2754,818,927,557,763,459,3464,6833,11411,821,920,995
2021-01-29,INV_05,90201.26,1233927.72,1324128.98,5560,553,921,2754,818,927,557,763,459,3464,6833,8558,821,920,995
2021-02-01,INV_05,112478.81,1187067.71,1299546.52,5560,553,921,2754,818,927,557,572,459,3464,6833,8558,821,920,995
2021-02-02,INV_05,124111.6,1084602.54,1208714.14,5560,553,921,2754,818,927,417,572,459,3464,6833,8558,821,920,995
2021-02-03,INV_05,105342.94,1141812.75,1247155.69,5560,553,921,2754,818,927,417,572,459,3464,6833,8558,1302,920,995
2021-02-04,INV_05,117771.4,1129258.75,1247030.15,5560,553,921,2754,818,927,417,572,459,3464,6833,8558,1302,920,746
2021-02-05,INV_05,117771.4,1126939.95,1244711.35,5560,553,921,2754,818,927,417,572,459,3464,6833,8558,1302,920,746
2021-02-08,INV_05,99934.73,1144600.02,1244534.75,5560,553,921,2754,2855,927,417,572,459,3464,6833,8558,1302,920,746
2021-02-09,INV_05,99934.73,1144622.49,1244557.22,5560,553,921,2754,2855,927,417,572,459,3464,6833,8558,1302,920,746
2021-02-10,INV_05,108936.82,1042746.5,1151683.32,5560,553,921,2754,2855,927,417,572,459,3464,6833,8558,1302,920,559
2021-02-11,INV_05,108936.82,1034309.21,1143246.02,5560,553,921,2754,2855,927,417,572,459,3464,6833,8558,1302,920,559
2021-02-12,INV_05,108936.82,1093905.69,1202842.51,5560,553,921,2754,2855,927,417,572,459,3464,6833,8558,1302,920,559
2021-02-15,INV_05,121058.66,1048898.11,1169956.77,5560,553,921,2754,2855,695,417,572,459,3464,6833,8558,1302,920,559
2021-02-16,INV_05,129809.36,1006414.09,1136223.45,5560,553,921,2754,2855,521,417,572,459,3464,6833,8558,1302,920,559
2021-02-17,INV_05,135888.56,998762.95,1134651.52,5560,553,921,2754,2141,521,417,572,459,3464,6833,8558,1302,920,559
2021-02-18,INV_05,115384.73,1047674.41,1163059.14,5560,553,921,2754,2141,521,417,763,459,3464,6833,8558,1302,920,559
2021-02-19,INV_05,131486.08,1031161.22,1162647.31,5560,553,921,2754,2141,521,417,763,459,3464,6833,6418,1302,920,559
2021-02-22,INV_05,160662.92,978716.13,1139379.04,4170,553,921,2754,2141,521,417,763,459,3464,6833,6418,1302,920,559
2021-02-23,INV_05,181242.45,922829.08,1104071.53,3127,553,921,2754,2141,521,417,763,459,3464,6833,6418,1302,920,559
2021-02-24,INV_05,190853.71,907897.5,1098751.2,3127,553,921,2754,2141,521,417,763,459,3464,6833,6418,976,920,559
2021-02-25,INV_05,161940.26,950746.75,1112687.01,3127,553,921,2754,5391,521,417,763,459,3464,6833,6418,976,920,559
2021-02-26,INV_05,137412.76,975031.4,1112444.16,3127,553,921,2754,8148,521,417,763,459,3464,6833,6418,976,920,559
2021-03-01,INV_05,137412.76,986781.02,1124193.78,3127,553,921,2754,8148,521,417,763,459,3464,6833,6418,976,920,559
2021-03-02,INV_05,145379.53,962873.22,1108252.76,3127,553,921,2754,8148,521,312,763,459,3464,6833,6418,976,920,559
2021-03-03,INV_05,162324.81,923440.39,1085765.2,3127,553,921,2754,8148,521,312,763,344,3464,6833,6418,976,920,559
2021-03-04,INV_05,176835.31,889222.93,1066058.24,2345,553,921,2754,8148,521,312,763,344,3464,6833,6418,976,920,559
2021-03-05,INV_05,150050.5,917049.32,1067099.82,2345,553,921,2754,8148,521,312,763,344,3464,8391,6418,976,920,559
2021-03-08,INV_05,127322.43,971498.14,1098820.57,2345,885,921,2754,8148,521,312,763,344,3464,8391,6418,976,920,559
2021-03-09,INV_05,108034.37,989583.21,1097617.58,2345,885,921,2754,8148,928,312,763,344,3464,8391,6418,976,920,559
2021-03-10,INV_05,118597.56,964863.66,1083461.23,2345,885,921,2754,8148,696,312,763,344,3464,8391,6418,976,920,559
2021-03-11,INV_05,132772.26,950545.78,1083318.05,2345,885,690,2754,8148,696,312,763,344,3464,8391,6418,976,920,559
2021-03-12,INV_05,139370.31,948599.3,1087969.61,2345,885,690,2754,8148,696,312,763,344,3464,8391,6418,976,920,419
2021-03-15,INV_05,139370.31,938995.28,1078365.59,2345,885,690,2754,8148,696,312,763,344,3464,8391,6418,976,920,419
2021-03-16,INV_05,150121.62,925492.2,1075613.82,2345,885,517,2754,8148,696,312,763,344,3464,8391,6418,976,920,419
2021-03-17,INV_05,164464.07,897828.2,1062292.27,2345,663,517,2754,8148,696,312,763,344,3464,8391,6418,976,920,419
2021-03-18,INV_05,175257.65,874231.32,1049488.97,1758,663,517,2754,8148,696,312,763,344,3464,8391,6418,976,920,419
2021-03-19,INV_05,175257.65,865385.12,1040642.77,1758,663,517,2754,8148,696,312,763,344,3464,8391,6418,976,920,419
2021-03-22,INV_05,193300.6,857482.4,1050782.99,1758,663,517,2754,6111,696,312,763,344,3464,8391,6418,976,920,419
2021-03-23,INV_05,200661.88,852218.24,1052880.12,1758,663,517,2754,6111,522,312,763,344,3464,8391,6418,976,920,419
2021-03-24,INV_05,170303.48,902152.18,1072455.65,1758,663,983,2754,6111,522,312,763,344,3464,8391,6418,976,920,419
2021-03-25,INV_05,176077.31,886856.67,1062933.98,1758,663,983,2754,6111,522,234,763,344,3464,8391,6418,976,920,419
2021-03-26,INV_05,186801.84,872653.14,1059454.98,1758,497,983,2754,6111,522,234,763,344,3464,8391,6418,976,920,419
2021-03-29,INV_05,158503.17,903767.71,1062270.88,1758,497,983,2754,6111,522,234,763,344,3464,10193,6418,976,920,419
2021-03-30,INV_05,174317.12,885662.7,1059979.82,1758,497,737,2754,6111,522,234,763,344,3464,10193,6418,976,920,419
2021-03-31,INV_05,147984.89,917506.66,1065491.54,1758,497,737,2754,6111,522,234,763,523,3464,10193,6418,976,920,419
2021-04-01,INV_05,147984.89,921548.31,1069533.2,1758,497,737,2754,6111,522,234,763,523,3464,10193,6418,976,920,419
2021-04-02,INV_05,147984.89,921548.31,1069533.2,1758,497,737,2754,6111,522,234,763,523,3464,10193,6418,976,920,419
2021-04-05,INV_05,125630.54,952629.13,1078259.67,1758,497,737,2754,6111,522,520,763,523,3464,10193,6418,976,920,419
2021-04-06,INV_05,144679.01,938740.17,1083419.18,1758,497,737,2754,6111,522,520,763,392,3464,10193,6418,976,920,419
2021-04-07,INV_05,122766.05,967418.56,1090184.61,1758,497,737,2754,6111,522,520,763,392,3464,10193,10034,976,920,419
2021-04-08,INV_05,104170.38,997676.9,1101847.28,1758,497,737,2754,8153,522,520,763,392,3464,10193,10034,976,920,419
2021-04-09,INV_05,88437.98,1033272.12,1121710.1,1758,497,737,2754,8153,783,520,763,392,3464,10193,10034,976,920,419
2021-04-12,INV_05,88437.98,1049259.88,1137697.86,1758,497,737,2754,8153,783,520,763,392,3464,10193,10034,976,920,419
2021-04-13,INV_05,88437.98,1049259.88,1137697.86,1758,497,737,2754,8153,783,520,763,392,3464,10193,10034,976,920,419
2021-04-14,INV_05,88437.98,1049259.88,1137697.86,1758,497,737,2754,8153,783,520,763,392,3464,10193,10034,976,920,419
2021-04-15,INV_05,88437.98,1061265.78,1149703.76,1758,497,737,2754,8153,783,520,763,392,3464,10193,10034,976,920,419
2021-04-16,INV_05,101376.32,1044831.75,1146208.06,1758,497,737,2754,8153,587,520,763,392,3464,10193,10034,976,920,419
2021-04-19,INV_05,117024.95,1021035.94,1138060.89,1758,497,737,2754,8153,587,520,763,392,3464,10193,7525,976,920,419
2021-04-20,INV_05,125344.48,980958.68,1106303.17,1758,372,737,2754,8153,587,520,763,392,3464,10193,7525,976,920,419
2021-04-21,INV_05,106358.3,1010169.4,1116527.7,1758,372,737,2754,8153,587,520,763,392,3464,11371,7525,976,920,419
2021-04-22,INV_05,150120.79,942109.88,1092230.67,1758,372,737,2754,8153,587,520,763,392,3464,8528,7525,976,920,419
2021-04-23,INV_05,170514.29,910043.77,1080558.06,1758,372,737,2754,8153,587,520,572,392,3464,8528,7525,976,920,419
2021-04-26,INV_05,188294.94,892083.52,1080378.45,1758,372,737,2754,6114,587,520,572,392,3464,8528,7525,976,920,419
2021-04-27,INV_05,220827.29,839329.31,1060156.6,1758,372,737,2065,6114,587,520,572,392,3464,8528,7525,976,920,419
2021-04-28,INV_05,187372.04,893356.86,1080728.9,1758,372,1267,2065,6114,587,520,572,392,3464,8528,7525,976,920,419
2021-04-29,INV_05,187372.04,891012.45,1078384.49,1758,372,1267,2065,6114,587,520,572,392,3464,8528,7525,976,920,419
2021-04-30,INV_05,206937.34,871316.97,1078254.31,1758,372,950,2065,6114,587,520,572,392,3464,8528,7525,976,920,419
2021-05-03,INV_05,215286.53,858190.65,1073477.18,1318,372,950,2065,6114,587,520,572,392,3464,8528,7525,976,920,419
2021-05-04,INV_05,215286.53,849144.14,1064430.68,1318,372,950,2065,6114,587,520,572,392,3464,8528,7525,976,920,419
2021-05-05,INV_05,221576.14,850622.79,1072198.93,988,372,950,2065,6114,587,520,572,392,3464,8528,7525,976,920,419
2021-05-06,INV_05,246977.43,827879.02,1074856.45,988,372,950,1548,6114,587,520,572,392,3464,8528,7525,976,920,419
2021-05-07,INV_05,246977.43,833859.43,1080836.86,988,372,950,1548,6114,587,520,572,392,3464,8528,7525,976,920,419
2021-05-10,INV_05,246977.43,818782.16,1065759.59,988,372,950,1548,6114,587,520,572,392,3464,8528,7525,976,920,419
2021-05-11,INV_05,209601.23,862422.96,1072024.19,988,372,950,1548,6114,587,520,572,672,3464,8528,7525,976,920,419
2021-05-12,INV_05,177848.0,894622.06,1072470.06,988,870,950,1548,6114,587,520,572,672,3464,8528,7525,976,920,419
2021-05-13,INV_05,150938.4,925600.14,1076538.54,988,870,950,1548,6114,1017,520,572,672,3464,8528,7525,976,920,419
2021-05-14,INV_05,150938.4,925600.14,1076538.54,988,870,950,1548,6114,1017,520,572,672,3464,8528,7525,976,920,419
2021-05-17,INV_05,150938.4,945064.66,1096003.06,988,870,950,1548,6114,1017,520,572,672,3464,8528,7525,976,920,419
2021-05-18,INV_05,150938.4,944839.74,1095778.14,988,870,950,1548,6114,1017,520,572,672,3464,8528,7525,976,920,419
2021-05-19,INV_05,150938.4,945573.42,1096511.82,988,870,950,1548,6114,1017,520,572,672,3464,8528,7525,976,920,419
2021-05-20,INV_05,128131.7,968950.04,1097081.74,988,870,950,1548,6114,1017,822,572,672,3464,8528,7525,976,920,419
2021-05-21,INV_05,133036.44,954528.17,1087564.61,988,870,950,1548,6114,1017,822,572,672,3464,8528,7525,976,920,314
2021-05-24,INV_05,137723.37,946904.41,1084627.79,741,870,950,1548,6114,1017,822,572,672,3464,8528,7525,976,920,314
2021-05-25,INV_05,116869.66,974165.94,1091035.6,741,870,950,1548,6114,1017,822,572,672,4009,8528,7525,976,920,314
2021-05-26,INV_05,116869.66,974165.94,1091035.6,741,870,950,1548,6114,1017,822,572,672,4009,8528,7525,976,920,314
2021-05-27,INV_05,116869.66,974165.94,1091035.6,741,870,950,1548,6114,1017,822,572,672,4009,8528,7525,976,920,314
2021-05-28,INV_05,116869.66,984695.91,1101565.57,741,870,950,1548,6114,1017,822,572,672,4009,8528,7525,976,920,314
2021-05-31,INV_05,116869.66,995681.47,1112551.13,741,870,950,1548,6114,1017,822,572,672,4009,8528,7525,976,920,314
2021-06-01,INV_05,99175.98,1027370.36,1126546.34,741,870,950,1548,6114,1017,822,572,672,4009,8528,7525,976,1184,314
2021-06-02,INV_05,99175.98,1037959.66,1137135.64,741,870,950,1548,6114,1017,822,572,672,4009,8528,7525,976,1184,314
2021-06-03,INV_05,102815.77,1038405.98,1141221.75,555,870,950,1548,6114,1017,822,572,672,4009,8528,7525,976,1184,314
2021-06-04,INV_05,102815.77,1037043.02,1139858.79,555,870,950,1548,6114,1017,822,572,672,4009,8528,7525,976,1184,314
2021-06-07,INV_05,87304.95,1066372.77,1153677.72,555,870,950,1548,6114,1017,822,572,784,4009,8528,7525,976,1184,314
2021-06-08,INV_05,100848.23,1050941.42,1151789.65,555,870,950,1548,4585,1017,822,572,784,4009,8528,7525,976,1184,314
2021-06-09,INV_05,117194.54,1042648.71,1159843.25,555,652,950,1548,4585,1017,822,572,784,4009,8528,7525,976,1184,314
2021-06-10,INV_05,117194.54,1049399.38,1166593.92,555,652,950,1548,4585,1017,822,572,784,4009,8528,7525,976,1184,314
2021-06-11,INV_05,99444.7,1067232.99,1166677.69,555,652,950,1548,4585,1017,822,572,784,4009,8528,10148,976,1184,314
2021-06-14,INV_05,84423.62,1093741.55,1178165.17,555,652,950,1826,4585,1017,822,572,784,4009,8528,10148,976,1184,314
2021-06-15,INV_05,87215.26,1088779.89,1175995.15,416,652,950,1826,4585,1017,822,572,784,4009,8528,10148,976,1184,314
2021-06-16,INV_05,103597.5,1071796.37,1175393.87,416,652,712,1826,4585,1017,822,572,784,4009,8528,10148,976,1184,314
2021-06-17,INV_05,129489.98,1039590.72,1169080.71,416,652,712,1826,4585,1017,822,572,588,4009,8528,10148,976,1184,314
2021-06-18,INV_05,109880.07,1070334.08,1180214.15,1369,652,712,1826,4585,1017,822,572,588,4009,8528,10148,976,1184,314
2021-06-21,INV_05,109880.07,1070705.13,1180585.2,1369,652,712,1826,4585,1017,822,572,588,4009,8528,10148,976,1184,314
2021-06-22,INV_05,156668.93,1013513.44,1170182.37,1369,652,712,1826,4585,1017,822,572,588,3006,8528,10148,976,1184,314
2021-06-23,INV_05,132974.24,1039385.25,1172359.5,1369,652,712,2268,4585,1017,822,572,588,3006,8528,10148,976,1184,314
2021-06-24,INV_05,132974.24,1039385.25,1172359.5,1369,652,712,2268,4585,1017,822,572,588,3006,8528,10148,976,1184,314
2021-06-25,INV_05,132974.24,1041984.78,1174959.02,1369,652,712,2268,4585,1017,822,572,588,3006,8528,10148,976,1184,314
2021-06-28,INV_05,169246.79,997305.32,1166552.11,1369,652,712,2268,4585,1017,822,572,588,3006,6396,10148,976,1184,314
2021-06-29,INV_05,198521.19,960157.74,1158678.92,1369,652,712,1701,4585,1017,822,572,588,3006,6396,10148,976,1184,314
2021-06-30,INV_05,218237.13,929271.65,1147508.79,1369,652,712,1701,4585,1017,822,572,588,3006,6396,10148,976,888,314
2021-07-01,INV_05,233482.97,912086.62,1145569.59,1369,652,712,1701,4585,1017,616,572,588,3006,6396,10148,976,888,314
2021-07-02,INV_05,198135.35,945407.99,1143543.34,1369,652,712,1701,4585,1017,616,572,588,3006,6396,10148,976,888,1044
2021-07-05,INV_05,219562.27,919598.58,1139160.85,1369,652,712,1275,4585,1017,616,572,588,3006,6396,10148,976,888,1044
2021-07-06,INV_05,186319.22,957780.8,1144100.02,1369,652,712,1275,4585,1017,616,572,588,3006,6396,10148,2069,888,1044
2021-07-07,INV_05,202258.0,934638.69,1136896.7,1369,652,712,956,4585,1017,616,572,588,3006,6396,10148,2069,888,1044
2021-07-08,INV_05,202258.0,936988.15,1139246.15,1369,652,712,956,4585,1017,616,572,588,3006,6396,10148,2069,888,1044
2021-07-09,INV_05,202258.0,943420.89,1145678.89,1369,652,712,956,4585,1017,616,572,588,3006,6396,10148,2069,888,1044
2021-07-12,INV_05,202258.0,944264.72,1146522.72,1369,652,712,956,4585,1017,616,572,588,3006,6396,10148,2069,888,1044
2021-07-13,INV_05,171678.09,977951.61,1149629.7,1369,652,1163,956,4585,1017,616,572,588,3006,6396,10148,2069,888,1044
2021-07-14,INV_05,171678.09,986566.69,1158244.78,1369,652,1163,956,4585,1017,616,572,588,3006,6396,10148,2069,888,1044
2021-07-15,INV_05,171678.09,993548.21,1165226.3,1369,652,1163,956,4585,1017,616,572,588,3006,6396,10148,2069,888,1044
2021-07-16,INV_05,198623.41,962143.04,1160766.45,1369,652,1163,956,4585,1017,616,572,588,3006,4797,10148,2069,888,1044
2021-07-19,INV_05,168533.13,1000344.88,1168878.01,1369,652,1163,956,7910,1017,616,572,588,3006,4797,10148,2069,888,1044
2021-07-20,INV_05,168533.13,998058.64,1166591.77,1369,652,1163,956,7910,1017,616,572,588,3006,4797,10148,2069,888,1044
2021-07-21,INV_05,143055.96,1023283.56,1166339.52,1369,991,1163,956,7910,1017,616,572,588,3006,4797,10148,2069,888,1044
2021-07-22,INV_05,143055.96,1018540.35,1161596.32,1369,991,1163,956,7910,1017,616,572,588,3006,4797,10148,2069,888,1044
2021-07-23,INV_05,143055.96,1018540.35,1161596.32,1369,991,1163,956,7910,1017,616,572,588,3006,4797,10148,2069,888,1044
2021-07-26,INV_05,143055.96,1008988.5,1152044.46,1369,991,1163,956,7910,1017,616,572,588,3006,4797,10148,2069,888,1044
2021-07-27,INV_05,159882.74,989881.24,1149763.97,1369,991,1163,956,5932,1017,616,572,588,3006,4797,10148,2069,888,1044
2021-07-28,INV_05,135709.13,1014461.46,1150170.59,1369,991,1163,956,5932,1017,939,572,588,3006,4797,10148,2069,888,1044
2021-07-29,INV_05,115173.44,1043491.54,1158664.98,1369,991,1473,956,5932,1017,939,572,588,3006,4797,10148,2069,888,1044
2021-07-30,INV_05,115173.44,1037456.77,1152630.21,1369,991,1473,956,5932,1017,939,572,588,3006,4797,10148,2069,888,1044
2021-08-02,INV_05,127365.22,1023506.32,1150871.54,1369,991,1473,956,5932,1017,939,572,588,3006,4797,10148,2069,888,783
2021-08-03,INV_05,108117.71,1043962.84,1152080.56,1369,1252,1473,956,5932,1017,939,572,588,3006,4797,10148,2069,888,783
2021-08-04,INV_05,130742.9,1021143.46,1151886.36,1369,939,1473,956,5932,1017,939,572,588,3006,4797,10148,2069,888,783
2021-08-05,INV_05,148300.62,991507.38,1139808.0,1369,939,1473,956,5932,1017,939,572,588,3006,4797,10148,1551,888,783
2021-08-06,INV_05,125928.75,1015614.28,1141543.03,1369,939,1473,956,5932,1017,939,572,751,3006,4797,10148,1551,888,783
2021-08-09,INV_05,149352.59,982760.54,1132113.13,1369,939,1104,956,5932,1017,939,572,751,3006,4797,10148,1551,888,783
2021-08-10,INV_05,126729.75,1000096.47,1126826.22,1369,939,1104,956,5932,1017,939,572,751,3503,4797,10148,1551,888,783
2021-08-11,INV_05,135721.78,992300.26,1128022.04,1369,939,1104,956,5932,1017,939,572,751,3503,4797,10148,1551,888,587
2021-08-12,INV_05,115167.01,1001881.53,1117048.54,1369,939,1104,956,5932,1017,939,572,751,3503,6053,10148,1551,888,587
2021-08-13,INV_05,97722.29,1021646.33,1119368.62,1369,939,1104,956,5932,1017,939,572,751,3503,6053,12688,1551,888,587
2021-08-16,INV_05,82942.63,1036491.35,1119433.98,1369,939,1104,956,5932,1017,939,572,751,3503,6053,12688,2010,888,587
2021-08-17,INV_05,70411.47,1068902.81,1139314.28,1369,939,1104,1206,5932,1017,939,572,751,3503,6053,12688,2010,888,587
2021-08-18,INV_05,59775.69,1107961.2,1167736.89,1369,939,1104,1420,5932,1017,939,572,751,3503,6053,12688,2010,888,587
2021-08-19,INV_05,59775.69,1107177.43,1166953.12,1369,939,1104,1420,5932,1017,939,572,751,3503,6053,12688,2010,888,587
2021-08-20,INV_05,75488.43,1077375.31,1152863.73,1369,939,1104,1420,5932,1017,939,572,751,3503,6053,12688,1507,888,587
2021-08-23,INV_05,109403.45,1063737.75,1173141.2,1369,939,1104,1420,5932,1017,939,572,751,3503,6053,9516,1507,888,587
2021-08-24,INV_05,92921.47,1110554.83,1203476.3,1369,939,1104,1420,5932,1017,939,572,877,3503,6053,9516,1507,888,587
2021-08-25,INV_05,107173.74,1092742.2,1199915.94,1369,939,1104,1420,5932,1017,939,572,877,3503,6053,9516,1507,666,587
2021-08-26,INV_05,90938.44,1130929.79,1221868.24,1369,939,1104,1714,5932,1017,939,572,877,3503,6053,9516,1507,666,587
2021-08-27,INV_05,90938.44,1126084.76,1217023.21,1369,939,1104,1714,5932,1017,939,572,877,3503,6053,9516,1507,666,587
2021-08-30,INV_05,90938.44,1110844.73,1201783.17,1369,939,1104,1714,5932,1017,939,572,877,3503,6053,9516,1507,666,587
2021-08-31,INV_05,97719.25,1100921.06,1198640.31,1369,939,1104,1714,5932,1017,939,572,877,3503,6053,9516,1507,666,440
2021-09-01,INV_05,82922.75,1119807.14,1202729.89,1369,939,1104,1714,5932,1017,939,572,877,3503,6053,10981,1507,666,440
2021-09-02,INV_05,101012.96,1126703.23,1227716.19,1369,939,828,1714,5932,1017,939,572,877,3503,6053,10981,1507,666,440
2021-09-03,INV_05,85721.36,1138748.2,1224469.57,1369,939,828,1714,5932,1017,939,572,877,3503,6934,10981,1507,666,440
2021-09-06,INV_05,90795.43,1135572.63,1226368.06,1369,939,828,1714,5932,1017,939,572,877,3503,6934,10981,1507,666,330
2021-09-07,INV_05,106974.11,1085559.69,1192533.79,1369,939,828,1714,5932,1017,939,429,877,3503,6934,10981,1507,666,330
2021-09-08,INV_05,110747.34,1046481.78,1157229.12,1369,939,828,1714,5932,1017,939,429,877,3503,6934,10981,1507,666,247
2021-09-09,INV_05,94000.09,1093702.76,1187702.85,1369,939,828,1714,5932,1017,939,570,877,3503,6934,10981,1507,666,247
2021-09-10,INV_05,100993.28,1074738.68,1175731.96,1026,939,828,1714,5932,1017,939,570,877,3503,6934,10981,1507,666,247
2021-09-13,INV_05,85699.87,1081640.09,1167339.95,1026,939,828,1714,7841,1017,939,570,877,3503,6934,10981,1507,666,247
2021-09-14,INV_05,90895.07,1073399.56,1164294.63,769,939,828,1714,7841,1017,939,570,877,3503,6934,10981,1507,666,247
2021-09-15,INV_05,130042.09,1045281.61,1175323.7,769,939,828,1714,7841,1017,939,570,877,2627,6934,10981,1507,666,247
2021-09-16,INV_05,130042.09,1043324.31,1173366.4,769,939,828,1714,7841,1017,939,570,877,2627,6934,10981,1507,666,247
2021-09-17,INV_05,143113.78,1015670.4,1158784.18,769,939,828,1714,7841,1017,939,570,877,2627,6934,10981,1130,666,247
2021-09-20,INV_05,170894.59,987608.98,1158503.57,769,939,828,1714,7841,1017,939,570,657,2627,6934,10981,1130,666,247
2021-09-21,INV_05,184066.46,967757.71,1151824.16,769,939,621,1714,7841,1017,939,570,657,2627,6934,10981,1130,666,247
2021-09-22,INV_05,156264.35,994304.23,1150568.57,769,939,621,1714,7841,1017,939,807,657,2627,6934,10981,1130,666,247
2021-09-23,INV_05,156264.35,1003367.72,1159632.07,769,939,621,1714,7841,1017,939,807,657,2627,6934,10981,1130,666,247
2021-09-24,INV_05,132612.52,1031666.06,1164278.57,769,939,621,1714,7841,1017,939,807,657,3155,6934,10981,1130,666,247
2021-09-27,INV_05,112528.39,1073770.91,1186299.31,769,939,621,1714,10348,1017,939,807,657,3155,6934,10981,1130,666,247
2021-09-28,INV_05,132654.92,1052056.31,1184711.23,769,939,621,1714,7761,1017,939,807,657,3155,6934,10981,1130,666,247
2021-09-29,INV_05,143659.52,1047437.51,1191097.03,769,939,621,1714,7761,1017,939,807,657,3155,6934,10981,847,666,247
2021-09-30,INV_05,121920.59,1073738.88,1195659.46,769,939,621,1714,7761,1017,939,991,657,3155,6934,10981,847,666,247
2021-10-01,INV_05,147203.01,1051659.12,1198862.13,769,939,621,1714,7761,1017,939,991,657,3155,6934,8235,847,666,247
2021-10-04,INV_05,124910.38,1090410.38,1215320.76,769,939,621,1714,7761,1017,939,991,657,3660,6934,8235,847,666,247
2021-10-05,INV_05,155956.9,1054918.08,1210874.98,769,939,621,1714,7761,1017,939,991,657,3660,5200,8235,847,666,247
2021-10-06,INV_05,132334.01,1089902.58,1222236.59,769,939,621,1714,7761,1017,939,991,657,3660,5200,10697,847,666,247
2021-10-07,INV_05,112315.72,1131670.97,1243986.68,769,939,621,1714,7761,1017,939,991,657,3660,5200,10697,847,666,632
2021-10-08,INV_05,137474.09,1106554.73,1244028.82,769,939,621,1714,7761,1017,939,991,657,3660,5200,8022,847,666,632
2021-10-11,INV_05,116685.94,1135554.16,1252240.1,769,939,621,1714,7761,1273,939,991,657,3660,5200,8022,847,666,632
2021-10-12,INV_05,120587.4,1132025.79,1252613.19,576,939,621,1714,7761,1273,939,991,657,3660,5200,8022,847,666,632
2021-10-13,INV_05,162515.73,1078059.0,1240574.73,576,939,621,1714,7761,1273,939,991,657,2745,5200,8022,847,666,632
2021-10-14,INV_05,162515.73,1083270.26,1245785.98,576,939,621,1714,7761,1273,939,991,657,2745,5200,8022,847,666,632
2021-10-15,INV_05,187174.21,1054091.52,1241265.72,576,939,621,1714,7761,954,939,991,657,2745,5200,8022,847,666,632
2021-10-18,INV_05,187174.21,1062767.15,1249941.36,576,939,621,1714,7761,954,939,991,657,2745,5200,8022,847,666,632
2021-10-19,INV_05,187174.21,1062767.15,1249941.36,576,939,621,1714,7761,954,939,991,657,2745,5200,8022,847,666,632
2021-10-20,INV_05,187174.21,1062767.15,1249941.36,576,939,621,1714,7761,954,939,991,657,2745,5200,8022,847,666,632
2021-10-21,INV_05,187174.21,1064083.09,1251257.3,576,939,621,1714,7761,954,939,991,657,2745,5200,8022,847,666,632
2021-10-22,INV_05,158820.84,1088498.79,1247319.63,576,939,621,1714,7761,954,939,991,657,3345,5200,8022,847,666,632
2021-10-25,INV_05,169296.29,1075345.46,1244641.76,576,939,465,1714,7761,954,939,991,657,3345,5200,8022,847,666,632
2021-10-26,INV_05,177072.14,1072448.83,1249520.97,576,939,465,1714,7761,954,939,991,657,3345,5200,8022,847,666,474
2021-10-27,INV_05,150276.27,1112066.21,1262342.48,576,939,465,2203,7761,954,939,991,657,3345,5200,8022,847,666,474
2021-10-28,INV_05,127547.58,1144761.6,1272309.17,576,939,465,2203,7761,954,939,991,657,3345,5200,8022,847,666,929
2021-10-29,INV_05,144458.19,1123460.62,1267918.82,576,704,465,2203,7761,954,939,991,657,3345,5200,8022,847,666,929
2021-11-01,INV_05,152377.42,1106405.14,1258782.56,576,704,348,2203,7761,954,939,991,657,3345,5200,8022,847,666,929
2021-11-02,INV_05,129309.78,1131497.85,1260807.63,576,704,348,2203,7761,954,939,991,657,3345,5200,8022,847,666,1390
2021-11-03,INV_05,129309.78,1136061.93,1265371.71,576,704,348,2203,7761,954,939,991,657,3345,5200,8022,847,666,1390
2021-11-04,INV_05,162409.18,1102628.2,1265037.38,576,704,348,2203,7761,954,939,743,657,3345,5200,8022,847,666,1390
2021-11-05,INV_05,137842.53,1135375.77,1273218.31,576,704,348,2203,7761,954,939,743,657,3345,5200,8022,847,1046,1390
2021-11-08,INV_05,117015.62,1215778.46,1332794.08,576,704,348,2203,7761,954,939,743,657,3345,5200,8022,847,1369,1390
2021-11-09,INV_05,134258.29,1172826.01,1307084.3,576,704,348,2203,7761,954,939,743,657,3345,5200,8022,847,1369,1042
2021-11-10,INV_05,114030.95,1212990.01,1327020.97,576,704,348,2203,7761,954,939,885,657,3345,5200,8022,847,1369,1042
2021-11-11,INV_05,96845.37,1265545.18,1362390.56,576,704,348,2203,7761,954,939,885,773,3345,5200,8022,847,1369,1042
2021-11-12,INV_05,82226.64,1304143.68,1386370.32,576,704,348,2477,7761,954,939,885,773,3345,5200,8022,847,1369,1042
2021-11-15,INV_05,113979.3,1283953.46,1397932.76,576,704,348,1857,7761,954,939,885,773,3345,5200,8022,847,1369,1042
2021-11-16,INV_05,96739.61,1351724.33,1448463.94,576,704,348,1857,7761,954,939,885,773,3728,5200,8022,847,1369,1042
2021-11-17,INV_05,96739.61,1356281.29,1453020.9,576,704,348,1857,7761,954,939,885,773,3728,5200,8022,847,1369,1042
2021-11-18,INV_05,96739.61,1356281.29,1453020.9,576,704,348,1857,7761,954,939,885,773,3728,5200,8022,847,1369,1042
2021-11-19,INV_05,102375.43,1257145.53,1359520.96,576,704,261,1857,7761,954,939,885,773,3728,5200,8022,847,1369,1042
2021-11-22,INV_05,86872.24,1299106.87,1385979.11,576,704,261,1857,9661,954,939,885,773,3728,5200,8022,847,1369,1042
2021-11-23,INV_05,128323.46,1238222.84,1366546.3,576,704,261,1857,9661,954,939,885,773,2796,5200,8022,847,1369,1042
2021-11-24,INV_05,143871.99,1199930.27,1343802.26,576,704,261,1857,9661,954,704,885,773,2796,5200,8022,847,1369,1042
2021-11-25,INV_05,192726.11,1163173.25,1355899.36,576,704,261,1857,9661,954,704,885,773,2796,5200,6016,847,1369,1042
2021-11-26,INV_05,163530.46,1203186.34,1366716.8,576,704,714,1857,9661,954,704,885,773,2796,5200,6016,847,1369,1042
2021-11-29,INV_05,183727.69,1177808.74,1361536.43,576,704,714,1857,9661,954,704,885,773,2796,5200,6016,847,1026,1042
2021-11-30,INV_05,155896.13,1213983.71,1369879.84,576,704,714,1857,13011,954,704,885,773,2796,5200,6016,847,1026,1042
2021-12-01,INV_05,159706.58,1197855.32,1357561.9,432,704,714,1857,13011,954,704,885,773,2796,5200,6016,847,1026,1042
2021-12-02,INV_05,159706.58,1201547.73,1361254.31,432,704,714,1857,13011,954,704,885,773,2796,5200,6016,847,1026,1042
2021-12-03,INV_05,159706.58,1190940.81,1350647.39,432,704,714,1857,13011,954,704,885,773,2796,5200,6016,847,1026,1042
2021-12-06,INV_05,182940.23,1178658.49,1361598.72,432,704,714,1392,13011,954,704,885,773,2796,5200,6016,847,1026,1042
2021-12-07,INV_05,155283.77,1219767.82,1375051.58,432,1082,714,1392,13011,954,704,885,773,2796,5200,6016,847,1026,1042
2021-12-08,INV_05,186105.24,1190361.51,1376466.75,432,1082,714,1392,13011,954,704,885,773,2796,5200,4512,847,1026,1042
2021-12-09,INV_05,186105.24,1199965.19,1386070.43,432,1082,714,1392,13011,954,704,885,773,2796,5200,4512,847,1026,1042
2021-12-10,INV_05,157953.42,1229994.9,1387948.32,432,1082,1165,1392,13011,954,704,885,773,2796,5200,4512,847,1026,1042
2021-12-13,INV_05,160895.59,1227525.63,1388421.22,324,1082,1165,1392,13011,954,704,885,773,2796,5200,4512,847,1026,1042
2021-12-14,INV_05,136524.31,1286044.82,1422569.14,324,1082,1165,1392,13011,954,704,885,773,2796,5827,4512,847,1026,1042
2021-12-15,INV_05,136524.31,1280578.0,1417102.31,324,1082,1165,1392,13011,954,704,885,773,2796,5827,4512,847,1026,1042
2021-12-16,INV_05,169397.72,1234481.37,1403879.09,324,1082,1165,1392,13011,954,704,885,773,2097,5827,4512,847,1026,1042
2021-12-17,INV_05,143837.76,1274622.17,1418459.92,324,1082,1165,1392,13011,954,704,885,949,2097,5827,4512,847,1026,1042
2021-12-20,INV_05,143837.76,1278390.09,1422227.84,324,1082,1165,1392,13011,954,704,885,949,2097,5827,4512,847,1026,1042
2021-12-21,INV_05,203610.16,1220557.11,1424167.27,324,1082,1165,1392,13011,954,704,885,949,2097,4370,4512,847,1026,1042
2021-12-22,INV_05,172784.86,1326263.59,1499048.45,324,1082,1165,1392,13011,954,704,885,949,2097,4370,5893,847,1026,1042
2021-12-23,INV_05,146637.88,1362054.35,1508692.24,324,1082,1165,1911,13011,954,704,885,949,2097,4370,5893,847,1026,1042
2021-12-24,INV_05,163967.87,1362366.05,1526333.93,324,1082,873,1911,13011,954,704,885,949,2097,4370,5893,847,1026,1042
2021-12-27,INV_05,139160.42,1389162.53,1528322.95,324,1082,873,2411,13011,954,704,885,949,2097,4370,5893,847,1026,1042
2021-12-28,INV_05,139160.42,1385188.97,1524349.39,324,1082,873,2411,13011,954,704,885,949,2097,4370,5893,847,1026,1042
2021-12-29,INV_05,174080.69,1347790.9,1521871.59,324,1082,873,2411,13011,954,704,885,711,2097,4370,5893,847,1026,1042
2021-12-30,INV_05,187463.42,1323847.53,1511310.95,324,1082,654,2411,13011,954,704,885,711,2097,4370,5893,847,1026,1042
2021-12-31,INV_05,187463.42,1335012.73,1522476.15,324,1082,654,2411,13011,954,704,885,711,2097,4370,5893,847,1026,1042
2022-01-03,INV_05,159084.85,1405826.62,1564911.47,1267,1082,654,2411,13011,954,704,885,711,2097,4370,5893,847,1026,1042
2022-01-04,INV_05,184629.29,1392714.28,1577343.57,1267,1082,654,2411,9758,954,704,885,711,2097,4370,5893,847,1026,1042
2022-01-05,INV_05,194638.52,1375362.96,1570001.48,1267,1082,490,2411,9758,954,704,885,711,2097,4370,5893,847,1026,1042
2022-01-06,INV_05,220755.36,1356885.35,1577640.71,1267,1082,490,2411,9758,954,704,885,533,2097,4370,5893,847,1026,1042
2022-01-07,INV_05,187314.29,1414165.23,1601479.51,2405,1082,490,2411,9758,954,704,885,533,2097,4370,5893,847,1026,1042
2022-01-10,INV_05,187314.29,1415382.86,1602697.14,2405,1082,490,2411,9758,954,704,885,533,2097,4370,5893,847,1026,1042
2022-01-11,INV_05,158953.78,1442415.96,1601369.74,3397,1082,490,2411,9758,954,704,885,533,2097,4370,5893,847,1026,1042
2022-01-12,INV_05,158953.78,1439683.96,1598637.73,3397,1082,490,2411,9758,954,704,885,533,2097,4370,5893,847,1026,1042
2022-01-13,INV_05,181501.28,1411542.22,1593043.51,3397,811,490,2411,9758,954,704,885,533,2097,4370,5893,847,1026,1042
2022-01-14,INV_05,154056.38,1438715.39,1592771.78,3397,811,920,2411,9758,954,704,885,533,2097,4370,5893,847,1026,1042
2022-01-17,INV_05,130814.22,1461727.44,1592541.66,3397,811,920,2411,9758,954,704,1086,533,2097,4370,5893,847,1026,1042
2022-01-18,INV_05,111031.21,1534350.82,1645382.03,3397,811,920,2411,9758,954,977,1086,533,2097,4370,5893,847,1026,1042
2022-01-19,INV_05,111031.21,1531159.77,1642190.97,3397,811,920,2411,9758,954,977,1086,533,2097,4370,5893,847,1026,1042
2022-01-20,INV_05,111031.21,1530994.03,1642025.24,3397,811,920,2411,9758,954,977,1086,533,2097,4370,5893,847,1026,1042
2022-01-21,INV_05,94221.84,1543808.55,1638030.39,3397,811,920,2411,9758,1106,977,1086,533,2097,4370,5893,847,1026,1042
2022-01-24,INV_05,114624.01,1512453.85,1627077.86,3397,811,920,2411,7318,1106,977,1086,533,2097,4370,5893,847,1026,1042
2022-01-25,INV_05,114624.01,1481782.14,1596406.15,3397,811,920,2411,7318,1106,977,1086,533,2097,4370,5893,847,1026,1042
2022-01-26,INV_05,126924.65,1451185.27,1578109.92,3397,811,920,2411,7318,1106,977,1086,533,2097,4370,5893,847,1026,781
2022-01-27,INV_05,157555.59,1400823.06,1558378.65,3397,811,920,1808,7318,1106,977,1086,533,2097,4370,5893,847,1026,781
2022-01-28,INV_05,178323.33,1364043.72,1542367.05,3397,811,920,1808,7318,1106,977,1086,399,2097,4370,5893,847,1026,781
2022-01-31,INV_05,151317.54,1416262.28,1567579.82,3397,811,920,1808,7318,1106,977,1086,569,2097,4370,5893,847,1026,781
2022-02-01,INV_05,128457.86,1471220.2,1599678.06,3397,811,920,1808,7318,1106,1323,1086,569,2097,4370,5893,847,1026,781
2022-02-02,INV_05,152867.46,1421421.45,1574288.91,2547,811,920,1808,7318,1106,1323,1086,569,2097,4370,5893,847,1026,781
2022-02-03,INV_05,129719.55,1469635.75,1599355.3,2547,811,920,1808,7318,1106,1323,1086,569,2097,4742,5893,847,1026,781
2022-02-04,INV_05,138875.07,1460387.75,1599262.82,2547,811,920,1808,7318,1106,1323,1086,569,2097,4742,5893,847,1026,585
2022-02-07,INV_05,167758.07,1412619.58,1580377.64,2547,811,920,1808,7318,1106,1323,1086,569,1572,4742,5893,847,1026,585
2022-02-08,INV_05,182394.4,1367696.95,1550091.35,2547,811,920,1808,5488,1106,1323,1086,569,1572,4742,5893,847,1026,585
2022-02-09,INV_05,182394.4,1327347.74,1509742.14,2547,811,920,1808,5488,1106,1323,1086,569,1572,4742,5893,847,1026,585
2022-02-10,INV_05,154794.38,1354629.33,1509423.71,2547,811,920,1808,5488,1106,1323,1086,569,1572,4742,5893,847,1026,1156
2022-02-11,INV_05,168752.12,1360080.96,1528833.09,2547,811,920,1808,5488,1106,1323,1086,569,1572,4742,5893,847,1026,867
2022-02-14,INV_05,168752.12,1363809.25,1532561.38,2547,811,920,1808,5488,1106,1323,1086,569,1572,4742,5893,847,1026,867
2022-02-15,INV_05,143215.67,1392519.16,1535734.82,2547,811,920,1808,5488,1106,1323,1086,569,1572,4742,5893,847,1026,1400
2022-02-16,INV_05,163476.3,1372053.88,1535530.17,2547,811,920,1808,5488,1106,1323,1086,569,1179,4742,5893,847,1026,1400
2022-02-17,INV_05,163476.3,1378018.4,1541494.7,2547,811,920,1808,5488,1106,1323,1086,569,1179,4742,5893,847,1026,1400
2022-02-18,INV_05,178684.66,1331099.39,1509784.05,2547,811,920,1808,5488,1106,1323,1086,569,884,4742,5893,847,1026,1400
2022-02-21,INV_05,202888.95,1245415.95,1448304.9,2547,811,920,1808,5488,829,1323,1086,569,884,4742,5893,847,1026,1400
2022-02-22,INV_05,222775.75,1228944.86,1451720.61,2547,811,920,1808,5488,829,992,1086,569,884,4742,5893,847,1026,1400
2022-02-23,INV_05,243520.65,1164199.95,1407720.59,2547,811,920,1808,5488,829,992,1086,426,884,4742,5893,847,1026,1400
2022-02-24,INV_05,269933.25,1066237.04,1336170.29,2547,811,920,1808,5488,829,992,1086,426,884,4742,4419,847,1026,1400
2022-02-25,INV_05,229106.65,1151953.77,1381060.42,2547,811,920,1808,5488,1333,992,1086,426,884,4742,4419,847,1026,1400
2022-02-28,INV_05,229106.65,1200999.96,1430106.61,2547,811,920,1808,5488,1333,992,1086,426,884,4742,4419,847,1026,1400
2022-03-01,INV_05,194457.61,1235305.94,1429763.55,2547,1259,920,1808,5488,1333,992,1086,426,884,4742,4419,847,1026,1400
2022-03-02,INV_05,258868.28,1188175.48,1447043.76,2547,1259,920,1808,5488,1333,992,1086,426,884,3556,4419,847,1026,1400
2022-03-03,INV_05,280545.71,1132798.5,1413344.21,2547,1259,920,1356,5488,1333,992,1086,426,884,3556,4419,847,1026,1400
2022-03-04,INV_05,238054.12,1181582.36,1419636.48,2547,1259,920,1356,5488,1333,992,1086,720,884,3556,4419,847,1026,1400
2022-03-07,INV_05,252281.14,1127558.57,1379839.71,2547,1259,920,1356,5488,1333,744,1086,720,884,3556,4419,847,1026,1400
2022-03-08,INV_05,277300.11,1041971.02,1319271.14,2547,1259,920,1356,5488,1333,744,1086,540,884,3556,4419,847,1026,1400
2022-03-09,INV_05,298318.83,984279.87,1282598.7,2547,944,920,1356,5488,1333,744,1086,540,884,3556,4419,847,1026,1400
2022-03-10,INV_05,253156.46,1108132.27,1361288.73,2547,944,920,1356,5488,1862,744,1086,540,884,3556,4419,847,1026,1400
2022-03-11,INV_05,267053.06,1085065.01,1352118.08,2547,944,690,1356,5488,1862,744,1086,540,884,3556,4419,847,1026,1400
2022-03-14,INV_05,282302.42,1047024.57,1329326.99,2547,944,690,1017,5488,1862,744,1086,540,884,3556,4419,847,1026,1400
2022-03-15,INV_05,311232.78,974722.2,1285954.98,2547,944,690,1017,5488,1862,744,814,540,884,3556,4419,847,1026,1400
2022-03-16,INV_05,311232.78,972878.06,1284110.84,2547,944,690,1017,5488,1862,744,814,540,884,3556,4419,847,1026,1400
2022-03-17,INV_05,324252.89,959726.43,1283979.32,2547,944,690,1017,5488,1862,744,814,540,884,3556,4419,847,769,1400
2022-03-18,INV_05,275151.79,1018673.24,1293825.03,2547,944,690,1017,5488,1862,744,814,540,884,3556,4419,847,1719,1400
2022-03-21,INV_05,275151.79,1024809.93,1299961.73,2547,944,690,1017,5488,1862,744,814,540,884,3556,4419,847,1719,1400
2022-03-22,INV_05,285339.83,1003467.62,1288807.45,2547,944,517,1017,5488,1862,744,814,540,884,3556,4419,847,1719,1400
2022-03-23,INV_05,242121.38,1044035.12,1286156.5,2547,944,517,1017,5488,1862,744,814,540,884,3556,4419,2143,1719,1400
2022-03-24,INV_05,264112.36,1011113.22,1275225.58,2547,944,517,1017,5488,1862,744,610,540,884,3556,4419,2143,1719,1400
2022-03-25,INV_05,279508.91,991379.27,1270888.18,2547,708,517,1017,5488,1862,744,610,540,884,3556,4419,2143,1719,1400
2022-03-28,INV_05,294619.85,938189.97,1232809.83,2547,708,517,1017,5488,1862,744,457,540,884,3556,4419,2143,1719,1400
2022-03-29,INV_05,304764.03,871967.45,1176731.48,2547,531,517,1017,5488,1862,744,457,540,884,3556,4419,2143,1719,1400
2022-03-30,INV_05,315699.19,836699.47,1152398.66,2547,531,517,762,5488,1862,744,457,540,884,3556,4419,2143,1719,1400
2022-03-31,INV_05,326803.87,818215.03,1145018.9,2547,531,517,762,5488,1862,744,342,540,884,3556,4419,2143,1719,1400
2022-04-01,INV_05,340792.23,762336.45,1103128.68,2547,531,517,762,5488,1862,744,342,540,884,3556,4419,2143,1719,1050
2022-04-04,INV_05,340792.23,754720.81,1095513.04,2547,531,517,762,5488,1862,744,342,540,884,3556,4419,2143,1719,1050
2022-04-05,INV_05,289209.6,864882.01,1154091.61,2547,1379,517,762,5488,1862,744,342,540,884,3556,4419,2143,1719,1050
2022-04-06,INV_05,304641.44,819350.79,1123992.23,2547,1379,517,762,5488,1862,744,342,540,884,3556,4419,1607,1719,1050
2022-04-07,INV_05,312664.93,769330.14,1081995.06,2547,1379,517,571,5488,1862,744,342,540,884,3556,4419,1607,1719,1050
2022-04-08,INV_05,312664.93,755541.9,1068206.83,2547,1379,517,571,5488,1862,744,342,540,884,3556,4419,1607,1719,1050
2022-04-11,INV_05,312664.93,755541.9,1068206.83,2547,1379,517,571,5488,1862,744,342,540,884,3556,4419,1607,1719,1050
2022-04-12,INV_05,330101.24,737929.46,1068030.7,2547,1034,517,571,5488,1862,744,342,540,884,3556,4419,1607,1719,1050
2022-04-13,INV_05,338169.99,729779.21,1067949.2,1910,1034,517,571,5488,1862,744,342,540,884,3556,4419,1607,1719,1050
2022-04-14,INV_05,286958.33,780483.83,1067442.16,1910,1034,517,1776,5488,1862,744,342,540,884,3556,4419,1607,1719,1050
2022-04-15,INV_05,307626.73,759606.66,1067233.38,1910,1034,517,1776,5488,1862,744,342,540,884,3556,4419,1607,1289,1050
2022-04-18,INV_05,328498.91,738523.65,1067022.55,1910,1034,517,1776,5488,1862,744,342,540,884,2667,4419,1607,1289,1050
2022-04-19,INV_05,278761.92,787768.18,1066530.11,1910,1034,517,1776,5488,1862,744,342,540,884,2667,4419,1607,1289,2457
2022-04-20,INV_05,236541.01,829571.07,1066112.08,1910,1034,517,1776,5488,1862,744,342,540,884,2667,4419,1607,2150,2457
2022-04-21,INV_05,242595.73,823455.19,1066050.92,1432,1034,517,1776,5488,1862,744,342,540,884,2667,4419,1607,2150,2457
2022-04-22,INV_05,205856.26,859830.91,1065687.16,1432,1034,517,1776,5488,2492,744,342,540,884,2667,4419,1607,2150,2457
2022-04-25,INV_05,219900.11,780956.64,1000856.75,1432,1034,517,1776,5488,2492,744,342,540,884,2000,4419,1607,2150,2457
2022-04-26,INV_05,245928.02,683029.82,928957.84,1432,1034,517,1776,5488,1869,744,342,540,884,2000,4419,1607,2150,2457
2022-04-27,INV_05,252746.34,709844.52,962590.86,1432,1034,517,1776,5488,1869,744,256,540,884,2000,4419,1607,2150,2457
2022-04-28,INV_05,264276.59,720131.1,984407.69,1432,1034,517,1776,5488,1869,744,256,540,884,1500,4419,1607,2150,2457
2022-04-29,INV_05,224263.41,760188.89,984452.3,1432,1034,517,2811,5488,1869,744,256,540,884,1500,4419,1607,2150,2457
2022-05-02,INV_05,228145.87,756267.21,984413.08,1074,1034,517,2811,5488,1869,744,256,540,884,1500,4419,1607,2150,2457
2022-05-03,INV_05,247602.41,736614.14,984216.55,1074,1034,517,2811,5488,1869,744,256,540,884,1500,4419,1607,2150,1842
2022-05-04,INV_05,210101.15,781048.11,991149.26,1074,1034,517,3828,5488,1869,744,256,540,884,1500,4419,1607,2150,1842
2022-05-05,INV_05,219278.78,757311.07,976589.85,1074,1034,517,3828,4116,1869,744,256,540,884,1500,4419,1607,2150,1842
2022-05-06,INV_05,231898.1,730551.13,962449.24,1074,775,517,3828,4116,1869,744,256,540,884,1500,4419,1607,2150,1842
2022-05-09,INV_05,196769.15,777526.36,974295.51,1074,775,517,3828,4116,1869,744,722,540,884,1500,4419,1607,2150,1842
2022-05-10,INV_05,204028.36,770193.82,974222.18,1074,775,517,3828,4116,1869,744,722,540,663,1500,4419,1607,2150,1842
2022-05-11,INV_05,204028.36,770193.82,974222.18,1074,775,517,3828,4116,1869,744,722,540,663,1500,4419,1607,2150,1842
2022-05-12,INV_05,173124.84,818166.76,991291.6,1074,775,517,3828,4116,2405,744,722,540,663,1500,4419,1607,2150,1842
2022-05-13,INV_05,146900.99,878954.66,1025855.65,1074,775,517,4524,4116,2405,744,722,540,663,1500,4419,1607,2150,1842
2022-05-16,INV_05,154194.37,871587.61,1025781.98,1074,775,517,4524,4116,2405,558,722,540,663,1500,4419,1607,2150,1842
2022-05-17,INV_05,130869.78,922395.77,1053265.55,1074,775,517,4524,4116,2780,558,722,540,663,1500,4419,1607,2150,1842
2022-05-18,INV_05,174421.36,874482.07,1048903.43,1074,775,517,3393,4116,2780,558,722,540,663,1500,4419,1607,2150,1842
2022-05-19,INV_05,177385.3,849873.59,1027258.89,805,775,517,3393,4116,2780,558,722,540,663,1500,4419,1607,2150,1842
2022-05-20,INV_05,177385.3,856916.78,1034302.08,805,775,517,3393,4116,2780,558,722,540,663,1500,4419,1607,2150,1842
2022-05-23,INV_05,177385.3,879931.1,1057316.4,805,775,517,3393,4116,2780,558,722,540,663,1500,4419,1607,2150,1842
2022-05-24,INV_05,177385.3,876925.21,1054310.51,805,775,517,3393,4116,2780,558,722,540,663,1500,4419,1607,2150,1842
2022-05-25,INV_05,183232.33,863000.14,1046232.48,805,775,387,3393,4116,2780,558,722,540,663,1500,4419,1607,2150,1842
2022-05-26,INV_05,183232.33,859256.19,1042488.53,805,775,387,3393,4116,2780,558,722,540,663,1500,4419,1607,2150,1842
2022-05-27,INV_05,195630.77,834780.76,1030411.54,805,775,387,3393,4116,2780,558,541,540,663,1500,4419,1607,2150,1842
2022-05-30,INV_05,201578.98,819775.29,1021354.26,805,775,387,3393,4116,2780,418,541,540,663,1500,4419,1607,2150,1842
2022-05-31,INV_05,201578.98,801069.48,1002648.46,805,775,387,3393,4116,2780,418,541,540,663,1500,4419,1607,2150,1842
2022-06-01,INV_05,211191.5,787115.46,998306.95,805,581,387,3393,4116,2780,418,541,540,663,1500,4419,1607,2150,1842
2022-06-02,INV_05,238311.47,765779.82,1004091.29,805,581,387,2544,4116,2780,418,541,540,663,1500,4419,1607,2150,1842
2022-06-03,INV_05,202243.68,801027.22,1003270.9,805,581,1179,2544,4116,2780,418,541,540,663,1500,4419,1607,2150,1842
2022-06-06,INV_05,221043.0,761249.27,982292.27,805,581,1179,2544,4116,2780,418,541,540,663,1125,4419,1607,2150,1842
2022-06-07,INV_05,235769.14,736587.38,972356.52,805,581,1179,2544,4116,2780,418,541,540,663,843,4419,1607,2150,1842
2022-06-08,INV_05,244192.55,743455.29,987647.84,805,581,1179,2544,4116,2780,418,541,540,663,843,3314,1607,2150,1842
2022-06-09,INV_05,257210.94,740290.03,997500.97,805,581,884,2544,4116,2780,418,541,540,663,843,3314,1607,2150,1842
2022-06-10,INV_05,218250.52,779373.02,997623.54,805,581,884,2544,4116,2780,418,541,540,663,843,3314,2901,2150,1842
2022-06-13,INV_05,218250.52,780532.45,998782.97,805,581,884,2544,4116,2780,418,541,540,663,843,3314,2901,2150,1842
2022-06-14,INV_05,227890.97,770794.63,998685.59,805,581,663,2544,4116,2780,418,541,540,663,843,3314,2901,2150,1842
2022-06-15,INV_05,244201.41,737752.21,981953.62,805,581,663,2544,4116,2780,418,541,405,663,843,3314,2901,2150,1842
2022-06-16,INV_05,258091.41,717498.22,975589.64,805,581,663,2544,4116,2780,418,541,405,663,843,3314,2901,2150,1381
2022-06-17,INV_05,258091.41,696989.74,955081.15,805,581,663,2544,4116,2780,418,541,405,663,843,3314,2901,2150,1381
2022-06-20,INV_05,275040.54,679106.94,954147.49,805,581,663,2544,4116,2780,418,541,405,663,843,3314,2901,1612,1381
2022-06-21,INV_05,233377.68,732909.38,966287.06,805,581,663,2544,9677,2780,418,541,405,663,843,3314,2901,1612,1381
2022-06-22,INV_05,198048.25,767466.73,965514.98,805,581,663,2544,9677,2780,1259,541,405,663,843,3314,2901,1612,1381
2022-06-23,INV_05,168072.73,797311.61,965384.34,805,1173,663,2544,9677,2780,1259,541,405,663,843,3314,2901,1612,1381
2022-06-24,INV_05,142651.94,839787.92,982439.87,805,1173,663,2544,9677,2780,1852,541,405,663,843,3314,2901,1612,1381
2022-06-27,INV_05,154752.23,808585.09,963337.32,805,1173,663,2544,9677,2780,1852,541,303,663,843,3314,2901,1612,1381
2022-06-28,INV_05,160086.84,792852.06,952938.9,805,1173,663,2544,9677,2780,1852,541,303,663,843,2485,2901,1612,1381
2022-06-29,INV_05,160086.84,795700.21,955787.06,805,1173,663,2544,9677,2780,1852,541,303,663,843,2485,2901,1612,1381
2022-06-30,INV_05,160086.84,791328.34,951415.19,805,1173,663,2544,9677,2780,1852,541,303,663,843,2485,2901,1612,1381
2022-07-01,INV_05,160086.84,814445.86,974532.71,805,1173,663,2544,9677,2780,1852,541,303,663,843,2485,2901,1612,1381
2022-07-04,INV_05,175177.77,796621.61,971799.38,805,1173,663,2544,9677,2780,1852,541,303,663,632,2485,2901,1612,1381
2022-07-05,INV_05,176834.6,782454.15,959288.76,603,1173,663,2544,9677,2780,1852,541,303,663,632,2485,2901,1612,1381
2022-07-06,INV_05,176834.6,764202.49,941037.09,603,1173,663,2544,9677,2780,1852,541,303,663,632,2485,2901,1612,1381
2022-07-07,INV_05,211497.68,722883.36,934381.03,603,1173,663,2544,9677,2085,1852,541,303,663,632,2485,2901,1612,1381
2022-07-08,INV_05,211497.68,723359.71,934857.38,603,1173,663,2544,9677,2085,1852,541,303,663,632,2485,2901,1612,1381
2022-07-11,INV_05,211497.68,742733.06,954230.74,603,1173,663,2544,9677,2085,1852,541,303,663,632,2485,2901,1612,1381
2022-07-12,INV_05,179478.05,782137.39,961615.44,603,1173,663,2544,9677,2085,1852,541,303,1705,632,2485,2901,1612,1381
2022-07-13,INV_05,196928.67,764510.5,961439.17,603,1173,663,2544,7257,2085,1852,541,303,1705,632,2485,2901,1612,1381
2022-07-14,INV_05,167108.38,791876.44,958984.82,603,1173,663,2544,7257,2085,1852,541,303,1705,632,2485,2901,1612,2445
2022-07-15,INV_05,167108.38,812752.59,979860.97,603,1173,663,2544,7257,2085,1852,541,303,1705,632,2485,2901,1612,2445
2022-07-18,INV_05,176124.28,811713.55,987837.83,603,1173,663,2544,7257,2085,1852,541,227,1705,632,2485,2901,1612,2445
2022-07-19,INV_05,149446.82,843493.45,992940.26,603,1173,663,2544,7257,2085,1852,541,227,1705,632,2485,3835,1612,2445
2022-07-20,INV_05,126815.14,878598.69,1005413.83,603,1173,663,2544,7257,2085,1852,541,227,2409,632,2485,3835,1612,2445
2022-07-21,INV_05,126815.14,888125.04,1014940.17,603,1173,663,2544,7257,2085,1852,541,227,2409,632,2485,3835,1612,2445
2022-07-22,INV_05,107604.18,905695.95,1013300.12,603,1173,663,2544,7257,2085,1852,541,227,2409,632,2485,3835,2198,2445
2022-07-25,INV_05,135975.68,871028.43,1007004.11,603,1173,663,2544,7257,2085,1852,541,227,2409,632,2485,2876,2198,2445
2022-07-26,INV_05,137353.36,864530.05,1001883.41,452,1173,663,2544,7257,2085,1852,541,227,2409,632,2485,2876,2198,2445
2022-07-27,INV_05,147426.61,849212.82,996639.44,452,1173,663,2544,7257,2085,1852,405,227,2409,632,2485,2876,2198,2445
2022-07-28,INV_05,148457.59,853296.23,1001753.82,339,1173,663,2544,7257,2085,1852,405,227,2409,632,2485,2876,2198,2445
2022-07-29,INV_05,148457.59,853296.23,1001753.82,339,1173,663,2544,7257,2085,1852,405,227,2409,632,2485,2876,2198,2445
2022-08-01,INV_05,125970.13,882753.89,1008724.03,339,1173,663,2544,7257,2085,1852,405,227,2409,632,2485,3634,2198,2445
2022-08-02,INV_05,126761.32,900676.02,1027437.34,254,1173,663,2544,7257,2085,1852,405,227,2409,632,2485,3634,2198,2445
2022-08-03,INV_05,126761.32,917784.89,1044546.21,254,1173,663,2544,7257,2085,1852,405,227,2409,632,2485,3634,2198,2445
2022-08-04,INV_05,153719.19,901894.19,1055613.38,254,1173,663,2544,7257,2085,1852,405,227,2409,632,2485,2725,2198,2445
2022-08-05,INV_05,130443.15,961718.4,1092161.54,254,1173,663,2544,7257,2085,1852,405,227,3096,632,2485,2725,2198,2445
2022-08-08,INV_05,146483.16,948073.07,1094556.23,254,1173,663,2544,7257,2085,1852,405,227,3096,632,2485,2725,1648,2445
2022-08-09,INV_05,124296.19,981740.23,1106036.43,2002,1173,663,2544,7257,2085,1852,405,227,3096,632,2485,2725,1648,2445
2022-08-10,INV_05,105473.63,1038058.75,1143532.38,2002,1173,663,2544,7257,2085,1852,405,227,3096,632,4652,2725,1648,2445
2022-08-11,INV_05,105473.63,1038058.75,1143532.38,2002,1173,663,2544,7257,2085,1852,405,227,3096,632,4652,2725,1648,2445
2022-08-12,INV_05,89498.6,1097124.42,1186623.02,2002,1173,663,2544,7257,2085,1852,405,227,3096,632,4652,3121,1648,2445
2022-08-15,INV_05,89498.6,1091029.14,1180527.74,2002,1173,663,2544,7257,2085,1852,405,227,3096,632,4652,3121,1648,2445
2022-08-16,INV_05,89498.6,1076477.74,1165976.33,2002,1173,663,2544,7257,2085,1852,405,227,3096,632,4652,3121,1648,2445
2022-08-17,INV_05,89498.6,1061809.57,1151308.16,2002,1173,663,2544,7257,2085,1852,405,227,3096,632,4652,3121,1648,2445
2022-08-18,INV_05,89498.6,1057847.08,1147345.67,2002,1173,663,2544,7257,2085,1852,405,227,3096,632,4652,3121,1648,2445
2022-08-19,INV_05,98824.69,1044783.63,1143608.33,2002,1173,663,2544,7257,2085,1852,405,227,3096,632,3489,3121,1648,2445
2022-08-22,INV_05,98824.69,1050811.94,1149636.63,2002,1173,663,2544,7257,2085,1852,405,227,3096,632,3489,3121,1648,2445
2022-08-23,INV_05,98824.69,1053625.71,1152450.4,2002,1173,663,2544,7257,2085,1852,405,227,3096,632,3489,3121,1648,2445
2022-08-24,INV_05,115546.89,1035158.24,1150705.13,2002,879,663,2544,7257,2085,1852,405,227,3096,632,3489,3121,1648,2445
2022-08-25,INV_05,137583.39,983167.54,1120750.93,2002,879,663,2544,7257,2085,1389,405,227,3096,632,3489,3121,1648,2445
2022-08-26,INV_05,156507.9,958872.06,1115379.96,2002,879,663,1908,7257,2085,1389,405,227,3096,632,3489,3121,1648,2445
2022-08-29,INV_05,178719.79,926320.16,1105039.96,2002,879,663,1908,7257,2085,1389,405,227,3096,474,3489,3121,1648,2445
2022-08-30,INV_05,151650.06,960460.05,1112110.11,2002,879,663,2805,7257,2085,1389,405,227,3096,474,3489,3121,1648,2445
2022-08-31,INV_05,128684.55,1020107.96,1148792.51,2002,879,663,3566,7257,2085,1389,405,227,3096,474,3489,3121,1648,2445
2022-09-01,INV_05,128684.55,1045806.76,1174491.31,2002,879,663,3566,7257,2085,1389,405,227,3096,474,3489,3121,1648,2445
2022-09-02,INV_05,109191.89,1075855.87,1185047.76,2002,879,663,3566,9969,2085,1389,405,227,3096,474,3489,3121,1648,2445
2022-09-05,INV_05,92657.03,1102154.43,1194811.46,2002,879,663,3566,9969,2085,1688,405,227,3096,474,3489,3121,1648,2445
2022-09-06,INV_05,92657.03,1095789.54,1188446.58,2002,879,663,3566,9969,2085,1688,405,227,3096,474,3489,3121,1648,2445
2022-09-07,INV_05,92657.03,1100899.3,1193556.33,2002,879,663,3566,9969,2085,1688,405,227,3096,474,3489,3121,1648,2445
2022-09-08,INV_05,78641.74,1124378.28,1203020.02,2002,879,663,3566,9969,2085,1688,601,227,3096,474,3489,3121,1648,2445
2022-09-09,INV_05,66783.15,1150982.77,1217765.92,2002,879,663,3566,9969,2085,1884,601,227,3096,474,3489,3121,1648,2445
2022-09-12,INV_05,56699.15,1178986.38,1235685.52,2002,1046,663,3566,9969,2085,1884,601,227,3096,474,3489,3121,1648,2445
2022-09-13,INV_05,48113.34,1184738.42,1232851.75,2002,1046,663,3566,9969,2085,1884,601,227,3096,474,4413,3121,1648,2445
2022-09-14,INV_05,48113.34,1207564.29,1255677.63,2002,1046,663,3566,9969,2085,1884,601,227,3096,474,4413,3121,1648,2445
2022-09-15,INV_05,48113.34,1236079.66,1284193.0,2002,1046,663,3566,9969,2085,1884,601,227,3096,474,4413,3121,1648,2445
2022-09-16,INV_05,75670.1,1197816.7,1273486.8,2002,1046,663,2674,9969,2085,1884,601,227,3096,474,4413,3121,1648,2445
2022-09-19,INV_05,64222.94,1204028.89,1268251.83,2002,1224,663,2674,9969,2085,1884,601,227,3096,474,4413,3121,1648,2445
2022-09-20,INV_05,106275.76,1152137.33,1258413.08,2002,1224,663,2674,9969,1563,1884,601,227,3096,474,4413,3121,1648,2445
2022-09-21,INV_05,90180.55,1177164.91,1267345.47,2002,1224,663,2674,9969,1563,1884,814,227,3096,474,4413,3121,1648,2445
2022-09-22,INV_05,90180.55,1193851.68,1284032.23,2002,1224,663,2674,9969,1563,1884,814,227,3096,474,4413,3121,1648,2445
2022-09-23,INV_05,105362.55,1174459.1,1279821.65,2002,1224,663,2674,9969,1563,1884,610,227,3096,474,4413,3121,1648,2445
2022-09-26,INV_05,123752.84,1140036.3,1263789.15,2002,1224,663,2674,7476,1563,1884,610,227,3096,474,4413,3121,1648,2445
2022-09-27,INV_05,123752.84,1139268.56,1263021.41,2002,1224,663,2674,7476,1563,1884,610,227,3096,474,4413,3121,1648,2445
2022-09-28,INV_05,123752.84,1144985.18,1268738.03,2002,1224,663,2674,7476,1563,1884,610,227,3096,474,4413,3121,1648,2445
2022-09-29,INV_05,123752.84,1145523.47,1269276.32,2002,1224,663,2674,7476,1563,1884,610,227,3096,474,4413,3121,1648,2445
2022-09-30,INV_05,131360.01,1145048.6,1276408.61,2002,1224,663,2674,7476,1563,1884,610,170,3096,474,4413,3121,1648,2445
2022-10-03,INV_05,161002.63,1081823.42,1242826.05,2002,1224,663,2674,7476,1563,1884,610,170,3096,474,4413,2340,1648,2445
2022-10-04,INV_05,187111.63,1011764.5,1198876.14,2002,1224,663,2674,7476,1563,1413,610,170,3096,474,4413,2340,1648,2445
2022-10-05,INV_05,158766.99,1052882.01,1211649.0,2002,1224,663,2674,7476,1563,1413,610,170,3096,474,7921,2340,1648,2445
2022-10-06,INV_05,179258.92,1011064.19,1190323.11,2002,1224,663,2005,7476,1563,1413,610,170,3096,474,7921,2340,1648,2445
2022-10-07,INV_05,194415.86,973769.77,1168185.62,2002,1224,663,1503,7476,1563,1413,610,170,3096,474,7921,2340,1648,2445
2022-10-10,INV_05,194415.86,973769.77,1168185.62,2002,1224,663,1503,7476,1563,1413,610,170,3096,474,7921,2340,1648,2445
2022-10-11,INV_05,199356.21,929610.71,1128966.92,1501,1224,663,1503,7476,1563,1413,610,170,3096,474,7921,2340,1648,2445
2022-10-12,INV_05,199356.21,932723.96,1132080.17,1501,1224,663,1503,7476,1563,1413,610,170,3096,474,7921,2340,1648,2445
2022-10-13,INV_05,169157.95,1004078.39,1173236.34,1501,1224,663,1503,7476,1563,1413,610,170,4040,474,7921,2340,1648,2445
2022-10-14,INV_05,182015.66,983915.89,1165931.55,1501,1224,663,1503,5607,1563,1413,610,170,4040,474,7921,2340,1648,2445
2022-10-17,INV_05,215011.53,935152.45,1150163.98,1501,1224,663,1503,5607,1563,1413,610,170,3030,474,7921,2340,1648,2445
2022-10-18,INV_05,224424.12,907373.14,1131797.27,1501,1224,663,1503,4205,1563,1413,610,170,3030,474,7921,2340,1648,2445
2022-10-19,INV_05,235941.26,897025.95,1132967.21,1501,1224,663,1127,4205,1563,1413,610,170,3030,474,7921,2340,1648,2445
2022-10-20,INV_05,235941.26,882669.78,1118611.03,1501,1224,663,1127,4205,1563,1413,610,170,3030,474,7921,2340,1648,2445
2022-10-21,INV_05,242999.71,864434.08,1107433.79,1501,1224,497,1127,4205,1563,1413,610,170,3030,474,7921,2340,1648,2445
2022-10-24,INV_05,242999.71,864434.08,1107433.79,1501,1224,497,1127,4205,1563,1413,610,170,3030,474,7921,2340,1648,2445
2022-10-25,INV_05,267281.1,826407.83,1093688.93,1501,1224,497,1127,4205,1172,1413,610,170,3030,474,7921,2340,1648,2445
2022-10-26,INV_05,226794.18,877319.01,1104113.19,1501,1224,497,1127,10044,1172,1413,610,170,3030,474,7921,2340,1648,2445
2022-10-27,INV_05,192455.64,924645.2,1117100.83,1501,1224,497,2229,10044,1172,1413,610,170,3030,474,7921,2340,1648,2445
2022-10-28,INV_05,210627.44,892889.45,1103516.89,1501,1224,497,2229,10044,879,1413,610,170,3030,474,7921,2340,1648,2445
2022-10-31,INV_05,234044.2,867081.14,1101125.34,1501,1224,497,2229,10044,879,1413,610,170,2272,474,7921,2340,1648,2445
2022-11-01,INV_05,252464.05,843367.58,1095831.63,1501,1224,497,2229,10044,879,1059,610,170,2272,474,7921,2340,1648,2445
2022-11-02,INV_05,266215.28,832290.82,1098506.1,1501,1224,497,2229,10044,659,1059,610,170,2272,474,7921,2340,1648,2445
2022-11-03,INV_05,279747.49,818688.0,1098435.49,1501,1224,497,2229,10044,659,1059,610,170,2272,474,5940,2340,1648,2445
2022-11-04,INV_05,279747.49,817564.88,1097312.37,1501,1224,497,2229,10044,659,1059,610,170,2272,474,5940,2340,1648,2445
2022-11-07,INV_05,299038.36,798079.15,1097117.51,1501,1224,497,2229,10044,659,1059,610,170,2272,474,5940,1755,1648,2445
2022-11-08,INV_05,299038.36,780402.39,1079440.76,1501,1224,497,2229,10044,659,1059,610,170,2272,474,5940,1755,1648,2445
2022-11-09,INV_05,299038.36,790107.4,1089145.76,1501,1224,497,2229,10044,659,1059,610,170,2272,474,5940,1755,1648,2445
2022-11-10,INV_05,253843.28,837949.93,1091793.21,1501,1224,497,2229,10044,659,1059,610,496,2272,474,5940,1755,1648,2445
2022-11-11,INV_05,253843.28,846387.68,1100230.96,1501,1224,497,2229,10044,659,1059,610,496,2272,474,5940,1755,1648,2445
2022-11-14,INV_05,279333.39,816910.08,1096243.47,1501,1224,497,2229,10044,659,1059,610,496,2272,474,5940,1755,1648,1833
2022-11-15,INV_05,237023.49,847210.09,1084233.58,1501,1224,497,2229,10044,659,1059,610,496,2272,474,5940,1755,3057,1833
2022-11-16,INV_05,254175.81,821934.53,1076110.34,1501,1224,497,2229,10044,659,1059,610,496,1704,474,5940,1755,3057,1833
2022-11-17,INV_05,257640.97,812846.95,1070487.92,1125,1224,497,2229,10044,659,1059,610,496,1704,474,5940,1755,3057,1833
2022-11-18,INV_05,267526.41,782999.12,1050525.53,1125,1224,497,2229,10044,659,1059,457,496,1704,474,5940,1755,3057,1833
2022-11-21,INV_05,274854.99,770298.79,1045153.78,1125,1224,497,2229,10044,659,1059,342,496,1704,474,5940,1755,3057,1833
2022-11-22,INV_05,233229.95,838984.34,1072214.29,1125,1224,497,2229,10044,659,1059,342,496,1704,474,5940,1755,4496,1833
2022-11-23,INV_05,233229.95,848627.78,1081857.73,1125,1224,497,2229,10044,659,1059,342,496,1704,474,5940,1755,4496,1833
2022-11-24,INV_05,252835.64,819838.52,1072674.16,1125,1224,497,2229,10044,659,1059,342,496,1704,474,5940,1755,4496,1374
2022-11-25,INV_05,266845.82,812757.02,1079602.84,1125,1224,497,2229,10044,659,794,342,496,1704,474,5940,1755,4496,1374
2022-11-28,INV_05,281478.43,806634.52,1088112.95,1125,1224,497,2229,10044,659,794,342,496,1704,474,5940,1755,4496,1030
2022-11-29,INV_05,294112.37,796535.87,1090648.24,1125,1224,497,2229,10044,659,794,342,496,1278,474,5940,1755,4496,1030
2022-11-30,INV_05,249565.22,869354.48,1118919.7,1125,1224,497,2229,10044,659,794,342,496,1278,474,5940,1755,5894,1030
2022-12-01,INV_05,249565.22,876906.47,1126471.68,1125,1224,497,2229,10044,659,794,342,496,1278,474,5940,1755,5894,1030
2022-12-02,INV_05,249565.22,886165.97,1135731.19,1125,1224,497,2229,10044,659,794,342,496,1278,474,5940,1755,5894,1030
2022-12-05,INV_05,259437.78,877753.14,1137190.93,1125,1224,497,2229,10044,494,794,342,496,1278,474,5940,1755,5894,1030
2022-12-06,INV_05,259437.78,886606.52,1146044.3,1125,1224,497,2229,10044,494,794,342,496,1278,474,5940,1755,5894,1030
2022-12-07,INV_05,220160.74,925494.68,1145655.42,1125,1906,497,2229,10044,494,794,342,496,1278,474,5940,1755,5894,1030
2022-12-08,INV_05,245863.7,887282.41,1133146.11,1125,1429,497,2229,10044,494,794,342,496,1278,474,5940,1755,5894,1030
2022-12-09,INV_05,264386.77,864999.75,1129386.52,1125,1429,497,2229,7533,494,794,342,496,1278,474,5940,1755,5894,1030
2022-12-12,INV_05,224342.04,906543.63,1130885.67,1125,1429,497,2229,7533,494,794,342,496,1278,474,5940,2859,5894,1030
2022-12-13,INV_05,231490.34,895569.34,1127059.68,1125,1429,497,2229,7533,370,794,342,496,1278,474,5940,2859,5894,1030
2022-12-14,INV_05,196421.06,945198.91,1141619.97,1125,1429,497,2229,12300,370,794,342,496,1278,474,5940,2859,5894,1030
2022-12-15,INV_05,199149.88,936250.08,1135399.97,843,1429,497,2229,12300,370,794,342,496,1278,474,5940,2859,5894,1030
2022-12-16,INV_05,209035.59,921478.17,1130513.76,843,1429,497,2229,12300,370,794,342,496,958,474,5940,2859,5894,1030
2022-12-19,INV_05,214238.69,906338.48,1120577.17,843,1429,497,2229,12300,277,794,342,496,958,474,5940,2859,5894,1030
2022-12-20,INV_05,214238.69,894882.17,1109120.86,843,1429,497,2229,12300,277,794,342,496,958,474,5940,2859,5894,1030
2022-12-21,INV_05,181833.23,924384.31,1106217.55,843,1429,497,2229,12300,277,794,342,730,958,474,5940,2859,5894,1030
2022-12-22,INV_05,204007.06,895059.34,1099066.4,843,1429,497,2229,9225,277,794,342,730,958,474,5940,2859,5894,1030
2022-12-23,INV_05,173109.54,924044.76,1097154.29,843,1429,497,2229,9225,277,794,787,730,958,474,5940,2859,5894,1030
2022-12-26,INV_05,146990.74,949904.94,1096895.69,843,1429,497,2229,9225,277,794,787,921,958,474,5940,2859,5894,1030
2022-12-27,INV_05,124723.52,976252.28,1100975.8,843,1429,497,2229,12287,277,794,787,921,958,474,5940,2859,5894,1030
2022-12-28,INV_05,135377.89,962227.46,1097605.36,843,1429,497,2229,12287,277,794,787,921,958,474,5940,2859,5894,772
2022-12-29,INV_05,137419.67,957834.37,1095254.04,632,1429,497,2229,12287,277,794,787,921,958,474,5940,2859,5894,772
2022-12-30,INV_05,116620.01,982122.15,1098742.16,632,1429,497,2957,12287,277,794,787,921,958,474,5940,2859,5894,772
2023-01-02,INV_05,123830.4,977430.55,1101260.95,632,1429,497,2957,12287,277,794,787,921,718,474,5940,2859,5894,772
2023-01-03,INV_05,123830.4,983021.97,1106852.37,632,1429,497,2957,12287,277,794,787,921,718,474,5940,2859,5894,772
2023-01-04,INV_05,129293.73,968730.53,1098024.26,632,1429,372,2957,12287,277,794,787,921,718,474,5940,2859,5894,772
2023-01-05,INV_05,171352.23,924127.23,1095479.46,632,1429,372,2957,12287,277,794,787,921,718,474,5940,2859,4420,772
2023-01-06,INV_05,145458.91,949764.19,1095223.09,632,1429,372,2957,12287,277,794,1158,921,718,474,5940,2859,4420,772
2023-01-09,INV_05,145458.91,943338.99,1088797.9,632,1429,372,2957,12287,277,794,1158,921,718,474,5940,2859,4420,772
2023-01-10,INV_05,123457.02,964825.17,1088282.19,632,1814,372,2957,12287,277,794,1158,921,718,474,5940,2859,4420,772
2023-01-11,INV_05,142426.83,944489.68,1086916.51,632,1814,372,2957,12287,277,794,1158,921,718,355,5940,2859,4420,772
2023-01-12,INV_05,120850.28,958552.76,1079403.04,632,1814,372,2957,15091,277,794,1158,921,718,355,5940,2859,4420,772
2023-01-13,INV_05,120850.28,958552.76,1079403.04,632,1814,372,2957,15091,277,794,1158,921,718,355,5940,2859,4420,772
2023-01-16,INV_05,102568.07,976653.96,1079222.03,632,1814,372,2957,15091,277,1127,1158,921,718,355,5940,2859,4420,772
2023-01-17,INV_05,87095.96,1002636.91,1089732.87,632,1814,372,2957,15091,277,1127,1382,921,718,355,5940,2859,4420,772
2023-01-18,INV_05,111356.63,971086.95,1082443.58,632,1360,372,2957,15091,277,1127,1382,921,718,355,5940,2859,4420,772
2023-01-19,INV_05,111356.63,976996.59,1088353.22,632,1360,372,2957,15091,277,1127,1382,921,718,355,5940,2859,4420,772
2023-01-20,INV_05,111356.63,1005662.82,1117019.45,632,1360,372,2957,15091,277,1127,1382,921,718,355,5940,2859,4420,772
2023-01-23,INV_05,94493.75,1056159.5,1150653.25,632,1360,372,2957,15091,277,1127,1382,921,718,355,5940,2859,4919,772
2023-01-24,INV_05,98905.07,1035009.93,1133915.0,632,1360,279,2957,15091,277,1127,1382,921,718,355,5940,2859,4919,772
2023-01-25,INV_05,83924.78,1056501.22,1140426.0,2042,1360,279,2957,15091,277,1127,1382,921,718,355,5940,2859,4919,772
2023-01-26,INV_05,83924.78,1065584.33,1149509.11,2042,1360,279,2957,15091,277,1127,1382,921,718,355,5940,2859,4919,772
2023-01-27,INV_05,71244.58,1094373.85,1165618.43,2042,1360,279,2957,15091,277,1127,1382,921,718,355,5940,3176,4919,772
2023-01-30,INV_05,87113.67,1073538.84,1160652.52,2042,1360,279,2957,15091,277,845,1382,921,718,355,5940,3176,4919,772
2023-01-31,INV_05,87113.67,1082899.94,1170013.61,2042,1360,279,2957,15091,277,845,1382,921,718,355,5940,3176,4919,772
2023-02-01,INV_05,73936.44,1102800.31,1176736.75,2042,1360,279,2957,15091,277,845,1382,921,1088,355,5940,3176,4919,772
2023-02-02,INV_05,89291.88,1105345.8,1194637.68,2042,1360,279,2957,15091,277,845,1382,921,1088,266,5940,3176,4919,772
2023-02-03,INV_05,101081.48,1132010.0,1233091.48,2042,1360,279,2957,15091,277,633,1382,921,1088,266,5940,3176,4919,772
2023-02-06,INV_05,106732.66,1116849.6,1223582.25,1531,1360,279,2957,15091,277,633,1382,921,1088,266,5940,3176,4919,772
2023-02-07,INV_05,127350.15,1077979.28,1205329.43,1531,1020,279,2957,15091,277,633,1382,921,1088,266,5940,3176,4919,772
2023-02-08,INV_05,127350.15,1088048.19,1215398.33,1531,1020,279,2957,15091,277,633,1382,921,1088,266,5940,3176,4919,772
2023-02-09,INV_05,160127.75,1055140.56,1215268.32,1531,1020,279,2957,15091,277,633,1382,921,1088,266,5940,2382,4919,772
2023-02-10,INV_05,202752.61,1005068.0,1207820.61,1531,1020,279,2957,15091,277,633,1382,921,1088,266,5940,2382,3689,772
2023-02-13,INV_05,206316.05,974711.55,1181027.6,1531,1020,209,2957,15091,277,633,1382,921,1088,266,5940,2382,3689,772
2023-02-14,INV_05,237795.89,917975.11,1155771.0,1531,1020,209,2957,15091,277,633,1382,690,1088,266,5940,2382,3689,772
2023-02-15,INV_05,237795.89,919867.73,1157663.62,1531,1020,209,2957,15091,277,633,1382,690,1088,266,5940,2382,3689,772
2023-02-16,INV_05,201789.34,976293.17,1178082.5,1531,1020,209,4093,15091,277,633,1382,690,1088,266,5940,2382,3689,772
2023-02-17,INV_05,171252.05,1024542.65,1195794.7,1531,1020,209,4093,15091,277,633,1703,690,1088,266,5940,2382,3689,772
2023-02-20,INV_05,145404.17,1101756.63,1247160.8,1531,1020,209,4093,15091,277,633,1948,690,1088,266,5940,2382,3689,772
2023-02-21,INV_05,155445.57,1108985.41,1264430.98,1531,1020,209,4093,15091,277,633,1948,690,816,266,5940,2382,3689,772
2023-02-22,INV_05,131904.71,1140921.97,1272826.68,3457,1020,209,4093,15091,277,633,1948,690,816,266,5940,2382,3689,772
2023-02-23,INV_05,111964.7,1173128.26,1285092.95,3457,1020,564,4093,15091,277,633,1948,690,816,266,5940,2382,3689,772
2023-02-24,INV_05,127835.93,1163171.17,1291007.1,3457,765,564,4093,15091,277,633,1948,690,816,266,5940,2382,3689,772
2023-02-27,INV_05,132126.31,1134481.56,1266607.86,3457,765,564,4093,15091,207,633,1948,690,816,266,5940,2382,3689,772
2023-02-28,INV_05,177322.83,1080553.69,1257876.52,3457,765,564,4093,15091,207,633,1461,690,816,266,5940,2382,3689,772
2023-03-01,INV_05,150482.86,1111259.9,1261742.76,3457,765,564,4768,15091,207,633,1461,690,816,266,5940,2382,3689,772
2023-03-02,INV_05,127729.21,1159864.84,1287594.05,3457,765,957,4768,15091,207,633,1461,690,816,266,5940,2382,3689,772
2023-03-03,INV_05,127729.21,1203367.59,1331096.79,3457,765,957,4768,15091,207,633,1461,690,816,266,5940,2382,3689,772
2023-03-06,INV_05,108426.75,1222478.93,1330905.68,3457,765,957,4768,15091,207,633,1461,690,816,266,5940,2382,3689,1095
2023-03-07,INV_05,92053.1,1314842.43,1406895.53,3457,983,957,4768,15091,207,633,1461,690,816,266,5940,2382,3689,1095
2023-03-08,INV_05,126140.17,1299097.78,1425237.94,3457,983,957,4768,11318,207,633,1461,690,816,266,5940,2382,3689,1095
2023-03-09,INV_05,126140.17,1286238.99,1412379.16,3457,983,957,4768,11318,207,633,1461,690,816,266,5940,2382,3689,1095
2023-03-10,INV_05,139760.37,1243289.77,1383050.14,3457,983,717,4768,11318,207,633,1461,690,816,266,5940,2382,3689,1095
2023-03-13,INV_05,143031.71,1209306.59,1352338.3,3457,983,717,4768,11318,155,633,1461,690,816,266,5940,2382,3689,1095
2023-03-14,INV_05,121362.83,1256619.26,1377982.09,3457,983,717,4768,13782,155,633,1461,690,816,266,5940,2382,3689,1095
2023-03-15,INV_05,102980.87,1295260.28,1398241.15,4787,983,717,4768,13782,155,633,1461,690,816,266,5940,2382,3689,1095
2023-03-16,INV_05,102980.87,1288871.45,1391852.32,4787,983,717,4768,13782,155,633,1461,690,816,266,5940,2382,3689,1095
2023-03-17,INV_05,102980.87,1299597.72,1402578.59,4787,983,717,4768,13782,155,633,1461,690,816,266,5940,2382,3689,1095
2023-03-20,INV_05,87388.79,1313687.61,1401076.39,5830,983,717,4768,13782,155,633,1461,690,816,266,5940,2382,3689,1095
2023-03-21,INV_05,103641.11,1279137.06,1382778.18,5830,983,717,4768,13782,155,633,1461,690,816,266,5940,2382,3689,821
2023-03-22,INV_05,153379.41,1215798.32,1369177.73,5830,983,717,3576,13782,155,633,1461,690,816,266,5940,2382,3689,821
2023-03-23,INV_05,163289.29,1174748.02,1338037.31,5830,983,717,3576,13782,155,474,1461,690,816,266,5940,2382,3689,821
2023-03-24,INV_05,138562.26,1204779.47,1343341.73,7607,983,717,3576,13782,155,474,1461,690,816,266,5940,2382,3689,821
2023-03-27,INV_05,173816.33,1144488.24,1318304.57,7607,983,717,2682,13782,155,474,1461,690,816,266,5940,2382,3689,821
2023-03-28,INV_05,173816.33,1138291.49,1312107.82,7607,983,717,2682,13782,155,474,1461,690,816,266,5940,2382,3689,821
2023-03-29,INV_05,147484.22,1180317.54,1327801.76,7607,983,717,2682,13782,155,474,1461,690,816,266,10214,2382,3689,821
2023-03-30,INV_05,147484.22,1163962.93,1311447.14,7607,983,717,2682,13782,155,474,1461,690,816,266,10214,2382,3689,821
2023-03-31,INV_05,125141.0,1207571.68,1332712.67,7607,983,717,2682,13782,155,474,1461,690,816,266,13901,2382,3689,821
2023-04-03,INV_05,106188.89,1210142.39,1316331.27,7607,983,1056,2682,13782,155,474,1461,690,816,266,13901,2382,3689,821
2023-04-04,INV_05,106188.89,1198291.04,1304479.92,7607,983,1056,2682,13782,155,474,1461,690,816,266,13901,2382,3689,821
2023-04-05,INV_05,118001.14,1186359.47,1304360.61,7607,983,1056,2682,13782,155,474,1461,690,816,266,13901,2382,3689,615
2023-04-06,INV_05,143776.59,1169270.19,1313046.78,7607,983,1056,2682,13782,155,474,1461,690,816,266,13901,1786,3689,615
2023-04-07,INV_05,143776.59,1169270.19,1313046.78,7607,983,1056,2682,13782,155,474,1461,690,816,266,13901,1786,3689,615
2023-04-10,INV_05,173481.27,1137149.59,1310630.87,7607,983,1056,2682,10336,155,474,1461,690,816,266,13901,1786,3689,615
2023-04-11,INV_05,147223.85,1171989.24,1319213.09,7607,983,1056,2682,10336,155,474,1461,690,816,266,13901,1786,4333,615
2023-04-12,INV_05,124943.51,1197483.95,1322427.46,7607,983,1056,3222,10336,155,474,1461,690,816,266,13901,1786,4333,615
2023-04-13,INV_05,135206.0,1187117.8,1322323.8,7607,983,1056,3222,10336,155,474,1461,690,816,199,13901,1786,4333,615
2023-04-14,INV_05,159921.32,1162152.83,1322074.15,5705,983,1056,3222,10336,155,474,1461,690,816,199,13901,1786,4333,615
2023-04-17,INV_05,167644.43,1151308.55,1318952.98,5705,983,1056,3222,10336,155,474,1461,690,816,149,13901,1786,4333,615
2023-04-18,INV_05,167644.43,1149030.59,1316675.02,5705,983,1056,3222,10336,155,474,1461,690,816,149,13901,1786,4333,615
2023-04-19,INV_05,186413.65,1125857.19,1312270.83,5705,983,1056,3222,10336,155,474,1461,690,816,149,13901,1339,4333,615
2023-04-20,INV_05,158176.15,1151700.65,1309876.8,5705,983,1056,3222,10336,155,474,1461,690,816,149,13901,1979,4333,615
2023-04-21,INV_05,167021.14,1144666.74,1311687.88,5705,983,1056,3222,10336,155,474,1461,690,816,149,13901,1979,4333,461
2023-04-24,INV_05,210148.09,1082666.71,1292814.79,5705,983,1056,3222,10336,155,474,1461,690,816,149,13901,1979,3249,461
2023-04-25,INV_05,178328.21,1117003.18,1295331.39,5705,1487,1056,3222,10336,155,474,1461,690,816,149,13901,1979,3249,461
2023-04-26,INV_05,201673.29,1087684.93,1289358.22,5705,1487,1056,3222,7752,155,474,1461,690,816,149,13901,1979,3249,461
2023-04-27,INV_05,203995.32,1076563.39,1280558.7,5705,1487,1056,3222,7752,116,474,1461,690,816,149,13901,1979,3249,461
2023-04-28,INV_05,203995.32,1069046.99,1273042.31,5705,1487,1056,3222,7752,116,474,1461,690,816,149,13901,1979,3249,461
2023-05-01,INV_05,173141.74,1099595.09,1272736.83,5705,1487,1056,3222,7752,621,474,1461,690,816,149,13901,1979,3249,461
2023-05-02,INV_05,195959.76,1037451.08,1233410.83,5705,1487,1056,3222,7752,621,474,1461,517,816,149,13901,1979,3249,461
2023-05-03,INV_05,166294.74,1086297.21,1252591.95,5705,1487,1056,4035,7752,621,474,1461,517,816,149,13901,1979,3249,461
2023-05-04,INV_05,141128.81,1110053.48,1251182.29,5705,1487,1056,4035,7752,621,888,1461,517,816,149,13901,1979,3249,461
2023-05-05,INV_05,147562.28,1103555.02,1251117.3,5705,1487,1056,4035,7752,621,888,1461,517,816,149,13901,1979,3249,345
2023-05-08,INV_05,125224.23,1146572.44,1271796.67,5705,1487,1056,4035,7752,621,888,1461,680,816,149,13901,1979,3249,345
2023-05-09,INV_05,143806.93,1126689.33,1270496.26,5705,1487,1056,4035,7752,621,888,1461,680,816,149,10425,1979,3249,345
2023-05-10,INV_05,122023.65,1146130.48,1268154.13,5705,1487,1056,4035,7752,621,888,1461,680,816,149,14419,1979,3249,345
2023-05-11,INV_05,103550.92,1192796.61,1296347.53,5705,1487,1056,4035,7752,621,888,1461,680,1251,149,14419,1979,3249,345
2023-05-12,INV_05,87871.39,1209719.44,1297590.83,5705,1487,1056,4035,7752,621,888,1461,794,1251,149,14419,1979,3249,345
2023-05-15,INV_05,123479.98,1170459.24,1293939.22,5705,1487,1056,4035,7752,621,888,1461,794,1251,149,14419,1979,2436,345
2023-05-16,INV_05,141628.44,1132415.15,1274043.59,4278,1487,1056,4035,7752,621,888,1461,794,1251,149,14419,1979,2436,345
2023-05-17,INV_05,141628.44,1129899.51,1271527.94,4278,1487,1056,4035,7752,621,888,1461,794,1251,149,14419,1979,2436,345
2023-05-18,INV_05,157530.93,1103838.06,1261368.99,4278,1487,1056,4035,5814,621,888,1461,794,1251,149,14419,1979,2436,345
2023-05-19,INV_05,157530.93,1098553.95,1256084.88,4278,1487,1056,4035,5814,621,888,1461,794,1251,149,14419,1979,2436,345
2023-05-22,INV_05,183971.95,1056779.07,1240751.01,4278,1487,1056,4035,5814,621,888,1461,595,1251,149,14419,1979,2436,345
2023-05-23,INV_05,201459.8,1049098.22,1250558.02,4278,1487,1056,4035,5814,621,888,1461,595,1251,149,10814,1979,2436,345
2023-05-24,INV_05,170959.06,1095241.02,1266200.08,4278,1487,1056,4035,5814,621,1402,1461,595,1251,149,10814,1979,2436,345
2023-05-25,INV_05,170959.06,1087200.26,1258159.33,4278,1487,1056,4035,5814,621,1402,1461,595,1251,149,10814,1979,2436,345
2023-05-26,INV_05,145138.82,1120056.74,1265195.57,4278,1487,1056,4035,5814,621,1402,1688,595,1251,149,10814,1979,2436,345
2023-05-29,INV_05,158634.95,1089292.38,1247927.33,4278,1487,792,4035,5814,621,1402,1688,595,1251,149,10814,1979,2436,345
2023-05-30,INV_05,134619.08,1104830.44,1239449.52,4278,1487,792,4700,5814,621,1402,1688,595,1251,149,10814,1979,2436,345
2023-05-31,INV_05,134619.08,1104564.34,1239183.42,4278,1487,792,4700,5814,621,1402,1688,595,1251,149,10814,1979,2436,345
2023-06-01,INV_05,134619.08,1130871.37,1265490.45,4278,1487,792,4700,5814,621,1402,1688,595,1251,149,10814,1979,2436,345
2023-06-02,INV_05,114302.77,1161570.96,1275873.73,4278,1487,792,4700,5814,621,1402,1688,595,1251,323,10814,1979,2436,345
2023-06-05,INV_05,123346.56,1151033.35,1274379.91,4278,1487,792,4700,5814,621,1402,1688,595,1251,242,10814,1979,2436,345
2023-06-06,INV_05,123346.56,1149953.11,1273299.66,4278,1487,792,4700,5814,621,1402,1688,595,1251,242,10814,1979,2436,345
2023-06-07,INV_05,104665.64,1168717.99,1273383.63,4278,1487,792,4700,5814,925,1402,1688,595,1251,242,10814,1979,2436,345
2023-06-08,INV_05,88863.83,1194165.5,1283029.33,4278,1755,792,4700,5814,925,1402,1688,595,1251,242,10814,1979,2436,345
2023-06-09,INV_05,75404.27,1218047.96,1293452.22,4278,1755,792,4700,5814,925,1402,1688,595,1251,242,13427,1979,2436,345
2023-06-12,INV_05,64042.57,1268456.04,1332498.6,4278,1936,792,4700,5814,925,1402,1688,595,1251,242,13427,1979,2436,345
2023-06-13,INV_05,64042.57,1288521.11,1352563.68,4278,1936,792,4700,5814,925,1402,1688,595,1251,242,13427,1979,2436,345
2023-06-14,INV_05,54358.0,1328958.17,1383316.17,4278,1936,792,4928,5814,925,1402,1688,595,1251,242,13427,1979,2436,345
2023-06-15,INV_05,69938.36,1312942.74,1382881.1,3208,1936,792,4928,5814,925,1402,1688,595,1251,242,13427,1979,2436,345
2023-06-16,INV_05,88881.91,1293732.19,1382614.1,3208,1936,792,4928,5814,925,1402,1688,595,1251,242,10070,1979,2436,345
2023-06-19,INV_05,100424.65,1273517.25,1373941.9,3208,1936,594,4928,5814,925,1402,1688,595,1251,242,10070,1979,2436,345
2023-06-20,INV_05,106933.58,1257908.69,1364842.27,3208,1936,594,4928,5814,925,1402,1688,595,1251,181,10070,1979,2436,345
2023-06-21,INV_05,106933.58,1275462.75,1382396.33,3208,1936,594,4928,5814,925,1402,1688,595,1251,181,10070,1979,2436,345
2023-06-22,INV_05,90793.03,1292555.95,1383348.97,3208,1936,594,4928,5814,1171,1402,1688,595,1251,181,10070,1979,2436,345
2023-06-23,INV_05,118964.49,1269451.91,1388416.4,3208,1936,594,4928,5814,1171,1402,1688,595,1251,181,10070,1979,1827,345
2023-06-26,INV_05,150810.1,1253945.95,1404756.06,3208,1452,594,4928,5814,1171,1402,1688,595,1251,181,10070,1979,1827,345
2023-06-27,INV_05,150810.1,1247500.85,1398310.96,3208,1452,594,4928,5814,1171,1402,1688,595,1251,181,10070,1979,1827,345
2023-06-28,INV_05,127963.3,1288446.12,1416409.42,3208,1452,594,4928,5814,1171,1402,1688,595,1251,181,14259,1979,1827,345
2023-06-29,INV_05,108586.77,1307630.8,1416217.57,3208,1452,594,4928,5814,1453,1402,1688,595,1251,181,14259,1979,1827,345
2023-06-30,INV_05,92136.56,1324567.42,1416703.98,4262,1452,594,4928,5814,1453,1402,1688,595,1251,181,14259,1979,1827,345
2023-07-03,INV_05,97918.51,1318727.07,1416645.58,4262,1452,594,4928,5814,1453,1402,1688,595,1251,181,14259,1979,1827,258
2023-07-04,INV_05,83088.98,1474362.77,1557451.76,4262,1452,594,4928,5814,1453,1402,1688,595,1251,181,16666,1979,1827,258
2023-07-05,INV_05,83088.98,1486802.39,1569891.37,4262,1452,594,4928,5814,1453,1402,1688,595,1251,181,16666,1979,1827,258
2023-07-06,INV_05,83088.98,1487258.01,1570346.99,4262,1452,594,4928,5814,1453,1402,1688,595,1251,181,16666,1979,1827,258
2023-07-07,INV_05,70506.81,1512494.21,1583001.02,4262,1452,594,4928,5814,1453,1402,1688,595,1251,181,16666,1979,1827,422
2023-07-10,INV_05,59827.96,1525651.24,1585479.19,4893,1452,594,4928,5814,1453,1402,1688,595,1251,181,16666,1979,1827,422
2023-07-11,INV_05,50870.56,1534551.7,1585422.26,4893,1452,594,4928,5814,1453,1402,1688,595,1251,252,16666,1979,1827,422
2023-07-12,INV_05,43210.26,1567564.2,1610774.46,4893,1452,698,4928,5814,1453,1402,1688,595,1251,252,16666,1979,1827,422
2023-07-13,INV_05,43210.26,1568931.52,1612141.78,4893,1452,698,4928,5814,1453,1402,1688,595,1251,252,16666,1979,1827,422
2023-07-14,INV_05,43210.26,1591929.44,1635139.7,4893,1452,698,4928,5814,1453,1402,1688,595,1251,252,16666,1979,1827,422
2023-07-17,INV_05,43210.26,1624494.16,1667704.42,4893,1452,698,4928,5814,1453,1402,1688,595,1251,252,16666,1979,1827,422
2023-07-18,INV_05,43210.26,1663203.67,1706413.93,4893,1452,698,4928,5814,1453,1402,1688,595,1251,252,16666,1979,1827,422
2023-07-19,INV_05,43210.26,1727205.2,1770415.46,4893,1452,698,4928,5814,1453,1402,1688,595,1251,252,16666,1979,1827,422
2023-07-20,INV_05,43210.26,1738442.76,1781653.02,4893,1452,698,4928,5814,1453,1402,1688,595,1251,252,16666,1979,1827,422
2023-07-21,INV_05,43210.26,1742424.53,1785634.79,4893,1452,698,4928,5814,1453,1402,1688,595,1251,252,16666,1979,1827,422
2023-07-24,INV_05,43210.26,1740484.31,1783694.57,4893,1452,698,4928,5814,1453,1402,1688,595,1251,252,16666,1979,1827,422
2023-07-25,INV_05,57147.65,1718776.21,1775923.86,4893,1452,523,4928,5814,1453,1402,1688,595,1251,252,16666,1979,1827,422
2023-07-26,INV_05,48500.38,1717905.87,1766406.25,4893,1452,523,4928,5814,1453,1402,1688,595,1405,252,16666,1979,1827,422
2023-07-27,INV_05,48500.38,1778741.07,1827241.45,4893,1452,523,4928,5814,1453,1402,1688,595,1405,252,16666,1979,1827,422
2023-07-28,INV_05,48500.38,1802189.7,1850690.08,4893,1452,523,4928,5814,1453,1402,1688,595,1405,252,16666,1979,1827,422
2023-07-31,INV_05,48500.38,1816490.11,1864990.49,4893,1452,523,4928,5814,1453,1402,1688,595,1405,252,16666,1979,1827,422
2023-08-01,INV_05,48500.38,1816490.11,1864990.49,4893,1452,523,4928,5814,1453,1402,1688,595,1405,252,16666,1979,1827,422
2023-08-02,INV_05,48500.38,1862825.19,1911325.57,4893,1452,523,4928,5814,1453,1402,1688,595,1405,252,16666,1979,1827,422
2023-08-03,INV_05,62359.59,1873854.44,1936214.03,4893,1452,523,4928,4360,1453,1402,1688,595,1405,252,16666,1979,1827,422
2023-08-04,INV_05,82438.4,1847854.92,1930293.32,3669,1452,523,4928,4360,1453,1402,1688,595,1405,252,16666,1979,1827,422
2023-08-07,INV_05,70045.31,1872819.55,1942864.85,3669,1452,523,4928,4360,1453,1402,1754,595,1405,252,16666,1979,1827,422
2023-08-08,INV_05,70045.31,1875634.39,1945679.69,3669,1452,523,4928,4360,1453,1402,1754,595,1405,252,16666,1979,1827,422
2023-08-09,INV_05,59511.81,1884152.66,1943664.48,3669,1452,523,4928,4360,1453,1402,1754,595,1405,252,16666,1979,1827,523
2023-08-10,INV_05,59511.81,1888060.21,1947572.03,3669,1452,523,4928,4360,1453,1402,1754,595,1405,252,16666,1979,1827,523
2023-08-11,INV_05,50505.8,1900814.36,1951320.16,3669,1452,523,4928,5255,1453,1402,1754,595,1405,252,16666,1979,1827,523
2023-08-14,INV_05,57546.31,1857911.17,1915457.47,3669,1452,523,4928,5255,1453,1402,1754,595,1405,189,16666,1979,1827,523
2023-08-15,INV_05,68472.9,1804696.24,1873169.14,3669,1452,392,4928,5255,1453,1402,1754,595,1405,189,16666,1979,1827,523
2023-08-16,INV_05,58137.09,1866918.19,1925055.28,3669,1452,392,4928,5255,1453,1402,1814,595,1405,189,16666,1979,1827,523
2023-08-17,INV_05,49380.16,1918267.11,1967647.27,3669,1452,392,4928,5255,1453,1402,1814,595,1405,189,16666,1979,1827,598
2023-08-18,INV_05,49380.16,1911850.69,1961230.85,3669,1452,392,4928,5255,1453,1402,1814,595,1405,189,16666,1979,1827,598
2023-08-21,INV_05,57483.94,1877340.84,1934824.78,3669,1452,294,4928,5255,1453,1402,1814,595,1405,189,16666,1979,1827,598
2023-08-22,INV_05,57483.94,1859949.72,1917433.65,3669,1452,294,4928,5255,1453,1402,1814,595,1405,189,16666,1979,1827,598
2023-08-23,INV_05,63662.84,1864708.88,1928371.73,3669,1452,220,4928,5255,1453,1402,1814,595,1405,189,16666,1979,1827,598
2023-08-24,INV_05,75860.87,1812976.97,1888837.84,3669,1452,220,4928,3941,1453,1402,1814,595,1405,189,16666,1979,1827,598
2023-08-25,INV_05,98137.66,1794504.02,1892641.67,3669,1452,220,4928,3941,1453,1402,1814,595,1405,189,12499,1979,1827,598
2023-08-28,INV_05,118553.06,1762427.77,1880980.83,3669,1452,220,4928,3941,1453,1402,1814,595,1053,189,12499,1979,1827,598
2023-08-29,INV_05,118553.06,1758634.91,1877187.97,3669,1452,220,4928,3941,1453,1402,1814,595,1053,189,12499,1979,1827,598
2023-08-30,INV_05,118553.06,1758634.91,1877187.97,3669,1452,220,4928,3941,1453,1402,1814,595,1053,189,12499,1979,1827,598
2023-08-31,INV_05,134028.09,1724244.4,1858272.48,3669,1452,220,4928,3941,1453,1402,1814,595,1053,189,12499,1979,1827,448
2023-09-01,INV_05,113789.84,1758366.59,1872156.44,3669,1452,220,4928,3941,1453,1402,1814,595,1053,364,12499,1979,1827,448
2023-09-04,INV_05,96580.26,1836453.18,1933033.44,3669,1452,220,5126,3941,1453,1402,1814,595,1053,364,12499,1979,1827,448
2023-09-05,INV_05,81949.72,1880679.86,1962629.58,4579,1452,220,5126,3941,1453,1402,1814,595,1053,364,12499,1979,1827,448
2023-09-06,INV_05,97149.68,1837849.77,1934999.44,4579,1452,220,5126,3941,1453,1402,1814,595,789,364,12499,1979,1827,448
2023-09-07,INV_05,107090.06,1824758.39,1931848.45,4579,1452,220,5126,3941,1453,1402,1814,595,789,273,12499,1979,1827,448
2023-09-08,INV_05,181343.59,1761529.58,1942873.17,4579,1452,220,5126,3941,1453,1402,1360,595,789,273,12499,1979,1827,448
2023-09-11,INV_05,193135.16,1728748.54,1921883.7,4579,1452,220,5126,3941,1453,1402,1360,595,789,273,12499,1979,1827,336
2023-09-12,INV_05,202057.8,1708469.14,1910526.94,4579,1452,220,5126,3941,1453,1402,1360,595,789,273,12499,1979,1827,252
2023-09-13,INV_05,171448.61,1765445.15,1936893.76,4579,1452,220,5126,7173,1453,1402,1360,595,789,273,12499,1979,1827,252
2023-09-14,INV_05,191814.31,1751274.5,1943088.81,3434,1452,220,5126,7173,1453,1402,1360,595,789,273,12499,1979,1827,252
2023-09-15,INV_05,227290.12,1702849.23,1930139.34,3434,1452,220,5126,7173,1453,1402,1360,595,789,273,12499,1484,1827,252
2023-09-18,INV_05,253848.49,1655825.03,1909673.52,3434,1452,220,5126,7173,1453,1402,1360,595,789,273,12499,1113,1827,252
2023-09-19,INV_05,215391.43,1671355.78,1886747.21,3434,1452,220,5126,7173,1453,1402,1360,595,789,273,12499,1113,2413,252
2023-09-20,INV_05,215391.43,1671129.16,1886520.6,3434,1452,220,5126,7173,1453,1402,1360,595,789,273,12499,1113,2413,252
2023-09-21,INV_05,215391.43,1658310.33,1873701.76,3434,1452,220,5126,7173,1453,1402,1360,595,789,273,12499,1113,2413,252
2023-09-22,INV_05,215391.43,1660965.79,1876357.22,3434,1452,220,5126,7173,1453,1402,1360,595,789,273,12499,1113,2413,252
2023-09-25,INV_05,244772.21,1627404.61,1872176.82,3434,1452,220,5126,7173,1089,1402,1360,595,789,273,12499,1113,2413,252
2023-09-26,INV_05,244772.21,1632064.65,1876836.86,3434,1452,220,5126,7173,1089,1402,1360,595,789,273,12499,1113,2413,252
2023-09-27,INV_05,207726.59,1682795.0,1890521.58,3434,1452,220,5126,7173,1089,1402,1360,595,789,614,12499,1113,2413,252
2023-09-28,INV_05,207726.59,1682795.0,1890521.58,3434,1452,220,5126,7173,1089,1402,1360,595,789,614,12499,1113,2413,252
2023-09-29,INV_05,235692.72,1654546.38,1890239.1,3434,1452,220,5126,7173,1089,1402,1360,446,789,614,12499,1113,2413,252
2023-10-02,INV_05,235692.72,1624523.5,1860216.22,3434,1452,220,5126,7173,1089,1402,1360,446,789,614,12499,1113,2413,252
2023-10-03,INV_05,251751.87,1584808.53,1836560.39,3434,1452,220,5126,5379,1089,1402,1360,446,789,614,12499,1113,2413,252
2023-10-04,INV_05,213681.23,1641087.65,1854768.88,3434,1452,220,5126,5379,1562,1402,1360,446,789,614,12499,1113,2413,252
2023-10-05,INV_05,213681.23,1632831.12,1846512.35,3434,1452,220,5126,5379,1562,1402,1360,446,789,614,12499,1113,2413,252
2023-10-06,INV_05,244053.61,1579822.63,1823876.24,3434,1452,220,5126,5379,1171,1402,1360,446,789,614,12499,1113,2413,252
2023-10-09,INV_05,262440.23,1531585.89,1794026.12,3434,1452,220,5126,5379,1171,1402,1360,446,789,614,12499,834,2413,252
2023-10-10,INV_05,262440.23,1527055.25,1789495.48,3434,1452,220,5126,5379,1171,1402,1360,446,789,614,12499,834,2413,252
2023-10-11,INV_05,282998.24,1474861.67,1757859.92,3434,1452,220,5126,5379,1171,1402,1360,334,789,614,12499,834,2413,252
2023-10-12,INV_05,240134.6,1550784.41,1790919.02,3434,1452,220,5126,5379,1171,1991,1360,334,789,614,12499,834,2413,252
2023-10-13,INV_05,262538.44,1525096.52,1787634.96,3434,1452,220,5126,5379,878,1991,1360,334,789,614,12499,834,2413,252
2023-10-16,INV_05,313604.15,1454774.66,1768378.82,3434,1452,220,5126,5379,878,1991,1020,334,789,614,12499,834,2413,252
2023-10-17,INV_05,328487.05,1425085.82,1753572.87,2575,1452,220,5126,5379,878,1991,1020,334,789,614,12499,834,2413,252
2023-10-18,INV_05,334423.96,1400998.91,1735422.87,2575,1452,220,5126,5379,878,1991,1020,334,789,614,12499,834,2413,189
2023-10-19,INV_05,334423.96,1419071.51,1753495.47,2575,1452,220,5126,5379,878,1991,1020,334,789,614,12499,834,2413,189
2023-10-20,INV_05,283799.78,1516232.27,1800032.05,2575,1452,220,5126,5379,878,1991,1020,334,789,614,12499,834,3225,189
2023-10-23,INV_05,240811.03,1559086.51,1799897.54,2575,1452,220,5126,5379,878,1991,1020,334,789,614,12499,1475,3225,189
2023-10-24,INV_05,251189.85,1524652.94,1775842.79,2575,1452,220,5126,5379,878,1991,1020,334,591,614,12499,1475,3225,189
2023-10-25,INV_05,264943.84,1485239.34,1750183.18,2575,1452,220,5126,5379,878,1991,1020,334,591,460,12499,1475,3225,189
2023-10-26,INV_05,280607.74,1453026.74,1733634.48,2575,1452,220,5126,5379,878,1991,1020,250,591,460,12499,1475,3225,189
2023-10-27,INV_05,280607.74,1481835.82,1762443.56,2575,1452,220,5126,5379,878,1991,1020,250,591,460,12499,1475,3225,189
2023-10-30,INV_05,288428.21,1478385.52,1766813.73,2575,1452,220,5126,5379,878,1991,1020,250,443,460,12499,1475,3225,189
2023-10-31,INV_05,312138.05,1435911.88,1748049.93,2575,1452,220,5126,5379,878,1991,1020,250,443,460,12499,1106,3225,189
2023-11-01,INV_05,264936.2,1517022.37,1781958.58,2575,1452,220,5126,5379,878,1991,1020,250,443,460,12499,1106,3225,660
2023-11-02,INV_05,224886.37,1582275.68,1807162.06,2575,1831,220,5126,5379,878,1991,1020,250,443,460,12499,1106,3225,660
2023-11-03,INV_05,241133.39,1545613.85,1786747.24,2575,1831,220,5126,5379,878,1991,1020,250,443,460,12499,1106,3225,495
2023-11-06,INV_05,241133.39,1542376.69,1783510.08,2575,1831,220,5126,5379,878,1991,1020,250,443,460,12499,1106,3225,495
2023-11-07,INV_05,241133.39,1558016.76,1799150.15,2575,1831,220,5126,5379,878,1991,1020,250,443,460,12499,1106,3225,495
2023-11-08,INV_05,204664.09,1621932.81,1826596.91,2575,1831,220,5126,5379,1366,1991,1020,250,443,460,12499,1106,3225,495
2023-11-09,INV_05,215477.7,1599985.52,1815463.22,2575,1831,220,5126,4034,1366,1991,1020,250,443,460,12499,1106,3225,495
2023-11-10,INV_05,215477.7,1592360.52,1807838.22,2575,1831,220,5126,4034,1366,1991,1020,250,443,460,12499,1106,3225,495
2023-11-13,INV_05,215477.7,1601876.83,1817354.52,2575,1831,220,5126,4034,1366,1991,1020,250,443,460,12499,1106,3225,495
2023-11-14,INV_05,238867.75,1554438.68,1793306.43,2575,1831,220,5126,4034,1024,1991,1020,250,443,460,12499,1106,3225,495
2023-11-15,INV_05,255953.94,1515405.72,1771359.66,2575,1831,220,5126,4034,768,1991,1020,250,443,460,12499,1106,3225,495
2023-11-16,INV_05,289772.41,1466943.26,1756715.67,2575,1831,220,5126,4034,768,1493,1020,250,443,460,12499,1106,3225,495
2023-11-17,INV_05,245936.28,1498825.43,1744761.71,2575,1831,220,5126,4034,768,1493,1020,250,443,460,12499,1735,3225,495
2023-11-20,INV_05,251642.09,1490624.8,1742266.89,2575,1831,220,5126,4034,768,1493,1020,250,332,460,12499,1735,3225,495
2023-11-21,INV_05,263298.3,1463359.12,1726657.42,2575,1831,220,5126,4034,768,1493,1020,250,332,460,12499,1735,3225,371
2023-11-22,INV_05,288333.43,1441067.38,1729400.81,2575,1831,220,5126,4034,768,1119,1020,250,332,460,12499,1735,3225,371
2023-11-23,INV_05,244702.94,1485130.82,1729833.75,2575,1831,220,5126,4034,768,1119,1020,250,332,910,12499,1735,3225,371
2023-11-24,INV_05,207638.39,1521342.5,1728980.9,2575,1831,220,5126,4034,768,1119,1020,250,332,1296,12499,1735,3225,371
2023-11-27,INV_05,251428.77,1466871.67,1718300.44,2575,1373,220,5126,4034,768,1119,1020,250,332,1296,12499,1735,3225,371
2023-11-28,INV_05,340310.62,1369236.79,1709547.41,2575,1373,220,3844,4034,768,1119,1020,250,332,1296,12499,1735,3225,371
2023-11-29,INV_05,288773.13,1439368.03,1728141.16,2575,1373,220,3844,4034,768,1119,1020,250,332,1838,12499,1735,3225,371
2023-11-30,INV_05,288773.13,1448180.13,1736953.26,2575,1373,220,3844,4034,768,1119,1020,250,332,1838,12499,1735,3225,371
2023-12-01,INV_05,245073.01,1532473.47,1777546.48,2575,1373,220,3844,4034,768,1119,1020,250,332,2292,12499,1735,3225,371
2023-12-04,INV_05,245073.01,1532806.83,1777879.84,2575,1373,220,3844,4034,768,1119,1020,250,332,2292,12499,1735,3225,371
2023-12-05,INV_05,257471.05,1506504.81,1763975.86,2575,1373,220,3844,4034,576,1119,1020,250,332,2292,12499,1735,3225,371
2023-12-06,INV_05,261962.12,1505236.31,1767198.43,2575,1373,220,3844,4034,576,1119,1020,250,249,2292,12499,1735,3225,371
2023-12-07,INV_05,292890.25,1470846.33,1763736.57,2575,1373,220,3844,4034,576,1119,1020,250,249,2292,12499,1301,3225,371
2023-12-08,INV_05,248596.7,1534506.35,1783103.06,2575,1373,220,3844,4034,576,1119,1020,250,249,2736,12499,1301,3225,371
2023-12-11,INV_05,262518.58,1527328.68,1789847.26,2575,1373,220,3844,4034,576,1119,1020,250,249,2736,9374,1301,3225,371
2023-12-12,INV_05,222770.61,1575268.83,1798039.45,2575,1373,220,3844,4034,576,1119,1020,250,249,2736,9374,1301,3225,753
2023-12-13,INV_05,189132.01,1594774.1,1783906.11,2575,1373,220,3844,4034,576,1119,1233,250,249,2736,9374,1301,3225,753
2023-12-14,INV_05,189132.01,1587022.62,1776154.63,2575,1373,220,3844,4034,576,1119,1233,250,249,2736,9374,1301,3225,753
2023-12-15,INV_05,240891.09,1522999.2,1763890.29,2575,1373,220,3844,4034,576,1119,1233,250,249,2736,9374,1301,2418,753
2023-12-18,INV_05,245522.99,1497200.46,1742723.45,2575,1373,165,3844,4034,576,1119,1233,250,249,2736,9374,1301,2418,753
2023-12-19,INV_05,245522.99,1484848.03,1730371.01,2575,1373,165,3844,4034,576,1119,1233,250,249,2736,9374,1301,2418,753
2023-12-20,INV_05,208353.92,1519240.08,1727593.99,2575,1373,165,3844,4034,1155,1119,1233,250,249,2736,9374,1301,2418,753
2023-12-21,INV_05,219927.22,1508579.63,1728506.85,1931,1373,165,3844,4034,1155,1119,1233,250,249,2736,9374,1301,2418,753
2023-12-22,INV_05,228740.73,1490681.06,1719421.78,1448,1373,165,3844,4034,1155,1119,1233,250,249,2736,9374,1301,2418,753
2023-12-25,INV_05,228740.73,1490681.06,1719421.78,1448,1373,165,3844,4034,1155,1119,1233,250,249,2736,9374,1301,2418,753
2023-12-26,INV_05,194144.66,1524934.59,1719079.25,1448,1373,572,3844,4034,1155,1119,1233,250,249,2736,9374,1301,2418,753
2023-12-27,INV_05,164776.56,1560559.86,1725336.42,1448,1686,572,3844,4034,1155,1119,1233,250,249,2736,9374,1301,2418,753
2023-12-28,INV_05,139830.27,1593082.74,1732913.01,2736,1686,572,3844,4034,1155,1119,1233,250,249,2736,9374,1301,2418,753
2023-12-29,INV_05,180274.68,1560243.9,1740518.58,2736,1264,572,3844,4034,1155,1119,1233,250,249,2736,9374,1301,2418,753
2024-01-01,INV_05,152965.49,1587282.7,1740248.19,2736,1264,572,3844,4034,1155,1119,1233,250,249,2736,15252,1301,2418,753
2024-01-02,INV_05,152965.49,1588260.66,1741226.16,2736,1264,572,3844,4034,1155,1119,1233,250,249,2736,15252,1301,2418,753
2024-01-03,INV_05,129885.49,1615155.12,1745040.61,2736,1264,572,3844,4034,1155,1119,1377,250,249,2736,15252,1301,2418,753
2024-01-04,INV_05,141544.42,1601207.49,1742751.91,2736,1264,572,3844,4034,1155,1119,1377,187,249,2736,15252,1301,2418,753
2024-01-05,INV_05,120130.18,1639960.44,1760090.62,2736,1264,572,3844,4034,1155,1119,1513,187,249,2736,15252,1301,2418,753
2024-01-08,INV_05,120130.18,1631168.04,1751298.22,2736,1264,572,3844,4034,1155,1119,1513,187,249,2736,15252,1301,2418,753
2024-01-09,INV_05,120130.18,1629816.9,1749947.07,2736,1264,572,3844,4034,1155,1119,1513,187,249,2736,15252,1301,2418,753
2024-01-10,INV_05,120130.18,1619033.45,1739163.63,2736,1264,572,3844,4034,1155,1119,1513,187,249,2736,15252,1301,2418,753
2024-01-11,INV_05,120130.18,1605663.85,1725794.02,2736,1264,572,3844,4034,1155,1119,1513,187,249,2736,15252,1301,2418,753
2024-01-12,INV_05,101958.4,1619993.9,1721952.3,2736,1264,572,3844,4034,1429,1119,1513,187,249,2736,15252,1301,2418,753
2024-01-15,INV_05,120613.03,1601150.84,1721763.87,2736,1264,572,3844,4034,1429,1119,1513,187,249,2736,15252,1301,2418,564
2024-01-16,INV_05,128056.19,1572996.75,1701052.94,2736,1264,572,3844,3025,1429,1119,1513,187,249,2736,15252,1301,2418,564
2024-01-17,INV_05,194154.13,1494068.59,1688222.71,2736,1264,572,2883,3025,1429,1119,1513,187,249,2736,15252,1301,2418,564
2024-01-18,INV_05,242422.36,1434933.49,1677355.84,2736,1264,572,2162,3025,1429,1119,1513,187,249,2736,15252,1301,2418,564
2024-01-19,INV_05,205734.89,1468988.23,1674723.12,2736,1264,1020,2162,3025,1429,1119,1513,187,249,2736,15252,1301,2418,564
2024-01-22,INV_05,267826.53,1399165.93,1666992.46,2736,1264,1020,2162,3025,1429,1119,1513,187,249,2052,15252,1301,2418,564
2024-01-23,INV_05,276055.23,1378624.6,1654679.83,2736,1264,1020,2162,3025,1429,1119,1513,140,249,2052,15252,1301,2418,564
2024-01-24,INV_05,310737.81,1342923.31,1653661.12,2736,1264,1020,2162,3025,1429,1119,1513,140,249,2052,15252,1301,1813,564
2024-01-25,INV_05,263738.82,1389456.96,1653195.78,2736,1264,1020,2162,3025,1429,1119,1513,140,249,2560,15252,1301,1813,564
2024-01-26,INV_05,223848.21,1436408.38,1660256.59,2736,1264,1020,2162,3025,1429,1119,1782,140,249,2560,15252,1301,1813,564
2024-01-29,INV_05,282004.27,1367447.5,1649451.78,2736,1264,1020,2162,3025,1429,1119,1782,140,249,1920,15252,1301,1813,564
2024-01-30,INV_05,239317.6,1410797.64,1650115.24,2736,1264,1020,2787,3025,1429,1119,1782,140,249,1920,15252,1301,1813,564
2024-01-31,INV_05,203095.91,1448587.08,1651682.99,2736,1264,1020,3321,3025,1429,1119,1782,140,249,1920,15252,1301,1813,564
2024-02-01,INV_05,203095.91,1467138.82,1670234.73,2736,1264,1020,3321,3025,1429,1119,1782,140,249,1920,15252,1301,1813,564
2024-02-02,INV_05,172453.25,1510504.0,1682957.25,2736,1264,1020,3321,3025,1429,1119,1782,313,249,1920,15252,1301,1813,564
2024-02-06,INV_05,146341.36,1561271.78,1707613.14,2736,1264,1020,3321,3025,1429,1503,1782,313,249,1920,15252,1301,1813,564
2024-02-07,INV_05,124191.26,1582118.44,1706309.71,2736,1264,1292,3321,3025,1429,1503,1782,313,249,1920,15252,1301,1813,564
2024-02-08,INV_05,124191.26,1602201.85,1726393.12,2736,1264,1292,3321,3025,1429,1503,1782,313,249,1920,15252,1301,1813,564
2024-02-09,INV_05,105429.69,1616621.97,1722051.67,2736,1450,1292,3321,3025,1429,1503,1782,313,249,1920,15252,1301,1813,564
2024-02-12,INV_05,151157.25,1572858.12,1724015.37,2736,1450,1292,3321,3025,1429,1503,1782,313,249,1440,15252,1301,1813,564
2024-02-13,INV_05,151157.25,1569616.68,1720773.93,2736,1450,1292,3321,3025,1429,1503,1782,313,249,1440,15252,1301,1813,564
2024-02-14,INV_05,178858.47,1541833.58,1720692.05,2736,1450,1292,3321,3025,1429,1503,1782,313,249,1440,15252,1301,1359,564
2024-02-15,INV_05,194335.43,1527330.69,1721666.13,2736,1450,1292,3321,3025,1429,1503,1782,313,249,1440,11439,1301,1359,564
2024-02-16,INV_05,197616.48,1530417.48,1728033.96,2736,1450,1292,3321,3025,1429,1503,1782,313,186,1440,11439,1301,1359,564
2024-02-19,INV_05,232489.24,1501757.05,1734246.29,2736,1450,1292,3321,3025,1429,1503,1782,313,186,1080,11439,1301,1359,564
2024-02-20,INV_05,258445.9,1466898.29,1725344.19,2736,1450,1292,3321,3025,1429,1127,1782,313,186,1080,11439,1301,1359,564
2024-02-21,INV_05,316045.67,1403039.9,1719085.57,2736,1450,1292,2490,3025,1429,1127,1782,313,186,1080,11439,1301,1359,564
2024-02-22,INV_05,327654.41,1386064.77,1713719.18,2736,1450,1292,2490,3025,1429,1127,1782,313,186,1080,8579,1301,1359,564
2024-02-23,INV_05,327654.41,488950.18,816604.59,2736,1450,1292,2490,3025,1429,1127,1782,313,186,1080,8579,1301,1359,564
2024-02-26,INV_05,278116.58,1430864.64,1708981.22,2736,1450,1292,2490,3025,1429,1127,2115,313,186,1080,8579,1301,1359,564
2024-02-27,INV_05,292721.2,1411729.53,1704450.72,2736,1450,1292,2490,3025,1429,1127,2115,234,186,1080,8579,1301,1359,564
2024-02-28,INV_05,305076.37,1398274.79,1703351.16,2052,1450,1292,2490,3025,1429,1127,2115,234,186,1080,8579,1301,1359,564
2024-02-29,INV_05,258876.76,1437427.04,1696303.81,2052,1450,1292,2490,3025,1429,1127,2115,234,1043,1080,8579,1301,1359,564
2024-03-01,INV_05,219665.57,1484672.42,1704337.99,2052,1450,1292,2490,3025,1429,1127,2379,234,1043,1080,8579,1301,1359,564
2024-03-04,INV_05,219665.57,1490554.38,1710219.95,2052,1450,1292,2490,3025,1429,1127,2379,234,1043,1080,8579,1301,1359,564
2024-03-05,INV_05,219665.57,1497714.34,1717379.91,2052,1450,1292,2490,3025,1429,1127,2379,234,1043,1080,8579,1301,1359,564
2024-03-06,INV_05,247118.59,1477691.68,1724810.27,2052,1450,1292,2490,3025,1429,1127,2379,234,1043,810,8579,1301,1359,564
2024-03-07,INV_05,259010.47,1491396.63,1750407.1,2052,1450,1292,2490,3025,1429,1127,2379,234,1043,810,6434,1301,1359,564
2024-03-08,INV_05,259010.47,350954.95,609965.42,2052,1450,1292,2490,3025,1429,1127,2379,234,1043,810,6434,1301,1359,564
2024-03-11,INV_05,219778.91,1535780.8,1755559.71,2052,1450,1292,2490,7361,1429,1127,2379,234,1043,810,6434,1301,1359,564
2024-03-12,INV_05,186520.27,1572771.24,1759291.51,2052,1450,1292,2490,7361,1881,1127,2379,234,1043,810,6434,1301,1359,564
2024-03-13,INV_05,158360.79,1631790.14,1790150.93,2052,1724,1292,2490,7361,1881,1127,2379,234,1043,810,6434,1301,1359,564
2024-03-14,INV_05,158360.79,1633529.45,1791890.24,2052,1724,1292,2490,7361,1881,1127,2379,234,1043,810,6434,1301,1359,564
2024-03-15,INV_05,134445.5,1664049.68,1798495.18,2052,1724,1568,2490,7361,1881,1127,2379,234,1043,810,6434,1301,1359,564
2024-03-18,INV_05,155069.88,1637786.54,1792856.42,2052,1724,1568,2490,7361,1881,1127,2379,234,1043,810,6434,1301,1019,564
2024-03-19,INV_05,163830.89,1614551.6,1778382.49,2052,1724,1568,2490,7361,1881,1127,2379,234,1043,810,4825,1301,1019,564
2024-03-20,INV_05,163830.89,1605352.63,1769183.52,2052,1724,1568,2490,7361,1881,1127,2379,234,1043,810,4825,1301,1019,564
2024-03-21,INV_05,250832.87,1502537.04,1753369.91,2052,1724,1568,2490,7361,1881,1127,1784,234,1043,810,4825,1301,1019,564
2024-03-22,INV_05,212841.42,1556592.25,1769433.67,3864,1724,1568,2490,7361,1881,1127,1784,234,1043,810,4825,1301,1019,564
2024-03-26,INV_05,180614.94,1601354.91,1781969.85,5422,1724,1568,2490,7361,1881,1127,1784,234,1043,810,4825,1301,1019,564
2024-03-27,INV_05,153280.55,1656686.19,1809966.73,5422,1724,1568,2490,7361,1881,1127,1951,234,1043,810,4825,1301,1019,564
2024-03-28,INV_05,130141.24,1688691.0,1818832.24,5422,1724,1568,2490,7361,1881,1127,1951,354,1043,810,4825,1301,1019,564
2024-03-29,INV_05,130141.24,1688691.0,1818832.24,5422,1724,1568,2490,7361,1881,1127,1951,354,1043,810,4825,1301,1019,564
2024-04-01,INV_05,147841.84,1630452.13,1778293.97,5422,1724,1568,2490,5520,1881,1127,1951,354,1043,810,4825,1301,1019,564
2024-04-02,INV_05,125521.18,1743146.93,1868668.1,5422,1724,1568,2490,5520,1881,1127,1951,354,1043,810,4825,1581,1019,564
2024-04-03,INV_05,125521.18,1774637.79,1900158.97,5422,1724,1568,2490,5520,1881,1127,1951,354,1043,810,4825,1581,1019,564
2024-04-04,INV_05,125521.18,1795596.01,1921117.18,5422,1724,1568,2490,5520,1881,1127,1951,354,1043,810,4825,1581,1019,564
2024-04-05,INV_05,125521.18,1829536.26,1955057.43,5422,1724,1568,2490,5520,1881,1127,1951,354,1043,810,4825,1581,1019,564
2024-04-08,INV_05,125521.18,1852225.99,1977747.17,5422,1724,1568,2490,5520,1881,1127,1951,354,1043,810,4825,1581,1019,564
2024-04-09,INV_05,106574.33,1883954.14,1990528.47,5422,1724,1568,2490,5520,1881,1127,2049,354,1043,810,4825,1581,1019,564
2024-04-10,INV_05,147067.24,1843052.22,1990119.45,5422,1724,1176,2490,5520,1881,1127,2049,354,1043,810,4825,1581,1019,564
2024-04-11,INV_05,147067.24,1843052.22,1990119.45,5422,1724,1176,2490,5520,1881,1127,2049,354,1043,810,4825,1581,1019,564
2024-04-15,INV_05,160793.0,1820440.14,1981233.15,5422,1724,1176,2490,4140,1881,1127,2049,354,1043,810,4825,1581,1019,564
2024-04-16,INV_05,167843.09,1769037.48,1936880.57,5422,1724,1176,2490,4140,1881,1127,2049,354,1043,810,3618,1581,1019,564
2024-04-17,INV_05,167843.09,1772388.86,1940231.96,5422,1724,1176,2490,4140,1881,1127,2049,354,1043,810,3618,1581,1019,564
2024-04-18,INV_05,167843.09,1760321.03,1928164.12,5422,1724,1176,2490,4140,1881,1127,2049,354,1043,810,3618,1581,1019,564
2024-04-19,INV_05,185452.56,1722657.23,1908109.8,5422,1724,1176,2490,4140,1881,1127,2049,354,1043,810,3618,1581,764,564
2024-04-22,INV_05,157413.68,1765606.69,1923020.37,5422,1724,1176,2490,4140,1881,1127,2049,354,1043,810,3618,1928,764,564
2024-04-24,INV_05,133605.33,1800662.54,1934267.86,5422,1724,1176,2490,4140,1881,1127,2049,354,1043,1013,3618,1928,764,564
2024-04-25,INV_05,113382.53,1857628.3,1971010.83,5422,1724,1176,2490,4140,1881,1127,2049,451,1043,1013,3618,1928,764,564
2024-04-26,INV_05,113382.53,1884013.3,1997395.84,5422,1724,1176,2490,4140,1881,1127,2049,451,1043,1013,3618,1928,764,564
2024-04-29,INV_05,96268.4,1937118.98,2033387.37,5422,1724,1176,2490,4140,1881,1127,2049,451,1043,1152,3618,1928,764,564
2024-04-30,INV_05,144994.55,1901120.79,2046115.34,5422,1724,1176,1867,4140,1881,1127,2049,451,1043,1152,3618,1928,764,564
2024-05-02,INV_05,184369.06,1860476.1,2044845.16,5422,1724,1176,1867,4140,1881,1127,2049,451,1043,1152,3618,1446,764,564
2024-05-03,INV_05,156535.02,1898707.84,2055242.86,5422,1949,1176,1867,4140,1881,1127,2049,451,1043,1152,3618,1446,764,564
2024-05-06,INV_05,187663.94,1853848.39,2041512.34,5422,1949,882,1867,4140,1881,1127,2049,451,1043,1152,3618,1446,764,564
2024-05-07,INV_05,245358.12,1784810.11,2030168.22,5422,1461,882,1867,4140,1881,1127,2049,451,1043,1152,3618,1446,764,564
2024-05-08,INV_05,208251.56,1816688.32,2024939.87,5422,1461,1224,1867,4140,1881,1127,2049,451,1043,1152,3618,1446,764,564
2024-05-09,INV_05,208251.56,1834678.09,2042929.65,5422,1461,1224,1867,4140,1881,1127,2049,451,1043,1152,3618,1446,764,564
2024-05-10,INV_05,245178.48,1822902.38,2068080.87,5422,1461,1224,1400,4140,1881,1127,2049,451,1043,1152,3618,1446,764,564
2024-05-13,INV_05,274782.35,1792999.49,2067781.84,5422,1461,1224,1400,4140,1881,1127,2049,451,1043,1152,3618,1084,764,564
2024-05-14,INV_05,274782.35,1759363.56,2034145.91,5422,1461,1224,1400,4140,1881,1127,2049,451,1043,1152,3618,1084,764,564
2024-05-15,INV_05,284561.96,1731405.93,2015967.89,5422,1461,1224,1400,3105,1881,1127,2049,451,1043,1152,3618,1084,764,564
2024-05-16,INV_05,284561.96,1728198.02,2012759.97,5422,1461,1224,1400,3105,1881,1127,2049,451,1043,1152,3618,1084,764,564
2024-05-17,INV_05,284561.96,1736887.76,2021449.72,5422,1461,1224,1400,3105,1881,1127,2049,451,1043,1152,3618,1084,764,564
2024-05-20,INV_05,316745.93,1692321.92,2009067.85,5422,1461,918,1400,3105,1881,1127,2049,451,1043,1152,3618,1084,764,564
2024-05-21,INV_05,268774.06,1735693.38,2004467.44,5422,1461,918,1400,3105,1881,1685,2049,451,1043,1152,3618,1084,764,564
2024-05-22,INV_05,275987.05,1755723.03,2031710.08,5422,1461,918,1400,2328,1881,1685,2049,451,1043,1152,3618,1084,764,564
2024-05-27,INV_05,275987.05,1747175.79,2023162.84,5422,1461,918,1400,2328,1881,1685,2049,451,1043,1152,3618,1084,764,564
2024-05-28,INV_05,297403.11,1707371.86,2004774.98,5422,1461,918,1400,2328,1881,1685,2049,451,1043,1152,3618,813,764,564
2024-05-29,INV_05,327020.36,1655608.38,1982628.73,4066,1461,918,1400,2328,1881,1685,2049,451,1043,1152,3618,813,764,564
2024-05-30,INV_05,327020.36,1664369.6,1991389.96,4066,1461,918,1400,2328,1881,1685,2049,451,1043,1152,3618,813,764,564
2024-05-31,INV_05,332374.9,1655001.44,1987376.34,4066,1461,918,1400,1746,1881,1685,2049,451,1043,1152,3618,813,764,564
2024-06-03,INV_05,332374.9,1655023.59,1987398.49,4066,1461,918,1400,1746,1881,1685,2049,451,1043,1152,3618,813,764,564
2024-06-04,INV_05,282051.21,1709671.12,1991722.33,4066,1461,918,2070,1746,1881,1685,2049,451,1043,1152,3618,813,764,564
2024-06-05,INV_05,239343.8,1769358.85,2008702.65,4066,1835,918,2070,1746,1881,1685,2049,451,1043,1152,3618,813,764,564
2024-06-06,INV_05,203088.57,1830862.1,2033950.67,4066,1835,918,2070,5507,1881,1685,2049,451,1043,1152,3618,813,764,564
2024-06-07,INV_05,203088.57,1833983.63,2037072.2,4066,1835,918,2070,5507,1881,1685,2049,451,1043,1152,3618,813,764,564
2024-06-10,INV_05,226577.18,1825729.61,2052306.79,4066,1835,688,2070,5507,1881,1685,2049,451,1043,1152,3618,813,764,564
2024-06-11,INV_05,192299.49,1858137.02,2050436.51,4066,1835,1017,2070,5507,1881,1685,2049,451,1043,1152,3618,813,764,564
2024-06-12,INV_05,192299.49,1858137.02,2050436.51,4066,1835,1017,2070,5507,1881,1685,2049,451,1043,1152,3618,813,764,564
2024-06-13,INV_05,214793.6,1825815.83,2040609.43,3049,1835,1017,2070,5507,1881,1685,2049,451,1043,1152,3618,813,764,564
2024-06-14,INV_05,231740.03,1803612.02,2035352.05,2286,1835,1017,2070,5507,1881,1685,2049,451,1043,1152,3618,813,764,564
2024-06-18,INV_05,254204.42,1771484.52,2025688.95,2286,1835,1017,2070,5507,1881,1685,2049,338,1043,1152,3618,813,764,564
2024-06-19,INV_05,272275.51,1746414.6,2018690.12,2286,1835,1017,2070,5507,1881,1685,2049,338,1043,1152,3618,813,764,423
2024-06-20,INV_05,272275.51,1751500.66,2023776.18,2286,1835,1017,2070,5507,1881,1685,2049,338,1043,1152,3618,813,764,423
2024-06-24,INV_05,231092.83,1804765.6,2035858.44,2286,1835,1017,2070,5507,1881,2182,2049,338,1043,1152,3618,813,764,423
2024-06-25,INV_05,231092.83,1807420.7,2038513.53,2286,1835,1017,2070,5507,1881,2182,2049,338,1043,1152,3618,813,764,423
2024-06-26,INV_05,330244.46,1709398.11,2039642.57,2286,1835,1017,2070,5507,1881,2182,1536,338,1043,1152,3618,813,764,423
2024-06-27,INV_05,335799.35,1687247.92,2023047.27,2286,1835,1017,2070,5507,1881,2182,1536,338,1043,1152,2713,813,764,423
2024-06-28,INV_05,284998.96,1738291.1,2023290.06,2286,1835,1522,2070,5507,1881,2182,1536,338,1043,1152,2713,813,764,423
2024-07-01,INV_05,330680.27,1679195.66,2009875.93,2286,1835,1522,2070,5507,1410,2182,1536,338,1043,1152,2713,813,764,423
2024-07-02,INV_05,280746.75,1731636.06,2012382.8,2286,1835,1522,2070,5507,1410,2182,1536,583,1043,1152,2713,813,764,423
2024-07-03,INV_05,314005.29,1680084.12,1994089.42,2286,1835,1522,2070,5507,1057,2182,1536,583,1043,1152,2713,813,764,423
2024-07-04,INV_05,351036.3,1627060.67,1978096.97,2286,1835,1141,2070,5507,1057,2182,1536,583,1043,1152,2713,813,764,423
2024-07-05,INV_05,351036.3,1624395.33,1975431.64,2286,1835,1141,2070,5507,1057,2182,1536,583,1043,1152,2713,813,764,423
2024-07-08,INV_05,363266.14,1586106.72,1949372.86,1714,1835,1141,2070,5507,1057,2182,1536,583,1043,1152,2713,813,764,423
2024-07-09,INV_05,378023.61,1564230.96,1942254.58,1714,1835,1141,2070,5507,1057,2182,1536,583,1043,1152,2713,609,764,423
2024-07-10,INV_05,320786.54,1625251.38,1946037.92,1714,1835,1750,2070,5507,1057,2182,1536,583,1043,1152,2713,609,764,423
2024-07-11,INV_05,320786.54,1625644.39,1946430.92,1714,1835,1750,2070,5507,1057,2182,1536,583,1043,1152,2713,609,764,423
2024-07-12,INV_05,362033.64,1594117.28,1956150.92,1714,1835,1312,2070,5507,1057,2182,1536,583,1043,1152,2713,609,764,423
2024-07-15,INV_05,362033.64,1600756.21,1962789.85,1714,1835,1312,2070,5507,1057,2182,1536,583,1043,1152,2713,609,764,423
2024-07-16,INV_05,374306.27,1583639.52,1957945.79,1714,1835,1312,2070,4130,1057,2182,1536,583,1043,1152,2713,609,764,423
2024-07-17,INV_05,374306.27,1578868.4,1953174.67,1714,1835,1312,2070,4130,1057,2182,1536,583,1043,1152,2713,609,764,423
2024-07-18,INV_05,374306.27,1568312.46,1942618.73,1714,1835,1312,2070,4130,1057,2182,1536,583,1043,1152,2713,609,764,423
2024-07-19,INV_05,317609.41,1617642.77,1935252.18,1714,1835,1312,2070,4130,1057,2182,1536,583,1948,1152,2713,609,764,423
2024-07-22,INV_05,317609.41,1583309.64,1900919.05,1714,1835,1312,2070,4130,1057,2182,1536,583,1948,1152,2713,609,764,423
2024-07-23,INV_05,269551.32,1638244.15,1907795.46,1714,1835,1312,2070,4130,1057,2182,1536,583,1948,1152,2713,609,764,827
2024-07-24,INV_05,228765.51,1704274.43,1933039.94,1714,1835,1312,2070,4130,1057,2182,1536,583,1948,1152,2713,1139,764,827
2024-07-25,INV_05,258446.99,1658171.2,1916618.18,1714,1835,1312,2070,4130,1057,2182,1536,583,1461,1152,2713,1139,764,827
2024-07-26,INV_05,258446.99,1661403.86,1919850.84,1714,1835,1312,2070,4130,1057,2182,1536,583,1461,1152,2713,1139,764,827
2024-07-29,INV_05,283169.67,1629119.84,1912289.51,1714,1835,1312,2070,4130,792,2182,1536,583,1461,1152,2713,1139,764,827
2024-07-30,INV_05,318285.0,1577124.19,1895409.19,1714,1835,1312,1552,4130,792,2182,1536,583,1461,1152,2713,1139,764,827
2024-07-31,INV_05,342721.32,1536846.59,1879567.9,1714,1835,1312,1552,4130,792,2182,1536,437,1461,1152,2713,1139,764,827
2024-08-01,INV_05,361507.43,1525382.81,1886890.24,1714,1835,1312,1552,4130,792,2182,1536,327,1461,1152,2713,1139,764,827
2024-08-02,INV_05,393580.3,1489291.81,1882872.11,1714,1835,1312,1552,4130,792,2182,1536,327,1461,864,2713,1139,764,827
2024-08-05,INV_05,439408.1,1409257.56,1848665.66,1714,1376,1312,1552,4130,792,2182,1536,327,1461,864,2713,1139,764,827
2024-08-06,INV_05,439408.1,1415291.53,1854699.64,1714,1376,1312,1552,4130,792,2182,1536,327,1461,864,2713,1139,764,827
2024-08-07,INV_05,439408.1,1414968.12,1854376.22,1714,1376,1312,1552,4130,792,2182,1536,327,1461,864,2713,1139,764,827
2024-08-08,INV_05,462999.18,1383330.63,1846329.81,1714,1376,1312,1552,4130,792,2182,1536,327,1461,648,2713,1139,764,827
2024-08-09,INV_05,392856.2,1459021.12,1851877.32,1714,1376,1312,1552,4130,792,2182,1536,327,1461,648,15340,1139,764,827
2024-08-12,INV_05,333344.84,1518072.74,1851417.58,1714,1376,1312,1552,4130,792,2182,1536,327,2421,648,15340,1139,764,827
2024-08-13,INV_05,282875.17,1571841.27,1854716.44,1714,1376,1312,1552,4130,792,2182,1536,327,2421,648,15340,1139,1523,827
2024-08-14,INV_05,304516.07,1556190.5,1860706.57,1714,1376,1312,1552,4130,792,2182,1536,327,2421,648,11505,1139,1523,827
2024-08-15,INV_05,258475.37,1624998.2,1883473.57,1714,1376,1312,1552,4130,792,2182,1799,327,2421,648,11505,1139,1523,827
2024-08-16,INV_05,219415.39,1661827.57,1881242.95,1714,1376,1312,1552,4130,792,2182,1799,327,2421,648,11505,1139,1523,1152
2024-08-20,INV_05,186230.43,1683843.48,1870073.91,1714,1376,1312,2038,4130,792,2182,1799,327,2421,648,11505,1139,1523,1152
2024-08-21,INV_05,158030.45,1711045.13,1869075.58,1714,1376,1312,2038,4130,1107,2182,1799,327,2421,648,11505,1139,1523,1152
2024-08-22,INV_05,183151.69,1679033.17,1862184.86,1714,1376,1312,2038,4130,1107,2182,1799,327,2421,648,11505,1139,1142,1152
2024-08-23,INV_05,198816.96,1646933.6,1845750.56,1714,1376,1312,2038,4130,1107,2182,1799,327,2421,648,8628,1139,1142,1152
2024-08-26,INV_05,231287.68,1582668.17,1813955.85,1714,1376,1312,2038,4130,1107,2182,1799,327,2421,648,8628,1139,1142,864
2024-08-27,INV_05,304898.32,1482097.9,1786996.23,1714,1376,1312,2038,4130,1107,2182,1349,327,2421,648,8628,1139,1142,864
2024-08-28,INV_05,360267.77,1410592.98,1770860.74,1714,1376,1312,2038,4130,1107,2182,1011,327,2421,648,8628,1139,1142,864
2024-08-29,INV_05,305688.93,1462783.03,1768471.96,1714,1376,1312,2038,10610,1107,2182,1011,327,2421,648,8628,1139,1142,864
2024-08-30,INV_05,305688.93,1454612.57,1760301.49,1714,1376,1312,2038,10610,1107,2182,1011,327,2421,648,8628,1139,1142,864
2024-09-02,INV_05,313596.15,1430789.42,1744385.57,1285,1376,1312,2038,10610,1107,2182,1011,327,2421,648,8628,1139,1142,864
2024-09-03,INV_05,335250.09,1400793.96,1736044.05,1285,1376,1312,2038,7957,1107,2182,1011,327,2421,648,8628,1139,1142,864
2024-09-04,INV_05,351552.66,1409777.02,1761329.68,1285,1376,1312,2038,7957,1107,2182,1011,327,2421,486,8628,1139,1142,864
2024-09-05,INV_05,378042.08,1374691.06,1752733.15,1285,1376,984,2038,7957,1107,2182,1011,327,2421,486,8628,1139,1142,864
2024-09-06,INV_05,397649.01,1349176.38,1746825.4,1285,1376,984,2038,7957,1107,2182,1011,327,2421,486,8628,854,1142,864
2024-09-09,INV_05,420128.74,1308812.48,1728941.23,1285,1376,984,2038,7957,1107,2182,1011,327,2421,486,8628,854,1142,648
2024-09-10,INV_05,431824.13,1280266.71,1712090.84,1285,1376,984,2038,7957,1107,2182,1011,327,2421,364,8628,854,1142,648
2024-09-11,INV_05,466861.44,1242556.38,1709417.82,1285,1376,984,2038,7957,1107,2182,1011,327,1815,364,8628,854,1142,648
2024-09-12,INV_05,396181.92,1317299.88,1713481.8,1285,2092,984,2038,7957,1107,2182,1011,327,1815,364,8628,854,1142,648
2024-09-13,INV_05,396181.92,1341662.68,1737844.59,1285,2092,984,2038,7957,1107,2182,1011,327,1815,364,8628,854,1142,648
2024-09-18,INV_05,396181.92,1359999.66,1756181.58,1285,2092,984,2038,7957,1107,2182,1011,327,1815,364,8628,854,1142,648
2024-09-19,INV_05,396181.92,1370665.33,1766847.25,1285,2092,984,2038,7957,1107,2182,1011,327,1815,364,8628,854,1142,648
2024-09-20,INV_05,336163.71,1445470.77,1781634.48,4354,2092,984,2038,7957,1107,2182,1011,327,1815,364,8628,854,1142,648
2024-09-23,INV_05,354311.41,1446564.77,1800876.18,4354,2092,984,2038,7957,1107,2182,1011,327,1815,364,8628,854,1142,486
2024-09-24,INV_05,300653.62,1531775.59,1832429.21,4354,2092,984,2802,7957,1107,2182,1011,327,1815,364,8628,854,1142,486
2024-09-25,INV_05,255184.99,1646751.9,1901936.89,4354,2092,984,2802,7957,1607,2182,1011,327,1815,364,8628,854,1142,486
2024-09-26,INV_05,268638.2,1639243.09,1907881.29,4354,2092,984,2802,7957,1607,2182,1011,327,1815,364,6471,854,1142,486
2024-09-27,INV_05,317239.37,1604653.58,1921892.95,4354,2092,984,2802,7957,1607,2182,758,327,1815,364,6471,854,1142,486
2024-09-30,INV_05,269229.57,1675310.95,1944540.52,4354,2092,984,2802,7957,1607,2182,758,327,1815,793,6471,854,1142,486
2024-10-01,INV_05,228497.37,1750639.36,1979136.73,4354,2092,984,2802,7957,1607,2711,758,327,1815,793,6471,854,1142,486
2024-10-02,INV_05,286544.63,1678398.05,1964942.68,4354,1569,984,2802,7957,1607,2711,758,327,1815,793,6471,854,1142,486
2024-10-03,INV_05,315385.18,1644392.95,1959778.13,4354,1569,984,2802,7957,1607,2711,758,327,1361,793,6471,854,1142,486
2024-10-04,INV_05,267714.43,1712057.84,1979772.26,4354,1569,984,2802,7957,1607,2711,758,327,1361,793,6471,854,1142,859
2024-10-07,INV_05,227160.13,1767623.39,1994783.52,4354,1569,984,2802,7957,1607,2711,758,327,1361,793,6471,854,1142,1164
2024-10-08,INV_05,227160.13,1768185.56,1995345.68,4354,1569,984,2802,7957,1607,2711,758,327,1361,793,6471,854,1142,1164
2024-10-09,INV_05,250744.93,1736397.07,1987142.01,3265,1569,984,2802,7957,1607,2711,758,327,1361,793,6471,854,1142,1164
2024-10-10,INV_05,212914.72,1778090.3,1991005.02,3265,1569,984,2802,7957,1607,2711,942,327,1361,793,6471,854,1142,1164
2024-10-11,INV_05,180715.68,1830961.54,2011677.22,3265,1848,984,2802,7957,1607,2711,942,327,1361,793,6471,854,1142,1164
2024-10-14,INV_05,231431.76,1761950.69,1993382.45,3265,1848,984,2802,7957,1607,2033,942,327,1361,793,6471,854,1142,1164
2024-10-15,INV_05,196459.24,1792955.22,1989414.46,3265,1848,1322,2802,7957,1607,2033,942,327,1361,793,6471,854,1142,1164
2024-10-16,INV_05,196459.24,1798592.75,1995052.0,3265,1848,1322,2802,7957,1607,2033,942,327,1361,793,6471,854,1142,1164
2024-10-18,INV_05,166764.08,1844150.94,2010915.02,3265,1848,1322,2802,7957,1607,2033,942,327,1361,793,6471,854,1538,1164
2024-10-21,INV_05,141508.36,1861710.47,2003218.83,3265,1848,1322,2802,10313,1607,2033,942,327,1361,793,6471,854,1538,1164
2024-10-22,INV_05,164112.36,1837812.23,2001924.59,3265,1848,1322,2802,10313,1607,2033,942,327,1020,793,6471,854,1538,1164
2024-10-23,INV_05,139316.06,1878147.25,2017463.3,3265,1848,1322,2802,10313,1607,2033,942,327,1020,1020,6471,854,1538,1164
2024-10-24,INV_05,118212.7,1921917.88,2040130.58,3265,1848,1520,2802,10313,1607,2033,942,327,1020,1020,6471,854,1538,1164
2024-10-25,INV_05,100343.54,1959871.47,2060215.01,3265,1848,1520,2802,10313,1607,2033,942,327,1020,1020,6471,854,1538,1295
2024-10-28,INV_05,100343.54,1964828.62,2065172.15,3265,1848,1520,2802,10313,1607,2033,942,327,1020,1020,6471,854,1538,1295
2024-10-29,INV_05,100343.54,1988598.44,2088941.98,3265,1848,1520,2802,10313,1607,2033,942,327,1020,1020,6471,854,1538,1295
2024-10-30,INV_05,85161.68,2024119.29,2109280.97,3265,1848,1520,2802,10313,1607,2033,1011,327,1020,1020,6471,854,1538,1295
2024-10-31,INV_05,111534.6,1935919.77,2047454.37,3265,1848,1520,2802,7734,1607,2033,1011,327,1020,1020,6471,854,1538,1295
2024-11-01,INV_05,111534.6,1945690.52,2057225.12,3265,1848,1520,2802,7734,1607,2033,1011,327,1020,1020,6471,854,1538,1295
2024-11-04,INV_05,154620.75,1888678.54,2043299.29,3265,1848,1520,2802,7734,1607,2033,1011,327,1020,1020,6471,854,1538,971
2024-11-05,INV_05,131214.34,1897174.39,2028388.73,3265,1848,1520,3088,7734,1607,2033,1011,327,1020,1020,6471,854,1538,971
2024-11-06,INV_05,162171.63,1849622.92,2011794.55,3265,1848,1520,3088,7734,1607,2033,1011,327,1020,1020,6471,854,1153,971
2024-11-07,INV_05,137652.49,1875962.55,2013615.04,3265,1848,1520,3088,7734,1859,2033,1011,327,1020,1020,6471,854,1153,971
2024-11-08,INV_05,116829.36,1904172.85,2021002.2,3265,1848,1709,3088,7734,1859,2033,1011,327,1020,1020,6471,854,1153,971
2024-11-11,INV_05,116829.36,1911604.49,2028433.85,3265,1848,1709,3088,7734,1859,2033,1011,327,1020,1020,6471,854,1153,971
2024-11-12,INV_05,116829.36,1932039.13,2048868.49,3265,1848,1709,3088,7734,1859,2033,1011,327,1020,1020,6471,854,1153,971
2024-11-13,INV_05,99235.32,1967934.59,2067169.91,3265,1848,1863,3088,7734,1859,2033,1011,327,1020,1020,6471,854,1153,971
2024-11-14,INV_05,84247.46,2001643.74,2085891.21,3265,1848,1863,3263,7734,1859,2033,1011,327,1020,1020,6471,854,1153,971
2024-11-18,INV_05,94499.11,1997190.88,2091690.0,3265,1848,1863,3263,7734,1859,2033,1011,327,1020,1020,4853,854,1153,971
2024-11-19,INV_05,117026.37,1950222.75,2067249.12,3265,1848,1863,3263,7734,1859,2033,1011,327,1020,1020,4853,854,864,971
2024-11-20,INV_05,161588.86,1903755.8,2065344.66,3265,1848,1863,3263,7734,1394,2033,1011,327,1020,1020,4853,854,864,971
2024-11-21,INV_05,161588.86,1893264.9,2054853.76,3265,1848,1863,3263,7734,1394,2033,1011,327,1020,1020,4853,854,864,971
2024-11-22,INV_05,214977.15,1846264.01,2061241.16,3265,1848,1397,3263,7734,1394,2033,1011,327,1020,1020,4853,854,864,971
2024-11-25,INV_05,234854.68,1794896.31,2029751.0,2448,1848,1397,3263,7734,1394,2033,1011,327,1020,1020,4853,854,864,971
2024-11-26,INV_05,199351.89,1846075.72,2045427.61,2448,1848,1702,3263,7734,1394,2033,1011,327,1020,1020,4853,854,864,971
2024-11-27,INV_05,169189.42,1893993.12,2063182.54,2448,1848,1702,3263,7734,1394,2033,1011,327,1020,1020,4853,1151,864,971
2024-11-28,INV_05,143589.06,1935173.2,2078762.26,2448,1848,1702,3263,7734,1394,2033,1011,327,1020,1257,4853,1151,864,971
2024-11-29,INV_05,199048.07,1876426.48,2075474.55,2448,1848,1702,3263,7734,1394,2033,758,327,1020,1257,4853,1151,864,971
2024-12-02,INV_05,168902.73,1918375.41,2087278.14,3573,1848,1702,3263,7734,1394,2033,758,327,1020,1257,4853,1151,864,971
2024-12-03,INV_05,168902.73,1934597.91,2103500.64,3573,1848,1702,3263,7734,1394,2033,758,327,1020,1257,4853,1151,864,971
2024-12-04,INV_05,168902.73,1968786.6,2137689.33,3573,1848,1702,3263,7734,1394,2033,758,327,1020,1257,4853,1151,864,971
2024-12-05,INV_05,143379.28,2007453.44,2150832.72,3573,1848,1702,3560,7734,1394,2033,758,327,1020,1257,4853,1151,864,971
2024-12-06,INV_05,121669.96,2036625.63,2158295.59,3573,1848,1878,3560,7734,1394,2033,758,327,1020,1257,4853,1151,864,971
2024-12-09,INV_05,103255.36,2075147.06,2178402.41,3573,1848,2027,3560,7734,1394,2033,758,327,1020,1257,4853,1151,864,971
2024-12-10,INV_05,87669.09,2092859.01,2180528.1,3573,1848,2027,3560,7734,1394,2033,758,327,1020,1257,4853,1151,1054,971
2024-12-11,INV_05,87669.09,2094394.44,2182063.53,3573,1848,2027,3560,7734,1394,2033,758,327,1020,1257,4853,1151,1054,971
2024-12-12,INV_05,74446.25,2117119.41,2191565.66,3573,1848,2027,3560,7734,1394,2033,758,327,1020,1257,4853,1151,1215,971
2024-12-13,INV_05,63207.02,2176663.35,2239870.37,3573,1848,2027,3560,7734,1394,2033,758,327,1020,1257,4853,1256,1215,971
2024-12-16,INV_05,53634.28,2249331.86,2302966.14,3573,1848,2027,3560,8627,1394,2033,758,327,1020,1257,4853,1256,1215,971
2024-12-17,INV_05,119099.54,2184801.49,2303901.03,3573,1848,1520,3560,8627,1394,2033,758,327,1020,1257,4853,1256,1215,971
2024-12-18,INV_05,101120.82,2216741.84,2317862.66,3573,1848,1520,3560,8627,1555,2033,758,327,1020,1257,4853,1256,1215,971
2024-12-19,INV_05,101120.82,2217843.59,2318964.4,3573,1848,1520,3560,8627,1555,2033,758,327,1020,1257,4853,1256,1215,971
2024-12-20,INV_05,85858.12,2265644.76,2351502.88,3573,1848,1520,3560,8627,1555,2033,758,327,1020,1257,4853,1256,1215,1061
2024-12-23,INV_05,72866.9,2310516.78,2383383.69,3573,1848,1520,3560,8627,1555,2033,758,909,1020,1257,4853,1256,1215,1061
2024-12-24,INV_05,72866.9,2347031.6,2419898.5,3573,1848,1520,3560,8627,1555,2033,758,909,1020,1257,4853,1256,1215,1061
2024-12-26,INV_05,61839.61,2391377.44,2453217.05,3573,1848,1520,3560,8627,1555,2033,758,909,1020,1257,4853,1354,1215,1061
2024-12-27,INV_05,61839.61,2417040.64,2478880.25,3573,1848,1520,3560,8627,1555,2033,758,909,1020,1257,4853,1354,1215,1061
2024-12-30,INV_05,52567.47,2508448.73,2561016.2,3573,1848,1520,3560,8627,1555,2033,758,909,1020,1257,4853,1354,1305,1061
2024-12-31,INV_05,44708.95,2570112.95,2614821.9,3573,1848,1520,3560,8627,1555,2033,758,909,1020,1257,4853,1421,1305,1061
2025-01-01,INV_05,44708.95,2570112.95,2614821.9,3573,1848,1520,3560,8627,1555,2033,758,909,1020,1257,4853,1421,1305,1061
2025-01-02,INV_05,44708.95,2621110.69,2665819.64,3573,1848,1520,3560,8627,1555,2033,758,909,1020,1257,4853,1421,1305,1061
2025-01-03,INV_05,64781.61,2543577.17,2608358.78,3573,1848,1520,3560,8627,1555,2033,758,909,765,1257,4853,1421,1305,1061
2025-01-06,INV_05,72954.25,2522937.93,2595892.18,3573,1848,1520,3560,8627,1555,2033,758,909,765,1257,3639,1421,1305,1061
2025-01-07,INV_05,87944.05,2488163.55,2576107.59,3573,1848,1520,3560,8627,1555,2033,758,909,573,1257,3639,1421,1305,1061
2025-01-08,INV_05,87944.05,2497284.86,2585228.9,3573,1848,1520,3560,8627,1555,2033,758,909,573,1257,3639,1421,1305,1061
2025-01-09,INV_05,121352.38,2428154.82,2549507.2,3573,1848,1520,3560,8627,1555,2033,758,909,573,1257,3639,1421,978,1061
2025-01-10,INV_05,103017.92,2465399.38,2568417.3,3573,1848,1520,3560,8627,1707,2033,758,909,573,1257,3639,1421,978,1061
2025-01-13,INV_05,103017.92,2465399.38,2568417.3,3573,1848,1520,3560,8627,1707,2033,758,909,573,1257,3639,1421,978,1061
2025-01-14,INV_05,155736.4,2412148.39,2567884.79,3573,1848,1520,3560,8627,1707,1524,758,909,573,1257,3639,1421,978,1061
2025-01-15,INV_05,132146.64,2493848.18,2625994.83,3573,1848,1520,3560,8627,1707,1524,758,909,573,1257,7125,1421,978,1061
2025-01-16,INV_05,112246.11,2524720.35,2636966.46,3573,1848,1664,3560,8627,1707,1524,758,909,573,1257,7125,1421,978,1061
2025-01-17,INV_05,95266.25,2554574.31,2649840.56,3573,1848,1664,3560,8627,1707,1524,758,909,573,1257,7125,1421,1130,1061
2025-01-20,INV_05,80835.3,2588113.92,2668949.22,3998,1848,1664,3560,8627,1707,1524,758,909,573,1257,7125,1421,1130,1061
2025-01-21,INV_05,68598.99,2661326.65,2729925.64,3998,1848,1664,3560,9574,1707,1524,758,909,573,1257,7125,1421,1130,1061
2025-01-22,INV_05,68598.99,2701068.29,2769667.28,3998,1848,1664,3560,9574,1707,1524,758,909,573,1257,7125,1421,1130,1061
2025-01-23,INV_05,68598.99,2751626.51,2820225.5,3998,1848,1664,3560,9574,1707,1524,758,909,573,1257,7125,1421,1130,1061
2025-01-24,INV_05,126904.27,2663678.86,2790583.13,3998,1848,1248,3560,9574,1707,1524,758,909,573,1257,7125,1421,1130,1061
2025-01-27,INV_05,107701.33,2728854.27,2836555.59,3998,1848,1248,3560,9574,1707,1524,815,909,573,1257,7125,1421,1130,1061
2025-01-28,INV_05,107701.33,2751882.2,2859583.53,3998,1848,1248,3560,9574,1707,1524,815,909,573,1257,7125,1421,1130,1061
2025-01-29,INV_05,148865.53,2708625.43,2857490.95,3998,1848,1248,3560,9574,1707,1524,815,909,573,942,7125,1421,1130,1061
2025-01-30,INV_05,198272.66,2665089.2,2863361.86,3998,1848,1248,3560,9574,1707,1524,815,909,573,942,7125,1421,1130,795
2025-01-31,INV_05,168244.22,2701486.15,2869730.37,3998,1848,1248,3560,9574,1707,1524,815,909,919,942,7125,1421,1130,795
2025-02-03,INV_05,234503.7,2601165.63,2835669.33,3998,1848,1248,3560,9574,1707,1524,611,909,919,942,7125,1421,1130,795
2025-02-05,INV_05,275931.71,2468877.38,2744809.09,3998,1848,1248,3560,9574,1707,1524,611,909,919,942,7125,1065,1130,795
2025-02-06,INV_05,330361.33,2429677.44,2760038.77,3998,1848,1248,3560,9574,1280,1524,611,909,919,942,7125,1065,1130,795
2025-02-07,INV_05,280406.09,2516008.54,2796414.63,3998,1848,1248,3560,9574,1280,1524,611,909,919,942,7125,1065,1130,1060
2025-02-10,INV_05,320531.38,2439851.24,2760382.62,3998,1848,1248,3560,9574,960,1524,611,909,919,942,7125,1065,1130,1060
2025-02-11,INV_05,409852.4,2307472.39,2717324.78,3998,1386,1248,3560,9574,960,1524,611,909,919,942,7125,1065,1130,1060
2025-02-13,INV_05,409852.4,2348203.66,2758056.06,3998,1386,1248,3560,9574,960,1524,611,909,919,942,7125,1065,1130,1060
2025-02-14,INV_05,409852.4,2415809.81,2825662.21,3998,1386,1248,3560,9574,960,1524,611,909,919,942,7125,1065,1130,1060
2025-02-17,INV_05,347874.48,2523455.42,2871329.9,3998,1386,1680,3560,9574,960,1524,611,909,919,942,7125,1065,1130,1060
2025-02-18,INV_05,295171.68,2596716.76,2891888.44,3998,1386,1680,3560,9574,960,1524,611,909,919,942,7125,1065,1566,1060
2025-02-19,INV_05,306462.43,2562515.55,2868977.98,3998,1386,1680,3560,9574,960,1524,611,909,919,942,5343,1065,1566,1060
2025-02-20,INV_05,337456.86,2483996.12,2821452.98,3998,1386,1680,3560,7180,960,1524,611,909,919,942,5343,1065,1566,1060
2025-02-21,INV_05,286437.81,2542620.18,2829057.99,3998,1386,1680,3990,7180,960,1524,611,909,919,942,5343,1065,1566,1060
2025-02-24,INV_05,291392.84,2494032.66,2785425.5,3998,1386,1680,3990,7180,960,1524,611,681,919,942,5343,1065,1566,1060
2025-02-25,INV_05,337336.92,2399156.32,2736493.24,3998,1386,1680,3990,7180,960,1524,458,681,919,942,5343,1065,1566,1060
2025-02-26,INV_05,286243.86,2449743.51,2735987.37,3998,1386,1680,3990,7180,960,1524,458,3017,919,942,5343,1065,1566,1060
2025-02-27,INV_05,242925.63,2496486.0,2739411.64,3998,1386,1680,3990,7180,960,1524,458,3017,919,942,5343,1065,1948,1060
2025-02-28,INV_05,242925.63,2499407.06,2742332.69,3998,1386,1680,3990,7180,960,1524,458,3017,919,942,5343,1065,1948,1060
2025-03-03,INV_05,355312.91,2335364.82,2690677.73,3998,1386,1680,2992,7180,960,1524,458,3017,919,942,5343,1065,1948,1060
2025-03-04,INV_05,384741.82,2266023.88,2650765.7,3998,1386,1680,2992,7180,720,1524,458,3017,919,942,5343,1065,1948,1060
2025-03-05,INV_05,384741.82,2302621.01,2687362.82,3998,1386,1680,2992,7180,720,1524,458,3017,919,942,5343,1065,1948,1060
2025-03-06,INV_05,384741.82,2303203.03,2687944.85,3998,1386,1680,2992,7180,720,1524,458,3017,919,942,5343,1065,1948,1060
2025-03-07,INV_05,326552.84,2367434.29,2693987.13,3998,1386,1680,2992,7180,720,1524,458,3017,919,942,5343,1065,1948,1354
2025-03-10,INV_05,360272.78,2315099.11,2675371.89,3998,1386,1680,2992,7180,720,1524,343,3017,919,942,5343,1065,1948,1354
2025-03-11,INV_05,387961.68,2255785.85,2643747.53,3998,1386,1680,2992,7180,720,1524,343,3017,919,706,5343,1065,1948,1354
2025-03-12,INV_05,329198.12,2345714.8,2674912.93,3998,1386,1680,2992,11629,720,1524,343,3017,919,706,5343,1065,1948,1354
2025-03-14,INV_05,279383.19,2394149.56,2673532.74,3998,1386,1680,2992,11629,720,1524,343,3017,1516,706,5343,1065,1948,1354
2025-03-17,INV_05,311199.79,2316074.83,2627274.62,3998,1386,1680,2992,11629,720,1524,343,3017,1516,706,5343,798,1948,1354
2025-03-18,INV_05,354132.09,2227651.33,2581783.42,3998,1386,1680,2992,11629,720,1143,343,3017,1516,706,5343,798,1948,1354
2025-03-19,INV_05,368988.09,2219485.64,2588473.73,3998,1386,1680,2992,11629,720,1143,343,2262,1516,706,5343,798,1948,1354
2025-03-20,INV_05,313099.78,2327142.63,2640242.41,5518,1386,1680,2992,11629,720,1143,343,2262,1516,706,5343,798,1948,1354
2025-03-21,INV_05,313099.78,2369092.87,2682192.65,5518,1386,1680,2992,11629,720,1143,343,2262,1516,706,5343,798,1948,1354
2025-03-24,INV_05,345944.3,2329394.43,2675338.74,5518,1386,1680,2992,11629,720,857,343,2262,1516,706,5343,798,1948,1354
2025-03-25,INV_05,345944.3,2328393.32,2674337.62,5518,1386,1680,2992,11629,720,857,343,2262,1516,706,5343,798,1948,1354
2025-03-26,INV_05,396336.38,2262237.89,2658574.27,4138,1386,1680,2992,11629,720,857,343,2262,1516,706,5343,798,1948,1354
2025-03-27,INV_05,336297.96,2328288.24,2664586.2,4138,1386,1680,2992,11629,720,857,343,5238,1516,706,5343,798,1948,1354
2025-03-28,INV_05,336297.96,2326538.16,2662836.12,4138,1386,1680,2992,11629,720,857,343,5238,1516,706,5343,798,1948,1354
2025-03-31,INV_05,361040.32,2301545.88,2662586.19,4138,1386,1680,2992,11629,720,642,343,5238,1516,706,5343,798,1948,1354
2025-04-01,INV_05,306449.82,2391324.18,2697774.0,4138,1386,2056,2992,11629,720,642,343,5238,1516,706,5343,798,1948,1354
2025-04-02,INV_05,260028.98,2453133.64,2713162.62,4138,1386,2056,2992,11629,720,642,343,7539,1516,706,5343,798,1948,1354
2025-04-03,INV_05,281724.24,2360538.64,2642262.88,4138,1386,2056,2992,11629,720,642,343,7539,1516,529,5343,798,1948,1354
2025-04-04,INV_05,312328.83,2270906.38,2583235.21,4138,1386,2056,2992,11629,720,642,343,7539,1137,529,5343,798,1948,1354
2025-04-07,INV_05,374664.18,2086080.81,2460744.99,4138,1386,1542,2992,11629,720,642,343,7539,1137,529,5343,798,1948,1354
2025-04-08,INV_05,317946.76,2238859.35,2556806.11,4138,1386,1542,2992,11629,720,1145,343,7539,1137,529,5343,798,1948,1354
2025-04-09,INV_05,341493.42,2158057.33,2499550.75,4138,1386,1542,2992,11629,720,1145,343,7539,1137,529,5343,598,1948,1354
2025-04-10,INV_05,289762.69,2348937.32,2638700.01,5523,1386,1542,2992,11629,720,1145,343,7539,1137,529,5343,598,1948,1354
2025-04-11,INV_05,308101.92,2313915.81,2622017.73,5523,1386,1542,2992,11629,720,1145,343,7539,1137,529,5343,448,1948,1354
2025-04-14,INV_05,261446.25,2360109.55,2621555.79,5523,1386,1542,2992,11629,720,1145,343,7539,1137,908,5343,448,1948,1354
2025-04-15,INV_05,221924.95,2399239.55,2621164.49,5523,1386,1822,2992,11629,720,1145,343,7539,1137,908,5343,448,1948,1354
2025-04-16,INV_05,221924.95,2418166.69,2640091.63,5523,1386,1822,2992,11629,720,1145,343,7539,1137,908,5343,448,1948,1354
2025-04-17,INV_05,221924.95,2415725.0,2637649.95,5523,1386,1822,2992,11629,720,1145,343,7539,1137,908,5343,448,1948,1354
2025-04-21,INV_05,221924.95,2424156.73,2646081.67,5523,1386,1822,2992,11629,720,1145,343,7539,1137,908,5343,448,1948,1354
2025-04-22,INV_05,221924.95,2408737.49,2630662.44,5523,1386,1822,2992,11629,720,1145,343,7539,1137,908,5343,448,1948,1354
2025-04-23,INV_05,235431.39,2386892.22,2622323.61,5523,1386,1822,2992,11629,720,1145,343,7539,1137,908,5343,336,1948,1354
2025-04-24,INV_05,199838.21,2427992.47,2627830.68,5523,1573,1822,2992,11629,720,1145,343,7539,1137,908,5343,336,1948,1354
2025-04-25,INV_05,169702.88,2478271.34,2647974.22,5523,1573,1822,2992,11629,720,1145,343,7539,1137,908,5343,336,1948,1515
2025-04-28,INV_05,238773.64,2308648.95,2547422.58,5523,1573,1822,2992,11629,720,1145,343,7539,1137,908,5343,336,1948,1136
2025-04-29,INV_05,238773.64,2316527.38,2555301.01,5523,1573,1822,2992,11629,720,1145,343,7539,1137,908,5343,336,1948,1136
2025-04-30,INV_05,249303.86,2290451.01,2539754.87,5523,1573,1822,2992,11629,720,1145,343,7539,1137,908,5343,252,1948,1136
2025-05-01,INV_05,249303.86,27007.89,276311.74,5523,1573,1822,2992,11629,720,1145,343,7539,1137,908,5343,252,1948,1136
2025-05-02,INV_05,211667.22,2334021.41,2545688.63,5523,1573,2096,2992,11629,720,1145,343,7539,1137,908,5343,252,1948,1136
2025-05-05,INV_05,179656.28,2380327.31,2559983.58,5523,1573,2096,3291,11629,720,1145,343,7539,1137,908,5343,252,1948,1136
2025-05-06,INV_05,152449.78,2413829.07,2566278.85,5523,1573,2096,3291,11629,720,2287,343,7539,1137,908,5343,252,1948,1136
2025-05-07,INV_05,152449.78,2391534.3,2543984.08,5523,1573,2096,3291,11629,720,2287,343,7539,1137,908,5343,252,1948,1136
2025-05-08,INV_05,152449.78,2403751.69,2556201.47,5523,1573,2096,3291,11629,720,2287,343,7539,1137,908,5343,252,1948,1136
2025-05-09,INV_05,180381.92,2373315.14,2553697.06,5523,1573,2096,3291,11629,720,2287,343,7539,1137,681,5343,252,1948,1136
2025-05-12,INV_05,217657.25,2335663.29,2553320.54,5523,1573,2096,3291,11629,720,2287,343,5654,1137,681,5343,252,1948,1136
2025-05-13,INV_05,267919.3,2284893.54,2552812.84,5523,1573,2096,3291,11629,720,2287,343,5654,1137,681,5343,252,1461,1136
2025-05-14,INV_05,227337.56,2367816.76,2595154.32,5523,1573,2096,3291,11629,720,3980,343,5654,1137,681,5343,252,1461,1136
2025-05-15,INV_05,192954.21,2419915.66,2612869.87,5523,1573,2096,3291,11629,720,3980,343,5654,1496,681,5343,252,1461,1136
2025-05-16,INV_05,163758.59,2447364.2,2611122.8,5523,1573,2096,3291,11629,720,3980,343,5654,1496,907,5343,252,1461,1136
2025-05-19,INV_05,172211.8,2434725.53,2606937.33,5523,1573,2096,3291,11629,720,3980,343,5654,1496,907,5343,189,1461,1136
2025-05-20,INV_05,226473.7,2368025.44,2594499.13,5523,1573,2096,3291,11629,720,3980,343,5654,1496,907,5343,189,1461,852
2025-05-21,INV_05,226473.7,2374144.16,2600617.85,5523,1573,2096,3291,11629,720,3980,343,5654,1496,907,5343,189,1461,852
2025-05-22,INV_05,271488.85,2349487.87,2620976.72,5523,1573,2096,3291,8721,720,3980,343,5654,1496,907,5343,189,1461,852
2025-05-23,INV_05,295916.65,2329636.08,2625552.73,5523,1573,2096,3291,8721,720,2985,343,5654,1496,907,5343,189,1461,852
2025-05-26,INV_05,295916.65,2335870.91,2631787.57,5523,1573,2096,3291,8721,720,2985,343,5654,1496,907,5343,189,1461,852
2025-05-27,INV_05,295916.65,2343437.38,2639354.03,5523,1573,2096,3291,8721,720,2985,343,5654,1496,907,5343,189,1461,852
2025-05-28,INV_05,251174.28,2403766.72,2654941.0,5523,1573,2096,3291,8721,1030,2985,343,5654,1496,907,5343,189,1461,852
2025-05-29,INV_05,213123.33,2465713.06,2678836.39,5523,1573,2096,3291,8721,1030,2985,343,5654,1887,907,5343,189,1461,852
2025-05-30,INV_05,213123.33,2487551.2,2700674.53,5523,1573,2096,3291,8721,1030,2985,343,5654,1887,907,5343,189,1461,852
2025-06-02,INV_05,180880.57,2579244.07,2760124.64,5523,1573,2096,3291,8721,1030,2985,343,5654,2194,907,5343,189,1461,852
2025-06-03,INV_05,180880.57,2653320.31,2834200.88,5523,1573,2096,3291,8721,1030,2985,343,5654,2194,907,5343,189,1461,852
2025-06-04,INV_05,261418.06,2592519.59,2853937.65,5523,1573,1572,3291,8721,1030,2985,343,5654,2194,907,5343,189,1461,852
2025-06-05,INV_05,221873.35,2654478.73,2876352.08,5523,1573,1572,3291,8721,1030,2985,343,5654,2194,1202,5343,189,1461,852
2025-06-06,INV_05,259113.17,2605243.89,2864357.06,5523,1573,1572,3291,6540,1030,2985,343,5654,2194,1202,5343,189,1461,852
2025-06-09,INV_05,219870.55,2663682.11,2883552.66,5523,1573,1572,3291,6540,1030,2985,343,7444,2194,1202,5343,189,1461,852
2025-06-11,INV_05,248554.56,2671423.15,2919977.71,5523,1573,1572,3291,4905,1030,2985,343,7444,2194,1202,5343,189,1461,852
2025-06-12,INV_05,248554.56,2689947.19,2938501.75,5523,1573,1572,3291,4905,1030,2985,343,7444,2194,1202,5343,189,1461,852
2025-06-13,INV_05,269042.96,2628647.3,2897690.25,5523,1573,1572,3291,4905,1030,2238,343,7444,2194,1202,5343,189,1461,852
2025-06-16,INV_05,275620.77,2605347.71,2880968.47,5523,1573,1572,3291,4905,1030,2238,343,7444,2194,1202,5343,141,1461,852
2025-06-17,INV_05,298336.22,2576160.67,2874496.89,5523,1573,1572,3291,3678,1030,2238,343,7444,2194,1202,5343,141,1461,852
2025-06-18,INV_05,337742.68,2494006.71,2831749.39,5523,1573,1572,3291,3678,1030,2238,343,7444,2194,901,5343,141,1461,852
2025-06-19,INV_05,352726.19,2440350.93,2793077.12,5523,1573,1572,3291,3678,1030,1678,343,7444,2194,901,5343,141,1461,852
2025-06-20,INV_05,299316.04,2544835.21,2844151.26,6834,1573,1572,3291,3678,1030,1678,343,7444,2194,901,5343,141,1461,852
2025-06-23,INV_05,299316.04,2479539.2,2778855.24,6834,1573,1572,3291,3678,1030,1678,343,7444,2194,901,5343,141,1461,852
2025-06-24,INV_05,254025.09,2602609.42,2856634.51,6834,1573,1572,3291,3678,1030,1678,343,7444,2589,901,5343,141,1461,852
2025-06-25,INV_05,296704.16,2559499.25,2856203.41,6834,1573,1572,3291,3678,1030,1678,343,7444,2589,901,5343,141,1461,639
2025-06-26,INV_05,251756.13,2701134.97,2952891.11,6834,1573,1572,3291,6008,1030,1678,343,7444,2589,901,5343,141,1461,639
2025-06-27,INV_05,213633.25,2735357.97,2948991.21,6834,1573,1572,3291,6008,1254,1678,343,7444,2589,901,5343,141,1461,639
2025-06-30,INV_05,181269.79,2825629.54,3006899.34,6834,1573,1572,3291,6008,1254,2736,343,7444,2589,901,5343,141,1461,639
2025-07-01,INV_05,153889.22,2863517.72,3017406.94,6834,1573,1572,3291,6008,1254,2736,343,7444,2805,901,5343,141,1461,639
2025-07-02,INV_05,130580.23,2913145.89,3043726.13,6834,1573,1572,3291,6008,1254,2736,343,7444,2805,901,9322,141,1461,639
2025-07-03,INV_05,151088.98,2877329.95,3028418.93,6834,1573,1572,3291,6008,1254,2052,343,7444,2805,901,9322,141,1461,639
2025-07-04,INV_05,184402.54,2845384.59,3029787.13,6834,1573,1572,3291,6008,1254,2052,343,7444,2805,901,9322,141,1461,479
2025-07-07,INV_05,263160.71,2760014.88,3023175.59,5125,1573,1572,3291,6008,1254,2052,343,7444,2805,901,9322,141,1461,479
2025-07-08,INV_05,223295.0,2814906.57,3038201.57,5125,1573,1572,3291,6008,1254,2052,343,7444,2805,901,16012,141,1461,479
2025-07-09,INV_05,189572.84,2882349.37,3071922.21,5125,1573,1572,3291,6008,1254,2052,343,7444,3053,901,16012,141,1461,479
2025-07-10,INV_05,189572.84,2882349.37,3071922.21,5125,1573,1572,3291,6008,1254,2052,343,7444,3053,901,16012,141,1461,479
2025-07-11,INV_05,161004.49,2979372.23,3140376.71,5125,1573,1745,3291,6008,1254,2052,343,7444,3053,901,16012,141,1461,479
2025-07-14,INV_05,161004.49,3038030.01,3199034.5,5125,1573,1745,3291,6008,1254,2052,343,7444,3053,901,16012,141,1461,479
2025-07-15,INV_05,208482.7,3016520.64,3225003.34,5125,1573,1745,3291,6008,1254,2052,343,5583,3053,901,16012,141,1461,479
2025-07-16,INV_05,239090.53,2955538.18,3194628.71,5125,1573,1745,3291,6008,1254,2052,257,5583,3053,901,16012,141,1461,479
2025-07-17,INV_05,239090.53,2962232.25,3201322.78,5125,1573,1745,3291,6008,1254,2052,257,5583,3053,901,16012,141,1461,479
2025-07-18,INV_05,202975.96,3024053.46,3227029.42,5125,1573,1745,3291,6008,1254,2052,257,5583,3053,1175,16012,141,1461,479
2025-07-21,INV_05,202975.96,3047532.53,3250508.49,5125,1573,1745,3291,6008,1254,2052,257,5583,3053,1175,16012,141,1461,479
2025-07-22,INV_05,172352.08,3108697.11,3281049.18,5125,1573,1745,3291,6008,1254,2052,257,5583,3053,1175,16012,141,1461,617
2025-07-23,INV_05,146273.74,3164958.72,3311232.45,5125,1573,1745,3291,6008,1254,2052,257,5583,3248,1175,16012,141,1461,617
2025-07-24,INV_05,146273.74,3186758.92,3333032.66,5125,1573,1745,3291,6008,1254,2052,257,5583,3248,1175,16012,141,1461,617
2025-07-25,INV_05,124125.25,3247985.75,3372110.99,5125,1573,1745,3291,6008,1254,2052,257,6468,3248,1175,16012,141,1461,617
2025-07-28,INV_05,105465.75,3285663.93,3391129.68,5125,1573,1745,3291,6008,1254,2052,308,6468,3248,1175,16012,141,1461,617
2025-07-29,INV_05,105465.75,3287608.66,3393074.41,5125,1573,1745,3291,6008,1254,2052,308,6468,3248,1175,16012,141,1461,617
2025-07-30,INV_05,105465.75,3277480.83,3382946.58,5125,1573,1745,3291,6008,1254,2052,308,6468,3248,1175,16012,141,1461,617
2025-07-31,INV_05,215277.96,3191973.78,3407251.74,5125,1573,1745,3291,6008,1254,2052,308,6468,2436,1175,16012,141,1461,617
2025-08-01,INV_05,182682.23,3290893.78,3473576.01,5125,1573,1745,3291,6008,1254,2052,308,6468,2436,1411,16012,141,1461,617
2025-08-04,INV_05,257959.85,3192844.33,3450804.17,5125,1573,1308,3291,6008,1254,2052,308,6468,2436,1411,16012,141,1461,617
2025-08-05,INV_05,331810.04,3105957.13,3437767.17,3843,1573,1308,3291,6008,1254,2052,308,6468,2436,1411,16012,141,1461,617
2025-08-06,INV_05,331810.04,3102980.28,3434790.33,3843,1573,1308,3291,6008,1254,2052,308,6468,2436,1411,16012,141,1461,617
2025-08-07,INV_05,369096.62,3052417.34,3421513.96,3843,1573,1308,3291,6008,1254,2052,308,4851,2436,1411,16012,141,1461,617
2025-08-11,INV_05,384629.47,3036485.41,3421114.89,3843,1573,1308,3291,6008,1254,1539,308,4851,2436,1411,16012,141,1461,617
2025-08-12,INV_05,384629.47,3048441.5,3433070.97,3843,1573,1308,3291,6008,1254,1539,308,4851,2436,1411,16012,141,1461,617
2025-08-13,INV_05,431021.62,2990326.76,3421348.38,3843,1573,1308,3291,6008,1254,1539,308,4851,2436,1058,16012,141,1461,617
2025-08-14,INV_05,436444.02,2968450.51,3404894.53,3843,1573,1308,3291,6008,1254,1539,308,4851,2436,1058,16012,105,1461,617
2025-08-15,INV_05,370348.62,3087310.0,3457658.62,3843,1573,1308,3291,6008,1254,3714,308,4851,2436,1058,16012,105,1461,617
2025-08-18,INV_05,314311.05,3187217.06,3501528.1,3843,1573,1308,3291,6008,1574,3714,308,4851,2436,1058,16012,105,1461,617
2025-08-19,INV_05,314311.05,3200100.29,3514411.33,3843,1573,1308,3291,6008,1574,3714,308,4851,2436,1058,16012,105,1461,617
2025-08-20,INV_05,266775.9,3264139.2,3530915.1,3843,1573,1546,3291,6008,1574,3714,308,4851,2436,1058,16012,105,1461,617
2025-08-21,INV_05,320258.17,3200805.84,3521064.02,2882,1573,1546,3291,6008,1574,3714,308,4851,2436,1058,16012,105,1461,617
2025-08-22,INV_05,395064.31,3110511.12,3505575.43,2882,1573,1159,3291,6008,1574,3714,308,4851,2436,1058,16012,105,1461,617
2025-08-25,INV_05,447331.85,3031129.29,3478461.14,2882,1573,1159,3291,6008,1574,3714,308,4851,2436,1058,16012,105,1095,617
2025-08-26,INV_05,447331.85,3045926.98,3493258.83,2882,1573,1159,3291,6008,1574,3714,308,4851,2436,1058,16012,105,1095,617
2025-08-27,INV_05,447331.85,3061359.93,3508691.79,2882,1573,1159,3291,6008,1574,3714,308,4851,2436,1058,16012,105,1095,617
2025-08-28,INV_05,502957.48,2990029.9,3492987.37,2882,1573,869,3291,6008,1574,3714,308,4851,2436,1058,16012,105,1095,617
2025-08-29,INV_05,541767.65,2969359.89,3511127.55,2882,1573,869,3291,4506,1574,3714,308,4851,2436,1058,16012,105,1095,617
2025-09-01,INV_05,541767.65,2976649.98,3518417.63,2882,1573,869,3291,4506,1574,3714,308,4851,2436,1058,16012,105,1095,617
2025-09-02,INV_05,565149.18,2927639.37,3492788.55,2882,1573,869,3291,4506,1574,3714,308,4851,2436,1058,12009,105,1095,617
2025-09-03,INV_05,479529.21,2999488.82,3479018.02,2882,1573,869,3291,4506,1574,3714,308,4851,2436,1699,12009,105,1095,617
2025-09-04,INV_05,479529.21,2992805.35,3472334.56,2882,1573,869,3291,4506,1574,3714,308,4851,2436,1699,12009,105,1095,617
2025-09-08,INV_05,535068.21,2918787.63,3453855.83,2882,1573,869,3291,4506,1574,3714,308,4851,2436,1274,12009,105,1095,617
2025-09-09,INV_05,601461.65,2815911.62,3417373.27,2882,1573,869,3291,4506,1180,3714,308,4851,2436,1274,12009,105,1095,617
2025-09-10,INV_05,510353.45,2923682.29,3434035.73,4459,1573,869,3291,4506,1180,3714,308,4851,2436,1274,12009,105,1095,617
2025-09-11,INV_05,590779.99,2828352.3,3419132.29,4459,1573,869,3291,4506,1180,3714,308,4851,1827,1274,12009,105,1095,617
2025-09-12,INV_05,590779.99,2833301.11,3424081.1,4459,1573,869,3291,4506,1180,3714,308,4851,1827,1274,12009,105,1095,617
2025-09-15,INV_05,639992.28,2747938.12,3387930.4,4459,1573,869,3291,4506,885,3714,308,4851,1827,1274,12009,105,1095,617
2025-09-16,INV_05,543172.67,2880948.92,3424121.59,4459,1573,1383,3291,4506,885,3714,308,4851,1827,1274,12009,105,1095,617
2025-09-17,INV_05,543172.67,2903387.81,3446560.48,4459,1573,1383,3291,4506,885,3714,308,4851,1827,1274,12009,105,1095,617
2025-09-18,INV_05,461027.42,3036456.57,3497483.99,4459,1573,1383,3291,4506,885,3714,308,4851,1827,1274,12009,629,1095,617
2025-09-19,INV_05,489590.11,3015836.05,3505426.17,4459,1573,1383,3291,3379,885,3714,308,4851,1827,1274,12009,629,1095,617
2025-09-22,INV_05,415482.66,3110232.49,3525715.15,4459,1573,1383,3291,3379,885,3714,308,4851,1827,1274,12009,1093,1095,617
2025-09-23,INV_05,352579.86,3183388.43,3535968.29,4459,1573,1383,3291,3379,885,3714,468,4851,1827,1274,12009,1093,1095,617
2025-09-24,INV_05,299219.8,3262317.62,3561537.42,4459,1573,1383,3291,3379,885,3714,468,4851,1827,1675,12009,1093,1095,617
2025-09-25,INV_05,253989.22,3343982.01,3597971.23,4459,1573,1383,3562,3379,885,3714,468,4851,1827,1675,12009,1093,1095,617
2025-09-26,INV_05,320270.71,3279277.85,3599548.56,4459,1573,1037,3562,3379,885,3714,468,4851,1827,1675,12009,1093,1095,617
2025-09-29,INV_05,346813.11,3251348.87,3598161.98,4459,1573,1037,3562,3379,885,3714,468,3638,1827,1675,12009,1093,1095,617
2025-09-30,INV_05,391952.02,3205401.18,3597353.2,4459,1573,1037,3562,3379,885,3714,468,3638,1827,1675,12009,819,1095,617
2025-10-01,INV_05,391952.02,3214734.99,3606687.01,4459,1573,1037,3562,3379,885,3714,468,3638,1827,1675,12009,819,1095,617
2025-10-02,INV_05,391952.02,3230516.18,3622468.19,4459,1573,1037,3562,3379,885,3714,468,3638,1827,1675,12009,819,1095,617
2025-10-03,INV_05,332717.7,3296462.88,3629180.58,4459,1573,1037,3562,3379,885,3714,468,3638,1827,1675,12009,819,1095,808
2025-10-07,INV_05,282351.38,3348231.58,3630582.96,4459,1573,1037,3562,3379,885,3714,468,3638,2158,1675,12009,819,1095,808
2025-10-08,INV_05,350936.05,3263730.74,3614666.79,3344,1573,1037,3562,3379,885,3714,468,3638,2158,1675,12009,819,1095,808
2025-10-09,INV_05,433191.21,3176605.97,3609797.19,3344,1573,1037,3562,3379,885,3714,468,3638,1618,1675,12009,819,1095,808
2025-10-10,INV_05,367763.41,3249435.93,3617199.35,3344,1573,1353,3562,3379,885,3714,468,3638,1618,1675,12009,819,1095,808
2025-10-13,INV_05,397901.3,3201890.64,3599791.95,3344,1573,1353,3562,3379,885,2785,468,3638,1618,1675,12009,819,1095,808
2025-10-14,INV_05,397901.3,3215059.12,3612960.42,3344,1573,1353,3562,3379,885,2785,468,3638,1618,1675,12009,819,1095,808
2025-10-15,INV_05,337644.36,3268776.11,3606420.47,3344,1777,1353,3562,3379,885,2785,468,3638,1618,1675,12009,819,1095,808
2025-10-16,INV_05,286621.18,3344555.16,3631176.34,3344,1777,1353,3562,3379,885,2785,468,3638,1618,2052,12009,819,1095,808
2025-10-17,INV_05,243310.44,3415932.86,3659243.3,3344,1777,1353,3562,3379,885,2785,468,3638,1873,2052,12009,819,1095,808
2025-10-21,INV_05,206457.69,3500614.97,3707072.65,3344,1777,1353,3562,3379,885,3823,468,3638,1873,2052,12009,819,1095,808
2025-10-22,INV_05,206457.69,3497319.31,3703776.99,3344,1777,1353,3562,3379,885,3823,468,3638,1873,2052,12009,819,1095,808
2025-10-23,INV_05,248744.36,3447643.78,3696388.14,3344,1777,1353,3562,3379,663,3823,468,3638,1873,2052,12009,819,1095,808
2025-10-24,INV_05,268663.26,3420337.47,3689000.73,3344,1777,1353,3562,3379,663,3823,468,3638,1873,2052,9006,819,1095,808
2025-10-27,INV_05,283377.83,3395021.28,3678399.1,3344,1777,1353,3562,3379,663,3823,468,3638,1873,2052,6754,819,1095,808
2025-10-28,INV_05,358939.51,3304891.32,3663830.83,3344,1777,1353,3562,3379,663,3823,468,3638,1404,2052,6754,819,1095,808
2025-10-29,INV_05,304583.33,3366986.13,3671569.46,3344,1777,1353,3562,3379,663,3823,468,3638,1404,2052,6754,819,1474,808
2025-10-30,INV_05,304583.33,3364088.66,3668671.99,3344,1777,1353,3562,3379,663,3823,468,3638,1404,2052,6754,819,1474,808
2025-10-31,INV_05,304583.33,3362553.82,3667137.15,3344,1777,1353,3562,3379,663,3823,468,3638,1404,2052,6754,819,1474,808
2025-11-03,INV_05,258491.56,3421402.42,3679893.98,3344,1777,1353,3562,3379,663,3823,468,3638,1404,2052,6754,819,1474,967
2025-11-04,INV_05,219513.65,3450969.73,3670483.39,3344,1777,1353,3562,3379,663,3823,468,3638,1404,2052,6754,1028,1474,967
2025-11-05,INV_05,219513.65,133247.6,352761.25,3344,1777,1353,3562,3379,663,3823,468,3638,1404,2052,6754,1028,1474,967
2025-11-06,INV_05,186526.95,3514850.66,3701377.61,3344,1777,1353,3562,3379,663,3823,468,3638,1404,2052,6754,1028,1474,1076
2025-11-07,INV_05,186526.95,3547816.15,3734343.1,3344,1777,1353,3562,3379,663,3823,468,3638,1404,2052,6754,1028,1474,1076
2025-11-10,INV_05,158416.88,3620168.15,3778585.04,3344,1777,1482,3562,3379,663,3823,468,3638,1404,2052,6754,1028,1474,1076
2025-11-11,INV_05,134422.01,3671332.45,3805754.46,3344,1777,1482,3562,3379,663,3823,468,3638,1404,2052,10525,1028,1474,1076
2025-11-12,INV_05,214032.12,3587836.02,3801868.14,3344,1777,1111,3562,3379,663,3823,468,3638,1404,2052,10525,1028,1474,1076
2025-11-13,INV_05,245732.03,3511444.78,3757176.82,3344,1777,1111,3562,3379,497,3823,468,3638,1404,2052,10525,1028,1474,1076
2025-11-14,INV_05,208610.75,3544022.2,3752632.94,3344,1777,1111,3562,3379,497,3823,468,3638,1404,2052,10525,1028,1717,1076
2025-11-17,INV_05,340396.29,3404412.68,3744808.97,3344,1332,1111,3562,3379,497,3823,468,3638,1404,2052,10525,1028,1717,1076
2025-11-18,INV_05,360666.94,3349375.63,3710042.56,3344,1332,1111,3562,3379,497,3823,468,2728,1404,2052,10525,1028,1717,1076
2025-11-19,INV_05,408591.6,3286779.25,3695370.85,3344,1332,1111,3562,3379,497,3823,351,2728,1404,2052,10525,1028,1717,1076
2025-11-20,INV_05,346743.24,3351339.94,3698083.18,3344,1332,1111,3940,3379,497,3823,351,2728,1404,2052,10525,1028,1717,1076
2025-11-21,INV_05,362136.75,3327923.82,3690060.57,3344,1332,1111,3940,3379,497,3823,351,2046,1404,2052,10525,1028,1717,1076
2025-11-24,INV_05,517916.96,3126267.3,3644184.26,3344,1332,1111,2955,3379,497,3823,351,2046,1404,2052,10525,1028,1717,1076
2025-11-25,INV_05,439547.22,3223373.34,3662920.56,3344,1604,1111,2955,3379,497,3823,351,2046,1404,2052,10525,1028,1717,1076
2025-11-26,INV_05,373072.05,3298912.41,3671984.46,3344,1604,1111,3367,3379,497,3823,351,2046,1404,2052,10525,1028,1717,1076
2025-11-27,INV_05,426195.18,3222644.37,3648839.54,3344,1604,1111,3367,3379,497,3823,351,2046,1053,2052,10525,1028,1717,1076
2025-11-28,INV_05,361714.53,3295835.71,3657550.24,3344,1604,1111,3367,3379,837,3823,351,2046,1053,2052,10525,1028,1717,1076
2025-12-01,INV_05,422116.3,3148294.59,3570410.89,2508,1604,1111,3367,3379,837,3823,351,2046,1053,2052,10525,1028,1717,1076
2025-12-02,INV_05,358311.97,3233429.84,3591741.8,2508,1604,1111,3367,3379,837,3823,351,2046,1480,2052,10525,1028,1717,1076
2025-12-03,INV_05,436064.83,3095843.63,3531908.46,2508,1604,1111,3367,3379,837,3823,351,2046,1480,2052,10525,1028,1717,807
2025-12-05,INV_05,493462.12,2989645.88,3483108.0,2508,1604,1111,3367,3379,837,3823,351,2046,1480,2052,10525,1028,1717,605
2025-12-08,INV_05,418739.79,3060512.03,3479251.83,2508,1604,1111,3872,3379,837,3823,351,2046,1480,2052,10525,1028,1717,605
2025-12-09,INV_05,355473.39,3164581.93,3520055.32,2508,1836,1111,3872,3379,837,3823,351,2046,1480,2052,10525,1028,1717,605
2025-12-10,INV_05,301629.08,3260744.21,3562373.29,2508,1836,1111,3872,5211,837,3823,351,2046,1480,2052,10525,1028,1717,605
2025-12-11,INV_05,255983.09,3329462.34,3585445.43,2508,1836,1111,3872,5211,837,3823,351,2046,1779,2052,10525,1028,1717,605
2025-12-12,INV_05,316113.21,3265445.27,3581558.48,2508,1836,1111,3872,5211,837,3823,351,2046,1779,2052,10525,1028,1287,605
2025-12-15,INV_05,350185.05,3195678.78,3545863.84,2508,1836,1111,3872,5211,837,2867,351,2046,1779,2052,10525,1028,1287,605
2025-12-16,INV_05,297149.95,3250618.6,3547768.55,2508,1836,1111,3872,5211,837,4342,351,2046,1779,2052,10525,1028,1287,605
2025-12-17,INV_05,335204.07,3209448.97,3544653.04,2508,1836,1111,3872,3908,837,4342,351,2046,1779,2052,10525,1028,1287,605
2025-12-18,INV_05,457553.96,3074762.55,3532316.51,2508,1377,1111,3872,3908,837,4342,351,2046,1779,2052,10525,1028,1287,605
2025-12-19,INV_05,549772.46,2972178.22,3521950.68,2508,1032,1111,3872,3908,837,4342,351,2046,1779,2052,10525,1028,1287,605
2025-12-22,INV_05,593684.41,2904363.84,3498048.24,2508,1032,1111,3872,3908,837,4342,351,2046,1779,2052,10525,1028,965,605
2025-12-23,INV_05,593684.41,2901633.66,3495318.07,2508,1032,1111,3872,3908,837,4342,351,2046,1779,2052,10525,1028,965,605
2025-12-24,INV_05,593684.41,2896518.08,3490202.49,2508,1032,1111,3872,3908,837,4342,351,2046,1779,2052,10525,1028,965,605
2025-12-25,INV_05,593684.41,1304131.58,1897815.99,2508,1032,1111,3872,3908,837,4342,351,2046,1779,2052,10525,1028,965,605
2025-12-26,INV_05,503745.22,3000683.66,3504428.88,2508,1032,1111,3872,3908,837,4342,351,2046,1779,2052,25618,1028,965,605
2025-12-29,INV_05,427558.16,3075462.76,3503020.92,2508,1032,1111,3872,3908,837,4342,351,2046,1779,2052,25618,1488,965,605
2025-12-30,INV_05,427558.16,3116072.52,3543630.68,2508,1032,1111,3872,3908,837,4342,351,2046,1779,2052,25618,1488,965,605
2025-12-31,INV_05,467254.87,3089282.84,3556537.72,2508,1032,1111,3872,3908,627,4342,351,2046,1779,2052,25618,1488,965,605
2026-01-02,INV_05,514430.35,3080939.34,3595369.69,1881,1032,1111,3872,3908,627,4342,351,2046,1779,2052,25618,1488,965,605
2026-01-05,INV_05,659855.41,2941112.74,3600968.15,1881,1032,1111,2904,3908,627,4342,351,2046,1779,2052,25618,1488,965,605
2026-01-06,INV_05,560088.88,3088377.91,3648466.78,1881,1387,1111,2904,3908,627,4342,351,2046,1779,2052,25618,1488,965,605
2026-01-07,INV_05,670235.78,2977118.41,3647354.19,1881,1387,1111,2178,3908,627,4342,351,2046,1779,2052,25618,1488,965,605
2026-01-08,INV_05,670235.78,2977118.41,3647354.19,1881,1387,1111,2178,3908,627,4342,351,2046,1779,2052,25618,1488,965,605
2026-01-09,INV_05,568773.95,3146426.22,3715200.17,1881,1387,1111,2178,3908,627,4342,351,2046,2401,2052,25618,1488,965,605
2026-01-12,INV_05,665477.64,3043098.07,3708575.71,1881,1040,1111,2178,3908,627,4342,351,2046,2401,2052,25618,1488,965,605
2026-01-13,INV_05,735182.8,2973626.82,3708809.62,1881,1040,1111,2178,3908,627,4342,351,2046,2401,1539,25618,1488,965,605
2026-01-14,INV_05,623924.99,3116309.24,3740234.22,1881,1040,1111,2883,3908,627,4342,351,2046,2401,1539,25618,1488,965,605
2026-01-16,INV_05,623924.99,3126449.83,3750374.82,1881,1040,1111,2883,3908,627,4342,351,2046,2401,1539,25618,1488,965,605
2026-01-19,INV_05,656066.7,3075944.0,3732010.71,1881,1040,1111,2883,3908,470,4342,351,2046,2401,1539,25618,1488,965,605
2026-01-20,INV_05,556758.45,3179868.98,3736627.43,1881,1385,1111,2883,3908,470,4342,351,2046,2401,1539,25618,1488,965,605
2026-01-21,INV_05,472557.78,3281979.48,3754537.27,1881,1385,1111,3414,3908,470,4342,351,2046,2401,1539,25618,1488,965,605
2026-01-22,INV_05,401015.3,3356188.31,3757203.61,1881,1385,1111,3414,3908,782,4342,351,2046,2401,1539,25618,1488,965,605
2026-01-23,INV_05,435427.5,3345382.22,3780809.72,1410,1385,1111,3414,3908,782,4342,351,2046,2401,1539,25618,1488,965,605
2026-01-26,INV_05,435427.5,3343063.74,3778491.25,1410,1385,1111,3414,3908,782,4342,351,2046,2401,1539,25618,1488,965,605
2026-01-27,INV_05,470825.45,3300212.88,3771038.33,1410,1385,1111,3414,3908,782,4342,351,2046,2401,1539,25618,1488,723,605
2026-01-28,INV_05,470825.45,3294449.52,3765274.97,1410,1385,1111,3414,3908,782,4342,351,2046,2401,1539,25618,1488,723,605
2026-01-29,INV_05,533506.8,3228124.24,3761631.04,1410,1385,833,3414,3908,782,4342,351,2046,2401,1539,25618,1488,723,605
2026-01-30,INV_05,533506.8,3232528.08,3766034.88,1410,1385,833,3414,3908,782,4342,351,2046,2401,1539,25618,1488,723,605
2026-02-02,INV_05,558633.7,3182805.51,3741439.21,1057,1385,833,3414,3908,782,4342,351,2046,2401,1539,25618,1488,723,605
2026-02-03,INV_05,692639.11,3049907.32,3742546.43,1057,1385,833,2560,3908,782,4342,351,2046,2401,1539,25618,1488,723,605
2026-02-05,INV_05,788312.21,2945070.43,3733382.64,1057,1038,833,2560,3908,782,4342,351,2046,2401,1539,25618,1488,723,605
2026-02-06,INV_05,668887.89,3066257.7,3735145.59,1057,1038,833,2560,3908,782,4342,351,2046,2401,1539,45659,1488,723,605
2026-02-09,INV_05,668887.89,3066814.05,3735701.94,1057,1038,833,2560,3908,782,4342,351,2046,2401,1539,45659,1488,723,605
2026-02-10,INV_05,668887.89,3060386.26,3729274.15,1057,1038,833,2560,3908,782,4342,351,2046,2401,1539,45659,1488,723,605
2026-02-11,INV_05,668887.89,3067694.34,3736582.23,1057,1038,833,2560,3908,782,4342,351,2046,2401,1539,45659,1488,723,605
2026-02-12,INV_05,668887.89,3053724.23,3722612.12,1057,1038,833,2560,3908,782,4342,351,2046,2401,1539,45659,1488,723,605
2026-02-13,INV_05,567610.14,3153165.81,3720775.95,1057,1038,833,2560,3908,1202,4342,351,2046,2401,1539,45659,1488,723,605
2026-02-16,INV_05,567610.14,3185469.48,3753079.62,1057,1038,833,2560,3908,1202,4342,351,2046,2401,1539,45659,1488,723,605
2026-02-17,INV_05,606966.6,3142263.04,3749229.64,1057,1038,833,2560,3908,1202,4342,263,2046,2401,1539,45659,1488,723,605
2026-02-18,INV_05,515176.54,3239352.61,3754529.15,1057,1038,833,2560,3908,1202,4342,263,2046,2956,1539,45659,1488,723,605
2026-02-19,INV_05,437201.51,3316555.61,3753757.12,1057,1038,833,2560,3908,1202,4342,263,2046,2956,2077,45659,1488,723,605
2026-02-20,INV_05,437201.51,3316555.61,3753757.12,1057,1038,833,2560,3908,1202,4342,263,2046,2956,2077,45659,1488,723,605
2026-02-23,INV_05,537943.91,3214795.61,3752739.52,1057,1038,833,1920,3908,1202,4342,263,2046,2956,2077,45659,1488,723,605
2026-02-24,INV_05,537943.91,3214795.61,3752739.52,1057,1038,833,1920,3908,1202,4342,263,2046,2956,2077,45659,1488,723,605
2026-02-25,INV_05,456573.26,3295360.61,3751933.87,1057,1038,833,1920,3908,1202,4342,263,2046,3448,2077,45659,1488,723,605
2026-02-26,INV_05,456573.26,3295360.61,3751933.87,1057,1038,833,1920,3908,1202,4342,263,2046,3448,2077,45659,1488,723,605
2026-02-27,INV_05,387657.52,3363594.01,3751251.53,1057,1038,833,1920,3908,1202,4342,263,2046,3448,2077,45659,1488,723,806
2026-03-02,INV_05,328999.75,3419319.99,3748319.74,1057,1038,833,1920,3908,1445,4342,263,2046,3448,2077,45659,1488,723,806
2026-03-03,INV_05,279218.11,3468608.74,3747826.85,1057,1038,833,1920,3908,1445,4342,263,2046,3749,2077,45659,1488,723,806
2026-03-04,INV_05,315665.36,2447801.74,2763467.11,1057,1038,833,1920,3908,1445,3256,263,2046,3749,2077,45659,1488,723,806
