Transaction_ID,Investor_ID,Date,Action,Ticker,Execution_Price,Executed_Quantity,Cash_Balance_Post
TX_100001,INV_01,2020-01-07,BUY,COMB,63.96,2345,848516.01
TX_100002,INV_01,2020-01-10,BUY,NTB,62.51,2036,719973.78
TX_100003,INV_01,2020-01-13,SELL,NTB,62.43,509,751433.17
TX_100004,INV_01,2020-01-15,SELL,COMB,62.6,587,787809.23
TX_100005,INV_01,2020-01-17,SELL,COMB,61.3,440,814511.44
TX_100006,INV_01,2020-01-20,SELL,COMB,61.37,330,834560.38
TX_100007,INV_01,2020-01-21,BUY,MELS,22.79,5492,708142.35
TX_100008,INV_01,2020-01-22,SELL,NTB,62.43,382,731752.34
TX_100009,INV_01,2020-01-24,SELL,COMB,63.75,247,747342.24
TX_100010,INV_01,2020-01-29,BUY,NTB,61.64,1818,634159.55
TX_100011,INV_01,2020-01-30,SELL,MELS,22.73,1373,665058.99
TX_100012,INV_01,2020-01-31,BUY,HNB,114.69,869,564398.64
TX_100013,INV_01,2020-02-03,SELL,NTB,61.48,741,609501.41
TX_100014,INV_01,2020-02-05,SELL,MELS,22.15,1030,632087.25
TX_100015,INV_01,2020-02-06,SELL,COMB,62.87,186,643663.79
TX_100016,INV_01,2020-02-07,BUY,COMB,62.87,1535,546196.16
TX_100017,INV_01,2020-02-10,BUY,LFIN,26.4,3102,463473.62
TX_100018,INV_01,2020-02-11,BUY,COMB,62.73,1108,393271.76
TX_100019,INV_01,2020-02-12,SELL,NTB,59.19,556,425852.57
TX_100020,INV_01,2020-02-14,SELL,LFIN,27.1,776,446671.21
TX_100021,INV_01,2020-02-17,BUY,LOFC,3.7,18108,379001.61
TX_100022,INV_01,2020-02-19,BUY,MELS,21.28,2672,321585.87
TX_100023,INV_01,2020-02-20,SELL,HNB,111.06,218,345554.22
TX_100024,INV_01,2020-02-21,BUY,LFIN,26.37,1965,293216.84
TX_100025,INV_01,2020-02-24,BUY,MELS,21.28,2067,248801.29
TX_100026,INV_01,2020-02-26,SELL,COMB,61.2,800,297270.51
TX_100027,INV_01,2020-02-27,SELL,HNB,106.79,163,314502.52
TX_100028,INV_01,2020-02-28,SELL,MELS,20.4,1957,354027.74
TX_100029,INV_01,2020-03-02,SELL,COMB,60.5,600,389961.82
TX_100030,INV_01,2020-03-03,BUY,HHL,63.49,921,330898.91
TX_100031,INV_01,2020-03-04,SELL,LOFC,3.4,4527,346136.79
TX_100032,INV_01,2020-03-05,SELL,LFIN,25.09,1073,372792.31
TX_100033,INV_01,2020-03-06,SELL,LOFC,3.1,3396,383214.64
TX_100034,INV_01,2020-03-09,SELL,LOFC,3.1,2547,391031.38
TX_100035,INV_01,2020-03-10,SELL,MELS,17.43,1468,416360.07
TX_100036,INV_01,2020-03-11,BUY,LIOC,13.61,4587,353295.03
TX_100037,INV_01,2020-03-12,SELL,NTB,55.22,417,376092.83
TX_100038,INV_01,2020-03-13,SELL,HHL,56.02,231,388905.02
TX_100039,INV_01,2020-03-17,BUY,MELS,15.74,3706,329997.48
TX_100040,INV_01,2020-03-18,BUY,HNB,85.57,578,280042.88
TX_100041,INV_01,2020-03-19,BUY,CFIN,66.84,628,237645.25
TX_100042,INV_01,2020-03-20,SELL,LIOC,12.5,1147,251844.51
TX_100043,INV_01,2020-03-24,SELL,HNB,74.82,267,271621.99
TX_100044,INV_01,2020-03-26,BUY,CFIN,62.88,647,230528.97
TX_100045,INV_01,2020-03-27,BUY,HAYL,9.41,3673,195609.54
TX_100046,INV_01,2020-03-31,SELL,CFIN,62.88,319,215469.04
TX_100047,INV_01,2020-04-01,BUY,NDB,53.48,604,182844.81
TX_100048,INV_01,2020-04-02,BUY,COMB,42.28,648,155175.88
TX_100049,INV_01,2020-04-03,SELL,LFIN,19.5,805,170712.57
TX_100050,INV_01,2020-04-06,SELL,HNB,77.64,200,186084.4
TX_100051,INV_01,2020-04-07,BUY,LFIN,19.5,1431,157907.8
TX_100052,INV_01,2020-04-08,SELL,LIOC,12.5,860,168554.15
TX_100053,INV_01,2020-04-09,BUY,AEL,10.94,2310,143023.48
TX_100054,INV_01,2020-04-14,SELL,CFIN,62.88,239,157902.54
TX_100055,INV_01,2020-04-15,BUY,LOFC,2.2,10766,133980.49
TX_100056,INV_01,2020-04-20,SELL,NTB,51.48,313,149931.52
TX_100057,INV_01,2020-04-21,BUY,HAYL,9.41,2389,127219.15
TX_100058,INV_01,2020-04-23,SELL,CFIN,62.88,180,138425.14
TX_100059,INV_01,2020-04-24,BUY,LFIN,19.5,1065,117455.13
TX_100060,INV_01,2020-04-27,SELL,HAYL,9.41,1516,131582.44
TX_100061,INV_01,2020-04-28,BUY,CFIN,62.88,313,111702.82
TX_100062,INV_01,2020-05-01,SELL,NDB,53.48,151,119697.37
TX_100063,INV_01,2020-05-04,SELL,CFIN,62.88,213,132957.78
TX_100064,INV_01,2020-05-05,SELL,LIOC,12.5,645,140942.55
TX_100065,INV_01,2020-05-06,BUY,LOFC,2.2,9609,119591.35
TX_100066,INV_01,2020-05-07,BUY,CFIN,62.88,285,101490.1
TX_100067,INV_01,2020-05-08,SELL,COMB,42.28,612,127104.41
TX_100068,INV_01,2020-05-11,SELL,HAYL,9.14,1137,137391.28
TX_100069,INV_01,2020-05-12,SELL,COMB,38.76,459,155003.78
TX_100070,INV_01,2020-05-13,BUY,DFCC,37.96,612,131541.74
TX_100071,INV_01,2020-05-15,BUY,CFIN,62.11,317,111656.63
TX_100072,INV_01,2020-05-18,BUY,AEL,12.35,1355,94752.14
TX_100073,INV_01,2020-05-19,BUY,HHL,55.09,257,80452.29
TX_100074,INV_01,2020-05-20,SELL,NTB,47.81,234,91528.25
TX_100075,INV_01,2020-05-22,SELL,DFCC,51.97,153,99400.09
TX_100076,INV_01,2020-05-25,SELL,HNB,79.19,150,111159.32
TX_100077,INV_01,2020-05-27,SELL,LFIN,21.36,1228,137121.9
TX_100078,INV_01,2020-05-28,BUY,COMB,45.58,451,116358.69
TX_100079,INV_01,2020-05-29,SELL,LFIN,22.42,921,136804.22
TX_100080,INV_01,2020-06-01,SELL,HNB,75.1,113,145206.14
TX_100081,INV_01,2020-06-02,BUY,AEL,12.68,1717,123210.43
TX_100082,INV_01,2020-06-04,BUY,MELS,15.45,1196,104551.85
TX_100083,INV_01,2020-06-05,SELL,HAYL,9.9,853,112912.38
TX_100084,INV_01,2020-06-08,SELL,CFIN,62.03,310,131949.49
TX_100085,INV_01,2020-06-09,BUY,JKH,115.61,171,111982.87
TX_100086,INV_01,2020-06-12,BUY,DIAL,6.95,2416,95024.32
TX_100087,INV_01,2020-06-16,BUY,JKH,115.22,123,80711.05
TX_100088,INV_01,2020-06-17,SELL,AEL,14.59,1346,100153.36
TX_100089,INV_01,2020-06-18,BUY,LIOC,12.66,1186,84985.09
TX_100090,INV_01,2020-06-22,BUY,MELS,17.31,736,72116.35
TX_100091,INV_01,2020-06-24,SELL,LFIN,22.33,690,87367.54
TX_100092,INV_01,2020-06-25,BUY,COMB,54.09,242,74145.92
TX_100093,INV_01,2020-06-29,BUY,COMB,55.43,200,62948.82
TX_100094,INV_01,2020-06-30,SELL,AEL,15.5,1009,78434.24
TX_100095,INV_01,2020-07-03,SELL,MELS,17.25,2511,121324.03
TX_100096,INV_01,2020-07-07,SELL,NDB,59.94,114,128089.03
TX_100097,INV_01,2020-07-08,BUY,HNB,86.05,223,108708.97
TX_100098,INV_01,2020-07-09,SELL,LOFC,3.3,7004,131591.04
TX_100099,INV_01,2020-07-10,SELL,NDB,57.11,85,136397.19
TX_100100,INV_01,2020-07-13,SELL,CFIN,57.61,233,149684.97
TX_100101,INV_01,2020-07-14,BUY,HNB,82.45,272,127034.13
TX_100102,INV_01,2020-07-15,SELL,NTB,48.63,176,135506.69
TX_100103,INV_01,2020-07-16,BUY,HAYL,10.27,1979,114987.34
TX_100104,INV_01,2020-07-17,BUY,MELS,16.9,1020,97573.28
TX_100105,INV_01,2020-07-20,BUY,AEL,15.5,944,82792.76
TX_100106,INV_01,2020-07-22,BUY,DFCC,48.18,257,70286.05
TX_100107,INV_01,2020-07-23,BUY,NTB,50.91,207,59643.05
TX_100108,INV_01,2020-07-27,SELL,LOFC,3.5,5253,77844.7
TX_100109,INV_01,2020-07-28,BUY,NTB,51.31,227,66080.02
TX_100110,INV_01,2020-07-29,SELL,AEL,16.25,993,82053.35
TX_100111,INV_01,2020-07-30,BUY,HNB,86.75,141,69699.43
TX_100112,INV_01,2020-07-31,BUY,LFIN,20.98,498,59145.09
TX_100113,INV_01,2020-08-03,SELL,NDB,57.44,64,62784.31
TX_100114,INV_01,2020-08-04,SELL,LIOC,13.06,781,72881.03
TX_100115,INV_01,2020-08-05,BUY,MELS,16.03,682,61839.77
TX_100116,INV_01,2020-08-10,BUY,MELS,15.91,582,52485.98
TX_100117,INV_01,2020-08-11,BUY,DFCC,47.62,165,44550.06
TX_100118,INV_01,2020-08-14,SELL,NDB,63.58,48,47571.23
TX_100119,INV_01,2020-08-17,SELL,DIAL,7.77,604,52216.19
TX_100120,INV_01,2020-08-18,BUY,NTB,51.56,151,44353.08
TX_100121,INV_01,2020-08-21,SELL,COMB,59.82,567,77933.26
TX_100122,INV_01,2020-08-24,BUY,DIAL,7.91,1478,66130.27
TX_100123,INV_01,2020-08-25,BUY,LOFC,3.8,2610,56113.09
TX_100124,INV_01,2020-08-27,SELL,HHL,56.3,237,69323.79
TX_100125,INV_01,2020-09-01,SELL,LFIN,22.21,642,83442.05
TX_100126,INV_01,2020-09-02,BUY,LOFC,3.6,3476,70803.31
TX_100127,INV_01,2020-09-03,BUY,LIOC,13.93,762,60083.2
TX_100128,INV_01,2020-09-07,SELL,MELS,16.15,2454,99308.83
TX_100129,INV_01,2020-09-08,SELL,LOFC,3.5,5461,118231.2
TX_100130,INV_01,2020-09-10,SELL,LFIN,22.25,482,128846.33
TX_100131,INV_01,2020-09-11,BUY,HAYL,16.1,1200,109332.28
TX_100132,INV_01,2020-09-14,BUY,AEL,20.18,812,92778.3
TX_100133,INV_01,2020-09-15,SELL,NTB,49.68,278,106452.5
TX_100134,INV_01,2020-09-16,BUY,NDB,69.39,230,90332.46
TX_100135,INV_01,2020-09-17,BUY,LIOC,16.54,819,76650.08
TX_100136,INV_01,2020-09-22,BUY,JKH,133.69,85,65172.54
TX_100137,INV_01,2020-09-23,BUY,COMB,58.24,167,55349.41
TX_100138,INV_01,2020-09-24,BUY,DFCC,56.61,146,47001.06
TX_100139,INV_01,2020-10-05,SELL,HHL,64.89,178,58436.82
TX_100140,INV_01,2020-10-06,BUY,HAYL,19.32,453,49597.67
TX_100141,INV_01,2020-10-12,SELL,HNB,94.1,243,72234.18
TX_100142,INV_01,2020-10-13,SELL,LIOC,18.68,981,90373.72
TX_100143,INV_01,2020-10-14,BUY,NTB,46.67,290,76703.8
TX_100144,INV_01,2020-10-19,BUY,COMB,55.72,206,65110.87
TX_100145,INV_01,2020-10-20,BUY,NDB,67.37,144,55312.05
TX_100146,INV_01,2020-10-21,SELL,DFCC,49.15,257,67816.28
TX_100147,INV_01,2020-10-22,BUY,NTB,47.24,215,57557.87
TX_100148,INV_01,2020-10-23,BUY,CFIN,63.21,136,48875.48
TX_100149,INV_01,2020-10-26,SELL,NDB,59.94,129,56530.61
TX_100150,INV_01,2020-10-27,BUY,COMB,53.13,159,47998.85
TX_100151,INV_01,2020-10-28,SELL,CFIN,60.77,208,60511.74
TX_100152,INV_01,2020-10-30,BUY,HNB,89.17,101,51415.34
TX_100153,INV_01,2020-11-05,SELL,JKH,133.3,95,63952.27
TX_100154,INV_01,2020-11-06,BUY,LOFC,3.6,2664,54265.97
TX_100155,INV_01,2020-11-10,SELL,MELS,20.05,1840,90791.1
TX_100156,INV_01,2020-11-11,SELL,JKH,138.1,71,100498.39
TX_100157,INV_01,2020-11-13,SELL,LOFC,3.6,4762,117470.16
TX_100158,INV_01,2020-11-16,SELL,HAYL,28.3,1547,160812.93
TX_100159,INV_01,2020-11-17,BUY,HNB,89.48,269,136500.94
TX_100160,INV_01,2020-11-18,SELL,COMB,54.78,559,166818.57
TX_100161,INV_01,2020-11-19,SELL,LFIN,22.1,361,174716.87
TX_100162,INV_01,2020-11-20,BUY,JKH,138.54,189,148270.1
TX_100163,INV_01,2020-11-23,SELL,LOFC,3.4,3571,160290.09
TX_100164,INV_01,2020-11-24,SELL,DIAL,8.11,823,166901.78
TX_100165,INV_01,2020-11-25,SELL,DFCC,49.71,193,176399.52
TX_100166,INV_01,2020-11-30,BUY,LIOC,17.92,1476,149682.49
TX_100167,INV_01,2020-12-01,BUY,CFIN,66.13,339,127041.9
TX_100168,INV_01,2020-12-03,SELL,JKH,146.78,101,141718.5
TX_100169,INV_01,2020-12-07,SELL,LOFC,3.5,2678,150997.77
TX_100170,INV_01,2020-12-08,BUY,DIAL,8.74,2591,128128.58
TX_100171,INV_01,2020-12-10,SELL,JKH,150.02,76,139415.81
TX_100172,INV_01,2020-12-14,BUY,LFIN,24.09,868,118296.68
TX_100173,INV_01,2020-12-15,SELL,LFIN,23.94,488,129864.64
TX_100174,INV_01,2020-12-17,BUY,HAYL,30.11,647,110190.38
TX_100175,INV_01,2020-12-21,BUY,NTB,48.71,339,93513.52
TX_100176,INV_01,2020-12-23,SELL,NTB,48.87,420,113833.71
TX_100177,INV_01,2020-12-29,BUY,LFIN,23.17,737,96588.35
TX_100178,INV_01,2020-12-30,BUY,DFCC,52.76,274,81987.62
TX_100179,INV_01,2020-12-31,SELL,COMB,58.24,419,106145.64
TX_100180,INV_01,2021-01-01,SELL,COMB,58.24,314,124249.74
TX_100181,INV_01,2021-01-04,SELL,HNB,100.66,275,151654.46
TX_100182,INV_01,2021-01-05,SELL,HHL,91.41,133,163690.12
TX_100183,INV_01,2021-01-08,SELL,DFCC,52.04,213,174663.16
TX_100184,INV_01,2021-01-12,BUY,DFCC,51.15,512,148210.58
TX_100185,INV_01,2021-01-13,BUY,LFIN,25.32,878,125757.77
TX_100186,INV_01,2021-01-14,SELL,CFIN,66.52,241,141628.6
TX_100187,INV_01,2021-01-15,BUY,NDB,65.52,324,120189.27
TX_100188,INV_01,2021-01-18,BUY,LOFC,9.4,1917,101989.28
TX_100189,INV_01,2021-01-19,SELL,LOFC,7.8,2488,121201.61
TX_100190,INV_01,2021-01-20,BUY,NDB,75.69,240,102853.3
TX_100191,INV_01,2021-01-21,BUY,LOFC,8.5,1815,87271.53
TX_100192,INV_01,2021-01-22,BUY,AEL,26.29,497,74074.15
TX_100193,INV_01,2021-01-25,BUY,NTB,54.57,203,62885.33
TX_100194,INV_01,2021-01-27,BUY,HHL,91.78,102,53429.98
TX_100195,INV_01,2021-01-28,SELL,CFIN,89.06,181,69388.67
TX_100196,INV_01,2021-01-29,SELL,LIOC,21.28,1104,92643.54
TX_100197,INV_01,2021-02-01,SELL,HAYL,57.51,1322,167908.89
TX_100198,INV_01,2021-02-02,SELL,LOFC,6.4,2320,182608.41
TX_100199,INV_01,2021-02-03,BUY,DIAL,8.67,3159,154947.12
TX_100200,INV_01,2021-02-08,BUY,NTB,50.01,464,131510.24
TX_100201,INV_01,2021-02-10,SELL,CFIN,85.12,136,142970.71
TX_100202,INV_01,2021-02-11,SELL,CFIN,82.75,102,151327.31
TX_100203,INV_01,2021-02-12,BUY,DFCC,52.84,429,128432.25
TX_100204,INV_01,2021-02-15,SELL,AEL,21.29,1072,151024.11
TX_100205,INV_01,2021-02-16,SELL,HHL,80.57,126,161073.9
TX_100206,INV_01,2021-02-17,BUY,LIOC,16.61,1454,136677.93
TX_100207,INV_01,2021-02-18,BUY,HNB,106.29,192,116066.74
TX_100208,INV_01,2021-02-22,SELL,DIAL,8.95,2055,134269.12
TX_100209,INV_01,2021-02-23,SELL,HAYL,46.92,992,180349.87
TX_100210,INV_01,2021-02-25,BUY,NTB,47.24,572,153057.73
TX_100211,INV_01,2021-03-01,BUY,DIAL,8.81,2606,129873.59
TX_100212,INV_01,2021-03-02,SELL,NTB,46.35,624,158503.78
TX_100213,INV_01,2021-03-03,SELL,LFIN,33.12,770,183747.75
TX_100214,INV_01,2021-03-05,BUY,HAYL,42.27,652,155913.29
TX_100215,INV_01,2021-03-08,BUY,CFIN,67.78,345,132295.26
TX_100216,INV_01,2021-03-10,SELL,COMB,61.98,236,146776.78
TX_100217,INV_01,2021-03-12,SELL,NDB,67.55,238,162693.36
TX_100218,INV_01,2021-03-15,BUY,HNB,101.6,240,138066.02
TX_100219,INV_01,2021-03-16,BUY,MELS,28.17,735,117153.7
TX_100220,INV_01,2021-03-17,SELL,LFIN,30.47,577,134558.88
TX_100221,INV_01,2021-03-18,SELL,DIAL,8.95,2192,153974.76
TX_100222,INV_01,2021-03-19,BUY,MELS,26.62,867,130662.14
TX_100223,INV_01,2021-03-25,SELL,MELS,27.06,1781,178367.01
TX_100224,INV_01,2021-03-26,BUY,MELS,26.93,993,151355.93
TX_100225,INV_01,2021-03-29,BUY,HAYL,45.99,493,128455.68
TX_100226,INV_01,2021-03-30,SELL,CFIN,64.63,162,138820.66
TX_100227,INV_01,2021-03-31,SELL,JKH,145.65,57,147039.75
TX_100228,INV_01,2021-04-02,BUY,DIAL,8.95,2465,124764.66
TX_100229,INV_01,2021-04-05,SELL,AEL,19.93,804,140628.46
TX_100230,INV_01,2021-04-06,BUY,HHL,78.23,269,119374.33
TX_100231,INV_01,2021-04-07,SELL,HNB,108.06,314,152965.3
TX_100232,INV_01,2021-04-08,SELL,NTB,45.92,468,174240.87
TX_100233,INV_01,2021-04-09,BUY,HAYL,59.68,437,147899.65
TX_100234,INV_01,2021-04-12,BUY,DIAL,9.09,2441,125499.45
TX_100235,INV_01,2021-04-15,BUY,AEL,21.2,887,106504.72
TX_100236,INV_01,2021-04-16,BUY,HAYL,66.68,239,90409.15
TX_100237,INV_01,2021-04-20,SELL,JKH,143.69,42,96383.75
TX_100238,INV_01,2021-04-21,BUY,LOFC,6.3,2294,81787.03
TX_100239,INV_01,2021-04-22,SELL,HHL,76.92,161,94047.44
TX_100240,INV_01,2021-04-26,BUY,HHL,76.55,184,79821.95
TX_100241,INV_01,2021-04-27,SELL,JKH,140.75,32,84280.81
TX_100242,INV_01,2021-04-28,BUY,LFIN,36.81,343,71530.02
TX_100243,INV_01,2021-04-30,BUY,CFIN,64.0,167,60735.61
TX_100244,INV_01,2021-05-03,SELL,HNB,107.64,236,85885.41
TX_100245,INV_01,2021-05-04,SELL,CFIN,64.63,164,96378.36
TX_100246,INV_01,2021-05-05,BUY,HAYL,58.89,245,81804.98
TX_100247,INV_01,2021-05-06,BUY,HAYL,59.52,206,69420.56
TX_100248,INV_01,2021-05-07,BUY,LIOC,15.63,666,58906.63
TX_100249,INV_01,2021-05-10,SELL,HHL,74.77,167,71268.54
TX_100250,INV_01,2021-05-11,BUY,DIAL,8.74,1223,60473.86
TX_100251,INV_01,2021-05-12,BUY,MELS,28.79,315,51314.46
TX_100252,INV_01,2021-05-13,SELL,DFCC,48.53,395,70294.02
TX_100253,INV_01,2021-05-14,BUY,NDB,63.34,166,59674.8
TX_100254,INV_01,2021-05-17,BUY,HNB,106.19,84,50665.51
TX_100255,INV_01,2021-05-18,SELL,COMB,65.2,177,62090.86
TX_100256,INV_01,2021-05-19,SELL,DFCC,48.37,296,76264.21
TX_100257,INV_01,2021-05-20,SELL,JKH,137.07,24,79520.97
TX_100258,INV_01,2021-05-21,SELL,LIOC,15.63,1358,100534.77
TX_100259,INV_01,2021-05-24,SELL,LFIN,37.88,519,120000.38
TX_100260,INV_01,2021-05-26,SELL,DIAL,8.88,3177,147922.85
TX_100261,INV_01,2021-05-27,SELL,HNB,107.44,198,168982.45
TX_100262,INV_01,2021-05-28,BUY,DIAL,8.88,2855,143383.11
TX_100263,INV_01,2021-05-31,SELL,MELS,29.1,1663,191291.04
TX_100264,INV_01,2021-06-03,BUY,LOFC,6.5,4414,162313.13
TX_100265,INV_01,2021-06-04,SELL,DIAL,9.02,3096,189948.86
TX_100266,INV_01,2021-06-07,BUY,LOFC,6.6,4317,161171.74
TX_100267,INV_01,2021-06-09,BUY,HNB,111.58,216,136828.55
TX_100268,INV_01,2021-06-10,BUY,HAYL,60.78,337,116140.39
TX_100269,INV_01,2021-06-14,BUY,HAYL,59.13,294,98582.28
TX_100270,INV_01,2021-06-15,BUY,LIOC,18.41,803,83648.98
TX_100271,INV_01,2021-06-16,BUY,LFIN,44.22,283,71009.16
TX_100272,INV_01,2021-06-18,BUY,LIOC,17.76,599,60265.7
TX_100273,INV_01,2021-06-22,SELL,HHL,77.86,125,69900.32
TX_100274,INV_01,2021-06-23,BUY,AEL,19.94,525,59327.23
TX_100275,INV_01,2021-06-24,SELL,LIOC,17.51,1369,83062.2
TX_100276,INV_01,2021-06-25,BUY,HAYL,60.15,207,70486.14
TX_100277,INV_01,2021-06-30,SELL,HHL,76.27,94,77583.52
TX_100278,INV_01,2021-07-01,SELL,DIAL,9.03,2322,98349.66
TX_100279,INV_01,2021-07-02,SELL,LOFC,6.5,4496,127281.42
TX_100280,INV_01,2021-07-05,SELL,HAYL,59.52,1521,216911.02
TX_100281,INV_01,2021-07-06,BUY,LFIN,44.42,732,184068.01
TX_100282,INV_01,2021-07-07,SELL,DFCC,50.47,222,195160.21
TX_100283,INV_01,2021-07-08,BUY,LFIN,44.07,664,165608.45
TX_100284,INV_01,2021-07-13,SELL,COMB,67.13,132,174381.43
TX_100285,INV_01,2021-07-16,BUY,COMB,67.44,387,148020.24
TX_100286,INV_01,2021-07-19,BUY,CFIN,74.82,296,125652.06
TX_100287,INV_01,2021-07-20,BUY,MELS,33.32,565,106637.38
TX_100288,INV_01,2021-07-21,SELL,LOFC,7.0,3372,130005.34
TX_100289,INV_01,2021-07-22,BUY,NDB,64.85,300,110356.42
TX_100290,INV_01,2021-07-23,BUY,HHL,75.6,218,93710.67
TX_100291,INV_01,2021-07-27,BUY,DIAL,8.59,1635,79520.8
TX_100292,INV_01,2021-07-28,BUY,JKH,134.17,88,67595.35
TX_100293,INV_01,2021-07-29,BUY,NTB,47.86,211,57396.39
TX_100294,INV_01,2021-07-30,SELL,JKH,135.16,40,62748.56
TX_100295,INV_01,2021-08-02,BUY,LIOC,16.94,555,53252.99
TX_100296,INV_01,2021-08-04,SELL,DFCC,49.54,167,61444.14
TX_100297,INV_01,2021-08-05,SELL,HHL,73.16,125,70497.93
TX_100298,INV_01,2021-08-09,BUY,LFIN,45.5,232,59836.84
TX_100299,INV_01,2021-08-10,SELL,LOFC,6.6,2529,76361.32
TX_100300,INV_01,2021-08-11,BUY,DFCC,48.79,234,64830.95
TX_100301,INV_01,2021-08-13,SELL,HNB,108.06,202,86440.43
TX_100302,INV_01,2021-08-17,BUY,LOFC,8.1,1600,73350.83
TX_100303,INV_01,2021-08-19,SELL,CFIN,66.94,197,86406.95
TX_100304,INV_01,2021-08-20,SELL,MELS,31.55,1388,129765.35
TX_100305,INV_01,2021-08-23,BUY,MELS,31.55,616,110133.98
TX_100306,INV_01,2021-08-24,BUY,COMB,65.9,250,93494.91
TX_100307,INV_01,2021-08-25,BUY,NTB,46.76,299,79373.14
TX_100308,INV_01,2021-08-26,BUY,NDB,67.03,177,67390.36
TX_100309,INV_01,2021-08-27,BUY,HNB,115.11,87,57275.64
TX_100310,INV_01,2021-08-30,SELL,HAYL,86.1,1141,154533.81
TX_100311,INV_01,2021-08-31,BUY,DIAL,8.01,2895,131126.59
TX_100312,INV_01,2021-09-01,BUY,NDB,64.26,306,111266.19
TX_100313,INV_01,2021-09-02,BUY,HHL,67.35,247,94465.26
TX_100314,INV_01,2021-09-03,BUY,DFCC,50.97,277,80204.2
TX_100315,INV_01,2021-09-06,BUY,HHL,66.97,179,68096.47
TX_100316,INV_01,2021-09-07,SELL,LIOC,17.35,1166,88123.01
TX_100317,INV_01,2021-09-08,SELL,MELS,35.09,1195,129634.6
TX_100318,INV_01,2021-09-09,BUY,DIAL,8.01,2429,109995.17
TX_100319,INV_01,2021-09-10,SELL,LFIN,44.49,867,148186.49
TX_100320,INV_01,2021-09-13,SELL,NDB,64.6,416,174789.79
TX_100321,INV_01,2021-09-17,SELL,HNB,116.15,174,194797.28
TX_100322,INV_01,2021-09-20,SELL,LIOC,16.45,874,209029.71
TX_100323,INV_01,2021-09-21,SELL,NTB,45.92,479,230805.34
TX_100324,INV_01,2021-09-24,BUY,DIAL,7.86,4405,195842.68
TX_100325,INV_01,2021-09-27,SELL,NTB,46.17,359,212252.88
TX_100326,INV_01,2021-09-28,SELL,LOFC,9.7,2297,234310.97
TX_100327,INV_01,2021-09-29,BUY,LIOC,16.69,2105,198818.19
TX_100328,INV_01,2021-10-01,SELL,AEL,20.16,956,217894.72
TX_100329,INV_01,2021-10-05,SELL,DIAL,7.93,4583,253883.1
TX_100330,INV_01,2021-10-06,SELL,NTB,50.89,269,267435.87
TX_100331,INV_01,2021-10-08,BUY,JKH,149.87,267,227019.48
TX_100332,INV_01,2021-10-14,BUY,DFCC,54.09,629,192658.86
TX_100333,INV_01,2021-10-15,SELL,NTB,50.13,202,202684.39
TX_100334,INV_01,2021-10-18,BUY,HNB,124.86,243,172040.48
TX_100335,INV_01,2021-10-19,SELL,LOFC,9.6,1723,188415.87
TX_100336,INV_01,2021-10-26,BUY,LFIN,48.58,581,159909.23
TX_100337,INV_01,2021-10-27,BUY,HAYL,84.13,285,135691.07
TX_100338,INV_01,2021-10-29,BUY,DIAL,8.15,2496,115139.62
TX_100339,INV_01,2021-11-01,SELL,DFCC,55.6,410,137707.91
TX_100340,INV_01,2021-11-02,BUY,LFIN,47.72,432,116887.07
TX_100341,INV_01,2021-11-03,BUY,LFIN,47.65,367,99225.56
TX_100342,INV_01,2021-11-04,SELL,NDB,64.6,312,119178.04
TX_100343,INV_01,2021-11-05,BUY,CFIN,74.33,240,101161.0
TX_100344,INV_01,2021-11-08,BUY,MELS,37.05,409,85854.96
TX_100345,INV_01,2021-11-09,SELL,NDB,63.34,234,100527.81
TX_100346,INV_01,2021-11-10,BUY,LIOC,20.13,749,85298.7
TX_100347,INV_01,2021-11-11,BUY,HAYL,76.35,167,72420.7
TX_100348,INV_01,2021-11-15,BUY,LIOC,22.67,479,61454.08
TX_100349,INV_01,2021-11-16,BUY,LFIN,44.57,206,52181.56
TX_100350,INV_01,2021-11-17,SELL,HAYL,78.08,969,127084.59
TX_100351,INV_01,2021-11-22,BUY,LOFC,27.4,695,107851.16
TX_100352,INV_01,2021-11-23,SELL,HHL,66.08,200,120934.21
TX_100353,INV_01,2021-11-24,SELL,COMB,64.82,259,137553.61
TX_100354,INV_01,2021-11-25,BUY,NTB,50.39,409,116739.9
TX_100355,INV_01,2021-11-26,SELL,AEL,24.8,717,134344.22
TX_100356,INV_01,2021-11-30,BUY,AEL,26.47,761,114002.33
TX_100357,INV_01,2021-12-01,SELL,CFIN,68.42,207,128023.82
TX_100358,INV_01,2021-12-02,BUY,AEL,26.47,725,108644.22
TX_100359,INV_01,2021-12-03,SELL,JKH,142.32,97,122310.91
TX_100360,INV_01,2021-12-06,BUY,HNB,123.41,148,103864.16
TX_100361,INV_01,2021-12-07,BUY,NDB,59.81,260,88156.89
TX_100362,INV_01,2021-12-08,SELL,HAYL,82.76,727,147720.75
TX_100363,INV_01,2021-12-13,SELL,NTB,46.68,254,159458.43
TX_100364,INV_01,2021-12-15,BUY,LIOC,36.37,657,135321.14
TX_100365,INV_01,2021-12-16,SELL,NDB,58.89,240,149313.79
TX_100366,INV_01,2021-12-17,BUY,NDB,58.72,381,126716.27
TX_100367,INV_01,2021-12-21,SELL,LFIN,46.64,1047,175064.62
TX_100368,INV_01,2021-12-22,BUY,DIAL,8.08,3250,148546.01
TX_100369,INV_01,2021-12-23,BUY,LIOC,58.74,379,126060.93
TX_100370,INV_01,2021-12-24,BUY,LIOC,61.78,306,106967.75
TX_100371,INV_01,2021-12-28,SELL,AEL,28.31,909,132440.75
TX_100372,INV_01,2021-12-30,SELL,JKH,147.47,72,142952.39
TX_100373,INV_01,2021-12-31,BUY,MELS,38.59,555,121321.28
TX_100374,INV_01,2022-01-04,SELL,HNB,112.62,228,146742.12
TX_100375,INV_01,2022-01-07,BUY,COMB,61.65,357,124513.57
TX_100376,INV_01,2022-01-10,SELL,COMB,64.04,283,142456.56
TX_100377,INV_01,2022-01-11,BUY,CFIN,80.66,264,120948.52
TX_100378,INV_01,2022-01-13,SELL,LFIN,54.38,785,163212.01
TX_100379,INV_01,2022-01-14,SELL,COMB,63.19,212,176475.05
TX_100380,INV_01,2022-01-18,BUY,HNB,114.07,232,149745.47
TX_100381,INV_01,2022-01-19,BUY,HNB,114.7,195,127156.26
TX_100382,INV_01,2022-01-20,BUY,JKH,159.0,119,108045.77
TX_100383,INV_01,2022-01-21,SELL,DFCC,52.74,308,124127.45
TX_100384,INV_01,2022-01-24,SELL,HNB,116.98,278,156321.76
TX_100385,INV_01,2022-01-25,SELL,MELS,41.62,1137,203165.61
TX_100386,INV_01,2022-01-26,SELL,CFIN,83.0,222,221407.1
TX_100387,INV_01,2022-01-27,SELL,NDB,59.39,276,237636.18
TX_100388,INV_01,2022-01-28,SELL,LIOC,49.12,1825,326381.52
TX_100389,INV_01,2022-01-31,BUY,COMB,63.81,767,276948.71
TX_100390,INV_01,2022-02-01,BUY,AEL,29.45,1410,235015.49
TX_100391,INV_01,2022-02-02,BUY,LIOC,59.08,596,199453.16
TX_100392,INV_01,2022-02-03,BUY,HAYL,104.97,285,169237.04
TX_100393,INV_01,2022-02-04,BUY,HAYL,104.97,241,143685.87
TX_100394,INV_01,2022-02-07,SELL,HNB,113.87,208,167133.06
TX_100395,INV_01,2022-02-08,SELL,HHL,64.37,150,176692.67
TX_100396,INV_01,2022-02-09,SELL,HHL,63.33,113,183777.92
TX_100397,INV_01,2022-02-11,BUY,JKH,154.14,178,156065.99
TX_100398,INV_01,2022-02-14,BUY,LIOC,55.28,423,132448.84
TX_100399,INV_01,2022-02-15,SELL,MELS,39.9,853,166139.83
TX_100400,INV_01,2022-02-16,BUY,LFIN,52.07,478,140999.3
TX_100401,INV_01,2022-02-17,SELL,DFCC,51.39,231,152752.78
TX_100402,INV_01,2022-02-18,SELL,NDB,59.14,207,164873.02
TX_100403,INV_01,2022-02-21,SELL,MELS,36.46,640,187971.99
TX_100404,INV_01,2022-02-22,BUY,LFIN,51.85,543,159535.17
TX_100405,INV_01,2022-02-23,SELL,DIAL,8.37,4873,199926.66
TX_100406,INV_01,2022-02-24,SELL,COMB,60.95,351,221107.24
TX_100407,INV_01,2022-02-25,BUY,NDB,53.86,615,187653.25
TX_100408,INV_01,2022-02-28,BUY,HHL,60.12,468,159235.42
TX_100409,INV_01,2022-03-01,BUY,LFIN,50.96,468,135148.29
TX_100410,INV_01,2022-03-02,BUY,DIAL,8.45,2400,114675.18
TX_100411,INV_01,2022-03-03,SELL,DFCC,48.44,173,122972.07
TX_100412,INV_01,2022-03-07,SELL,JKH,141.87,129,141090.41
TX_100413,INV_01,2022-03-08,SELL,HNB,108.47,156,157842.98
TX_100414,INV_01,2022-03-09,SELL,LFIN,44.49,961,200167.0
TX_100415,INV_01,2022-03-10,BUY,NTB,46.46,646,169855.43
TX_100416,INV_01,2022-03-11,SELL,MELS,32.4,480,185251.11
TX_100417,INV_01,2022-03-14,SELL,JKH,145.55,96,199084.45
TX_100418,INV_01,2022-03-15,SELL,HHL,52.27,202,209538.34
TX_100419,INV_01,2022-03-17,SELL,LOFC,15.9,1466,232614.65
TX_100420,INV_01,2022-03-18,BUY,MELS,33.09,1054,197393.08
TX_100421,INV_01,2022-03-22,SELL,DIAL,8.15,4255,231733.94
TX_100422,INV_01,2022-03-23,SELL,DFCC,46.41,130,237706.93
TX_100423,INV_01,2022-03-24,SELL,MELS,33.36,623,258283.2
TX_100424,INV_01,2022-03-25,BUY,HAYL,81.58,474,219227.99
TX_100425,INV_01,2022-03-28,SELL,HAYL,78.92,795,281342.92
TX_100426,INV_01,2022-03-29,SELL,AEL,14.9,1035,296608.14
TX_100427,INV_01,2022-03-30,SELL,MELS,30.61,468,310791.36
TX_100428,INV_01,2022-04-01,SELL,LIOC,23.88,1623,349167.8
TX_100429,INV_01,2022-04-05,BUY,JKH,144.57,362,296309.77
TX_100430,INV_01,2022-04-06,SELL,CFIN,58.39,166,305905.78
TX_100431,INV_01,2022-04-07,SELL,AEL,12.71,776,315667.88
TX_100432,INV_01,2022-04-08,SELL,COMB,49.02,263,328432.5
TX_100433,INV_01,2022-04-12,BUY,NDB,48.55,1014,278708.91
TX_100434,INV_01,2022-04-14,SELL,AEL,12.79,582,286080.98
TX_100435,INV_01,2022-04-15,BUY,DFCC,42.08,1019,242774.19
TX_100436,INV_01,2022-04-19,SELL,NDB,48.55,562,269787.31
TX_100437,INV_01,2022-04-20,SELL,COMB,49.02,198,279397.17
TX_100438,INV_01,2022-04-21,BUY,LIOC,23.72,1767,237072.97
TX_100439,INV_01,2022-04-22,SELL,CFIN,51.05,125,243390.48
TX_100440,INV_01,2022-04-25,SELL,DIAL,6.76,3191,264735.83
TX_100441,INV_01,2022-04-26,SELL,COMB,42.78,148,271003.83
TX_100442,INV_01,2022-04-27,BUY,HNB,80.08,507,229995.38
TX_100443,INV_01,2022-04-28,BUY,MELS,26.75,1289,195170.87
TX_100444,INV_01,2022-04-29,SELL,NDB,42.91,422,213099.68
TX_100445,INV_01,2022-05-02,SELL,COMB,44.06,111,217941.71
TX_100446,INV_01,2022-05-03,SELL,JKH,120.76,163,237429.1
TX_100447,INV_01,2022-05-04,BUY,COMB,44.15,806,201489.89
TX_100448,INV_01,2022-05-05,SELL,LIOC,28.78,1659,248757.16
TX_100449,INV_01,2022-05-06,SELL,LIOC,27.43,1244,282537.46
TX_100450,INV_01,2022-05-09,BUY,NTB,31.78,1333,239754.87
TX_100451,INV_01,2022-05-10,SELL,NTB,31.78,685,261304.57
TX_100452,INV_01,2022-05-12,BUY,HNB,73.83,530,221781.17
TX_100453,INV_01,2022-05-13,BUY,NTB,34.55,962,188209.65
TX_100454,INV_01,2022-05-17,BUY,HAYL,61.58,458,159722.56
TX_100455,INV_01,2022-05-18,SELL,HNB,74.1,376,187306.27
TX_100456,INV_01,2022-05-20,BUY,HHL,41.97,669,158946.87
TX_100457,INV_01,2022-05-23,BUY,NDB,37.82,630,134880.14
TX_100458,INV_01,2022-05-25,BUY,MELS,30.39,665,114466.35
TX_100459,INV_01,2022-05-26,SELL,NDB,35.55,474,131148.5
TX_100460,INV_01,2022-05-27,SELL,LOFC,9.7,1099,141702.2
TX_100461,INV_01,2022-05-30,SELL,HHL,42.92,318,155213.12
TX_100462,INV_01,2022-05-31,SELL,HNB,69.64,282,174654.65
TX_100463,INV_01,2022-06-01,SELL,JKH,121.3,122,189305.49
TX_100464,INV_01,2022-06-02,SELL,LOFC,8.6,824,196321.02
TX_100465,INV_01,2022-06-03,BUY,LOFC,8.5,3464,166582.58
TX_100466,INV_01,2022-06-06,SELL,NDB,32.73,355,178086.03
TX_100467,INV_01,2022-06-08,BUY,HNB,69.28,385,151146.16
TX_100468,INV_01,2022-06-10,BUY,JKH,122.53,185,128251.51
TX_100469,INV_01,2022-06-14,SELL,MELS,30.25,839,153375.58
TX_100470,INV_01,2022-06-15,SELL,LIOC,58.74,933,207631.93
TX_100471,INV_01,2022-06-16,SELL,LFIN,35.04,721,232642.21
TX_100472,INV_01,2022-06-17,SELL,DIAL,7.12,2394,249526.56
TX_100473,INV_01,2022-06-20,SELL,HAYL,49.4,711,284296.84
TX_100474,INV_01,2022-06-21,SELL,HHL,41.12,239,294026.3
TX_100475,INV_01,2022-06-23,SELL,CFIN,50.13,93,298642.05
TX_100476,INV_01,2022-06-24,BUY,HHL,42.44,1055,253416.19
TX_100477,INV_01,2022-06-27,SELL,LOFC,6.8,1484,263406.48
TX_100478,INV_01,2022-06-28,SELL,CFIN,48.38,70,266759.3
TX_100479,INV_01,2022-06-29,SELL,AEL,8.84,436,270576.51
TX_100480,INV_01,2022-07-01,BUY,AEL,8.94,4541,229589.57
TX_100481,INV_01,2022-07-04,BUY,COMB,42.95,801,194842.35
TX_100482,INV_01,2022-07-06,SELL,LOFC,6.0,1113,201453.57
TX_100483,INV_01,2022-07-07,SELL,NTB,27.93,754,222300.8
TX_100484,INV_01,2022-07-08,SELL,COMB,42.95,485,242923.38
TX_100485,INV_01,2022-07-11,SELL,HHL,40.06,443,260493.88
TX_100486,INV_01,2022-07-12,BUY,JKH,120.81,323,221081.8
TX_100487,INV_01,2022-07-13,SELL,CFIN,49.85,53,223697.42
TX_100488,INV_01,2022-07-14,SELL,NTB,27.75,566,239246.35
TX_100489,INV_01,2022-07-15,BUY,NDB,33.19,1081,203013.56
TX_100490,INV_01,2022-07-18,BUY,HAYL,56.92,534,172313.57
TX_100491,INV_01,2022-07-19,BUY,LIOC,65.07,397,146222.57
TX_100492,INV_01,2022-07-27,BUY,LOFC,6.8,3225,124073.27
TX_100493,INV_01,2022-07-28,BUY,NTB,29.45,631,105304.58
TX_100494,INV_01,2022-07-29,SELL,DIAL,7.45,1795,118545.89
TX_100495,INV_01,2022-08-01,BUY,MELS,29.37,605,100597.45
TX_100496,INV_01,2022-08-02,BUY,MELS,29.88,504,85385.66
TX_100497,INV_01,2022-08-03,BUY,COMB,45.09,284,72452.26
TX_100498,INV_01,2022-08-04,BUY,HHL,45.6,238,61491.97
TX_100499,INV_01,2022-08-05,BUY,HAYL,77.53,118,52251.84
TX_100500,INV_01,2022-08-08,BUY,MELS,33.53,233,44361.78
TX_100501,INV_01,2022-08-11,SELL,MELS,36.22,965,78968.75
TX_100502,INV_01,2022-08-12,BUY,CFIN,59.09,200,67031.72
TX_100503,INV_01,2022-08-15,SELL,AEL,12.38,1463,84963.87
TX_100504,INV_01,2022-08-17,BUY,JKH,125.72,101,72139.0
TX_100505,INV_01,2022-08-19,SELL,HAYL,85.26,696,130886.16
TX_100506,INV_01,2022-08-23,BUY,JKH,122.78,159,111169.7
TX_100507,INV_01,2022-08-24,SELL,AEL,11.92,1097,124110.26
TX_100508,INV_01,2022-08-25,SELL,HHL,48.08,392,142767.52
TX_100509,INV_01,2022-08-26,SELL,COMB,44.75,435,162037.82
TX_100510,INV_01,2022-08-30,BUY,MELS,35.06,693,137499.53
TX_100511,INV_01,2022-08-31,BUY,LFIN,33.39,617,116692.37
TX_100512,INV_01,2022-09-01,BUY,JKH,125.97,138,99135.05
TX_100513,INV_01,2022-09-02,BUY,HNB,72.23,205,84180.43
TX_100514,INV_01,2022-09-06,BUY,NTB,35.36,357,71431.5
TX_100515,INV_01,2022-09-07,BUY,LIOC,196.95,54,60689.89
TX_100516,INV_01,2022-09-08,SELL,HNB,70.8,359,85852.43
TX_100517,INV_01,2022-09-09,BUY,MELS,42.86,300,72866.75
TX_100518,INV_01,2022-09-12,BUY,CFIN,59.79,182,61877.0
TX_100519,INV_01,2022-09-13,BUY,HHL,57.42,161,52539.3
TX_100520,INV_01,2022-09-14,BUY,NTB,36.7,214,44606.87
TX_100521,INV_01,2022-09-19,SELL,NTB,38.04,725,71912.32
TX_100522,INV_01,2022-09-20,BUY,JKH,140.7,76,61112.16
TX_100523,INV_01,2022-09-21,BUY,AEL,10.8,848,51863.55
TX_100524,INV_01,2022-09-23,SELL,CFIN,61.08,135,60027.07
TX_100525,INV_01,2022-09-26,SELL,CFIN,59.61,101,65987.73
TX_100526,INV_01,2022-09-27,BUY,CFIN,59.61,166,55993.08
TX_100527,INV_01,2022-09-28,SELL,LFIN,37.45,695,81757.71
TX_100528,INV_01,2022-10-03,SELL,COMB,46.71,326,96834.46
TX_100529,INV_01,2022-10-04,SELL,MELS,36.88,972,132323.7
TX_100530,INV_01,2022-10-06,SELL,COMB,43.63,245,142907.31
TX_100531,INV_01,2022-10-07,SELL,NDB,36.0,537,162048.39
TX_100532,INV_01,2022-10-11,SELL,HAYL,65.35,522,195817.44
TX_100533,INV_01,2022-10-13,BUY,MELS,35.86,819,166154.44
TX_100534,INV_01,2022-10-17,SELL,DFCC,30.5,352,176782.42
TX_100535,INV_01,2022-10-18,SELL,LOFC,7.0,1641,188154.55
TX_100536,INV_01,2022-10-20,SELL,AEL,9.87,1035,198265.28
TX_100537,INV_01,2022-10-21,SELL,HAYL,63.71,391,222926.57
TX_100538,INV_01,2022-10-24,BUY,CFIN,53.56,624,189167.8
TX_100539,INV_01,2022-10-25,SELL,LOFC,6.8,1231,197454.89
TX_100540,INV_01,2022-10-26,BUY,DIAL,6.87,4314,167542.13
TX_100541,INV_01,2022-10-28,SELL,HHL,51.61,334,184605.9
TX_100542,INV_01,2022-10-31,SELL,LIOC,159.72,813,313156.95
TX_100543,INV_01,2022-11-01,SELL,LFIN,31.28,521,329292.35
TX_100544,INV_01,2022-11-02,SELL,JKH,127.93,337,371974.21
TX_100545,INV_01,2022-11-04,BUY,DFCC,30.5,1829,315635.41
TX_100546,INV_01,2022-11-07,SELL,COMB,42.78,183,323385.71
TX_100547,INV_01,2022-11-08,SELL,JKH,130.14,253,355982.29
TX_100548,INV_01,2022-11-09,BUY,HNB,64.82,823,302104.55
TX_100549,INV_01,2022-11-11,SELL,DIAL,6.95,2425,318787.24
TX_100550,INV_01,2022-11-14,SELL,NTB,42.07,544,341445.11
TX_100551,INV_01,2022-11-15,SELL,COMB,43.63,138,347406.49
TX_100552,INV_01,2022-11-17,BUY,LIOC,150.81,345,294857.73
TX_100553,INV_01,2022-11-18,SELL,HAYL,52.83,294,310235.08
TX_100554,INV_01,2022-11-21,SELL,HHL,49.29,250,322435.52
TX_100555,INV_01,2022-11-22,BUY,DFCC,28.11,1720,273600.61
TX_100556,INV_01,2022-11-24,SELL,HNB,66.96,475,305088.37
TX_100557,INV_01,2022-11-25,SELL,HHL,53.4,188,315027.66
TX_100558,INV_01,2022-11-28,BUY,AEL,9.31,5076,267302.83
TX_100559,INV_01,2022-11-29,SELL,DFCC,28.29,1151,299536.81
TX_100560,INV_01,2022-11-30,BUY,HAYL,60.52,742,254182.0
TX_100561,INV_01,2022-12-01,BUY,HAYL,61.42,620,215721.11
TX_100562,INV_01,2022-12-02,BUY,DIAL,7.7,4201,183039.53
TX_100563,INV_01,2022-12-05,BUY,NDB,30.91,888,155314.3
TX_100564,INV_01,2022-12-06,BUY,LIOC,181.45,128,131856.88
TX_100565,INV_01,2022-12-09,BUY,NDB,30.46,649,111891.72
TX_100566,INV_01,2022-12-12,BUY,LFIN,30.42,551,94960.04
TX_100567,INV_01,2022-12-13,BUY,LOFC,8.0,1780,80577.64
TX_100568,INV_01,2022-12-14,BUY,HHL,54.55,221,68401.75
TX_100569,INV_01,2022-12-15,SELL,NDB,30.19,787,91920.27
TX_100570,INV_01,2022-12-16,SELL,NDB,30.09,590,109498.58
TX_100571,INV_01,2022-12-19,SELL,JKH,137.61,190,135382.12
TX_100572,INV_01,2022-12-20,SELL,LIOC,179.93,728,265058.07
TX_100573,INV_01,2022-12-21,SELL,LOFC,7.5,1368,275215.47
TX_100574,INV_01,2022-12-22,SELL,DFCC,28.38,863,299459.48
TX_100575,INV_01,2022-12-23,SELL,LIOC,176.01,546,394602.18
TX_100576,INV_01,2022-12-26,SELL,NTB,42.52,408,411776.36
TX_100577,INV_01,2022-12-27,SELL,JKH,134.9,142,430740.92
TX_100578,INV_01,2022-12-28,SELL,AEL,9.96,2045,450906.64
TX_100579,INV_01,2022-12-30,SELL,HAYL,55.61,561,481793.47
TX_100580,INV_01,2023-01-04,SELL,HHL,55.41,196,492544.99
TX_100581,INV_01,2023-01-05,SELL,LIOC,174.49,409,563198.96
TX_100582,INV_01,2023-01-06,SELL,HNB,69.1,357,587621.79
TX_100583,INV_01,2023-01-09,SELL,MELS,36.22,934,621113.8
TX_100584,INV_01,2023-01-19,BUY,JKH,133.92,695,527109.14
TX_100585,INV_01,2023-01-20,BUY,LFIN,32.3,2448,447255.32
TX_100586,INV_01,2023-01-23,SELL,DFCC,31.38,648,467387.55
TX_100587,INV_01,2023-01-24,SELL,DIAL,7.79,2869,489502.7
TX_100588,INV_01,2023-01-25,BUY,JKH,135.64,541,415387.97
TX_100589,INV_01,2023-01-26,BUY,LIOC,176.88,352,352502.4
TX_100590,INV_01,2023-01-31,BUY,JKH,137.11,385,299185.72
TX_100591,INV_01,2023-02-01,BUY,HNB,78.39,572,253899.77
TX_100592,INV_01,2023-02-06,BUY,AEL,11.17,3409,215437.85
TX_100593,INV_01,2023-02-07,SELL,LFIN,36.67,1140,256818.79
TX_100594,INV_01,2023-02-08,BUY,HAYL,56.84,677,217953.56
TX_100595,INV_01,2023-02-10,SELL,NTB,50.13,306,233139.16
TX_100596,INV_01,2023-02-13,SELL,COMB,51.42,103,238382.52
TX_100597,INV_01,2023-02-14,SELL,NDB,30.0,442,251511.57
TX_100598,INV_01,2023-02-16,BUY,NDB,31.09,1213,213416.37
TX_100599,INV_01,2023-02-17,BUY,DFCC,32.8,976,181086.91
TX_100600,INV_01,2023-02-20,BUY,LOFC,6.3,4311,153656.01
TX_100601,INV_01,2023-02-22,SELL,HHL,60.47,147,162456.51
TX_100602,INV_01,2023-02-24,BUY,HAYL,63.95,381,137846.06
TX_100603,INV_01,2023-02-27,SELL,HNB,96.2,410,176893.09
TX_100604,INV_01,2023-02-28,SELL,JKH,132.74,512,244174.67
TX_100605,INV_01,2023-03-01,SELL,LOFC,6.1,2104,256880.73
TX_100606,INV_01,2023-03-06,SELL,LFIN,40.8,855,291416.21
TX_100607,INV_01,2023-03-07,BUY,LFIN,42.83,1020,247294.08
TX_100608,INV_01,2023-03-09,SELL,LIOC,172.97,395,314934.76
TX_100609,INV_01,2023-03-10,SELL,COMB,57.32,77,319304.57
TX_100610,INV_01,2023-03-13,SELL,HHL,64.48,110,326326.92
TX_100611,INV_01,2023-03-14,SELL,LOFC,6.0,1578,335700.24
TX_100612,INV_01,2023-03-20,BUY,AEL,14.8,3402,284842.84
TX_100613,INV_01,2023-03-21,SELL,DFCC,42.52,730,315571.16
TX_100614,INV_01,2023-03-22,SELL,LOFC,6.5,1184,323190.2
TX_100615,INV_01,2023-03-23,SELL,DFCC,40.76,547,345262.28
TX_100616,INV_01,2023-03-24,BUY,NDB,40.91,1265,292988.2
TX_100617,INV_01,2023-03-27,SELL,NDB,40.28,951,330909.34
TX_100618,INV_01,2023-03-28,SELL,CFIN,66.64,273,348920.39
TX_100619,INV_01,2023-03-29,BUY,LIOC,147.33,355,296095.09
TX_100620,INV_01,2023-03-30,BUY,HAYL,62.95,705,251274.39
TX_100621,INV_01,2023-03-31,BUY,HAYL,63.12,597,213214.11
TX_100622,INV_01,2023-04-03,SELL,HHL,60.85,83,218214.5
TX_100623,INV_01,2023-04-04,BUY,AEL,13.03,2511,185162.51
TX_100624,INV_01,2023-04-06,BUY,DIAL,8.79,3159,157114.54
TX_100625,INV_01,2023-04-07,BUY,HNB,116.81,201,133401.42
TX_100626,INV_01,2023-04-11,BUY,MELS,43.29,462,113202.78
TX_100627,INV_01,2023-04-13,BUY,CFIN,64.67,262,96091.11
TX_100628,INV_01,2023-04-17,BUY,AEL,13.5,1067,81544.72
TX_100629,INV_01,2023-04-19,SELL,JKH,134.7,384,132753.47
TX_100630,INV_01,2023-04-20,BUY,LOFC,5.8,3433,112642.96
TX_100631,INV_01,2023-04-21,SELL,HHL,61.14,62,116395.78
TX_100632,INV_01,2023-04-24,SELL,DFCC,38.72,410,132112.55
TX_100633,INV_01,2023-04-26,BUY,LOFC,5.7,3476,112101.22
TX_100634,INV_01,2023-04-27,SELL,CFIN,61.25,271,128534.57
TX_100635,INV_01,2023-04-28,BUY,HNB,106.8,180,109117.93
TX_100636,INV_01,2023-05-01,SELL,MELS,43.53,816,144279.48
TX_100637,INV_01,2023-05-03,BUY,NTB,56.02,386,122439.05
TX_100638,INV_01,2023-05-04,SELL,LFIN,41.32,897,159129.31
TX_100639,INV_01,2023-05-05,SELL,COMB,49.28,58,161959.12
TX_100640,INV_01,2023-05-10,BUY,NDB,41.18,589,137459.35
TX_100641,INV_01,2023-05-11,BUY,COMB,54.54,378,116638.19
TX_100642,INV_01,2023-05-12,SELL,LFIN,42.13,672,144664.17
TX_100643,INV_01,2023-05-16,SELL,LOFC,5.1,2615,157867.3
TX_100644,INV_01,2023-05-18,SELL,JKH,134.46,288,196203.79
TX_100645,INV_01,2023-05-19,BUY,COMB,51.09,576,166479.04
TX_100646,INV_01,2023-05-22,SELL,AEL,13.31,4131,220920.26
TX_100647,INV_01,2023-05-23,SELL,LFIN,41.15,504,241454.67
TX_100648,INV_01,2023-05-24,BUY,JKH,135.69,266,205001.17
TX_100649,INV_01,2023-05-29,SELL,COMB,51.64,282,219417.49
TX_100650,INV_01,2023-05-30,SELL,HAYL,57.86,1010,277272.92
TX_100651,INV_01,2023-05-31,SELL,COMB,51.37,212,288053.68
TX_100652,INV_01,2023-06-01,BUY,LIOC,118.86,363,244474.62
TX_100653,INV_01,2023-06-02,SELL,MELS,42.89,612,270460.81
TX_100654,INV_01,2023-06-05,BUY,HNB,111.69,363,229512.41
TX_100655,INV_01,2023-06-06,BUY,DFCC,37.05,929,194745.57
TX_100656,INV_01,2023-06-07,SELL,NDB,41.18,861,229850.15
TX_100657,INV_01,2023-06-08,BUY,MELS,43.6,790,195057.86
TX_100658,INV_01,2023-06-09,SELL,NDB,41.09,646,221335.38
TX_100659,INV_01,2023-06-12,BUY,MELS,43.68,760,187803.35
TX_100660,INV_01,2023-06-13,BUY,NTB,63.9,440,159405.23
TX_100661,INV_01,2023-06-14,BUY,COMB,58.89,406,135258.63
TX_100662,INV_01,2023-06-15,BUY,DFCC,41.59,487,114800.55
TX_100663,INV_01,2023-06-16,SELL,AEL,14.99,3098,160767.31
TX_100664,INV_01,2023-06-19,SELL,DFCC,41.96,662,188269.01
TX_100665,INV_01,2023-06-20,SELL,CFIN,65.11,203,201354.99
TX_100666,INV_01,2023-06-21,BUY,CFIN,65.29,462,170887.62
TX_100667,INV_01,2023-06-22,BUY,DIAL,8.62,2972,145002.6
TX_100668,INV_01,2023-06-23,BUY,MELS,46.86,464,123041.53
TX_100669,INV_01,2023-06-26,BUY,JKH,147.05,125,104476.78
TX_100670,INV_01,2023-06-27,SELL,AEL,15.36,2324,139815.97
TX_100671,INV_01,2023-06-28,BUY,NDB,47.78,438,118680.42
TX_100672,INV_01,2023-06-29,BUY,DIAL,8.62,2064,100703.74
TX_100673,INV_01,2023-07-04,BUY,LOFC,6.1,2476,85449.11
TX_100674,INV_01,2023-07-05,BUY,HAYL,77.94,164,72539.57
TX_100675,INV_01,2023-07-06,SELL,HHL,70.71,47,75829.62
TX_100676,INV_01,2023-07-12,BUY,HAYL,80.22,141,64405.95
TX_100677,INV_01,2023-07-14,BUY,JKH,154.18,62,54751.29
TX_100678,INV_01,2023-07-17,BUY,CFIN,79.84,102,46526.4
TX_100679,INV_01,2023-07-25,SELL,HNB,166.6,494,128004.87
TX_100680,INV_01,2023-07-27,BUY,COMB,83.89,228,108686.85
TX_100681,INV_01,2023-07-28,BUY,LOFC,6.1,2672,92224.66
TX_100682,INV_01,2023-07-31,BUY,DFCC,76.05,181,78321.58
TX_100683,INV_01,2023-08-01,BUY,JKH,165.0,71,66489.56
TX_100684,INV_01,2023-08-02,BUY,HHL,73.97,134,56477.85
TX_100685,INV_01,2023-08-04,SELL,JKH,181.23,347,118734.93
TX_100686,INV_01,2023-08-07,BUY,AEL,16.48,1080,100761.96
TX_100687,INV_01,2023-08-08,BUY,MELS,70.06,215,85547.93
TX_100688,INV_01,2023-08-11,SELL,LFIN,58.84,378,107567.16
TX_100689,INV_01,2023-08-14,SELL,DIAL,9.71,4200,147948.77
TX_100690,INV_01,2023-08-15,SELL,HHL,76.09,68,153071.01
TX_100691,INV_01,2023-08-16,BUY,LIOC,109.64,209,129926.17
TX_100692,INV_01,2023-08-17,BUY,DIAL,9.71,2006,110249.51
TX_100693,INV_01,2023-08-18,SELL,NTB,115.6,436,160148.43
TX_100694,INV_01,2023-08-21,SELL,HAYL,75.39,834,222399.01
TX_100695,INV_01,2023-08-22,SELL,DIAL,9.54,3652,256906.38
TX_100696,INV_01,2023-08-23,SELL,COMB,84.34,317,283375.49
TX_100697,INV_01,2023-08-24,SELL,MELS,65.24,1016,348992.66
TX_100698,INV_01,2023-08-25,SELL,DFCC,82.26,542,393130.95
TX_100699,INV_01,2023-08-28,SELL,HNB,161.48,370,452282.22
TX_100700,INV_01,2023-08-31,SELL,DFCC,80.13,406,484488.86
TX_100701,INV_01,2023-09-01,BUY,NTB,104.68,694,411111.87
TX_100702,INV_01,2023-09-05,BUY,HNB,167.53,368,348843.24
TX_100703,INV_01,2023-09-06,SELL,NDB,70.42,594,390256.29
TX_100704,INV_01,2023-09-07,BUY,DFCC,85.32,686,331144.63
TX_100705,INV_01,2023-09-08,BUY,NTB,108.72,456,281072.95
TX_100706,INV_01,2023-09-11,SELL,LIOC,111.03,528,339111.77
TX_100707,INV_01,2023-09-12,BUY,AEL,16.85,3018,287752.29
TX_100708,INV_01,2023-09-14,BUY,LOFC,5.2,8300,244160.69
TX_100709,INV_01,2023-09-15,SELL,HHL,78.59,51,248128.49
TX_100710,INV_01,2023-09-18,SELL,AEL,18.43,2767,298619.14
TX_100711,INV_01,2023-09-19,SELL,NDB,64.98,445,327244.58
TX_100712,INV_01,2023-09-20,SELL,NDB,64.59,334,348603.37
TX_100713,INV_01,2023-09-21,SELL,AEL,17.97,2075,385510.64
TX_100714,INV_01,2023-09-22,BUY,LIOC,107.33,538,327188.99
TX_100715,INV_01,2023-09-26,SELL,DFCC,79.48,476,364642.93
TX_100716,INV_01,2023-10-02,SELL,JKH,187.37,260,412873.25
TX_100717,INV_01,2023-10-03,SELL,NTB,99.22,614,473187.55
TX_100718,INV_01,2023-10-04,BUY,NDB,62.01,1144,401533.58
TX_100719,INV_01,2023-10-05,BUY,AEL,17.78,3387,340710.09
TX_100720,INV_01,2023-10-06,SELL,MELS,68.4,762,392308.28
TX_100721,INV_01,2023-10-09,SELL,LFIN,54.4,284,407603.26
TX_100722,INV_01,2023-10-10,SELL,NTB,97.8,461,452238.08
TX_100723,INV_01,2023-10-11,SELL,NTB,95.66,345,484911.89
TX_100724,INV_01,2023-10-12,BUY,AEL,17.31,4200,411463.04
TX_100725,INV_01,2023-10-13,SELL,NDB,59.15,536,442849.24
TX_100726,INV_01,2023-10-17,SELL,LOFC,4.7,5323,467617.15
TX_100727,INV_01,2023-10-18,SELL,LIOC,91.69,531,515819.87
TX_100728,INV_01,2023-10-19,BUY,NDB,58.77,1316,437710.98
TX_100729,INV_01,2023-10-20,BUY,COMB,78.63,834,371473.71
TX_100730,INV_01,2023-10-23,SELL,HHL,69.65,39,374162.94
TX_100731,INV_01,2023-10-24,SELL,LFIN,52.95,213,385328.04
TX_100732,INV_01,2023-10-25,SELL,LIOC,90.21,398,420874.07
TX_100733,INV_01,2023-10-26,SELL,COMB,74.47,446,453754.47
TX_100734,INV_01,2023-10-27,BUY,HNB,153.57,443,385041.81
TX_100735,INV_01,2023-10-30,SELL,NDB,59.24,731,427915.65
TX_100736,INV_01,2023-10-31,SELL,DFCC,74.2,357,454139.96
TX_100737,INV_01,2023-11-01,BUY,COMB,75.92,897,385361.39
TX_100738,INV_01,2023-11-02,BUY,AEL,17.04,3393,326982.25
TX_100739,INV_01,2023-11-06,SELL,DFCC,75.96,268,347135.81
TX_100740,INV_01,2023-11-08,BUY,MELS,72.39,719,294565.31
TX_100741,INV_01,2023-11-09,SELL,NTB,100.65,259,320372.53
TX_100742,INV_01,2023-11-10,SELL,NDB,64.4,549,355376.36
TX_100743,INV_01,2023-11-13,BUY,HHL,69.17,770,301582.12
TX_100744,INV_01,2023-11-14,SELL,HHL,68.69,221,316610.94
TX_100745,INV_01,2023-11-15,SELL,HAYL,67.42,626,358392.01
TX_100746,INV_01,2023-11-17,BUY,NTB,94.95,566,304112.2
TX_100747,INV_01,2023-11-20,SELL,JKH,186.69,195,340151.89
TX_100748,INV_01,2023-11-22,BUY,LIOC,95.53,534,288626.55
TX_100749,INV_01,2023-11-27,BUY,LIOC,94.15,459,244981.34
TX_100750,INV_01,2023-11-29,BUY,HNB,152.64,240,207981.14
TX_100751,INV_01,2023-11-30,BUY,HAYL,65.75,474,176503.32
TX_100752,INV_01,2023-12-01,BUY,NDB,66.7,396,149827.35
TX_100753,INV_01,2023-12-04,BUY,LOFC,4.8,4682,127129.02
TX_100754,INV_01,2023-12-05,SELL,HHL,68.19,166,138335.7
TX_100755,INV_01,2023-12-07,SELL,LOFC,4.5,5163,161336.87
TX_100756,INV_01,2023-12-08,BUY,HHL,69.25,349,136926.91
TX_100757,INV_01,2023-12-12,BUY,LFIN,55.68,368,116231.56
TX_100758,INV_01,2023-12-13,SELL,NDB,65.93,510,149520.7
TX_100759,INV_01,2023-12-18,SELL,HAYL,64.96,588,187336.6
TX_100760,INV_01,2023-12-19,SELL,NTB,96.85,336,219552.86
TX_100761,INV_01,2023-12-21,SELL,HAYL,64.09,441,247532.03
TX_100762,INV_01,2023-12-27,BUY,DFCC,73.83,502,210099.31
TX_100763,INV_01,2023-12-28,BUY,MELS,74.17,424,178334.72
TX_100764,INV_01,2023-12-29,BUY,AEL,18.9,1415,151327.79
TX_100765,INV_01,2024-01-01,SELL,CFIN,96.81,293,179408.86
TX_100766,INV_01,2024-01-02,BUY,HAYL,64.35,418,152242.12
TX_100767,INV_01,2024-01-03,SELL,LIOC,94.15,547,203225.09
TX_100768,INV_01,2024-01-05,BUY,CFIN,97.04,314,172448.73
TX_100769,INV_01,2024-01-08,BUY,LIOC,98.08,263,146396.13
TX_100770,INV_01,2024-01-09,SELL,COMB,85.43,559,193673.57
TX_100771,INV_01,2024-01-11,SELL,HAYL,64.87,435,221611.86
TX_100772,INV_01,2024-01-16,SELL,HNB,151.94,541,302991.04
TX_100773,INV_01,2024-01-17,SELL,HAYL,64.44,326,323787.24
TX_100774,INV_01,2024-01-18,BUY,HHL,66.75,727,274775.17
TX_100775,INV_01,2024-01-19,SELL,COMB,81.08,419,308408.32
TX_100776,INV_01,2024-01-23,SELL,JKH,176.85,146,333969.82
TX_100777,INV_01,2024-01-24,SELL,LOFC,4.3,3872,350452.92
TX_100778,INV_01,2024-01-26,SELL,DFCC,68.36,326,372516.56
TX_100779,INV_01,2024-01-31,BUY,HAYL,64.17,870,316127.43
TX_100780,INV_01,2024-02-01,BUY,HAYL,64.44,735,268293.09
TX_100781,INV_01,2024-02-02,BUY,DIAL,7.7,5224,227653.11
TX_100782,INV_01,2024-02-06,BUY,NTB,98.75,345,193243.94
TX_100783,INV_01,2024-02-08,BUY,CFIN,103.4,280,164001.54
TX_100784,INV_01,2024-02-09,SELL,COMB,81.08,315,189286.6
TX_100785,INV_01,2024-02-12,SELL,COMB,81.08,236,208230.33
TX_100786,INV_01,2024-02-13,SELL,LIOC,96.23,476,253576.83
TX_100787,INV_01,2024-02-14,BUY,LOFC,4.1,9277,215160.77
TX_100788,INV_01,2024-02-15,BUY,LFIN,52.09,619,182592.26
TX_100789,INV_01,2024-02-19,BUY,MELS,73.56,372,154953.93
TX_100790,INV_01,2024-02-20,BUY,HAYL,67.07,346,131516.89
TX_100791,INV_01,2024-02-21,SELL,AEL,18.62,4655,217316.7
TX_100792,INV_01,2024-02-22,SELL,HNB,147.52,405,276465.67
TX_100793,INV_01,2024-02-26,BUY,COMB,82.44,503,234583.8
TX_100794,INV_01,2024-02-27,SELL,NTB,95.82,338,266645.86
TX_100795,INV_01,2024-02-28,SELL,CFIN,98.46,368,302515.61
TX_100796,INV_01,2024-02-29,SELL,LIOC,97.15,357,336852.49
TX_100797,INV_01,2024-03-01,BUY,DIAL,8.87,5693,285824.37
TX_100798,INV_01,2024-03-05,BUY,COMB,81.53,525,242591.07
TX_100799,INV_01,2024-03-06,BUY,NDB,59.05,616,205851.11
TX_100800,INV_01,2024-03-07,BUY,MELS,77.85,396,174713.78
TX_100801,INV_01,2024-03-11,BUY,NDB,60.58,432,148281.02
TX_100802,INV_01,2024-03-12,SELL,HHL,74.54,394,177356.1
TX_100803,INV_01,2024-03-14,SELL,DIAL,9.21,5468,227209.8
TX_100804,INV_01,2024-03-15,SELL,HAYL,74.96,732,281529.35
TX_100805,INV_01,2024-03-18,SELL,NDB,61.27,645,320655.02
TX_100806,INV_01,2024-03-19,SELL,NTB,100.99,254,346049.27
TX_100807,INV_01,2024-03-20,SELL,LFIN,55.32,406,368283.17
TX_100808,INV_01,2024-03-21,SELL,MELS,78.21,1049,449504.91
TX_100809,INV_01,2024-03-22,SELL,HNB,151.35,304,495053.91
TX_100810,INV_01,2024-03-26,BUY,CFIN,98.69,752,420095.17
TX_100811,INV_01,2024-03-27,SELL,HAYL,72.06,549,459262.42
TX_100812,INV_01,2024-03-28,BUY,HAYL,71.98,957,389692.71
TX_100813,INV_01,2024-03-29,SELL,CFIN,100.58,464,435893.57
TX_100814,INV_01,2024-04-02,BUY,LOFC,5.3,12336,369858.96
TX_100815,INV_01,2024-04-03,BUY,HAYL,75.39,735,313889.53
TX_100816,INV_01,2024-04-04,BUY,NTB,110.96,424,266370.18
TX_100817,INV_01,2024-04-05,BUY,AEL,21.69,1842,226017.87
TX_100818,INV_01,2024-04-08,BUY,LIOC,116.58,290,191870.44
TX_100819,INV_01,2024-04-15,BUY,LOFC,6.1,4718,162802.84
TX_100820,INV_01,2024-04-16,SELL,HAYL,76.97,835,226433.85
TX_100821,INV_01,2024-04-17,BUY,AEL,21.5,1579,192139.95
TX_100822,INV_01,2024-04-18,SELL,DIAL,9.88,4101,232249.53
TX_100823,INV_01,2024-04-19,BUY,LFIN,57.53,605,197096.36
TX_100824,INV_01,2024-04-22,BUY,DFCC,75.91,389,167271.45
TX_100825,INV_01,2024-04-24,BUY,CFIN,105.76,237,141956.04
TX_100826,INV_01,2024-04-26,SELL,HNB,190.47,228,184948.61
TX_100827,INV_01,2024-04-29,SELL,DFCC,79.97,342,212024.16
TX_100828,INV_01,2024-05-02,BUY,CFIN,118.01,269,179962.92
TX_100829,INV_01,2024-05-03,BUY,HHL,83.77,322,152718.15
TX_100830,INV_01,2024-05-06,BUY,HHL,83.2,275,129610.39
TX_100831,INV_01,2024-05-07,SELL,LIOC,121.21,340,170409.77
TX_100832,INV_01,2024-05-08,SELL,DFCC,76.68,257,189920.54
TX_100833,INV_01,2024-05-09,BUY,HHL,81.75,348,161185.8
TX_100834,INV_01,2024-05-10,BUY,LIOC,122.37,197,136838.46
TX_100835,INV_01,2024-05-13,SELL,LIOC,122.37,304,173666.0
TX_100836,INV_01,2024-05-14,SELL,DIAL,9.63,3076,202985.76
TX_100837,INV_01,2024-05-15,SELL,JKH,198.79,110,224634.14
TX_100838,INV_01,2024-05-17,BUY,LOFC,6.7,5029,190602.9
TX_100839,INV_01,2024-05-20,SELL,AEL,22.34,4347,286750.28
TX_100840,INV_01,2024-05-22,BUY,NDB,76.25,564,243314.11
TX_100841,INV_01,2024-05-29,SELL,HAYL,85.84,626,296511.53
TX_100842,INV_01,2024-05-30,BUY,CFIN,113.06,393,251634.5
TX_100843,INV_01,2024-05-31,BUY,DFCC,74.75,504,213582.41
TX_100844,INV_01,2024-06-03,SELL,HNB,185.94,171,245061.04
TX_100845,INV_01,2024-06-04,BUY,CFIN,113.06,325,207948.98
TX_100846,INV_01,2024-06-05,BUY,DFCC,74.37,419,176477.9
TX_100847,INV_01,2024-06-07,BUY,LFIN,63.28,418,149761.49
TX_100848,INV_01,2024-06-18,SELL,DFCC,74.27,423,180863.43
TX_100849,INV_01,2024-06-19,SELL,LOFC,6.4,10744,248937.42
TX_100850,INV_01,2024-06-20,SELL,DIAL,9.57,2307,270797.38
TX_100851,INV_01,2024-06-25,SELL,NTB,131.16,296,309233.02
TX_100852,INV_01,2024-06-26,BUY,DFCC,75.82,611,262446.81
TX_100853,INV_01,2024-06-27,SELL,DFCC,75.33,470,297498.85
TX_100854,INV_01,2024-06-28,BUY,HHL,80.69,553,252429.87
TX_100855,INV_01,2024-07-02,SELL,AEL,22.16,3260,323934.01
TX_100856,INV_01,2024-07-03,SELL,MELS,76.01,787,383154.77
TX_100857,INV_01,2024-07-04,SELL,LOFC,6.0,8058,431019.29
TX_100858,INV_01,2024-07-08,SELL,COMB,94.66,434,471692.26
TX_100859,INV_01,2024-07-10,BUY,LIOC,114.66,617,400241.5
TX_100860,INV_01,2024-07-12,BUY,LFIN,63.52,945,339618.53
TX_100861,INV_01,2024-07-15,BUY,AEL,21.88,2328,288181.76
TX_100862,INV_01,2024-07-16,SELL,NTB,121.67,222,314922.7
TX_100863,INV_01,2024-07-17,SELL,NTB,120.7,167,334877.7
TX_100864,INV_01,2024-07-18,SELL,HHL,78.95,670,387244.23
TX_100865,INV_01,2024-07-22,SELL,JKH,188.26,82,402526.98
TX_100866,INV_01,2024-07-24,BUY,AEL,20.85,2895,341556.53
TX_100867,INV_01,2024-07-25,BUY,DFCC,69.44,737,289866.91
TX_100868,INV_01,2024-07-29,BUY,DFCC,69.54,625,245971.46
TX_100869,INV_01,2024-07-30,SELL,NDB,67.56,625,287772.08
TX_100870,INV_01,2024-08-01,BUY,COMB,88.03,490,244207.81
TX_100871,INV_01,2024-08-02,SELL,HAYL,92.56,470,287274.15
TX_100872,INV_01,2024-08-05,SELL,LOFC,5.5,6044,320183.73
TX_100873,INV_01,2024-08-06,BUY,HHL,75.65,634,271738.85
TX_100874,INV_01,2024-08-07,SELL,COMB,85.09,448,309476.13
TX_100875,INV_01,2024-08-08,SELL,LOFC,5.5,4533,334158.32
TX_100876,INV_01,2024-08-09,SELL,MELS,72.61,590,376571.16
TX_100877,INV_01,2024-08-12,SELL,COMB,86.7,336,405410.52
TX_100878,INV_01,2024-08-13,BUY,NTB,114.86,529,344043.15
TX_100879,INV_01,2024-08-14,BUY,JKH,177.18,291,291967.14
TX_100880,INV_01,2024-08-15,BUY,NDB,66.98,653,247789.68
TX_100881,INV_01,2024-08-16,SELL,CFIN,104.44,654,315413.3
TX_100882,INV_01,2024-08-20,SELL,LOFC,5.5,3399,333920.86
TX_100883,INV_01,2024-08-21,SELL,CFIN,103.73,491,384340.95
TX_100884,INV_01,2024-08-22,BUY,JKH,178.17,323,326217.23
TX_100885,INV_01,2024-08-23,SELL,DFCC,67.12,693,372268.2
TX_100886,INV_01,2024-08-26,SELL,DIAL,8.43,1730,386713.17
TX_100887,INV_01,2024-08-27,SELL,JKH,171.77,215,423274.33
TX_100888,INV_01,2024-08-28,SELL,MELS,69.49,443,453751.07
TX_100889,INV_01,2024-08-29,BUY,HAYL,83.97,810,385053.38
TX_100890,INV_01,2024-08-30,SELL,DFCC,63.74,520,417868.05
TX_100891,INV_01,2024-09-03,SELL,NDB,61.73,632,456489.89
TX_100892,INV_01,2024-09-05,SELL,DFCC,64.23,390,481287.34
TX_100893,INV_01,2024-09-06,BUY,HAYL,85.74,841,408454.69
TX_100894,INV_01,2024-09-09,SELL,COMB,77.5,252,427788.74
TX_100895,INV_01,2024-09-10,SELL,COMB,76.26,189,442058.55
TX_100896,INV_01,2024-09-18,BUY,JKH,161.93,409,375168.5
TX_100897,INV_01,2024-09-19,BUY,MELS,71.6,785,318398.45
TX_100898,INV_01,2024-09-20,BUY,NDB,66.89,714,270163.07
TX_100899,INV_01,2024-09-23,SELL,JKH,165.86,264,313513.15
TX_100900,INV_01,2024-09-24,BUY,LOFC,5.7,8250,266017.9
TX_100901,INV_01,2024-09-25,BUY,HHL,75.36,529,225751.5
TX_100902,INV_01,2024-09-27,BUY,NTB,120.94,279,191671.44
TX_100903,INV_01,2024-10-01,BUY,NTB,125.56,228,162756.36
TX_100904,INV_01,2024-10-02,SELL,LOFC,6.2,4612,191064.82
TX_100905,INV_01,2024-10-03,SELL,LFIN,64.17,797,241694.58
TX_100906,INV_01,2024-10-04,BUY,LIOC,108.39,334,205128.9
TX_100907,INV_01,2024-10-07,BUY,LIOC,108.88,282,174118.86
TX_100908,INV_01,2024-10-08,BUY,COMB,101.5,257,147773.55
TX_100909,INV_01,2024-10-09,SELL,MELS,81.24,528,190240.01
TX_100910,INV_01,2024-10-14,SELL,HAYL,96.8,765,263552.49
TX_100911,INV_01,2024-10-16,SELL,DFCC,76.78,292,285748.29
TX_100912,INV_01,2024-10-18,BUY,COMB,102.92,416,242505.92
TX_100913,INV_01,2024-10-23,SELL,MELS,82.62,396,274895.6
TX_100914,INV_01,2024-10-25,BUY,NDB,77.4,532,233307.78
TX_100915,INV_01,2024-10-28,SELL,LFIN,68.26,598,273718.42
TX_100916,INV_01,2024-10-30,BUY,COMB,111.93,366,232342.33
TX_100917,INV_01,2024-10-31,SELL,LFIN,68.63,448,262781.5
TX_100918,INV_01,2024-11-01,BUY,NDB,83.99,469,222995.42
TX_100919,INV_01,2024-11-04,SELL,LFIN,69.75,336,246196.01
TX_100920,INV_01,2024-11-07,BUY,AEL,24.67,1497,208897.59
TX_100921,INV_01,2024-11-11,BUY,JKH,20.57,1523,177251.61
TX_100922,INV_01,2024-11-12,SELL,LFIN,71.42,252,195069.67
TX_100923,INV_01,2024-11-14,BUY,CFIN,119.78,244,165552.12
TX_100924,INV_01,2024-11-19,SELL,DFCC,82.29,219,183392.52
TX_100925,INV_01,2024-11-20,BUY,COMB,116.91,235,155643.91
TX_100926,INV_01,2024-11-21,SELL,AEL,25.04,4125,257905.58
TX_100927,INV_01,2024-11-25,SELL,MELS,98.68,297,286921.33
TX_100928,INV_01,2024-11-27,BUY,AEL,25.13,1712,243461.27
TX_100929,INV_01,2024-11-28,SELL,JKH,19.73,579,254772.27
TX_100930,INV_01,2024-12-02,SELL,DFCC,84.89,165,268639.62
TX_100931,INV_01,2024-12-04,BUY,DFCC,84.99,474,227951.47
TX_100932,INV_01,2024-12-06,BUY,COMB,122.13,279,193537.26
TX_100933,INV_01,2024-12-09,BUY,CFIN,133.91,216,164323.6
TX_100934,INV_01,2024-12-11,SELL,AEL,28.11,3522,262347.71
TX_100935,INV_01,2024-12-12,SELL,HAYL,110.1,574,324911.39
TX_100936,INV_01,2024-12-13,BUY,LOFC,6.5,7497,275693.58
TX_100937,INV_01,2024-12-16,BUY,HAYL,110.8,373,233953.14
TX_100938,INV_01,2024-12-17,SELL,HHL,89.12,793,303918.39
TX_100939,INV_01,2024-12-18,BUY,HNB,262.37,173,258074.39
TX_100940,INV_01,2024-12-20,BUY,NDB,86.67,446,219034.23
TX_100941,INV_01,2024-12-23,BUY,HAYL,110.1,298,185897.26
TX_100942,INV_01,2024-12-30,BUY,HHL,98.08,284,157763.94
TX_100943,INV_01,2024-12-31,BUY,LIOC,121.16,195,133901.36
TX_100944,INV_01,2025-01-01,BUY,JKH,22.3,900,113632.49
TX_100945,INV_01,2025-01-02,BUY,AEL,34.39,495,96440.49
TX_100946,INV_01,2025-01-03,SELL,CFIN,187.23,483,185969.58
TX_100947,INV_01,2025-01-06,SELL,AEL,32.66,2765,275367.21
TX_100948,INV_01,2025-01-07,SELL,CFIN,181.13,362,340280.59
TX_100949,INV_01,2025-01-08,SELL,CFIN,178.69,272,388397.93
TX_100950,INV_01,2025-01-09,SELL,LOFC,6.6,5333,423243.76
TX_100951,INV_01,2025-01-13,SELL,HHL,104.62,666,492223.15
TX_100952,INV_01,2025-01-15,BUY,COMB,134.22,550,417663.21
TX_100953,INV_01,2025-01-16,BUY,HHL,102.92,608,354459.86
TX_100954,INV_01,2025-01-17,BUY,COMB,137.78,385,300884.73
TX_100955,INV_01,2025-01-21,BUY,CFIN,180.64,249,255455.12
TX_100956,INV_01,2025-01-22,BUY,HHL,108.49,353,216773.89
TX_100957,INV_01,2025-01-23,BUY,LFIN,86.49,375,184017.28
TX_100958,INV_01,2025-01-24,SELL,DIAL,12.51,1298,200091.47
TX_100959,INV_01,2025-01-27,BUY,NDB,121.83,246,169821.3
TX_100960,INV_01,2025-01-29,BUY,HAYL,133.66,190,144172.75
TX_100961,INV_01,2025-01-30,BUY,CFIN,208.47,103,122485.58
TX_100962,INV_01,2025-02-03,SELL,LIOC,127.66,585,196422.32
TX_100963,INV_01,2025-02-05,SELL,DFCC,117.83,242,224651.36
TX_100964,INV_01,2025-02-06,SELL,DIAL,12.22,973,236426.95
TX_100965,INV_01,2025-02-07,BUY,CFIN,205.05,172,200805.17
TX_100966,INV_01,2025-02-10,SELL,LFIN,82.95,283,224045.9
TX_100967,INV_01,2025-02-11,SELL,DIAL,12.51,730,233086.09
TX_100968,INV_01,2025-02-13,BUY,LFIN,84.44,414,197778.27
TX_100969,INV_01,2025-02-14,BUY,DIAL,12.89,2301,167826.53
TX_100970,INV_01,2025-02-17,BUY,HAYL,137.15,183,142476.23
TX_100971,INV_01,2025-02-18,BUY,CFIN,216.77,98,121020.32
TX_100972,INV_01,2025-02-19,SELL,CFIN,216.77,359,198062.6
TX_100973,INV_01,2025-02-20,SELL,MELS,129.82,223,226723.0
TX_100974,INV_01,2025-02-21,BUY,LOFC,6.3,5398,192375.52
TX_100975,INV_01,2025-02-24,SELL,HHL,117.94,739,278660.42
TX_100976,INV_01,2025-02-25,SELL,JKH,21.66,659,292788.67
TX_100977,INV_01,2025-02-26,SELL,JKH,21.66,494,303379.49
TX_100978,INV_01,2025-02-27,SELL,HNB,303.32,172,355029.04
TX_100979,INV_01,2025-03-03,SELL,NTB,188.33,384,426622.68
TX_100980,INV_01,2025-03-04,SELL,HNB,295.23,129,464326.03
TX_100981,INV_01,2025-03-05,BUY,HAYL,128.06,543,394095.37
TX_100982,INV_01,2025-03-06,SELL,CFIN,194.56,270,446100.21
TX_100983,INV_01,2025-03-07,BUY,COMB,135.41,494,378540.24
TX_100984,INV_01,2025-03-10,SELL,NDB,107.92,1075,493397.95
TX_100985,INV_01,2025-03-11,SELL,NTB,189.03,288,547295.37
TX_100986,INV_01,2025-03-12,BUY,NTB,191.01,429,464531.11
TX_100987,INV_01,2025-03-14,SELL,HHL,117.7,555,529199.29
TX_100988,INV_01,2025-03-17,SELL,DFCC,105.5,181,548103.84
TX_100989,INV_01,2025-03-18,SELL,LFIN,80.99,316,573442.05
TX_100990,INV_01,2025-03-20,BUY,CFIN,188.21,457,486570.31
TX_100991,INV_01,2025-03-21,BUY,JKH,20.27,3600,412864.58
TX_100992,INV_01,2025-03-24,SELL,JKH,20.17,1271,438247.08
TX_100993,INV_01,2025-03-26,SELL,HHL,115.52,416,485821.46
TX_100994,INV_01,2025-03-27,BUY,DIAL,13.74,5303,412225.11
TX_100995,INV_01,2025-03-28,SELL,DIAL,13.55,2448,445066.98
TX_100996,INV_01,2025-04-01,BUY,CFIN,191.38,348,377799.81
TX_100997,INV_01,2025-04-03,SELL,COMB,138.25,887,499201.28
TX_100998,INV_01,2025-04-04,SELL,LOFC,5.7,5350,529391.33
TX_100999,INV_01,2025-04-07,SELL,MELS,115.79,167,548535.39
TX_101000,INV_01,2025-04-08,BUY,JKH,19.48,4223,465448.56
TX_101001,INV_01,2025-04-09,SELL,LIOC,119.23,439,517268.66
TX_101002,INV_01,2025-04-10,BUY,JKH,19.88,3903,438918.56
TX_101003,INV_01,2025-04-15,SELL,HAYL,131.2,827,546332.67
TX_101004,INV_01,2025-04-21,BUY,DIAL,13.08,6266,463569.71
TX_101005,INV_01,2025-04-22,SELL,LIOC,125.26,329,504366.67
TX_101006,INV_01,2025-04-23,SELL,MELS,121.81,125,519440.82
TX_101007,INV_01,2025-04-24,BUY,JKH,19.78,3939,440761.44
TX_101008,INV_01,2025-04-28,SELL,NTB,184.09,323,499626.49
TX_101009,INV_01,2025-04-30,SELL,AEL,37.46,2074,576544.02
TX_101010,INV_01,2025-05-02,BUY,HHL,23.59,3666,489206.88
TX_101011,INV_01,2025-05-05,SELL,HNB,293.75,96,517124.88
TX_101012,INV_01,2025-05-06,BUY,LFIN,89.68,864,438870.44
TX_101013,INV_01,2025-05-07,SELL,LOFC,6.0,4012,462701.72
TX_101014,INV_01,2025-05-08,BUY,COMB,137.25,505,392697.36
TX_101015,INV_01,2025-05-09,BUY,HAYL,132.42,444,333317.04
TX_101016,INV_01,2025-05-13,SELL,AEL,36.98,1555,390247.3
TX_101017,INV_01,2025-05-14,BUY,JKH,20.17,2901,331142.48
TX_101018,INV_01,2025-05-15,BUY,HHL,23.64,2101,280986.42
TX_101019,INV_01,2025-05-16,BUY,HNB,305.25,138,238440.68
TX_101020,INV_01,2025-05-19,SELL,DFCC,103.75,136,252409.58
TX_101021,INV_01,2025-05-20,SELL,LFIN,93.11,453,294166.57
TX_101022,INV_01,2025-05-21,BUY,HNB,305.25,144,249771.01
TX_101023,INV_01,2025-05-22,BUY,HNB,304.0,123,212005.09
TX_101024,INV_01,2025-05-23,BUY,HNB,304.0,104,180072.93
TX_101025,INV_01,2025-05-26,BUY,MELS,139.63,193,152855.69
TX_101026,INV_01,2025-05-27,BUY,JKH,20.96,1093,129713.69
TX_101027,INV_01,2025-05-28,BUY,CFIN,203.34,95,110202.83
TX_101028,INV_01,2025-05-29,BUY,CFIN,208.71,79,93549.5
TX_101029,INV_01,2025-06-02,BUY,MELS,140.83,99,79467.97
TX_101030,INV_01,2025-06-03,BUY,DFCC,115.0,103,67504.52
TX_101031,INV_01,2025-06-04,BUY,NDB,115.75,87,57333.57
TX_101032,INV_01,2025-06-05,BUY,NDB,116.5,73,48744.02
TX_101033,INV_01,2025-06-06,SELL,DFCC,115.25,128,63348.5
TX_101034,INV_01,2025-06-09,BUY,HHL,28.38,334,53773.88
TX_101035,INV_01,2025-06-12,BUY,DFCC,119.75,67,45670.4
TX_101036,INV_01,2025-06-13,SELL,NDB,119.5,847,145874.73
TX_101037,INV_01,2025-06-16,SELL,HNB,322.0,200,209630.73
TX_101038,INV_01,2025-06-17,BUY,LOFC,5.9,5329,177875.22
TX_101039,INV_01,2025-06-18,SELL,AEL,39.65,1167,223679.76
TX_101040,INV_01,2025-06-19,SELL,HAYL,152.66,731,334155.08
TX_101041,INV_01,2025-06-20,BUY,HNB,320.0,156,283735.88
TX_101042,INV_01,2025-06-23,SELL,DFCC,107.25,113,295733.93
TX_101043,INV_01,2025-06-24,BUY,DIAL,19.0,2334,250944.47
TX_101044,INV_01,2025-06-26,BUY,HNB,331.5,113,213110.38
TX_101045,INV_01,2025-06-27,SELL,CFIN,239.47,447,319084.11
TX_101046,INV_01,2025-06-30,BUY,LFIN,123.78,386,270826.92
TX_101047,INV_01,2025-07-01,BUY,JKH,22.6,1797,229811.83
TX_101048,INV_01,2025-07-02,BUY,DFCC,114.75,300,195042.58
TX_101049,INV_01,2025-07-03,SELL,HHL,30.29,1837,250122.35
TX_101050,INV_01,2025-07-04,BUY,HHL,30.19,1242,212255.04
TX_101051,INV_01,2025-07-08,BUY,MELS,140.83,226,180109.33
TX_101052,INV_01,2025-07-10,BUY,LIOC,130.25,207,152877.96
TX_101053,INV_01,2025-07-14,BUY,NDB,123.25,186,129724.22
TX_101054,INV_01,2025-07-15,BUY,LFIN,132.16,147,110101.77
TX_101055,INV_01,2025-07-16,SELL,NTB,215.76,242,161792.65
TX_101056,INV_01,2025-07-18,BUY,LOFC,6.0,4044,137286.01
TX_101057,INV_01,2025-07-22,SELL,CFIN,281.06,335,230500.08
TX_101058,INV_01,2025-07-23,BUY,COMB,169.25,204,195627.81
TX_101059,INV_01,2025-07-24,BUY,CFIN,289.23,101,166123.11
TX_101060,INV_01,2025-07-25,BUY,DIAL,19.1,1304,140967.65
TX_101061,INV_01,2025-07-28,BUY,LOFC,6.0,3524,119612.21
TX_101062,INV_01,2025-07-31,BUY,LFIN,136.6,131,101538.3
TX_101063,INV_01,2025-08-01,BUY,COMB,174.0,87,86248.92
TX_101064,INV_01,2025-08-05,SELL,AEL,58.19,875,136653.69
TX_101065,INV_01,2025-08-06,BUY,AEL,58.29,351,115990.74
TX_101066,INV_01,2025-08-07,SELL,LIOC,133.5,299,155508.07
TX_101067,INV_01,2025-08-12,SELL,HHL,30.58,1688,206618.13
TX_101068,INV_01,2025-08-13,BUY,NTB,241.74,128,175366.49
TX_101069,INV_01,2025-08-14,SELL,MELS,152.14,224,209105.91
TX_101070,INV_01,2025-08-15,BUY,LOFC,6.0,5227,177430.29
TX_101071,INV_01,2025-08-18,BUY,JKH,23.29,1142,150564.8
TX_101072,INV_01,2025-08-20,BUY,HAYL,174.6,129,127815.79
TX_101073,INV_01,2025-08-22,SELL,LIOC,132.25,224,157143.55
TX_101074,INV_01,2025-08-25,SELL,LIOC,133.0,168,179264.11
TX_101075,INV_01,2025-08-26,BUY,LFIN,139.56,192,152200.32
TX_101076,INV_01,2025-08-27,BUY,CFIN,284.28,80,129230.43
TX_101077,INV_01,2025-08-29,BUY,COMB,194.75,99,109757.38
TX_101078,INV_01,2025-09-01,BUY,HNB,400.0,41,93193.38
TX_101079,INV_01,2025-09-02,SELL,MELS,159.84,168,119777.3
TX_101080,INV_01,2025-09-03,SELL,AEL,59.27,744,163434.81
TX_101081,INV_01,2025-09-08,SELL,HHL,30.09,1266,201145.07
TX_101082,INV_01,2025-09-09,SELL,HAYL,170.21,581,299050.12
TX_101083,INV_01,2025-09-10,BUY,NDB,139.0,322,253844.54
TX_101084,INV_01,2025-09-11,SELL,DIAL,25.5,4312,362700.98
TX_101085,INV_01,2025-09-12,SELL,COMB,187.0,889,527281.55
TX_101086,INV_01,2025-09-15,SELL,JKH,21.81,5702,650372.04
TX_101087,INV_01,2025-09-16,BUY,LIOC,130.0,750,551897.04
TX_101088,INV_01,2025-09-17,BUY,LFIN,135.12,612,468374.63
TX_101089,INV_01,2025-09-18,BUY,CFIN,280.32,250,397594.16
TX_101090,INV_01,2025-09-19,BUY,CFIN,279.58,213,337449.02
TX_101091,INV_01,2025-09-22,BUY,HNB,390.0,129,286635.92
TX_101092,INV_01,2025-09-23,BUY,LIOC,132.0,325,243306.92
TX_101093,INV_01,2025-09-24,BUY,DIAL,25.9,1409,206448.89
TX_101094,INV_01,2025-09-25,BUY,CFIN,300.62,103,175174.93
TX_101095,INV_01,2025-09-26,BUY,JKH,21.9,1199,148648.9
TX_101096,INV_01,2025-09-29,SELL,LOFC,5.8,7540,191943.58
TX_101097,INV_01,2025-09-30,SELL,MELS,166.4,126,212700.88
TX_101098,INV_01,2025-10-01,SELL,DFCC,164.5,159,238594.83
TX_101099,INV_01,2025-10-02,BUY,DFCC,164.0,218,202485.31
TX_101100,INV_01,2025-10-03,SELL,LOFC,5.7,5655,234396.47
TX_101101,INV_01,2025-10-07,SELL,HAYL,186.8,436,315025.01
TX_101102,INV_01,2025-10-08,SELL,CFIN,299.39,438,444844.91
TX_101103,INV_01,2025-10-10,BUY,LOFC,5.7,11706,377453.47
TX_101104,INV_01,2025-10-13,SELL,DFCC,156.5,174,404412.16
TX_101105,INV_01,2025-10-14,BUY,LOFC,5.7,10642,343146.17
TX_101106,INV_01,2025-10-16,BUY,LIOC,134.0,384,291175.61
TX_101107,INV_01,2025-10-21,BUY,NDB,144.5,302,247100.22
TX_101108,INV_01,2025-10-22,SELL,NTB,296.91,214,310004.04
TX_101109,INV_01,2025-10-23,BUY,DFCC,163.5,284,263105.7
TX_101110,INV_01,2025-10-24,BUY,HAYL,191.43,206,223276.96
TX_101111,INV_01,2025-10-27,BUY,NTB,296.66,112,189718.24
TX_101112,INV_01,2025-10-28,SELL,CFIN,303.84,329,288683.16
TX_101113,INV_01,2025-10-29,BUY,MELS,186.11,232,245073.78
TX_101114,INV_01,2025-10-30,SELL,COMB,204.75,667,380276.35
TX_101115,INV_01,2025-10-31,SELL,NTB,287.02,188,433695.61
TX_101116,INV_01,2025-11-03,BUY,JKH,21.21,3067,367992.13
TX_101117,INV_01,2025-11-06,BUY,HNB,400.0,137,312644.13
TX_101118,INV_01,2025-11-07,BUY,HAYL,191.67,244,265408.25
TX_101119,INV_01,2025-11-10,SELL,LIOC,134.25,491,330665.83
TX_101120,INV_01,2025-11-12,BUY,COMB,216.75,228,280752.64
TX_101121,INV_01,2025-11-13,SELL,LIOC,134.0,368,329571.52
TX_101122,INV_01,2025-11-14,SELL,MELS,182.7,152,357064.88
TX_101123,INV_01,2025-11-17,SELL,HHL,35.45,950,390405.61
TX_101124,INV_01,2025-11-18,SELL,MELS,180.51,114,410778.52
TX_101125,INV_01,2025-11-19,SELL,NDB,149.5,837,534658.7
TX_101126,INV_01,2025-11-20,BUY,NTB,304.09,263,453883.91
TX_101127,INV_01,2025-11-21,SELL,COMB,210.0,557,569684.21
TX_101128,INV_01,2025-11-24,SELL,AEL,67.06,558,606731.35
TX_101129,INV_01,2025-11-25,BUY,LFIN,153.86,591,514888.98
TX_101130,INV_01,2025-11-26,BUY,LFIN,154.85,498,437002.87
TX_101131,INV_01,2025-11-27,SELL,HAYL,187.77,439,518610.13
TX_101132,INV_01,2025-11-28,SELL,DFCC,159.25,202,550456.95
TX_101133,INV_01,2025-12-01,SELL,DIAL,27.4,3587,647757.91
TX_101134,INV_01,2025-12-02,BUY,LFIN,147.95,656,549735.33
TX_101135,INV_01,2025-12-03,SELL,CFIN,278.0,246,617439.45
TX_101136,INV_01,2025-12-05,SELL,MELS,170.88,86,631988.04
TX_101137,INV_01,2025-12-08,SELL,AEL,71.01,418,661372.68
TX_101138,INV_01,2025-12-09,BUY,NDB,140.0,708,561261.48
TX_101139,INV_01,2025-12-10,BUY,DFCC,150.5,559,476290.69
TX_101140,INV_01,2025-12-11,BUY,COMB,201.5,354,404246.38
TX_101141,INV_01,2025-12-12,BUY,LFIN,150.9,401,343128.7
TX_101142,INV_01,2025-12-15,SELL,LOFC,5.8,9828,399561.08
TX_101143,INV_01,2025-12-18,SELL,COMB,198.0,506,498747.2
TX_101144,INV_01,2025-12-19,SELL,LIOC,128.0,276,533721.92
TX_101145,INV_01,2025-12-23,SELL,HNB,385.0,294,645780.02
TX_101146,INV_01,2025-12-24,SELL,COMB,198.5,380,720455.72
TX_101147,INV_01,2025-12-26,BUY,HHL,34.4,3141,611324.81
TX_101148,INV_01,2025-12-29,BUY,HAYL,188.75,485,518867.25
TX_101149,INV_01,2025-12-30,BUY,NDB,140.0,555,440390.25
TX_101150,INV_01,2025-12-31,BUY,NTB,309.78,213,373747.61
TX_101151,INV_01,2026-01-02,BUY,HAYL,192.4,291,317197.99
TX_101152,INV_01,2026-01-05,SELL,MELS,172.36,64,328118.45
TX_101153,INV_01,2026-01-06,BUY,HNB,417.5,117,278782.48
TX_101154,INV_01,2026-01-07,BUY,NDB,147.0,284,236617.0
TX_101155,INV_01,2026-01-08,SELL,HAYL,200.7,523,340531.24
TX_101156,INV_01,2026-01-09,BUY,AEL,75.7,674,288999.22
TX_101157,INV_01,2026-01-12,BUY,LIOC,136.75,317,245215.98
TX_101158,INV_01,2026-01-13,BUY,JKH,22.3,1649,208073.35
TX_101159,INV_01,2026-01-14,BUY,JKH,22.4,1393,176556.88
TX_101160,INV_01,2026-01-20,BUY,LOFC,6.0,4413,149814.1
TX_101161,INV_01,2026-01-21,BUY,COMB,225.0,99,127316.35
TX_101162,INV_01,2026-01-22,SELL,CFIN,284.75,185,179468.31
TX_101163,INV_01,2026-01-27,SELL,LOFC,6.1,8475,230648.83
TX_101164,INV_01,2026-01-29,SELL,LOFC,6.0,6356,268403.47
TX_101165,INV_01,2026-02-02,SELL,DIAL,32.5,2690,354954.22
TX_101166,INV_01,2026-02-06,BUY,LIOC,140.75,378,301218.69
TX_101167,INV_01,2026-02-09,BUY,DIAL,33.3,1356,255612.34
TX_101168,INV_01,2026-02-12,SELL,HNB,430.0,249,361611.64
TX_101169,INV_01,2026-02-13,BUY,MELS,177.28,305,307000.47
TX_101170,INV_01,2026-02-16,BUY,NTB,336.5,136,260778.76
TX_101171,INV_01,2026-02-17,BUY,CFIN,266.0,147,221285.74
TX_101172,INV_01,2026-02-18,BUY,CFIN,265.25,125,187797.92
TX_101173,INV_01,2026-02-19,SELL,DFCC,159.0,291,233604.23
TX_101174,INV_01,2026-02-20,SELL,AEL,74.1,482,268963.27
TX_101175,INV_01,2026-02-23,BUY,NDB,154.0,261,228367.33
TX_101176,INV_01,2026-02-25,SELL,LOFC,5.8,4767,255739.45
TX_101177,INV_01,2026-02-26,SELL,DIAL,33.3,2356,333409.7
TX_101178,INV_01,2026-02-27,BUY,COMB,234.0,213,283069.28
TX_101179,INV_01,2026-03-02,SELL,DFCC,159.0,218,317384.66
TX_101180,INV_01,2026-03-03,BUY,LOFC,5.8,8208,269302.19
TX_101181,INV_01,2026-03-04,SELL,HAYL,239.0,393,362289.92
TX_101182,INV_02,2020-01-03,BUY,LFIN,25.77,5820,848504.21
TX_101183,INV_02,2020-01-09,BUY,NTB,62.51,2036,719961.98
TX_101184,INV_02,2020-01-10,SELL,NTB,62.51,509,751461.19
TX_101185,INV_02,2020-01-14,SELL,LFIN,25.24,1455,787816.11
TX_101186,INV_02,2020-01-15,BUY,HHL,70.59,1674,668465.78
TX_101187,INV_02,2020-01-16,BUY,NDB,74.02,1354,567244.76
TX_101188,INV_02,2020-01-17,SELL,LFIN,25.24,1092,594529.68
TX_101189,INV_02,2020-01-20,BUY,LFIN,24.92,3579,504467.15
TX_101190,INV_02,2020-01-21,SELL,HHL,70.78,419,533826.29
TX_101191,INV_02,2020-01-22,BUY,MELS,23.32,3434,452961.04
TX_101192,INV_02,2020-01-23,SELL,LFIN,25.04,1713,495433.16
TX_101193,INV_02,2020-01-24,SELL,LFIN,25.89,1285,528363.69
TX_101194,INV_02,2020-01-27,SELL,LFIN,25.71,964,552898.15
TX_101195,INV_02,2020-01-29,BUY,NTB,61.64,1345,469162.88
TX_101196,INV_02,2020-01-30,SELL,HHL,69.56,314,490787.38
TX_101197,INV_02,2020-02-03,SELL,MELS,22.15,859,509623.53
TX_101198,INV_02,2020-02-04,BUY,LFIN,25.64,2981,432417.18
TX_101199,INV_02,2020-02-06,SELL,HHL,66.76,236,448015.51
TX_101200,INV_02,2020-02-10,SELL,NDB,73.34,339,472628.19
TX_101201,INV_02,2020-02-11,BUY,NDB,72.73,974,401077.92
TX_101202,INV_02,2020-02-12,BUY,DFCC,64.67,930,340330.26
TX_101203,INV_02,2020-02-14,BUY,NDB,71.83,710,288823.43
TX_101204,INV_02,2020-02-17,SELL,NDB,71.98,675,336922.48
TX_101205,INV_02,2020-02-18,SELL,LFIN,26.37,1468,375248.11
TX_101206,INV_02,2020-02-19,BUY,DFCC,65.44,860,318404.1
TX_101207,INV_02,2020-02-20,SELL,NTB,59.27,718,360534.06
TX_101208,INV_02,2020-02-24,BUY,DFCC,64.67,836,305926.48
TX_101209,INV_02,2020-02-25,SELL,DFCC,64.29,657,347741.57
TX_101210,INV_02,2020-02-26,SELL,MELS,20.63,644,360896.99
TX_101211,INV_02,2020-02-27,BUY,DIAL,8.14,6649,306225.13
TX_101212,INV_02,2020-03-04,SELL,NDB,71.57,506,342079.6
TX_101213,INV_02,2020-03-05,SELL,HHL,62.56,177,353042.06
TX_101214,INV_02,2020-03-06,SELL,LFIN,25.01,1101,380304.99
TX_101215,INV_02,2020-03-09,BUY,LIOC,12.9,4422,322689.69
TX_101216,INV_02,2020-03-10,SELL,LIOC,13.3,1106,337247.95
TX_101217,INV_02,2020-03-11,BUY,JKH,133.24,379,286243.91
TX_101218,INV_02,2020-03-12,SELL,MELS,16.61,483,294187.33
TX_101219,INV_02,2020-03-13,SELL,HHL,56.02,132,301508.58
TX_101220,INV_02,2020-03-16,SELL,HHL,56.02,99,306999.52
TX_101221,INV_02,2020-03-17,SELL,JKH,123.15,95,318581.93
TX_101222,INV_02,2020-03-19,SELL,HHL,56.02,75,322741.74
TX_101223,INV_02,2020-03-20,SELL,LIOC,12.5,829,333004.32
TX_101224,INV_02,2020-03-23,SELL,DIAL,5.63,1663,342266.81
TX_101225,INV_02,2020-03-25,BUY,NDB,53.48,960,290413.74
TX_101226,INV_02,2020-03-26,SELL,NTB,51.48,539,317882.13
TX_101227,INV_02,2020-03-30,SELL,MELS,13.76,362,322812.0
TX_101228,INV_02,2020-03-31,BUY,CFIN,62.88,770,273906.86
TX_101229,INV_02,2020-04-01,BUY,DFCC,46.66,880,232437.95
TX_101230,INV_02,2020-04-03,SELL,CFIN,62.88,193,244453.26
TX_101231,INV_02,2020-04-07,SELL,MELS,13.76,272,248157.48
TX_101232,INV_02,2020-04-08,SELL,JKH,113.06,71,256104.5
TX_101233,INV_02,2020-04-13,BUY,LOFC,2.2,17461,217306.16
TX_101234,INV_02,2020-04-14,SELL,LOFC,2.2,4366,226815.31
TX_101235,INV_02,2020-04-16,SELL,DIAL,5.63,1247,233760.78
TX_101236,INV_02,2020-04-17,SELL,CFIN,62.88,145,242787.82
TX_101237,INV_02,2020-04-20,BUY,HHL,52.48,693,206058.25
TX_101238,INV_02,2020-04-22,BUY,LFIN,19.5,1585,174849.37
TX_101239,INV_02,2020-04-27,BUY,HAYL,9.41,2786,148362.7
TX_101240,INV_02,2020-04-28,BUY,HHL,52.48,424,125890.34
TX_101241,INV_02,2020-04-30,SELL,NTB,51.48,404,146478.9
TX_101242,INV_02,2020-05-01,BUY,DIAL,5.63,3905,124289.66
TX_101243,INV_02,2020-05-04,BUY,LIOC,12.5,1490,105471.6
TX_101244,INV_02,2020-05-06,BUY,NDB,53.48,295,89537.58
TX_101245,INV_02,2020-05-11,SELL,CFIN,62.88,108,96261.17
TX_101246,INV_02,2020-05-12,SELL,DIAL,5.23,1911,106153.63
TX_101247,INV_02,2020-05-13,BUY,COMB,38.97,408,90094.83
TX_101248,INV_02,2020-05-14,SELL,MELS,12.3,204,92578.7
TX_101249,INV_02,2020-05-15,BUY,COMB,38.55,360,78562.64
TX_101250,INV_02,2020-05-18,BUY,DIAL,6.29,1874,66661.3
TX_101251,INV_02,2020-05-20,BUY,NDB,53.88,185,56593.31
TX_101252,INV_02,2020-05-21,BUY,HNB,78.6,108,48020.09
TX_101253,INV_02,2020-05-22,SELL,DFCC,51.97,713,84703.9
TX_101254,INV_02,2020-05-25,BUY,LIOC,11.08,1146,71879.29
TX_101255,INV_02,2020-05-26,SELL,DFCC,50.89,534,98783.72
TX_101256,INV_02,2020-05-27,SELL,LFIN,21.36,1222,124619.45
TX_101257,INV_02,2020-05-28,BUY,NDB,58.16,321,105762.01
TX_101258,INV_02,2020-05-29,SELL,CFIN,62.11,81,110742.45
TX_101259,INV_02,2020-06-01,SELL,HHL,56.02,335,129322.89
TX_101260,INV_02,2020-06-02,BUY,AEL,12.68,1529,109735.56
TX_101261,INV_02,2020-06-03,BUY,NTB,49.28,334,93112.34
TX_101262,INV_02,2020-06-04,BUY,HAYL,9.9,1410,79013.27
TX_101263,INV_02,2020-06-05,SELL,JKH,107.77,54,84774.66
TX_101264,INV_02,2020-06-08,SELL,COMB,44.67,192,93265.13
TX_101265,INV_02,2020-06-10,BUY,AEL,14.26,981,79137.36
TX_101266,INV_02,2020-06-11,SELL,CFIN,62.11,61,82888.06
TX_101267,INV_02,2020-06-15,SELL,LIOC,11.48,1281,97441.39
TX_101268,INV_02,2020-06-16,SELL,LFIN,22.63,917,117989.06
TX_101269,INV_02,2020-06-17,BUY,HAYL,9.76,1814,100115.37
TX_101270,INV_02,2020-06-18,BUY,COMB,49.1,305,84990.27
TX_101271,INV_02,2020-06-19,BUY,LFIN,22.63,563,72120.0
TX_101272,INV_02,2020-06-22,SELL,AEL,14.59,628,81191.15
TX_101273,INV_02,2020-06-25,BUY,HNB,90.19,135,68894.05
TX_101274,INV_02,2020-06-26,BUY,NDB,62.61,165,58460.53
TX_101275,INV_02,2020-06-30,SELL,AEL,15.5,471,65689.11
TX_101276,INV_02,2020-07-01,SELL,LOFC,3.4,3274,76709.39
TX_101277,INV_02,2020-07-02,SELL,HHL,57.42,251,90978.9
TX_101278,INV_02,2020-07-03,SELL,AEL,15.25,353,96309.58
TX_101279,INV_02,2020-07-07,BUY,COMB,55.07,262,81736.62
TX_101280,INV_02,2020-07-09,BUY,LIOC,13.06,938,69365.24
TX_101281,INV_02,2020-07-10,SELL,HNB,84.48,61,74467.15
TX_101282,INV_02,2020-07-13,SELL,NDB,56.39,861,122530.9
TX_101283,INV_02,2020-07-14,BUY,LFIN,21.78,844,103967.85
TX_101284,INV_02,2020-07-15,SELL,AEL,14.09,265,107665.15
TX_101285,INV_02,2020-07-16,SELL,HAYL,10.27,1503,122940.48
TX_101286,INV_02,2020-07-17,BUY,CFIN,59.39,310,104345.23
TX_101287,INV_02,2020-07-20,BUY,LIOC,13.06,1198,88544.68
TX_101288,INV_02,2020-07-21,BUY,MELS,16.9,785,75142.68
TX_101289,INV_02,2020-07-22,BUY,AEL,15.5,727,63759.8
TX_101290,INV_02,2020-07-24,SELL,JKH,109.73,40,68105.08
TX_101291,INV_02,2020-07-27,SELL,COMB,53.85,286,83351.45
TX_101292,INV_02,2020-07-29,SELL,HHL,55.18,189,93676.91
TX_101293,INV_02,2020-07-30,BUY,HHL,55.09,255,79488.35
TX_101294,INV_02,2020-07-31,BUY,LIOC,12.74,935,67455.48
TX_101295,INV_02,2020-08-04,BUY,LOFC,3.5,2890,57239.33
TX_101296,INV_02,2020-08-06,BUY,MELS,15.97,537,48577.17
TX_101297,INV_02,2020-08-10,SELL,JKH,112.62,30,51921.97
TX_101298,INV_02,2020-08-11,BUY,LIOC,13.14,592,44066.7
TX_101299,INV_02,2020-08-17,SELL,JKH,124.97,23,46912.25
TX_101300,INV_02,2020-08-18,SELL,LFIN,21.6,1039,69128.59
TX_101301,INV_02,2020-08-25,SELL,JKH,130.36,17,71322.55
TX_101302,INV_02,2020-08-26,SELL,LOFC,3.6,3178,82648.94
TX_101303,INV_02,2020-08-27,SELL,DIAL,7.84,1902,97406.54
TX_101304,INV_02,2020-08-31,SELL,NDB,70.12,646,142251.26
TX_101305,INV_02,2020-09-01,SELL,NTB,50.01,387,161411.75
TX_101306,INV_02,2020-09-02,SELL,NDB,68.75,485,194420.6
TX_101307,INV_02,2020-09-03,BUY,COMB,57.3,508,165019.62
TX_101308,INV_02,2020-09-04,SELL,NTB,49.68,290,179284.08
TX_101309,INV_02,2020-09-07,SELL,HNB,91.2,46,183437.49
TX_101310,INV_02,2020-09-09,BUY,HAYL,15.81,1740,155660.06
TX_101311,INV_02,2020-09-11,BUY,HHL,56.3,414,132116.95
TX_101312,INV_02,2020-09-16,BUY,HNB,95.81,206,112181.75
TX_101313,INV_02,2020-09-17,SELL,LIOC,16.54,1877,142918.35
TX_101314,INV_02,2020-09-22,SELL,NDB,74.08,363,169540.0
TX_101315,INV_02,2020-09-23,BUY,DFCC,56.29,451,143897.93
TX_101316,INV_02,2020-09-24,SELL,COMB,58.09,342,163567.66
TX_101317,INV_02,2020-09-25,SELL,NTB,51.72,217,174678.86
TX_101318,INV_02,2020-09-28,SELL,HHL,72.08,309,196730.24
TX_101319,INV_02,2020-09-29,SELL,HHL,70.5,231,212852.25
TX_101320,INV_02,2020-10-01,BUY,HNB,99.25,321,180673.32
TX_101321,INV_02,2020-10-02,SELL,DFCC,55.81,514,209073.45
TX_101322,INV_02,2020-10-05,SELL,MELS,17.89,483,217630.04
TX_101323,INV_02,2020-10-06,SELL,JKH,127.32,13,219268.68
TX_101324,INV_02,2020-10-07,BUY,MELS,17.49,1880,186065.41
TX_101325,INV_02,2020-10-08,SELL,JKH,128.4,9,187209.46
TX_101326,INV_02,2020-10-09,SELL,LFIN,22.0,779,204178.29
TX_101327,INV_02,2020-10-12,SELL,LIOC,19.31,1407,231076.86
TX_101328,INV_02,2020-10-13,SELL,LOFC,3.8,2384,240045.47
TX_101329,INV_02,2020-10-14,BUY,DIAL,7.7,4677,203678.83
TX_101330,INV_02,2020-10-15,BUY,LOFC,3.8,8039,172825.15
TX_101331,INV_02,2020-10-16,SELL,CFIN,69.83,123,181328.28
TX_101332,INV_02,2020-10-19,SELL,NTB,48.22,163,189109.3
TX_101333,INV_02,2020-10-20,SELL,NDB,67.37,273,207318.37
TX_101334,INV_02,2020-10-21,SELL,HAYL,22.86,1562,242674.2
TX_101335,INV_02,2020-10-22,BUY,DFCC,49.79,731,205914.86
TX_101336,INV_02,2020-10-26,SELL,HAYL,23.32,1172,232973.97
TX_101337,INV_02,2020-10-27,SELL,JKH,127.52,7,233857.67
TX_101338,INV_02,2020-10-28,SELL,LIOC,16.54,1056,251150.08
TX_101339,INV_02,2020-11-02,SELL,HHL,63.4,174,262071.5
TX_101340,INV_02,2020-11-03,BUY,LIOC,18.04,2178,222377.56
TX_101341,INV_02,2020-11-04,BUY,HNB,89.41,373,188695.58
TX_101342,INV_02,2020-11-05,BUY,HHL,68.54,412,160176.22
TX_101343,INV_02,2020-11-09,SELL,HAYL,34.09,879,189838.2
TX_101344,INV_02,2020-11-10,BUY,NTB,48.54,586,161106.76
TX_101345,INV_02,2020-11-11,BUY,HAYL,29.74,812,136714.05
TX_101346,INV_02,2020-11-12,SELL,MELS,19.53,833,152817.0
TX_101347,INV_02,2020-11-17,BUY,AEL,21.2,1081,129667.84
TX_101348,INV_02,2020-11-18,SELL,NDB,60.59,204,141904.15
TX_101349,INV_02,2020-11-19,SELL,NTB,46.83,269,154376.48
TX_101350,INV_02,2020-11-20,BUY,NTB,47.0,492,131022.84
TX_101351,INV_02,2020-11-24,SELL,NDB,59.86,153,140089.95
TX_101352,INV_02,2020-11-25,SELL,LFIN,22.28,585,152992.2
TX_101353,INV_02,2020-11-27,SELL,DFCC,50.67,568,181485.99
TX_101354,INV_02,2020-11-30,BUY,DIAL,8.25,3298,153993.73
TX_101355,INV_02,2020-12-03,BUY,LFIN,22.65,1019,130682.56
TX_101356,INV_02,2020-12-04,BUY,DFCC,52.6,372,110920.02
TX_101357,INV_02,2020-12-08,BUY,NTB,51.31,324,94128.15
TX_101358,INV_02,2020-12-09,SELL,NDB,66.32,115,101679.07
TX_101359,INV_02,2020-12-10,SELL,HHL,86.55,233,121643.02
TX_101360,INV_02,2020-12-11,BUY,JKH,149.04,122,103278.81
TX_101361,INV_02,2020-12-14,BUY,HAYL,30.15,513,87659.19
TX_101362,INV_02,2020-12-15,SELL,HAYL,30.36,990,117418.27
TX_101363,INV_02,2020-12-16,BUY,HHL,90.85,193,99709.47
TX_101364,INV_02,2020-12-17,SELL,NTB,49.03,406,119417.8
TX_101365,INV_02,2020-12-18,SELL,DFCC,51.8,519,146031.15
TX_101366,INV_02,2020-12-21,SELL,MELS,31.64,624,165575.57
TX_101367,INV_02,2020-12-22,SELL,HAYL,30.09,743,187710.24
TX_101368,INV_02,2020-12-24,BUY,NTB,48.95,575,159281.61
TX_101369,INV_02,2020-12-29,SELL,NDB,62.69,86,164618.88
TX_101370,INV_02,2020-12-30,SELL,LFIN,23.41,693,180680.06
TX_101371,INV_02,2020-12-31,SELL,LFIN,23.62,520,192840.01
TX_101372,INV_02,2021-01-01,BUY,HNB,98.86,292,163683.45
TX_101373,INV_02,2021-01-04,SELL,NTB,48.87,448,185358.33
TX_101374,INV_02,2021-01-06,SELL,DIAL,8.81,3420,215181.68
TX_101375,INV_02,2021-01-07,SELL,AEL,20.95,651,228682.54
TX_101376,INV_02,2021-01-08,BUY,HNB,100.82,340,194062.18
TX_101377,INV_02,2021-01-11,SELL,HHL,88.79,223,213664.52
TX_101378,INV_02,2021-01-12,BUY,HHL,87.76,365,181310.8
TX_101379,INV_02,2021-01-13,BUY,COMB,59.03,460,153885.17
TX_101380,INV_02,2021-01-15,BUY,DIAL,8.95,2579,130579.91
TX_101381,INV_02,2021-01-18,BUY,LIOC,22.91,854,110815.96
TX_101382,INV_02,2021-01-19,SELL,DFCC,56.69,389,132649.63
TX_101383,INV_02,2021-01-20,BUY,COMB,69.61,285,112611.54
TX_101384,INV_02,2021-01-22,BUY,DFCC,59.42,284,95566.08
TX_101385,INV_02,2021-01-25,BUY,LFIN,37.37,383,81109.27
TX_101386,INV_02,2021-01-26,SELL,DFCC,62.32,363,103503.74
TX_101387,INV_02,2021-01-27,BUY,CFIN,89.06,174,87852.32
TX_101388,INV_02,2021-01-28,SELL,LFIN,51.85,486,112800.56
TX_101389,INV_02,2021-01-29,SELL,LIOC,21.28,1550,145450.06
TX_101390,INV_02,2021-02-01,SELL,LIOC,20.13,1162,168608.69
TX_101391,INV_02,2021-02-02,SELL,LFIN,43.48,364,184277.12
TX_101392,INV_02,2021-02-03,BUY,LFIN,43.31,638,156368.11
TX_101393,INV_02,2021-02-04,SELL,CFIN,94.58,136,169101.97
TX_101394,INV_02,2021-02-08,BUY,DIAL,8.67,2925,143489.66
TX_101395,INV_02,2021-02-10,SELL,JKH,151.78,36,148899.14
TX_101396,INV_02,2021-02-11,SELL,COMB,61.77,442,175926.8
TX_101397,INV_02,2021-02-12,BUY,DIAL,8.46,3118,149279.77
TX_101398,INV_02,2021-02-15,SELL,NDB,72.3,65,153932.37
TX_101399,INV_02,2021-02-16,SELL,CFIN,76.84,102,161692.07
TX_101400,INV_02,2021-02-17,BUY,LIOC,16.61,1459,137212.2
TX_101401,INV_02,2021-02-18,BUY,MELS,31.51,653,116427.94
TX_101402,INV_02,2021-02-19,BUY,AEL,21.37,817,98792.26
TX_101403,INV_02,2021-02-22,SELL,AEL,21.2,692,113317.71
TX_101404,INV_02,2021-02-23,SELL,DFCC,49.47,272,126638.26
TX_101405,INV_02,2021-02-24,SELL,COMB,61.19,332,146750.28
TX_101406,INV_02,2021-02-25,BUY,MELS,31.02,709,124538.3
TX_101407,INV_02,2021-03-01,SELL,LOFC,6.6,3797,149347.89
TX_101408,INV_02,2021-03-02,SELL,MELS,29.59,809,173050.37
TX_101409,INV_02,2021-03-03,SELL,DIAL,8.81,4721,214218.81
TX_101410,INV_02,2021-03-04,SELL,HAYL,40.72,557,236671.42
TX_101411,INV_02,2021-03-09,BUY,CFIN,67.07,529,200836.09
TX_101412,INV_02,2021-03-10,SELL,HNB,100.03,417,242133.49
TX_101413,INV_02,2021-03-12,BUY,CFIN,66.83,543,205479.45
TX_101414,INV_02,2021-03-15,SELL,HHL,74.77,259,224651.53
TX_101415,INV_02,2021-03-16,SELL,LFIN,31.94,433,238341.47
TX_101416,INV_02,2021-03-17,SELL,AEL,19.0,519,248102.57
TX_101417,INV_02,2021-03-18,SELL,HAYL,41.57,418,265305.15
TX_101418,INV_02,2021-03-22,SELL,DIAL,8.95,3541,296669.93
TX_101419,INV_02,2021-03-23,BUY,LOFC,5.7,7807,251725.03
TX_101420,INV_02,2021-03-24,BUY,LIOC,16.04,2354,213590.34
TX_101421,INV_02,2021-03-25,SELL,COMB,64.14,249,229401.94
TX_101422,INV_02,2021-04-01,BUY,DFCC,49.88,689,194690.45
TX_101423,INV_02,2021-04-02,SELL,NDB,65.74,49,197879.69
TX_101424,INV_02,2021-04-05,BUY,LFIN,33.5,885,167932.9
TX_101425,INV_02,2021-04-06,BUY,DFCC,49.96,504,142498.8
TX_101426,INV_02,2021-04-07,BUY,LFIN,35.32,605,120914.54
TX_101427,INV_02,2021-04-08,BUY,JKH,145.65,124,102673.21
TX_101428,INV_02,2021-04-09,BUY,MELS,30.46,505,87136.47
TX_101429,INV_02,2021-04-12,SELL,NDB,67.11,36,89528.37
TX_101430,INV_02,2021-04-13,SELL,COMB,67.21,187,101971.07
TX_101431,INV_02,2021-04-14,SELL,HHL,80.47,194,117426.62
TX_101432,INV_02,2021-04-15,BUY,JKH,146.63,120,99654.85
TX_101433,INV_02,2021-04-16,SELL,MELS,31.33,733,122388.64
TX_101434,INV_02,2021-04-19,SELL,MELS,30.28,550,138873.63
TX_101435,INV_02,2021-04-20,SELL,LOFC,6.0,4800,167385.63
TX_101436,INV_02,2021-04-22,SELL,MELS,28.29,412,178926.3
TX_101437,INV_02,2021-04-23,SELL,NDB,63.76,27,180630.53
TX_101438,INV_02,2021-04-27,SELL,COMB,61.26,140,189121.45
TX_101439,INV_02,2021-04-29,SELL,MELS,27.74,309,197606.49
TX_101440,INV_02,2021-05-04,SELL,NDB,62.83,21,198912.82
TX_101441,INV_02,2021-05-05,BUY,NDB,63.42,470,168806.52
TX_101442,INV_02,2021-05-06,SELL,JKH,131.43,88,180256.63
TX_101443,INV_02,2021-05-07,BUY,HAYL,62.59,431,153010.62
TX_101444,INV_02,2021-05-10,SELL,LIOC,15.14,1825,180363.69
TX_101445,INV_02,2021-05-11,BUY,AEL,19.0,1424,153040.74
TX_101446,INV_02,2021-05-12,BUY,HHL,74.3,308,129926.3
TX_101447,INV_02,2021-05-17,BUY,COMB,64.74,301,110245.15
TX_101448,INV_02,2021-05-18,SELL,HAYL,62.83,421,136430.31
TX_101449,INV_02,2021-05-19,SELL,HNB,107.23,313,169657.23
TX_101450,INV_02,2021-05-20,SELL,DIAL,8.81,2655,192809.57
TX_101451,INV_02,2021-05-21,SELL,HAYL,59.52,316,211430.84
TX_101452,INV_02,2021-05-24,SELL,DFCC,47.95,502,235259.07
TX_101453,INV_02,2021-05-25,BUY,COMB,65.36,539,199679.63
TX_101454,INV_02,2021-05-28,BUY,DIAL,8.88,3373,169435.64
TX_101455,INV_02,2021-06-01,BUY,MELS,29.16,871,143782.38
TX_101456,INV_02,2021-06-02,SELL,LFIN,43.95,697,174110.45
TX_101457,INV_02,2021-06-04,BUY,LIOC,15.63,1670,147746.68
TX_101458,INV_02,2021-06-07,SELL,COMB,70.69,315,169790.42
TX_101459,INV_02,2021-06-08,SELL,DFCC,52.66,377,189443.42
TX_101460,INV_02,2021-06-10,BUY,HNB,113.45,250,160797.11
TX_101461,INV_02,2021-06-15,BUY,NDB,67.95,354,136501.6
TX_101462,INV_02,2021-06-17,BUY,NTB,49.54,413,115835.8
TX_101463,INV_02,2021-06-21,SELL,HAYL,61.96,237,130373.67
TX_101464,INV_02,2021-06-22,SELL,AEL,19.94,745,145080.29
TX_101465,INV_02,2021-06-25,SELL,HAYL,60.15,177,155620.78
TX_101466,INV_02,2021-06-29,SELL,HAYL,59.13,133,163406.45
TX_101467,INV_02,2021-06-30,SELL,COMB,67.98,236,179290.03
TX_101468,INV_02,2021-07-02,SELL,DIAL,9.11,2835,204850.18
TX_101469,INV_02,2021-07-05,SELL,DFCC,50.81,283,219084.5
TX_101470,INV_02,2021-07-07,SELL,DIAL,8.96,2126,237943.2
TX_101471,INV_02,2021-07-09,BUY,COMB,67.44,529,201909.41
TX_101472,INV_02,2021-07-12,SELL,HNB,110.34,297,234352.58
TX_101473,INV_02,2021-07-14,BUY,COMB,67.29,522,198877.08
TX_101474,INV_02,2021-07-15,BUY,CFIN,74.49,400,168782.38
TX_101475,INV_02,2021-07-16,SELL,COMB,67.44,440,198160.27
TX_101476,INV_02,2021-07-20,SELL,COMB,67.06,330,220067.5
TX_101477,INV_02,2021-07-22,BUY,AEL,19.94,1655,186737.09
TX_101478,INV_02,2021-07-23,BUY,HHL,75.6,370,158485.13
TX_101479,INV_02,2021-07-26,SELL,JKH,135.65,66,167348.27
TX_101480,INV_02,2021-07-27,SELL,JKH,134.67,49,173880.89
TX_101481,INV_02,2021-07-28,BUY,CFIN,73.18,356,147568.58
TX_101482,INV_02,2021-07-29,SELL,DFCC,50.39,212,158143.47
TX_101483,INV_02,2021-07-30,SELL,LIOC,17.1,1786,188384.69
TX_101484,INV_02,2021-08-02,BUY,LIOC,16.94,1668,159846.65
TX_101485,INV_02,2021-08-03,SELL,MELS,34.11,450,175041.17
TX_101486,INV_02,2021-08-05,SELL,HNB,106.19,223,198485.08
TX_101487,INV_02,2021-08-06,BUY,LOFC,6.8,4378,168416.97
TX_101488,INV_02,2021-08-09,SELL,LOFC,6.7,4694,199552.27
TX_101489,INV_02,2021-08-10,BUY,COMB,64.12,466,169373.33
TX_101490,INV_02,2021-08-11,BUY,HNB,108.47,234,143736.82
TX_101491,INV_02,2021-08-12,SELL,LIOC,16.2,1757,171921.2
TX_101492,INV_02,2021-08-13,BUY,DFCC,48.87,527,145908.46
TX_101493,INV_02,2021-08-18,SELL,NDB,64.43,221,160004.76
TX_101494,INV_02,2021-08-19,SELL,JKH,130.5,37,164784.81
TX_101495,INV_02,2021-08-20,SELL,HNB,109.72,226,189332.98
TX_101496,INV_02,2021-08-24,BUY,DFCC,50.47,562,160685.47
TX_101497,INV_02,2021-08-25,SELL,DIAL,8.3,1595,173790.19
TX_101498,INV_02,2021-08-27,SELL,CFIN,68.17,534,209831.47
TX_101499,INV_02,2021-08-30,SELL,LIOC,16.86,1317,231811.31
TX_101500,INV_02,2021-09-01,SELL,DIAL,8.08,1196,241376.92
TX_101501,INV_02,2021-09-03,BUY,LOFC,10.2,3549,204815.12
TX_101502,INV_02,2021-09-07,SELL,LFIN,44.57,523,227890.35
TX_101503,INV_02,2021-09-08,SELL,LFIN,43.35,392,244713.04
TX_101504,INV_02,2021-09-09,BUY,COMB,64.97,564,207703.39
TX_101505,INV_02,2021-09-10,SELL,COMB,65.28,505,240339.76
TX_101506,INV_02,2021-09-13,SELL,CFIN,65.71,400,266362.34
TX_101507,INV_02,2021-09-14,SELL,LFIN,44.78,294,279396.45
TX_101508,INV_02,2021-09-15,BUY,LOFC,8.6,4873,237069.57
TX_101509,INV_02,2021-09-16,SELL,LIOC,16.45,988,253158.4
TX_101510,INV_02,2021-09-17,SELL,JKH,127.55,28,256694.14
TX_101511,INV_02,2021-09-20,SELL,NTB,46.0,439,276687.97
TX_101512,INV_02,2021-09-21,SELL,LIOC,16.69,741,288934.69
TX_101513,INV_02,2021-09-27,BUY,HAYL,83.74,517,245207.39
TX_101514,INV_02,2021-09-28,SELL,MELS,38.1,337,257918.68
TX_101515,INV_02,2021-09-29,SELL,HAYL,84.53,229,277081.98
TX_101516,INV_02,2021-10-04,BUY,DIAL,7.93,5239,235111.21
TX_101517,INV_02,2021-10-05,SELL,AEL,19.98,973,254358.13
TX_101518,INV_02,2021-10-06,BUY,LIOC,18.33,2081,215830.01
TX_101519,INV_02,2021-10-07,BUY,JKH,150.36,215,183178.45
TX_101520,INV_02,2021-10-11,BUY,NDB,64.51,425,155486.54
TX_101521,INV_02,2021-10-12,BUY,HHL,69.41,336,131931.55
TX_101522,INV_02,2021-10-13,SELL,DFCC,54.68,431,155260.97
TX_101523,INV_02,2021-10-14,BUY,LFIN,46.64,499,131752.64
TX_101524,INV_02,2021-10-15,BUY,COMB,66.44,297,111823.21
TX_101525,INV_02,2021-10-18,BUY,DFCC,53.75,312,94885.5
TX_101526,INV_02,2021-10-19,SELL,DFCC,53.75,401,116223.73
TX_101527,INV_02,2021-10-21,BUY,CFIN,69.41,251,98628.77
TX_101528,INV_02,2021-10-22,SELL,LFIN,46.79,345,114609.12
TX_101529,INV_02,2021-10-28,BUY,HNB,131.08,131,97265.9
TX_101530,INV_02,2021-10-29,SELL,MELS,37.71,253,106710.42
TX_101531,INV_02,2021-11-01,SELL,MELS,37.31,190,113729.26
TX_101532,INV_02,2021-11-02,BUY,MELS,37.84,450,96531.84
TX_101533,INV_02,2021-11-03,BUY,CFIN,76.21,189,81983.23
TX_101534,INV_02,2021-11-05,BUY,AEL,22.17,554,69577.28
TX_101535,INV_02,2021-11-08,BUY,DIAL,8.08,1291,59043.27
TX_101536,INV_02,2021-11-09,SELL,HNB,140.21,202,87081.67
TX_101537,INV_02,2021-11-10,BUY,AEL,21.82,598,73902.12
TX_101538,INV_02,2021-11-11,BUY,AEL,21.91,505,62727.54
TX_101539,INV_02,2021-11-12,BUY,CFIN,71.95,130,53280.69
TX_101540,INV_02,2021-11-15,BUY,LOFC,30.2,264,45228.16
TX_101541,INV_02,2021-11-19,SELL,DFCC,51.31,301,60518.23
TX_101542,INV_02,2021-11-22,BUY,DIAL,8.08,1123,51355.03
TX_101543,INV_02,2021-11-23,SELL,HAYL,75.72,172,64248.84
TX_101544,INV_02,2021-11-24,SELL,HHL,66.83,399,90648.24
TX_101545,INV_02,2021-11-29,SELL,DIAL,8.23,2810,113531.24
TX_101546,INV_02,2021-11-30,BUY,HHL,64.56,263,96381.23
TX_101547,INV_02,2021-12-01,SELL,LOFC,26.5,5692,245710.85
TX_101548,INV_02,2021-12-02,SELL,LIOC,23.12,1076,270344.15
TX_101549,INV_02,2021-12-03,SELL,HNB,124.24,152,289039.15
TX_101550,INV_02,2021-12-06,BUY,CFIN,72.93,594,245283.68
TX_101551,INV_02,2021-12-07,BUY,CFIN,72.44,507,208188.9
TX_101552,INV_02,2021-12-08,SELL,LFIN,45.86,259,219946.91
TX_101553,INV_02,2021-12-10,BUY,DFCC,50.64,651,186652.08
TX_101554,INV_02,2021-12-13,SELL,NDB,59.14,272,202578.18
TX_101555,INV_02,2021-12-14,BUY,CFIN,78.83,385,171925.89
TX_101556,INV_02,2021-12-15,SELL,NDB,59.31,204,183904.36
TX_101557,INV_02,2021-12-16,SELL,CFIN,79.5,814,247966.52
TX_101558,INV_02,2021-12-17,BUY,HHL,64.75,574,210426.86
TX_101559,INV_02,2021-12-20,SELL,HHL,64.0,508,242611.9
TX_101560,INV_02,2021-12-21,BUY,HAYL,100.84,360,205945.15
TX_101561,INV_02,2021-12-22,BUY,HHL,63.71,484,174799.8
TX_101562,INV_02,2021-12-23,SELL,DIAL,8.01,2108,191506.31
TX_101563,INV_02,2021-12-24,BUY,LIOC,61.78,464,162554.55
TX_101564,INV_02,2021-12-27,SELL,HHL,64.28,502,194500.4
TX_101565,INV_02,2021-12-29,SELL,AEL,27.96,1144,226161.82
TX_101566,INV_02,2021-12-30,SELL,COMB,61.73,453,253843.9
TX_101567,INV_02,2022-01-03,BUY,HHL,63.33,601,215399.13
TX_101568,INV_02,2022-01-04,BUY,DFCC,49.29,655,182790.07
TX_101569,INV_02,2022-01-05,SELL,NTB,45.5,329,197609.4
TX_101570,INV_02,2022-01-07,BUY,NDB,58.89,503,167690.69
TX_101571,INV_02,2022-01-10,SELL,LFIN,50.23,194,177337.28
TX_101572,INV_02,2022-01-11,BUY,CFIN,80.66,329,150533.7
TX_101573,INV_02,2022-01-12,SELL,NDB,59.9,279,167078.21
TX_101574,INV_02,2022-01-14,SELL,LIOC,53.51,923,215971.66
TX_101575,INV_02,2022-01-18,BUY,DIAL,8.81,3675,183259.18
TX_101576,INV_02,2022-01-20,SELL,LFIN,61.76,146,192186.36
TX_101577,INV_02,2022-01-21,SELL,LIOC,57.47,692,231560.67
TX_101578,INV_02,2022-01-24,SELL,COMB,65.28,340,253533.67
TX_101579,INV_02,2022-01-25,SELL,LIOC,54.69,519,281633.4
TX_101580,INV_02,2022-01-26,SELL,MELS,41.62,255,292139.28
TX_101581,INV_02,2022-01-27,SELL,DFCC,51.31,552,320179.54
TX_101582,INV_02,2022-01-28,SELL,DIAL,7.93,2499,339803.14
TX_101583,INV_02,2022-02-01,BUY,LFIN,54.46,936,288323.51
TX_101584,INV_02,2022-02-02,SELL,CFIN,78.99,693,342519.55
TX_101585,INV_02,2022-02-03,BUY,LFIN,55.57,924,290658.52
TX_101586,INV_02,2022-02-04,SELL,DFCC,51.31,414,311688.72
TX_101587,INV_02,2022-02-07,SELL,LIOC,58.32,390,334205.3
TX_101588,INV_02,2022-02-08,SELL,HAYL,98.48,219,355557.77
TX_101589,INV_02,2022-02-09,SELL,LIOC,55.53,292,371611.23
TX_101590,INV_02,2022-02-10,BUY,NDB,56.96,978,315345.18
TX_101591,INV_02,2022-02-14,SELL,JKH,153.65,75,326753.89
TX_101592,INV_02,2022-02-15,BUY,LOFC,26.6,1842,277266.72
TX_101593,INV_02,2022-02-16,BUY,LIOC,54.86,758,235268.73
TX_101594,INV_02,2022-02-17,BUY,DIAL,8.59,4106,199633.49
TX_101595,INV_02,2022-02-18,SELL,AEL,25.68,858,221444.14
TX_101596,INV_02,2022-02-21,SELL,CFIN,75.83,520,260478.89
TX_101597,INV_02,2022-02-22,BUY,MELS,37.08,1053,221047.68
TX_101598,INV_02,2022-02-23,SELL,LOFC,20.3,4730,316106.49
TX_101599,INV_02,2022-02-24,SELL,HHL,58.32,527,346536.18
TX_101600,INV_02,2022-02-25,BUY,HNB,112.21,463,294065.15
TX_101601,INV_02,2022-03-01,BUY,NTB,45.58,967,249545.81
TX_101602,INV_02,2022-03-02,SELL,COMB,62.81,255,265401.47
TX_101603,INV_02,2022-03-03,SELL,COMB,62.81,191,277277.68
TX_101604,INV_02,2022-03-04,SELL,COMB,62.81,143,286169.29
TX_101605,INV_02,2022-03-07,SELL,HAYL,78.55,164,298922.97
TX_101606,INV_02,2022-03-08,SELL,DIAL,8.3,2901,322757.96
TX_101607,INV_02,2022-03-09,SELL,DFCC,46.32,311,337019.95
TX_101608,INV_02,2022-03-10,BUY,DIAL,8.23,6145,285967.73
TX_101609,INV_02,2022-03-11,SELL,NTB,46.28,489,308371.53
TX_101610,INV_02,2022-03-14,SELL,CFIN,69.24,390,335103.25
TX_101611,INV_02,2022-03-15,SELL,DFCC,45.08,233,345502.81
TX_101612,INV_02,2022-03-16,SELL,MELS,32.6,454,360157.31
TX_101613,INV_02,2022-03-17,SELL,DIAL,8.08,3712,389845.88
TX_101614,INV_02,2022-03-18,BUY,JKH,153.65,380,330873.99
TX_101615,INV_02,2022-03-21,SELL,HNB,110.34,229,355889.09
TX_101616,INV_02,2022-03-22,SELL,DFCC,46.68,175,363975.59
TX_101617,INV_02,2022-03-23,SELL,NDB,52.85,454,387730.21
TX_101618,INV_02,2022-03-24,SELL,COMB,59.49,107,394031.48
TX_101619,INV_02,2022-03-25,SELL,LFIN,48.28,574,421467.36
TX_101620,INV_02,2022-03-28,SELL,LFIN,48.35,431,442099.92
TX_101621,INV_02,2022-03-29,SELL,NDB,48.74,340,458506.06
TX_101622,INV_02,2022-03-30,BUY,LOFC,12.4,5546,389047.96
TX_101623,INV_02,2022-03-31,BUY,HAYL,62.89,927,330164.44
TX_101624,INV_02,2022-04-01,SELL,LOFC,10.4,4934,380964.9
TX_101625,INV_02,2022-04-04,SELL,DFCC,44.38,131,386720.14
TX_101626,INV_02,2022-04-05,BUY,NDB,52.92,1096,328144.54
TX_101627,INV_02,2022-04-06,SELL,COMB,52.28,81,332336.56
TX_101628,INV_02,2022-04-07,SELL,NDB,49.28,529,358144.43
TX_101629,INV_02,2022-04-08,SELL,MELS,27.77,341,367519.17
TX_101630,INV_02,2022-04-11,SELL,NDB,48.55,397,386601.38
TX_101631,INV_02,2022-04-12,SELL,JKH,137.7,151,407185.9
TX_101632,INV_02,2022-04-13,SELL,CFIN,51.05,292,421943.6
TX_101633,INV_02,2022-04-15,BUY,JKH,137.7,459,358108.05
TX_101634,INV_02,2022-04-19,SELL,HNB,85.17,172,372611.24
TX_101635,INV_02,2022-04-21,BUY,JKH,137.7,405,316285.75
TX_101636,INV_02,2022-04-25,SELL,JKH,127.88,329,357937.62
TX_101637,INV_02,2022-04-26,SELL,CFIN,42.96,219,367251.61
TX_101638,INV_02,2022-04-27,SELL,DFCC,38.28,98,370965.27
TX_101639,INV_02,2022-05-02,SELL,DIAL,6.61,2784,389183.26
TX_101640,INV_02,2022-05-03,BUY,NDB,42.91,1360,330235.93
TX_101641,INV_02,2022-05-05,SELL,LIOC,28.78,409,341888.92
TX_101642,INV_02,2022-05-06,SELL,HHL,37.72,395,356638.23
TX_101643,INV_02,2022-05-09,BUY,JKH,122.48,436,302702.8
TX_101644,INV_02,2022-05-11,SELL,CFIN,50.05,164,310828.85
TX_101645,INV_02,2022-05-12,BUY,DFCC,36.33,1283,263748.11
TX_101646,INV_02,2022-05-13,BUY,AEL,10.87,3640,223797.55
TX_101647,INV_02,2022-05-17,BUY,LIOC,35.45,947,189893.99
TX_101648,INV_02,2022-05-18,SELL,HNB,74.1,129,199357.56
TX_101649,INV_02,2022-05-19,SELL,LOFC,9.1,3700,232690.86
TX_101650,INV_02,2022-05-20,BUY,AEL,11.22,3111,197444.85
TX_101651,INV_02,2022-05-25,SELL,DFCC,35.71,395,211410.7
TX_101652,INV_02,2022-05-26,BUY,LIOC,53.34,594,179410.74
TX_101653,INV_02,2022-05-27,SELL,COMB,45.17,60,182094.12
TX_101654,INV_02,2022-05-30,SELL,DFCC,36.07,296,192663.28
TX_101655,INV_02,2022-05-31,SELL,NDB,33.37,638,213739.07
TX_101656,INV_02,2022-06-01,SELL,HAYL,54.47,355,232881.81
TX_101657,INV_02,2022-06-03,SELL,LOFC,8.5,2775,256233.44
TX_101658,INV_02,2022-06-06,SELL,LIOC,50.64,692,290924.46
TX_101659,INV_02,2022-06-07,SELL,NDB,32.0,478,306069.4
TX_101660,INV_02,2022-06-09,BUY,MELS,29.96,1532,259717.6
TX_101661,INV_02,2022-06-13,SELL,LFIN,35.19,323,270969.5
TX_101662,INV_02,2022-06-14,SELL,HHL,42.54,297,283477.01
TX_101663,INV_02,2022-06-15,SELL,LFIN,34.89,242,291835.94
TX_101664,INV_02,2022-06-16,SELL,HNB,68.75,97,298437.54
TX_101665,INV_02,2022-06-17,SELL,DIAL,7.12,2088,313163.74
TX_101666,INV_02,2022-06-20,SELL,COMB,43.04,45,315080.99
TX_101667,INV_02,2022-06-22,BUY,JKH,121.55,388,267448.99
TX_101668,INV_02,2022-06-23,SELL,NDB,31.73,359,278726.6
TX_101669,INV_02,2022-06-24,BUY,CFIN,50.05,835,236517.3
TX_101670,INV_02,2022-06-27,SELL,AEL,8.94,2331,257140.22
TX_101671,INV_02,2022-06-28,BUY,CFIN,48.38,797,218194.76
TX_101672,INV_02,2022-07-01,SELL,CFIN,50.11,531,244536.64
TX_101673,INV_02,2022-07-05,SELL,NDB,30.82,269,252744.86
TX_101674,INV_02,2022-07-06,SELL,CFIN,48.64,399,271958.32
TX_101675,INV_02,2022-07-07,SELL,LFIN,29.88,182,277341.86
TX_101676,INV_02,2022-07-08,BUY,JKH,120.07,346,235380.77
TX_101677,INV_02,2022-07-11,SELL,CFIN,49.85,299,250136.86
TX_101678,INV_02,2022-07-14,SELL,NDB,31.55,202,256446.11
TX_101679,INV_02,2022-07-15,BUY,JKH,119.83,321,217596.5
TX_101680,INV_02,2022-07-18,SELL,LOFC,7.6,2082,233261.47
TX_101681,INV_02,2022-07-25,SELL,NDB,32.28,151,238086.52
TX_101682,INV_02,2022-07-26,BUY,JKH,117.62,303,202091.71
TX_101683,INV_02,2022-07-27,SELL,CFIN,52.01,224,213625.41
TX_101684,INV_02,2022-07-28,BUY,HHL,42.73,749,181297.53
TX_101685,INV_02,2022-08-01,BUY,HHL,43.02,632,153836.87
TX_101686,INV_02,2022-08-04,BUY,HNB,77.23,298,130593.17
TX_101687,INV_02,2022-08-05,BUY,LFIN,33.55,583,110840.72
TX_101688,INV_02,2022-08-08,BUY,CFIN,55.38,300,94060.81
TX_101689,INV_02,2022-08-10,BUY,HHL,50.17,281,79820.83
TX_101690,INV_02,2022-08-11,BUY,AEL,11.82,1012,67736.93
TX_101691,INV_02,2022-08-12,BUY,LFIN,33.23,305,57499.45
TX_101692,INV_02,2022-08-15,SELL,HNB,76.07,147,68569.35
TX_101693,INV_02,2022-08-16,BUY,DIAL,7.12,1445,58183.33
TX_101694,INV_02,2022-08-17,SELL,MELS,37.9,638,82122.21
TX_101695,INV_02,2022-08-18,BUY,LIOC,162.04,76,69683.92
TX_101696,INV_02,2022-08-19,SELL,NDB,30.64,114,73141.97
TX_101697,INV_02,2022-08-22,SELL,DIAL,7.12,1927,86718.13
TX_101698,INV_02,2022-08-23,SELL,AEL,11.73,2001,109953.75
TX_101699,INV_02,2022-08-24,BUY,HHL,49.13,335,93332.28
TX_101700,INV_02,2022-08-25,SELL,DFCC,29.97,222,99918.58
TX_101701,INV_02,2022-08-26,SELL,CFIN,55.55,243,113282.74
TX_101702,INV_02,2022-08-29,SELL,CFIN,55.38,182,123260.97
TX_101703,INV_02,2022-08-31,BUY,CFIN,55.72,331,104631.6
TX_101704,INV_02,2022-09-01,BUY,LIOC,165.92,94,88879.16
TX_101705,INV_02,2022-09-06,BUY,LFIN,33.94,392,75443.49
TX_101706,INV_02,2022-09-08,BUY,HNB,70.8,159,64073.94
TX_101707,INV_02,2022-09-09,BUY,LIOC,202.34,47,54469.04
TX_101708,INV_02,2022-09-13,BUY,LIOC,224.53,36,46305.11
TX_101709,INV_02,2022-09-15,SELL,MELS,42.27,479,66351.83
TX_101710,INV_02,2022-09-16,SELL,COMB,49.02,34,68002.01
TX_101711,INV_02,2022-09-19,SELL,MELS,41.55,359,82767.55
TX_101712,INV_02,2022-09-20,BUY,HHL,59.9,207,70243.42
TX_101713,INV_02,2022-09-21,BUY,DFCC,32.71,322,59606.1
TX_101714,INV_02,2022-09-22,BUY,AEL,10.98,813,50586.33
TX_101715,INV_02,2022-09-23,SELL,COMB,46.2,26,51775.56
TX_101716,INV_02,2022-09-26,SELL,MELS,38.85,269,62121.24
TX_101717,INV_02,2022-09-28,SELL,AEL,10.89,1704,80494.75
TX_101718,INV_02,2022-10-03,SELL,AEL,10.8,1278,94157.1
TX_101719,INV_02,2022-10-04,SELL,LIOC,205.35,582,212475.58
TX_101720,INV_02,2022-10-05,SELL,DFCC,31.65,247,220214.29
TX_101721,INV_02,2022-10-06,SELL,CFIN,58.4,220,232934.48
TX_101722,INV_02,2022-10-07,SELL,MELS,36.52,202,240236.94
TX_101723,INV_02,2022-10-11,SELL,LFIN,31.28,456,254359.29
TX_101724,INV_02,2022-10-12,SELL,JKH,126.21,695,341200.04
TX_101725,INV_02,2022-10-13,BUY,NTB,43.86,1166,289546.13
TX_101726,INV_02,2022-10-14,BUY,HAYL,69.43,625,245715.73
TX_101727,INV_02,2022-10-17,SELL,NDB,34.1,85,248584.84
TX_101728,INV_02,2022-10-18,SELL,AEL,10.15,959,258218.28
TX_101729,INV_02,2022-10-20,SELL,HNB,69.46,150,268533.01
TX_101730,INV_02,2022-10-21,SELL,MELS,33.02,152,273501.47
TX_101731,INV_02,2022-10-24,BUY,HHL,50.75,808,232088.12
TX_101732,INV_02,2022-10-25,SELL,NTB,41.62,658,259202.6
TX_101733,INV_02,2022-10-27,BUY,LFIN,31.59,1230,219952.19
TX_101734,INV_02,2022-10-28,SELL,DIAL,6.87,1446,229780.04
TX_101735,INV_02,2022-10-31,SELL,COMB,42.95,19,230587.94
TX_101736,INV_02,2022-11-01,SELL,HNB,68.75,113,238278.46
TX_101737,INV_02,2022-11-02,SELL,LIOC,153.2,436,304404.63
TX_101738,INV_02,2022-11-03,SELL,DFCC,30.5,185,309990.36
TX_101739,INV_02,2022-11-04,BUY,DFCC,30.5,1524,263046.49
TX_101740,INV_02,2022-11-07,BUY,DFCC,30.5,1293,223218.13
TX_101741,INV_02,2022-11-08,SELL,NDB,31.91,64,225240.15
TX_101742,INV_02,2022-11-11,SELL,HNB,66.07,84,230734.26
TX_101743,INV_02,2022-11-14,SELL,NDB,31.09,48,232211.89
TX_101744,INV_02,2022-11-15,BUY,JKH,138.98,250,197119.07
TX_101745,INV_02,2022-11-16,SELL,AEL,9.31,719,203745.28
TX_101746,INV_02,2022-11-17,SELL,LFIN,30.11,650,223122.81
TX_101747,INV_02,2022-11-18,SELL,HAYL,52.83,422,245195.06
TX_101748,INV_02,2022-11-21,SELL,NTB,40.55,494,265026.19
TX_101749,INV_02,2022-11-22,BUY,DFCC,28.11,1414,224879.35
TX_101750,INV_02,2022-11-24,SELL,LFIN,30.42,487,239548.04
TX_101751,INV_02,2022-11-25,BUY,HNB,67.85,529,203295.18
TX_101752,INV_02,2022-11-28,BUY,MELS,35.14,867,172520.41
TX_101753,INV_02,2022-12-01,SELL,DIAL,7.54,1084,180606.68
TX_101754,INV_02,2022-12-02,BUY,LOFC,7.9,3429,153246.69
TX_101755,INV_02,2022-12-05,SELL,MELS,36.76,330,165255.92
TX_101756,INV_02,2022-12-06,BUY,LIOC,181.45,136,140332.4
TX_101757,INV_02,2022-12-07,SELL,LFIN,31.36,365,151664.66
TX_101758,INV_02,2022-12-08,BUY,JKH,146.7,155,128699.25
TX_101759,INV_02,2022-12-09,SELL,CFIN,55.47,165,137759.57
TX_101760,INV_02,2022-12-12,BUY,COMB,43.46,475,116907.88
TX_101761,INV_02,2022-12-13,SELL,COMB,44.49,133,122765.93
TX_101762,INV_02,2022-12-15,SELL,DFCC,29.44,1197,157649.99
TX_101763,INV_02,2022-12-16,SELL,HAYL,57.74,317,175770.29
TX_101764,INV_02,2022-12-19,SELL,NTB,42.25,370,191246.55
TX_101765,INV_02,2022-12-20,SELL,JKH,137.11,623,275814.19
TX_101766,INV_02,2022-12-21,SELL,CFIN,56.13,123,282649.49
TX_101767,INV_02,2022-12-22,SELL,CFIN,56.67,93,287867.26
TX_101768,INV_02,2022-12-23,SELL,DIAL,7.2,813,293662.42
TX_101769,INV_02,2022-12-27,BUY,MELS,35.76,1231,249202.3
TX_101770,INV_02,2022-12-29,SELL,HHL,53.78,975,301118.03
TX_101771,INV_02,2022-12-30,SELL,DIAL,7.12,610,305415.62
TX_101772,INV_02,2023-01-02,BUY,LIOC,176.88,258,259323.36
TX_101773,INV_02,2023-01-03,BUY,MELS,36.68,1060,220051.28
TX_101774,INV_02,2023-01-04,SELL,DIAL,7.12,457,223270.95
TX_101775,INV_02,2023-01-05,BUY,DFCC,27.4,1222,189448.3
TX_101776,INV_02,2023-01-06,BUY,HHL,55.31,513,160788.83
TX_101777,INV_02,2023-01-09,SELL,LIOC,166.89,426,231171.97
TX_101778,INV_02,2023-01-10,SELL,MELS,35.37,821,259924.39
TX_101779,INV_02,2023-01-11,SELL,HAYL,53.24,238,272469.07
TX_101780,INV_02,2023-01-12,SELL,NTB,41.18,278,283801.55
TX_101781,INV_02,2023-01-16,BUY,LOFC,7.0,6081,240808.88
TX_101782,INV_02,2023-01-18,SELL,COMB,43.12,100,245077.9
TX_101783,INV_02,2023-01-19,SELL,LFIN,30.42,274,253330.91
TX_101784,INV_02,2023-01-20,SELL,JKH,135.15,467,315813.87
TX_101785,INV_02,2023-01-23,BUY,MELS,37.45,1264,268002.02
TX_101786,INV_02,2023-01-24,SELL,COMB,47.91,75,271559.54
TX_101787,INV_02,2023-01-25,BUY,LIOC,175.58,231,230595.07
TX_101788,INV_02,2023-01-26,SELL,HNB,74.91,196,245129.73
TX_101789,INV_02,2023-01-27,BUY,HNB,75.44,487,208022.49
TX_101790,INV_02,2023-01-30,BUY,HHL,56.84,548,176561.7
TX_101791,INV_02,2023-01-31,SELL,COMB,48.08,56,179227.46
TX_101792,INV_02,2023-02-01,SELL,COMB,50.56,42,181329.95
TX_101793,INV_02,2023-02-02,BUY,CFIN,59.37,458,153868.37
TX_101794,INV_02,2023-02-03,BUY,CFIN,61.16,377,130579.56
TX_101795,INV_02,2023-02-06,SELL,HAYL,58.23,178,140840.84
TX_101796,INV_02,2023-02-07,SELL,JKH,143.01,350,190394.19
TX_101797,INV_02,2023-02-08,BUY,COMB,52.79,541,161549.48
TX_101798,INV_02,2023-02-10,SELL,NTB,50.13,208,171871.72
TX_101799,INV_02,2023-02-13,SELL,HNB,87.05,268,194967.15
TX_101800,INV_02,2023-02-14,SELL,COMB,50.14,167,203256.33
TX_101801,INV_02,2023-02-15,SELL,NTB,50.22,156,211011.83
TX_101802,INV_02,2023-02-16,BUY,NDB,31.09,1017,179072.17
TX_101803,INV_02,2023-02-17,SELL,NTB,51.74,117,185065.06
TX_101804,INV_02,2023-02-20,BUY,NDB,34.91,795,157031.28
TX_101805,INV_02,2023-02-21,BUY,HNB,102.67,229,133284.41
TX_101806,INV_02,2023-02-22,SELL,DIAL,7.37,343,135786.22
TX_101807,INV_02,2023-02-27,SELL,CFIN,63.14,278,153163.13
TX_101808,INV_02,2023-02-28,SELL,HHL,61.05,997,213416.59
TX_101809,INV_02,2023-03-01,BUY,LIOC,172.97,185,181096.78
TX_101810,INV_02,2023-03-03,BUY,HAYL,61.99,438,153672.77
TX_101811,INV_02,2023-03-06,BUY,HAYL,61.99,371,130443.75
TX_101812,INV_02,2023-03-07,BUY,NTB,63.02,310,110713.04
TX_101813,INV_02,2023-03-08,SELL,HHL,64.87,748,158747.99
TX_101814,INV_02,2023-03-09,SELL,JKH,140.11,263,195228.68
TX_101815,INV_02,2023-03-10,SELL,LFIN,42.91,206,203979.08
TX_101816,INV_02,2023-03-13,SELL,CFIN,68.17,209,218083.67
TX_101817,INV_02,2023-03-14,SELL,MELS,45.27,931,259811.13
TX_101818,INV_02,2023-03-15,BUY,HAYL,63.3,615,220492.0
TX_101819,INV_02,2023-03-16,SELL,NTB,62.38,165,230682.26
TX_101820,INV_02,2023-03-17,BUY,HAYL,66.24,522,195756.7
TX_101821,INV_02,2023-03-20,SELL,DFCC,43.07,1203,247057.23
TX_101822,INV_02,2023-03-21,SELL,HAYL,65.59,620,287316.66
TX_101823,INV_02,2023-03-22,SELL,HNB,119.86,259,318049.37
TX_101824,INV_02,2023-03-23,SELL,NDB,41.37,489,338076.44
TX_101825,INV_02,2023-03-24,BUY,COMB,56.47,898,286860.63
TX_101826,INV_02,2023-03-27,SELL,HAYL,64.09,465,316362.48
TX_101827,INV_02,2023-03-28,SELL,COMB,56.04,350,335780.59
TX_101828,INV_02,2023-03-29,BUY,CFIN,65.2,772,284939.76
TX_101829,INV_02,2023-03-30,SELL,LIOC,150.59,423,348002.28
TX_101830,INV_02,2023-03-31,SELL,NDB,40.82,367,362834.61
TX_101831,INV_02,2023-04-03,SELL,LOFC,6.0,3939,386232.27
TX_101832,INV_02,2023-04-04,SELL,HNB,115.41,194,408398.22
TX_101833,INV_02,2023-04-05,BUY,HAYL,63.47,965,346535.22
TX_101834,INV_02,2023-04-06,BUY,JKH,136.42,381,294037.97
TX_101835,INV_02,2023-04-07,SELL,HNB,116.81,145,310805.71
TX_101836,INV_02,2023-04-10,SELL,NTB,58.87,124,318032.56
TX_101837,INV_02,2023-04-11,SELL,HNB,114.48,109,330386.19
TX_101838,INV_02,2023-04-12,SELL,MELS,43.29,699,360341.31
TX_101839,INV_02,2023-04-13,BUY,LIOC,154.72,349,305804.55
TX_101840,INV_02,2023-04-14,SELL,MELS,43.29,524,328260.18
TX_101841,INV_02,2023-04-17,BUY,DFCC,40.76,1208,278531.26
TX_101842,INV_02,2023-04-18,SELL,JKH,132.74,292,316902.79
TX_101843,INV_02,2023-04-19,SELL,LIOC,151.46,405,377630.31
TX_101844,INV_02,2023-04-20,BUY,AEL,13.96,4056,320428.2
TX_101845,INV_02,2023-04-24,SELL,HHL,61.14,561,354385.16
TX_101846,INV_02,2023-04-26,SELL,HAYL,61.02,590,390025.36
TX_101847,INV_02,2023-04-27,SELL,HNB,107.03,82,398714.46
TX_101848,INV_02,2023-04-28,BUY,DIAL,9.21,6494,338310.21
TX_101849,INV_02,2023-05-01,SELL,NDB,39.73,275,349127.32
TX_101850,INV_02,2023-05-02,SELL,AEL,12.66,1553,368591.99
TX_101851,INV_02,2023-05-05,SELL,DIAL,9.21,1881,385741.74
TX_101852,INV_02,2023-05-08,BUY,DFCC,37.33,1549,327337.3
TX_101853,INV_02,2023-05-09,SELL,LIOC,133.64,304,367557.7
TX_101854,INV_02,2023-05-11,BUY,HHL,60.28,914,311909.94
TX_101855,INV_02,2023-05-12,BUY,LIOC,125.6,372,264719.43
TX_101856,INV_02,2023-05-15,SELL,DFCC,40.3,1591,328188.58
TX_101857,INV_02,2023-05-16,SELL,NTB,61.72,93,333870.98
TX_101858,INV_02,2023-05-19,SELL,LIOC,119.95,321,371990.01
TX_101859,INV_02,2023-05-22,SELL,CFIN,57.48,349,391849.95
TX_101860,INV_02,2023-05-23,SELL,MELS,42.49,393,408382.65
TX_101861,INV_02,2023-05-25,SELL,CFIN,59.28,262,423757.74
TX_101862,INV_02,2023-05-29,SELL,MELS,41.86,295,435982.21
TX_101863,INV_02,2023-05-30,SELL,MELS,42.1,221,445192.33
TX_101864,INV_02,2023-05-31,BUY,NDB,39.94,1671,377782.66
TX_101865,INV_02,2023-06-01,BUY,COMB,52.45,1080,320566.47
TX_101866,INV_02,2023-06-02,SELL,NTB,62.1,70,324869.87
TX_101867,INV_02,2023-06-05,SELL,COMB,52.63,532,352591.46
TX_101868,INV_02,2023-06-06,BUY,COMB,52.54,1006,299203.59
TX_101869,INV_02,2023-06-07,BUY,LIOC,113.87,394,253891.77
TX_101870,INV_02,2023-06-08,SELL,AEL,13.68,1165,269674.42
TX_101871,INV_02,2023-06-09,BUY,LOFC,5.1,7931,228821.84
TX_101872,INV_02,2023-06-14,BUY,LIOC,112.34,305,194214.01
TX_101873,INV_02,2023-06-15,SELL,LFIN,46.18,154,201254.19
TX_101874,INV_02,2023-06-16,SELL,HAYL,63.12,443,228937.32
TX_101875,INV_02,2023-06-19,SELL,HNB,125.65,61,236525.3
TX_101876,INV_02,2023-06-23,SELL,COMB,60.7,651,275644.17
TX_101877,INV_02,2023-06-27,BUY,DFCC,41.59,994,233887.85
TX_101878,INV_02,2023-06-28,BUY,HHL,66.49,527,198496.92
TX_101879,INV_02,2023-06-29,BUY,DFCC,43.17,689,168457.29
TX_101880,INV_02,2023-06-30,BUY,CFIN,66.73,378,142980.82
TX_101881,INV_02,2023-07-03,SELL,AEL,15.45,874,156351.58
TX_101882,INV_02,2023-07-04,BUY,LOFC,6.1,3844,132668.7
TX_101883,INV_02,2023-07-05,BUY,HHL,71.09,279,112635.58
TX_101884,INV_02,2023-07-06,SELL,CFIN,76.53,291,134682.11
TX_101885,INV_02,2023-07-07,BUY,NDB,57.43,351,114323.36
TX_101886,INV_02,2023-07-10,SELL,LIOC,120.29,415,163742.46
TX_101887,INV_02,2023-07-11,BUY,LOFC,6.0,4093,138938.88
TX_101888,INV_02,2023-07-13,SELL,MELS,58.25,166,148511.13
TX_101889,INV_02,2023-07-14,BUY,DFCC,51.5,432,126038.81
TX_101890,INV_02,2023-07-17,BUY,HHL,70.23,269,106958.64
TX_101891,INV_02,2023-07-18,SELL,NTB,83.94,52,111279.71
TX_101892,INV_02,2023-07-21,BUY,HAYL,79.08,211,94427.61
TX_101893,INV_02,2023-07-24,SELL,LOFC,6.0,6921,135538.35
TX_101894,INV_02,2023-07-25,SELL,HAYL,77.41,385,165043.67
TX_101895,INV_02,2023-07-26,BUY,HNB,163.81,151,140061.01
TX_101896,INV_02,2023-07-27,SELL,CFIN,88.94,218,159256.84
TX_101897,INV_02,2023-07-28,BUY,LOFC,6.1,3916,135130.37
TX_101898,INV_02,2023-07-31,BUY,COMB,84.16,240,114729.73
TX_101899,INV_02,2023-08-02,BUY,LIOC,119.59,143,97457.2
TX_101900,INV_02,2023-08-03,BUY,LOFC,6.0,2436,82695.04
TX_101901,INV_02,2023-08-04,SELL,JKH,181.23,219,121986.97
TX_101902,INV_02,2023-08-07,SELL,LIOC,110.11,347,159812.05
TX_101903,INV_02,2023-08-11,SELL,HHL,77.91,918,230621.27
TX_101904,INV_02,2023-08-14,SELL,HAYL,78.64,288,253042.73
TX_101905,INV_02,2023-08-15,SELL,LIOC,110.8,260,281562.91
TX_101906,INV_02,2023-08-16,BUY,DFCC,81.05,521,238911.32
TX_101907,INV_02,2023-08-17,BUY,LFIN,61.49,582,202767.6
TX_101908,INV_02,2023-08-18,SELL,DIAL,9.63,1411,216216.94
TX_101909,INV_02,2023-08-21,SELL,LOFC,5.4,6779,252457.48
TX_101910,INV_02,2023-08-22,SELL,DIAL,9.54,1058,262454.41
TX_101911,INV_02,2023-08-23,BUY,DFCC,83.28,472,222754.35
TX_101912,INV_02,2023-08-24,SELL,HNB,163.34,84,236338.09
TX_101913,INV_02,2023-08-25,BUY,DIAL,9.46,3747,200534.66
TX_101914,INV_02,2023-08-28,SELL,DFCC,81.98,1971,360502.67
TX_101915,INV_02,2023-08-30,SELL,LIOC,107.1,195,381178.32
TX_101916,INV_02,2023-08-31,SELL,NDB,66.41,712,427989.33
TX_101917,INV_02,2023-09-01,BUY,CFIN,108.08,594,363150.62
TX_101918,INV_02,2023-09-04,BUY,DIAL,9.54,5707,308136.37
TX_101919,INV_02,2023-09-05,SELL,LFIN,58.16,261,323163.6
TX_101920,INV_02,2023-09-06,SELL,LOFC,5.3,5084,349839.35
TX_101921,INV_02,2023-09-08,SELL,HNB,165.21,63,360143.25
TX_101922,INV_02,2023-09-11,SELL,HNB,162.88,47,367722.02
TX_101923,INV_02,2023-09-12,SELL,NTB,107.29,39,371864.68
TX_101924,INV_02,2023-09-18,SELL,NDB,66.03,534,406770.88
TX_101925,INV_02,2023-09-19,SELL,LFIN,56.45,196,417724.27
TX_101926,INV_02,2023-09-20,SELL,MELS,72.39,124,426611.14
TX_101927,INV_02,2023-09-21,SELL,LOFC,5.1,3813,445862.98
TX_101928,INV_02,2023-09-25,SELL,JKH,187.87,165,476551.01
TX_101929,INV_02,2023-09-26,SELL,HAYL,81.97,216,494079.49
TX_101930,INV_02,2023-09-27,BUY,LFIN,56.96,1301,419231.44
TX_101931,INV_02,2023-09-28,BUY,HAYL,81.53,771,355741.87
TX_101932,INV_02,2023-10-02,SELL,HNB,156.83,35,361176.01
TX_101933,INV_02,2023-10-03,SELL,AEL,17.78,655,372705.53
TX_101934,INV_02,2023-10-04,BUY,HNB,154.74,361,316287.5
TX_101935,INV_02,2023-10-05,SELL,COMB,79.0,548,359145.06
TX_101936,INV_02,2023-10-06,SELL,LFIN,55.51,472,385083.67
TX_101937,INV_02,2023-10-09,SELL,DFCC,75.5,1478,495551.36
TX_101938,INV_02,2023-10-10,SELL,DFCC,75.31,1108,578161.54
TX_101939,INV_02,2023-10-11,SELL,DIAL,8.79,3157,605636.7
TX_101940,INV_02,2023-10-12,BUY,DFCC,75.77,1198,513951.43
TX_101941,INV_02,2023-10-13,SELL,NDB,59.15,400,537373.97
TX_101942,INV_02,2023-10-16,SELL,LFIN,52.78,354,555870.19
TX_101943,INV_02,2023-10-17,SELL,HNB,153.34,117,573631.47
TX_101944,INV_02,2023-10-19,BUY,JKH,187.87,458,486728.05
TX_101945,INV_02,2023-10-23,SELL,MELS,66.4,93,492841.6
TX_101946,INV_02,2023-10-24,SELL,COMB,76.91,411,524136.97
TX_101947,INV_02,2023-10-25,SELL,HNB,152.87,88,537455.33
TX_101948,INV_02,2023-10-26,SELL,NTB,95.19,30,540282.43
TX_101949,INV_02,2023-10-30,SELL,HNB,153.57,66,550316.82
TX_101950,INV_02,2023-10-31,SELL,HNB,152.41,49,557710.15
TX_101951,INV_02,2023-11-01,BUY,LFIN,54.14,1545,473222.12
TX_101952,INV_02,2023-11-03,SELL,DIAL,8.2,2368,492456.76
TX_101953,INV_02,2023-11-08,BUY,NTB,100.65,733,417943.83
TX_101954,INV_02,2023-11-10,SELL,COMB,77.91,308,441700.17
TX_101955,INV_02,2023-11-13,BUY,LOFC,4.9,13521,374784.74
TX_101956,INV_02,2023-11-14,SELL,NDB,63.54,300,393657.1
TX_101957,INV_02,2023-11-15,SELL,HHL,68.4,688,440247.32
TX_101958,INV_02,2023-11-16,SELL,COMB,76.55,231,457753.81
TX_101959,INV_02,2023-11-17,SELL,MELS,69.0,70,462535.63
TX_101960,INV_02,2023-11-20,SELL,COMB,75.19,173,475413.82
TX_101961,INV_02,2023-11-21,SELL,CFIN,96.58,312,505244.82
TX_101962,INV_02,2023-11-23,SELL,JKH,184.47,238,548710.14
TX_101963,INV_02,2023-11-27,SELL,LIOC,94.15,147,562411.23
TX_101964,INV_02,2023-11-28,SELL,CFIN,95.89,234,584624.67
TX_101965,INV_02,2023-11-30,BUY,COMB,78.91,1111,496082.77
TX_101966,INV_02,2023-12-01,SELL,AEL,17.5,492,504607.09
TX_101967,INV_02,2023-12-04,SELL,DIAL,7.62,1776,518002.64
TX_101968,INV_02,2023-12-05,SELL,DFCC,74.29,1131,601186.72
TX_101969,INV_02,2023-12-12,BUY,HNB,156.83,575,510108.03
TX_101970,INV_02,2023-12-13,SELL,DFCC,75.87,848,573799.75
TX_101971,INV_02,2023-12-14,SELL,CFIN,95.66,176,590467.22
TX_101972,INV_02,2023-12-15,SELL,HHL,67.33,516,624860.27
TX_101973,INV_02,2023-12-18,BUY,NTB,98.27,953,530268.14
TX_101974,INV_02,2023-12-19,SELL,DFCC,73.27,636,576403.81
TX_101975,INV_02,2023-12-20,BUY,JKH,185.46,466,489117.11
TX_101976,INV_02,2023-12-21,BUY,AEL,18.15,4041,415029.39
TX_101977,INV_02,2023-12-22,SELL,LFIN,52.95,652,449206.13
TX_101978,INV_02,2023-12-25,SELL,AEL,18.43,1379,474369.34
TX_101979,INV_02,2023-12-26,SELL,NDB,61.63,225,488097.91
TX_101980,INV_02,2023-12-27,SELL,HHL,65.4,387,513155.71
TX_101981,INV_02,2023-12-28,BUY,AEL,19.18,4013,435430.98
TX_101982,INV_02,2023-12-29,BUY,LIOC,94.38,692,369468.67
TX_101983,INV_02,2024-01-01,SELL,NTB,102.07,444,414335.68
TX_101984,INV_02,2024-01-02,SELL,LIOC,94.15,283,440712.61
TX_101985,INV_02,2024-01-04,SELL,HHL,66.56,290,459821.12
TX_101986,INV_02,2024-01-05,SELL,LOFC,4.5,6240,487620.32
TX_101987,INV_02,2024-01-08,SELL,NDB,61.92,169,497979.97
TX_101988,INV_02,2024-01-09,SELL,COMB,85.43,408,532486.59
TX_101989,INV_02,2024-01-10,SELL,COMB,84.52,306,558092.1
TX_101990,INV_02,2024-01-12,SELL,LOFC,4.7,4680,579868.14
TX_101991,INV_02,2024-01-15,SELL,HHL,65.98,218,594107.93
TX_101992,INV_02,2024-01-16,SELL,JKH,183.24,295,647623.84
TX_101993,INV_02,2024-01-17,SELL,MELS,74.53,52,651460.41
TX_101994,INV_02,2024-01-19,SELL,LFIN,53.63,489,677423.7
TX_101995,INV_02,2024-01-22,SELL,DIAL,7.37,1332,687139.16
TX_101996,INV_02,2024-01-23,SELL,LFIN,52.01,367,706035.37
TX_101997,INV_02,2024-01-24,BUY,HHL,65.4,1619,599089.28
TX_101998,INV_02,2024-01-26,BUY,JKH,178.57,503,508370.87
TX_101999,INV_02,2024-01-29,SELL,HAYL,64.0,355,530862.98
TX_102000,INV_02,2024-01-31,BUY,NTB,95.9,830,450469.42
TX_102001,INV_02,2024-02-01,BUY,JKH,177.09,381,382322.18
TX_102002,INV_02,2024-02-02,BUY,LOFC,4.2,13654,324401.92
TX_102003,INV_02,2024-02-06,BUY,LIOC,97.85,497,275285.54
TX_102004,INV_02,2024-02-07,BUY,NDB,61.06,676,233596.96
TX_102005,INV_02,2024-02-09,BUY,CFIN,99.87,350,198292.93
TX_102006,INV_02,2024-02-12,BUY,NDB,62.3,477,168278.13
TX_102007,INV_02,2024-02-14,SELL,NDB,61.63,415,193599.73
TX_102008,INV_02,2024-02-15,BUY,JKH,185.01,156,164448.97
TX_102009,INV_02,2024-02-16,BUY,CFIN,100.34,245,139619.58
TX_102010,INV_02,2024-02-19,BUY,NTB,100.89,207,118527.42
TX_102011,INV_02,2024-02-20,SELL,HAYL,67.07,266,136188.69
TX_102012,INV_02,2024-02-21,SELL,MELS,78.56,39,139221.84
TX_102013,INV_02,2024-02-22,BUY,DIAL,8.79,2375,118134.81
TX_102014,INV_02,2024-02-26,BUY,LOFC,4.0,4430,100237.61
TX_102015,INV_02,2024-02-27,SELL,NDB,58.19,311,118154.43
TX_102016,INV_02,2024-02-28,SELL,JKH,185.01,481,206256.12
TX_102017,INV_02,2024-02-29,BUY,HNB,144.5,214,175024.5
TX_102018,INV_02,2024-03-01,BUY,LOFC,4.2,6250,148512.0
TX_102019,INV_02,2024-03-04,BUY,LFIN,53.8,414,126015.33
TX_102020,INV_02,2024-03-05,BUY,COMB,81.53,231,106992.68
TX_102021,INV_02,2024-03-06,BUY,DFCC,67.99,236,90786.09
TX_102022,INV_02,2024-03-11,BUY,LFIN,54.74,248,77074.52
TX_102023,INV_02,2024-03-12,SELL,AEL,20.85,2037,119125.46
TX_102024,INV_02,2024-03-13,BUY,LOFC,6.0,2978,101078.78
TX_102025,INV_02,2024-03-14,SELL,JKH,187.23,361,167992.19
TX_102026,INV_02,2024-03-15,SELL,DIAL,9.21,1592,182507.02
TX_102027,INV_02,2024-03-18,SELL,DIAL,9.38,1194,193591.07
TX_102028,INV_02,2024-03-19,SELL,AEL,20.48,1528,224571.16
TX_102029,INV_02,2024-03-21,SELL,HHL,75.02,568,266756.92
TX_102030,INV_02,2024-03-22,BUY,NTB,101.72,393,226382.28
TX_102031,INV_02,2024-03-26,BUY,LFIN,55.67,609,192139.92
TX_102032,INV_02,2024-03-27,BUY,DIAL,9.96,2892,163038.94
TX_102033,INV_02,2024-03-28,SELL,DIAL,9.8,1619,178739.27
TX_102034,INV_02,2024-03-29,SELL,NDB,64.98,233,193727.43
TX_102035,INV_02,2024-04-01,SELL,LOFC,5.5,10338,250017.84
TX_102036,INV_02,2024-04-02,BUY,NTB,106.1,353,212190.92
TX_102037,INV_02,2024-04-03,SELL,NTB,109.02,778,296158.42
TX_102038,INV_02,2024-04-08,SELL,HHL,79.83,426,329825.9
TX_102039,INV_02,2024-04-10,SELL,MELS,82.25,30,332268.6
TX_102040,INV_02,2024-04-11,SELL,JKH,196.58,271,385008.27
TX_102041,INV_02,2024-04-16,SELL,HNB,186.66,234,428249.75
TX_102042,INV_02,2024-04-18,SELL,MELS,80.27,22,429998.09
TX_102043,INV_02,2024-04-19,SELL,NTB,108.04,584,492464.92
TX_102044,INV_02,2024-04-22,SELL,CFIN,103.64,281,521296.15
TX_102045,INV_02,2024-04-26,BUY,LOFC,7.2,10860,442322.23
TX_102046,INV_02,2024-04-29,SELL,NDB,73.96,175,455135.57
TX_102047,INV_02,2024-05-02,BUY,HHL,84.54,807,386227.27
TX_102048,INV_02,2024-05-07,SELL,LFIN,63.72,593,423638.06
TX_102049,INV_02,2024-05-08,SELL,DFCC,76.68,536,464329.78
TX_102050,INV_02,2024-05-10,BUY,HNB,194.04,358,394168.83
TX_102051,INV_02,2024-05-14,SELL,CFIN,114.94,210,418065.83
TX_102052,INV_02,2024-05-15,SELL,LOFC,6.5,10468,485427.41
TX_102053,INV_02,2024-05-16,BUY,LIOC,121.21,600,411973.97
TX_102054,INV_02,2024-05-17,BUY,LOFC,6.7,9223,349561.93
TX_102055,INV_02,2024-05-20,SELL,HNB,185.71,265,398282.14
TX_102056,INV_02,2024-05-21,SELL,LFIN,61.87,444,425475.93
TX_102057,INV_02,2024-05-22,BUY,CFIN,117.77,541,361124.58
TX_102058,INV_02,2024-05-27,SELL,DIAL,9.29,1214,372293.67
TX_102059,INV_02,2024-05-28,SELL,DIAL,9.21,911,380599.58
TX_102060,INV_02,2024-05-29,SELL,COMB,98.18,287,408494.33
TX_102061,INV_02,2024-05-30,BUY,NTB,118.51,517,346613.05
TX_102062,INV_02,2024-05-31,SELL,DIAL,9.29,683,352896.81
TX_102063,INV_02,2024-06-03,BUY,JKH,203.52,260,299453.77
TX_102064,INV_02,2024-06-05,BUY,JKH,199.82,224,254245.66
TX_102065,INV_02,2024-06-06,BUY,AEL,22.62,1685,215748.48
TX_102066,INV_02,2024-06-07,SELL,LFIN,63.28,333,236610.67
TX_102067,INV_02,2024-06-11,SELL,NTB,126.78,567,307776.97
TX_102068,INV_02,2024-06-13,SELL,HAYL,98.9,200,327359.29
TX_102069,INV_02,2024-06-14,SELL,HNB,192.14,199,365211.85
TX_102070,INV_02,2024-06-18,BUY,MELS,78.93,694,309888.49
TX_102071,INV_02,2024-06-20,BUY,LOFC,6.3,7378,262942.28
TX_102072,INV_02,2024-06-26,BUY,AEL,22.16,1780,223111.41
TX_102073,INV_02,2024-07-01,SELL,HNB,192.14,149,251453.28
TX_102074,INV_02,2024-07-02,BUY,DIAL,9.29,4061,213361.99
TX_102075,INV_02,2024-07-03,SELL,LIOC,116.58,486,269455.19
TX_102076,INV_02,2024-07-04,SELL,AEL,21.6,2012,312473.42
TX_102077,INV_02,2024-07-05,BUY,HNB,188.8,248,265182.29
TX_102078,INV_02,2024-07-08,SELL,CFIN,105.4,293,295756.45
TX_102079,INV_02,2024-07-09,SELL,LFIN,63.24,250,311407.65
TX_102080,INV_02,2024-07-11,SELL,AEL,21.88,1509,344088.52
TX_102081,INV_02,2024-07-12,BUY,LIOC,115.14,448,291990.57
TX_102082,INV_02,2024-07-15,BUY,HAYL,94.47,463,247814.14
TX_102083,INV_02,2024-07-16,BUY,LIOC,115.14,322,210368.74
TX_102084,INV_02,2024-07-17,SELL,AEL,21.78,1132,234780.49
TX_102085,INV_02,2024-07-18,SELL,COMB,94.29,215,254849.46
TX_102086,INV_02,2024-07-19,SELL,LFIN,62.03,188,266394.14
TX_102087,INV_02,2024-07-22,SELL,NTB,117.78,425,315949.19
TX_102088,INV_02,2024-07-23,SELL,MELS,76.19,190,330280.99
TX_102089,INV_02,2024-07-24,BUY,HHL,78.95,627,280285.28
TX_102090,INV_02,2024-07-25,SELL,LIOC,113.69,557,342979.25
TX_102091,INV_02,2024-07-26,BUY,CFIN,102.05,504,291032.24
TX_102092,INV_02,2024-07-29,SELL,CFIN,101.81,346,325906.03
TX_102093,INV_02,2024-07-30,SELL,DIAL,8.91,1527,339372.3
TX_102094,INV_02,2024-07-31,SELL,LFIN,61.28,141,347926.97
TX_102095,INV_02,2024-08-01,SELL,LOFC,5.7,12002,415654.25
TX_102096,INV_02,2024-08-02,SELL,JKH,177.43,324,472566.58
TX_102097,INV_02,2024-08-05,SELL,AEL,19.46,849,488919.33
TX_102098,INV_02,2024-08-06,SELL,DIAL,8.81,1146,498918.13
TX_102099,INV_02,2024-08-07,BUY,LIOC,110.8,675,423378.24
TX_102100,INV_02,2024-08-09,SELL,LFIN,61.01,105,429719.73
TX_102101,INV_02,2024-08-12,SELL,HNB,171.18,174,459207.83
TX_102102,INV_02,2024-08-13,BUY,DFCC,67.61,1018,389696.95
TX_102103,INV_02,2024-08-14,BUY,COMB,88.12,663,330688.31
TX_102104,INV_02,2024-08-15,BUY,LFIN,62.31,796,280595.82
TX_102105,INV_02,2024-08-16,SELL,LIOC,110.32,587,344706.76
TX_102106,INV_02,2024-08-20,SELL,HHL,75.46,678,395357.83
TX_102107,INV_02,2024-08-21,SELL,DIAL,8.53,859,402610.8
TX_102108,INV_02,2024-08-22,SELL,HNB,174.28,130,425040.48
TX_102109,INV_02,2024-08-23,SELL,LFIN,61.19,278,441881.53
TX_102110,INV_02,2024-08-26,SELL,NDB,63.93,131,450172.03
TX_102111,INV_02,2024-08-27,SELL,HNB,165.23,98,466202.8
TX_102112,INV_02,2024-08-28,SELL,HNB,165.47,73,478161.29
TX_102113,INV_02,2024-08-29,SELL,DFCC,63.74,657,519621.36
TX_102114,INV_02,2024-08-30,SELL,HNB,159.99,55,528333.01
TX_102115,INV_02,2024-09-02,SELL,DIAL,8.24,644,533589.38
TX_102116,INV_02,2024-09-03,SELL,HHL,70.23,509,568979.1
TX_102117,INV_02,2024-09-04,BUY,DIAL,8.34,10234,482781.6
TX_102118,INV_02,2024-09-05,SELL,COMB,81.58,327,509190.26
TX_102119,INV_02,2024-09-06,SELL,HHL,67.81,381,534766.95
TX_102120,INV_02,2024-09-09,SELL,AEL,18.62,637,546507.98
TX_102121,INV_02,2024-09-10,SELL,HNB,149.52,41,552576.91
TX_102122,INV_02,2024-09-11,SELL,AEL,18.99,478,561563.49
TX_102123,INV_02,2024-09-13,BUY,AEL,19.36,4350,476493.7
TX_102124,INV_02,2024-09-18,BUY,HNB,156.18,457,404403.73
TX_102125,INV_02,2024-09-19,SELL,DFCC,66.16,492,436627.5
TX_102126,INV_02,2024-09-20,BUY,HHL,70.23,932,370518.37
TX_102127,INV_02,2024-09-23,BUY,AEL,19.55,2843,314385.28
TX_102128,INV_02,2024-09-24,BUY,MELS,77.75,606,266795.79
TX_102129,INV_02,2024-09-26,SELL,CFIN,107.56,259,294374.9
TX_102130,INV_02,2024-09-27,BUY,HHL,74.98,588,249847.65
TX_102131,INV_02,2024-09-30,BUY,NTB,120.7,310,212057.11
TX_102132,INV_02,2024-10-01,BUY,AEL,22.34,1423,179947.21
TX_102133,INV_02,2024-10-02,SELL,LIOC,108.88,440,227373.56
TX_102134,INV_02,2024-10-03,SELL,NDB,74.44,99,234669.07
TX_102135,INV_02,2024-10-07,BUY,CFIN,114.27,308,199123.17
TX_102136,INV_02,2024-10-11,BUY,COMB,103.39,288,169048.19
TX_102137,INV_02,2024-10-14,SELL,COMB,102.44,318,201299.78
TX_102138,INV_02,2024-10-15,SELL,LIOC,112.01,330,237892.56
TX_102139,INV_02,2024-10-18,SELL,HNB,204.28,145,267216.61
TX_102140,INV_02,2024-10-21,SELL,AEL,22.06,2512,322082.78
TX_102141,INV_02,2024-10-22,BUY,CFIN,114.98,420,273306.24
TX_102142,INV_02,2024-10-23,BUY,CFIN,117.86,347,232000.07
TX_102143,INV_02,2024-10-25,SELL,COMB,107.66,238,257367.3
TX_102144,INV_02,2024-10-28,SELL,CFIN,116.9,463,310951.29
TX_102145,INV_02,2024-10-29,SELL,HAYL,97.03,266,336504.37
TX_102146,INV_02,2024-10-31,SELL,HNB,217.85,109,360012.4
TX_102147,INV_02,2024-11-04,SELL,JKH,20.92,243,365044.53
TX_102148,INV_02,2024-11-05,SELL,MELS,93.18,294,392164.06
TX_102149,INV_02,2024-11-06,SELL,MELS,92.26,221,412348.99
TX_102150,INV_02,2024-11-07,BUY,HHL,80.5,768,349908.0
TX_102151,INV_02,2024-11-08,SELL,DIAL,10.14,3042,380444.79
TX_102152,INV_02,2024-11-11,SELL,HAYL,95.17,199,399193.94
TX_102153,INV_02,2024-11-12,BUY,DIAL,10.23,5850,338723.07
TX_102154,INV_02,2024-11-13,BUY,MELS,98.45,516,287413.07
TX_102155,INV_02,2024-11-14,BUY,NDB,81.22,530,243935.6
TX_102156,INV_02,2024-11-19,SELL,DIAL,10.05,3744,281168.09
TX_102157,INV_02,2024-11-20,SELL,JKH,20.42,182,284847.98
TX_102158,INV_02,2024-11-21,SELL,CFIN,119.78,348,326113.13
TX_102159,INV_02,2024-11-25,SELL,COMB,113.83,179,346284.46
TX_102160,INV_02,2024-11-26,SELL,DFCC,82.96,369,376591.28
TX_102161,INV_02,2024-11-27,BUY,COMB,115.72,488,319553.04
TX_102162,INV_02,2024-11-28,BUY,HAYL,97.73,490,271184.31
TX_102163,INV_02,2024-11-29,SELL,DFCC,84.6,277,294385.21
TX_102164,INV_02,2024-12-02,SELL,HHL,83.21,858,365066.06
TX_102165,INV_02,2024-12-03,BUY,COMB,117.15,467,309811.24
TX_102166,INV_02,2024-12-04,BUY,NDB,81.51,570,262887.41
TX_102167,INV_02,2024-12-05,BUY,HHL,86.31,456,223136.23
TX_102168,INV_02,2024-12-06,SELL,MELS,100.08,294,252265.38
TX_102169,INV_02,2024-12-10,BUY,HHL,88.93,425,214093.89
TX_102170,INV_02,2024-12-11,BUY,NDB,80.65,398,181675.23
TX_102171,INV_02,2024-12-12,BUY,NDB,81.32,335,154161.86
TX_102172,INV_02,2024-12-13,BUY,AEL,29.14,793,130825.11
TX_102173,INV_02,2024-12-18,BUY,NTB,168.39,116,111096.16
TX_102174,INV_02,2024-12-19,SELL,DFCC,87.21,208,129054.74
TX_102175,INV_02,2024-12-23,BUY,NTB,168.64,114,109637.93
TX_102176,INV_02,2024-12-24,BUY,AEL,33.91,485,93028.51
TX_102177,INV_02,2024-12-26,BUY,LIOC,121.88,114,78994.87
TX_102178,INV_02,2024-12-27,SELL,NTB,172.04,454,156321.47
TX_102179,INV_02,2024-12-30,BUY,LIOC,122.36,191,132716.05
TX_102180,INV_02,2024-12-31,BUY,CFIN,185.52,107,112666.47
TX_102181,INV_02,2025-01-01,BUY,COMB,137.3,123,95609.18
TX_102182,INV_02,2025-01-02,BUY,HAYL,125.03,114,81213.76
TX_102183,INV_02,2025-01-03,SELL,COMB,134.46,403,134858.65
TX_102184,INV_02,2025-01-06,SELL,NTB,173.26,341,193349.5
TX_102185,INV_02,2025-01-07,SELL,HNB,299.27,82,217644.55
TX_102186,INV_02,2025-01-08,BUY,DIAL,11.09,2944,184676.73
TX_102187,INV_02,2025-01-09,SELL,DFCC,106.0,156,201046.78
TX_102188,INV_02,2025-01-10,BUY,LFIN,85.09,354,170623.29
TX_102189,INV_02,2025-01-13,SELL,HNB,308.08,61,189228.42
TX_102190,INV_02,2025-01-14,BUY,DFCC,106.0,267,160644.44
TX_102191,INV_02,2025-01-15,BUY,CFIN,181.13,133,136313.24
TX_102192,INV_02,2025-01-16,BUY,HNB,312.37,65,115806.25
TX_102193,INV_02,2025-01-17,BUY,AEL,33.91,512,98272.18
TX_102194,INV_02,2025-01-20,BUY,HHL,106.8,138,83386.62
TX_102195,INV_02,2025-01-24,SELL,HNB,329.75,62,103626.6
TX_102196,INV_02,2025-01-27,BUY,MELS,129.58,119,88051.88
TX_102197,INV_02,2025-01-28,BUY,LIOC,134.41,98,74748.1
TX_102198,INV_02,2025-01-29,BUY,LFIN,86.58,129,63467.71
TX_102199,INV_02,2025-01-30,BUY,HAYL,132.49,71,53966.89
TX_102200,INV_02,2025-01-31,BUY,HAYL,132.49,61,45804.21
TX_102201,INV_02,2025-02-03,SELL,COMB,140.15,303,87844.95
TX_102202,INV_02,2025-02-05,SELL,NTB,184.45,255,134410.31
TX_102203,INV_02,2025-02-06,BUY,MELS,118.02,170,114146.56
TX_102204,INV_02,2025-02-07,BUY,DFCC,121.93,140,96905.41
TX_102205,INV_02,2025-02-10,SELL,COMB,138.73,227,128081.52
TX_102206,INV_02,2025-02-11,SELL,HHL,108.49,898,224534.52
TX_102207,INV_02,2025-02-13,BUY,HHL,109.22,308,190558.31
TX_102208,INV_02,2025-02-14,BUY,NTB,191.75,149,161701.24
TX_102209,INV_02,2025-02-18,BUY,HHL,119.15,203,137272.07
TX_102210,INV_02,2025-02-19,SELL,DFCC,122.17,219,163760.45
TX_102211,INV_02,2025-02-20,SELL,JKH,21.95,137,166737.82
TX_102212,INV_02,2025-02-21,SELL,NTB,202.46,229,212637.79
TX_102213,INV_02,2025-02-24,SELL,CFIN,204.81,321,277723.96
TX_102214,INV_02,2025-02-25,SELL,NTB,193.84,172,310731.52
TX_102215,INV_02,2025-02-26,BUY,HHL,114.55,406,263759.98
TX_102216,INV_02,2025-03-03,SELL,HHL,112.13,903,363997.46
TX_102217,INV_02,2025-03-04,SELL,LFIN,80.99,329,390378.06
TX_102218,INV_02,2025-03-05,BUY,DIAL,12.98,4510,331240.47
TX_102219,INV_02,2025-03-06,SELL,NDB,107.69,532,387958.64
TX_102220,INV_02,2025-03-07,BUY,LOFC,6.0,9698,329188.76
TX_102221,INV_02,2025-03-10,SELL,LFIN,83.19,247,349530.81
TX_102222,INV_02,2025-03-11,SELL,AEL,36.5,2332,433799.08
TX_102223,INV_02,2025-03-12,BUY,AEL,38.13,1706,368092.68
TX_102224,INV_02,2025-03-17,SELL,AEL,36.6,2175,446894.49
TX_102225,INV_02,2025-03-18,SELL,MELS,118.44,293,481250.7
TX_102226,INV_02,2025-03-20,BUY,LFIN,82.81,871,408404.77
TX_102227,INV_02,2025-03-21,BUY,NDB,108.75,563,346566.26
TX_102228,INV_02,2025-03-24,SELL,LFIN,82.81,403,379603.67
TX_102229,INV_02,2025-03-25,BUY,JKH,20.07,2836,322106.4
TX_102230,INV_02,2025-03-26,SELL,CFIN,187.48,240,366650.91
TX_102231,INV_02,2025-03-28,SELL,LIOC,122.36,348,408808.09
TX_102232,INV_02,2025-03-31,SELL,HNB,305.0,47,422999.74
TX_102233,INV_02,2025-04-03,SELL,HHL,115.27,677,500260.15
TX_102234,INV_02,2025-04-04,SELL,CFIN,179.18,180,532189.51
TX_102235,INV_02,2025-04-07,SELL,HAYL,121.29,333,572176.24
TX_102236,INV_02,2025-04-09,SELL,LOFC,5.6,11426,635521.99
TX_102237,INV_02,2025-04-10,BUY,HHL,113.09,842,539343.81
TX_102238,INV_02,2025-04-11,SELL,COMB,139.75,170,562863.73
TX_102239,INV_02,2025-04-14,BUY,LOFC,5.8,14556,477594.68
TX_102240,INV_02,2025-04-15,SELL,MELS,123.5,220,504492.22
TX_102241,INV_02,2025-04-16,BUY,NDB,106.5,710,428121.07
TX_102242,INV_02,2025-04-17,BUY,CFIN,189.43,339,363262.21
TX_102243,INV_02,2025-04-21,BUY,DIAL,13.08,4166,308236.6
TX_102244,INV_02,2025-04-22,SELL,CFIN,191.63,220,349972.9
TX_102245,INV_02,2025-04-23,SELL,AEL,36.88,1631,409530.5
TX_102246,INV_02,2025-04-24,SELL,HHL,115.76,719,491928.79
TX_102247,INV_02,2025-04-25,BUY,DFCC,104.0,709,417455.43
TX_102248,INV_02,2025-04-28,SELL,COMB,137.0,128,434816.07
TX_102249,INV_02,2025-04-29,BUY,AEL,37.46,1741,368943.96
TX_102250,INV_02,2025-04-30,SELL,CFIN,191.63,165,400246.19
TX_102251,INV_02,2025-05-02,BUY,LIOC,124.29,483,339612.84
TX_102252,INV_02,2025-05-05,SELL,JKH,20.37,811,355967.7
TX_102253,INV_02,2025-05-06,BUY,LFIN,89.68,595,302077.21
TX_102254,INV_02,2025-05-07,SELL,COMB,136.5,96,315050.17
TX_102255,INV_02,2025-05-12,BUY,HHL,23.35,2024,267326.35
TX_102256,INV_02,2025-05-13,BUY,JKH,19.97,2007,226836.73
TX_102257,INV_02,2025-05-14,BUY,HHL,23.73,1433,192487.28
TX_102258,INV_02,2025-05-15,SELL,LFIN,94.83,451,234826.62
TX_102259,INV_02,2025-05-19,BUY,DFCC,103.75,339,199303.66
TX_102260,INV_02,2025-05-20,SELL,LFIN,93.11,338,230460.09
TX_102261,INV_02,2025-05-21,BUY,LIOC,127.18,271,195648.97
TX_102262,INV_02,2025-05-22,BUY,NDB,103.0,284,166104.45
TX_102263,INV_02,2025-05-26,SELL,JKH,20.86,1110,189032.35
TX_102264,INV_02,2025-05-27,SELL,NDB,104.0,788,270164.83
TX_102265,INV_02,2025-05-28,BUY,DIAL,16.68,2429,229247.54
TX_102266,INV_02,2025-05-30,BUY,MELS,143.0,240,194585.32
TX_102267,INV_02,2025-06-02,SELL,DIAL,16.87,6320,300125.42
TX_102268,INV_02,2025-06-03,BUY,LIOC,133.2,337,254786.64
TX_102269,INV_02,2025-06-05,BUY,COMB,155.0,246,216275.34
TX_102270,INV_02,2025-06-12,BUY,COMB,155.5,208,183607.9
TX_102271,INV_02,2025-06-16,SELL,AEL,41.32,1659,251477.0
TX_102272,INV_02,2025-06-17,SELL,HNB,321.5,35,262616.97
TX_102273,INV_02,2025-06-18,SELL,HNB,317.5,26,270789.42
TX_102274,INV_02,2025-06-19,SELL,NDB,111.5,591,336026.96
TX_102275,INV_02,2025-06-20,BUY,HNB,320.0,157,285284.56
TX_102276,INV_02,2025-06-23,SELL,HHL,27.03,1403,322823.6
TX_102277,INV_02,2025-06-24,BUY,AEL,40.34,1200,273935.6
TX_102278,INV_02,2025-06-25,SELL,AEL,40.34,1544,335592.57
TX_102279,INV_02,2025-06-26,SELL,LOFC,5.9,12208,406899.5
TX_102280,INV_02,2025-06-30,BUY,LFIN,123.78,493,345265.31
TX_102281,INV_02,2025-07-01,SELL,LOFC,6.0,9156,399651.95
TX_102282,INV_02,2025-07-02,BUY,HNB,335.0,178,339425.65
TX_102283,INV_02,2025-07-03,SELL,HHL,30.29,1052,370968.35
TX_102284,INV_02,2025-07-04,BUY,JKH,23.49,2368,314787.16
TX_102285,INV_02,2025-07-07,SELL,LOFC,5.9,6867,354897.31
TX_102286,INV_02,2025-07-08,BUY,CFIN,262.49,202,301344.26
TX_102287,INV_02,2025-07-09,BUY,COMB,160.0,282,255773.06
TX_102288,INV_02,2025-07-10,SELL,JKH,23.29,1425,288632.29
TX_102289,INV_02,2025-07-11,BUY,LFIN,136.6,316,245034.16
TX_102290,INV_02,2025-07-14,BUY,DFCC,122.75,299,207964.89
TX_102291,INV_02,2025-07-16,SELL,LIOC,130.75,534,277087.18
TX_102292,INV_02,2025-07-17,BUY,CFIN,262.49,158,235199.15
TX_102293,INV_02,2025-07-18,BUY,DIAL,19.2,1837,199576.05
TX_102294,INV_02,2025-07-22,BUY,LIOC,132.5,225,169465.42
TX_102295,INV_02,2025-07-23,SELL,AEL,61.24,1158,239677.49
TX_102296,INV_02,2025-07-24,BUY,JKH,24.78,1450,203389.0
TX_102297,INV_02,2025-07-25,BUY,AEL,60.06,507,172633.49
TX_102298,INV_02,2025-07-28,BUY,DFCC,143.0,181,146491.66
TX_102299,INV_02,2025-07-30,SELL,DIAL,19.3,5199,245828.95
TX_102300,INV_02,2025-07-31,BUY,NTB,232.58,158,208713.63
TX_102301,INV_02,2025-08-01,SELL,CFIN,308.05,214,273977.82
TX_102302,INV_02,2025-08-04,SELL,JKH,23.69,1431,307537.07
TX_102303,INV_02,2025-08-06,SELL,LIOC,134.0,457,368162.69
TX_102304,INV_02,2025-08-07,SELL,NDB,141.25,444,430250.54
TX_102305,INV_02,2025-08-11,BUY,NDB,139.5,462,365157.05
TX_102306,INV_02,2025-08-12,BUY,LFIN,133.89,409,309848.26
TX_102307,INV_02,2025-08-14,SELL,LFIN,133.15,558,383403.36
TX_102308,INV_02,2025-08-15,BUY,HAYL,172.16,334,325325.46
TX_102309,INV_02,2025-08-18,BUY,NTB,266.73,182,276295.86
TX_102310,INV_02,2025-08-19,BUY,COMB,196.75,210,234565.18
TX_102311,INV_02,2025-08-20,SELL,NTB,272.42,214,292279.45
TX_102312,INV_02,2025-08-22,SELL,JKH,23.69,1073,317443.02
TX_102313,INV_02,2025-08-25,SELL,NDB,144.25,448,381420.78
TX_102314,INV_02,2025-08-27,BUY,HAYL,171.92,332,323772.42
TX_102315,INV_02,2025-08-28,BUY,LFIN,137.59,352,274856.76
TX_102316,INV_02,2025-09-01,BUY,JKH,22.8,1808,233228.62
TX_102317,INV_02,2025-09-02,SELL,AEL,60.16,995,292489.01
TX_102318,INV_02,2025-09-03,SELL,LOFC,5.9,5150,322570.16
TX_102319,INV_02,2025-09-04,SELL,LIOC,132.0,343,367393.4
TX_102320,INV_02,2025-09-08,SELL,AEL,58.19,747,410424.67
TX_102321,INV_02,2025-09-09,SELL,LOFC,5.8,3863,432606.02
TX_102322,INV_02,2025-09-10,BUY,LFIN,133.4,486,367126.64
TX_102323,INV_02,2025-09-11,SELL,DFCC,153.0,546,449829.26
TX_102324,INV_02,2025-09-12,SELL,CFIN,282.3,160,494545.54
TX_102325,INV_02,2025-09-15,SELL,CFIN,278.83,120,527670.89
TX_102326,INV_02,2025-09-16,BUY,LFIN,133.64,592,447762.57
TX_102327,INV_02,2025-09-18,BUY,COMB,190.0,353,380021.87
TX_102328,INV_02,2025-09-19,BUY,HHL,31.08,1834,322449.64
TX_102329,INV_02,2025-09-22,BUY,COMB,193.25,250,273654.02
TX_102330,INV_02,2025-09-23,BUY,HHL,31.28,1312,232205.04
TX_102331,INV_02,2025-09-25,BUY,NDB,142.5,244,197087.34
TX_102332,INV_02,2025-09-26,SELL,COMB,193.5,459,285015.68
TX_102333,INV_02,2025-09-29,BUY,LOFC,5.8,7371,241836.36
TX_102334,INV_02,2025-09-30,BUY,NTB,307.06,118,205241.34
TX_102335,INV_02,2025-10-03,BUY,DFCC,164.25,187,174219.44
TX_102336,INV_02,2025-10-07,BUY,HHL,32.87,795,147827.91
TX_102337,INV_02,2025-10-08,SELL,HHL,32.77,1775,205411.07
TX_102338,INV_02,2025-10-09,SELL,JKH,20.72,1257,231189.49
TX_102339,INV_02,2025-10-14,BUY,CFIN,293.2,118,196246.45
TX_102340,INV_02,2025-10-16,BUY,COMB,205.0,143,166638.3
TX_102341,INV_02,2025-10-21,BUY,NTB,298.64,83,141602.95
TX_102342,INV_02,2025-10-22,SELL,COMB,206.0,380,219100.15
TX_102343,INV_02,2025-10-23,BUY,LIOC,132.75,247,185983.01
TX_102344,INV_02,2025-10-24,SELL,COMB,205.5,285,243964.83
TX_102345,INV_02,2025-10-27,SELL,AEL,59.67,560,277044.03
TX_102346,INV_02,2025-10-28,SELL,MELS,185.87,225,318445.93
TX_102347,INV_02,2025-10-29,BUY,DFCC,162.0,294,270341.65
TX_102348,INV_02,2025-10-31,BUY,CFIN,308.05,131,229583.1
TX_102349,INV_02,2025-11-06,BUY,MELS,183.92,187,194845.97
TX_102350,INV_02,2025-11-07,BUY,LIOC,134.75,216,165448.91
TX_102351,INV_02,2025-11-14,SELL,HHL,35.05,1331,211637.64
TX_102352,INV_02,2025-11-17,SELL,LIOC,133.75,373,261027.5
TX_102353,INV_02,2025-11-18,SELL,MELS,180.51,215,299450.09
TX_102354,INV_02,2025-11-19,SELL,HNB,413.75,104,342049.79
TX_102355,INV_02,2025-11-21,SELL,HHL,35.5,998,377124.5
TX_102356,INV_02,2025-11-24,SELL,NTB,299.39,210,439366.96
TX_102357,INV_02,2025-11-25,BUY,HNB,402.25,163,373144.54
TX_102358,INV_02,2025-11-26,SELL,LOFC,6.1,4740,401769.4
TX_102359,INV_02,2025-11-27,SELL,CFIN,285.52,153,445016.96
TX_102360,INV_02,2025-11-28,BUY,NDB,147.75,451,377715.35
TX_102361,INV_02,2025-12-01,SELL,NDB,140.5,510,448653.8
TX_102362,INV_02,2025-12-03,SELL,COMB,198.0,214,490602.08
TX_102363,INV_02,2025-12-05,SELL,CFIN,276.0,114,521751.44
TX_102364,INV_02,2025-12-08,BUY,LOFC,5.7,13730,442707.84
TX_102365,INV_02,2025-12-10,BUY,DFCC,150.5,441,375673.63
TX_102366,INV_02,2025-12-11,BUY,HHL,36.0,1565,318770.23
TX_102367,INV_02,2025-12-12,SELL,JKH,21.11,943,338474.73
TX_102368,INV_02,2025-12-15,SELL,MELS,169.89,162,365722.25
TX_102369,INV_02,2025-12-18,SELL,HNB,389.5,118,411223.64
TX_102370,INV_02,2025-12-19,SELL,DFCC,147.0,640,504362.84
TX_102371,INV_02,2025-12-22,SELL,CFIN,268.25,86,527201.65
TX_102372,INV_02,2025-12-23,SELL,LOFC,5.7,6987,566629.29
TX_102373,INV_02,2025-12-24,SELL,NTB,300.13,158,613575.43
TX_102374,INV_02,2025-12-26,BUY,LOFC,5.9,15599,520620.99
TX_102375,INV_02,2025-12-29,SELL,DIAL,29.5,3900,634520.49
TX_102376,INV_02,2025-12-30,BUY,HNB,399.0,238,538608.87
TX_102377,INV_02,2026-01-06,BUY,DFCC,153.25,527,457038.49
TX_102378,INV_02,2026-01-07,SELL,MELS,174.33,121,477920.95
TX_102379,INV_02,2026-01-08,SELL,LIOC,132.0,279,514380.67
TX_102380,INV_02,2026-01-09,BUY,HNB,425.25,181,436640.72
TX_102381,INV_02,2026-01-12,SELL,DIAL,30.9,2925,526119.39
TX_102382,INV_02,2026-01-19,SELL,AEL,73.6,420,556722.27
TX_102383,INV_02,2026-01-21,BUY,NDB,149.5,558,472467.06
TX_102384,INV_02,2026-01-22,SELL,HNB,432.0,194,555436.98
TX_102385,INV_02,2026-01-23,BUY,JKH,21.9,3803,471306.58
TX_102386,INV_02,2026-01-26,BUY,HNB,432.0,163,400186.42
TX_102387,INV_02,2026-01-27,SELL,JKH,22.5,1658,437119.09
TX_102388,INV_02,2026-01-28,SELL,MELS,182.45,91,453556.09
TX_102389,INV_02,2026-01-29,SELL,LIOC,141.25,210,482921.97
TX_102390,INV_02,2026-01-30,BUY,DFCC,157.0,461,409821.2
TX_102391,INV_02,2026-02-02,SELL,HAYL,239.75,417,508797.19
TX_102392,INV_02,2026-02-06,SELL,NTB,338.97,118,548396.23
TX_102393,INV_02,2026-02-10,SELL,NTB,339.72,89,578328.7
TX_102394,INV_02,2026-02-11,SELL,CFIN,279.5,64,596037.82
TX_102395,INV_02,2026-02-12,BUY,COMB,228.5,391,505800.89
TX_102396,INV_02,2026-02-13,SELL,NDB,151.0,522,583834.67
TX_102397,INV_02,2026-02-17,SELL,LIOC,141.0,157,605750.3
TX_102398,INV_02,2026-02-19,BUY,COMB,234.0,388,514050.38
TX_102399,INV_02,2026-02-20,SELL,NDB,154.0,391,573662.24
TX_102400,INV_02,2026-02-25,BUY,DIAL,33.3,2584,486754.57
TX_102401,INV_02,2026-02-26,SELL,LOFC,5.8,9140,539236.45
TX_102402,INV_02,2026-02-27,BUY,DFCC,159.0,508,457656.73
TX_102403,INV_02,2026-03-02,SELL,AEL,74.1,315,480764.82
TX_102404,INV_02,2026-03-03,BUY,LIOC,143.5,502,408007.45
TX_102405,INV_03,2020-01-02,BUY,HHL,74.14,2023,848517.41
TX_102406,INV_03,2020-01-06,BUY,LFIN,25.48,4994,719991.44
TX_102407,INV_03,2020-01-07,BUY,NDB,74.92,1441,610947.47
TX_102408,INV_03,2020-01-08,BUY,LOFC,3.8,24116,518390.27
TX_102409,INV_03,2020-01-09,SELL,LFIN,25.42,1249,549818.09
TX_102410,INV_03,2020-01-10,SELL,HHL,71.06,506,585413.61
TX_102411,INV_03,2020-01-14,SELL,NDB,75.15,361,612271.39
TX_102412,INV_03,2020-01-15,BUY,MELS,23.32,3939,519514.19
TX_102413,INV_03,2020-01-16,BUY,LFIN,25.24,3087,440823.56
TX_102414,INV_03,2020-01-17,BUY,HAYL,12.34,5356,374042.81
TX_102415,INV_03,2020-01-20,SELL,MELS,22.73,985,396210.29
TX_102416,INV_03,2020-01-21,SELL,HAYL,12.6,1339,412908.03
TX_102417,INV_03,2020-01-22,SELL,LFIN,24.83,1708,454900.54
TX_102418,INV_03,2020-01-23,SELL,LFIN,25.04,1281,486661.65
TX_102419,INV_03,2020-01-24,BUY,LOFC,3.8,19210,412933.68
TX_102420,INV_03,2020-01-29,BUY,COMB,62.73,987,350398.26
TX_102421,INV_03,2020-01-30,SELL,COMB,62.73,247,365738.06
TX_102422,INV_03,2020-01-31,SELL,NDB,74.02,270,385522.76
TX_102423,INV_03,2020-02-04,SELL,LOFC,3.8,10832,426272.75
TX_102424,INV_03,2020-02-06,BUY,COMB,62.87,1017,361696.47
TX_102425,INV_03,2020-02-07,BUY,AEL,17.33,3131,306905.93
TX_102426,INV_03,2020-02-11,BUY,DIAL,8.14,5654,260415.52
TX_102427,INV_03,2020-02-13,BUY,JKH,152.84,255,221052.24
TX_102428,INV_03,2020-02-14,BUY,LIOC,13.61,2435,187574.29
TX_102429,INV_03,2020-02-17,SELL,AEL,16.99,783,200747.92
TX_102430,INV_03,2020-02-18,SELL,LIOC,13.69,609,209002.76
TX_102431,INV_03,2020-02-19,SELL,COMB,63.24,440,236549.44
TX_102432,INV_03,2020-02-20,BUY,AEL,17.24,2057,200725.45
TX_102433,INV_03,2020-02-21,SELL,LFIN,26.37,961,225814.64
TX_102434,INV_03,2020-02-24,BUY,DFCC,64.67,523,191652.24
TX_102435,INV_03,2020-02-25,BUY,HHL,65.36,439,162671.54
TX_102436,INV_03,2020-02-26,BUY,NTB,58.87,414,138053.8
TX_102437,INV_03,2020-03-02,BUY,LIOC,13.53,1530,117140.67
TX_102438,INV_03,2020-03-03,SELL,AEL,15.59,1102,134143.83
TX_102439,INV_03,2020-03-05,BUY,DFCC,60.52,332,113851.69
TX_102440,INV_03,2020-03-06,SELL,HAYL,10.87,1005,124664.32
TX_102441,INV_03,2020-03-09,BUY,LIOC,12.9,1449,105784.96
TX_102442,INV_03,2020-03-10,BUY,HHL,57.89,274,89763.99
TX_102443,INV_03,2020-03-12,SELL,NDB,62.28,203,102281.26
TX_102444,INV_03,2020-03-13,BUY,LFIN,22.29,688,86789.55
TX_102445,INV_03,2020-03-16,SELL,HAYL,10.2,753,94397.04
TX_102446,INV_03,2020-03-17,SELL,LOFC,2.7,8124,116112.49
TX_102447,INV_03,2020-03-20,BUY,HNB,74.82,232,98580.39
TX_102448,INV_03,2020-03-23,SELL,HAYL,9.41,565,103845.52
TX_102449,INV_03,2020-03-24,BUY,COMB,42.28,368,88132.29
TX_102450,INV_03,2020-03-25,BUY,LFIN,19.5,678,74782.37
TX_102451,INV_03,2020-03-26,BUY,DFCC,46.66,240,63472.67
TX_102452,INV_03,2020-03-30,SELL,LIOC,12.5,1202,78352.81
TX_102453,INV_03,2020-03-31,BUY,CFIN,62.88,186,66539.36
TX_102454,INV_03,2020-04-02,BUY,MELS,13.76,725,56466.52
TX_102455,INV_03,2020-04-03,BUY,HHL,52.48,161,47933.39
TX_102456,INV_03,2020-04-06,SELL,NTB,51.48,104,53233.41
TX_102457,INV_03,2020-04-07,BUY,NTB,51.48,155,45174.76
TX_102458,INV_03,2020-04-10,SELL,CFIN,62.88,47,48100.77
TX_102459,INV_03,2020-04-13,SELL,AEL,10.94,826,57049.14
TX_102460,INV_03,2020-04-14,SELL,HAYL,9.41,424,61000.31
TX_102461,INV_03,2020-04-15,BUY,DFCC,46.66,196,51764.06
TX_102462,INV_03,2020-04-20,SELL,NDB,53.48,152,59811.55
TX_102463,INV_03,2020-04-22,BUY,DIAL,5.63,1594,50754.02
TX_102464,INV_03,2020-04-24,BUY,LIOC,12.5,608,43075.24
TX_102465,INV_03,2020-04-29,SELL,LOFC,2.2,6093,56345.8
TX_102466,INV_03,2020-04-30,SELL,NDB,53.48,114,62381.42
TX_102467,INV_03,2020-05-04,BUY,MELS,13.76,680,52933.79
TX_102468,INV_03,2020-05-05,BUY,HNB,77.64,102,44935.79
TX_102469,INV_03,2020-05-06,SELL,HAYL,9.41,318,47899.17
TX_102470,INV_03,2020-05-07,SELL,DFCC,46.66,323,62818.73
TX_102471,INV_03,2020-05-11,BUY,MELS,12.3,766,53303.64
TX_102472,INV_03,2020-05-12,SELL,LOFC,2.4,4570,64161.96
TX_102473,INV_03,2020-05-13,BUY,DIAL,5.3,1817,54444.62
TX_102474,INV_03,2020-05-14,BUY,CFIN,62.11,131,46227.12
TX_102475,INV_03,2020-05-15,SELL,HAYL,9.89,238,48556.24
TX_102476,INV_03,2020-05-18,SELL,HAYL,9.97,179,50322.83
TX_102477,INV_03,2020-05-19,SELL,LOFC,3.1,3427,60840.29
TX_102478,INV_03,2020-05-20,SELL,LOFC,3.0,2570,68473.19
TX_102479,INV_03,2020-05-21,SELL,HNB,78.6,84,75009.21
TX_102480,INV_03,2020-05-22,SELL,JKH,102.28,64,81489.9
TX_102481,INV_03,2020-05-25,BUY,HAYL,10.27,1189,69152.56
TX_102482,INV_03,2020-05-26,BUY,MELS,15.91,651,58689.82
TX_102483,INV_03,2020-05-28,BUY,LIOC,11.32,777,49808.28
TX_102484,INV_03,2020-06-02,SELL,NDB,56.23,86,54595.31
TX_102485,INV_03,2020-06-03,BUY,MELS,15.33,534,46327.35
TX_102486,INV_03,2020-06-08,SELL,MELS,15.85,1578,71095.37
TX_102487,INV_03,2020-06-09,SELL,DFCC,48.81,242,82789.99
TX_102488,INV_03,2020-06-11,BUY,DIAL,7.02,1770,70247.56
TX_102489,INV_03,2020-06-12,SELL,LFIN,22.33,1062,93721.13
TX_102490,INV_03,2020-06-15,SELL,CFIN,60.71,68,97808.17
TX_102491,INV_03,2020-06-16,SELL,CFIN,60.71,51,100873.44
TX_102492,INV_03,2020-06-17,SELL,LIOC,11.55,1247,115138.2
TX_102493,INV_03,2020-06-18,BUY,HHL,56.02,308,97710.18
TX_102494,INV_03,2020-06-19,BUY,HHL,56.96,257,82925.59
TX_102495,INV_03,2020-06-23,SELL,AEL,14.51,620,91830.3
TX_102496,INV_03,2020-06-24,SELL,HNB,90.11,63,97450.43
TX_102497,INV_03,2020-06-26,BUY,LIOC,14.17,1031,82698.69
TX_102498,INV_03,2020-06-29,SELL,HHL,58.64,739,125599.38
TX_102499,INV_03,2020-06-30,BUY,LIOC,13.61,1384,106571.26
TX_102500,INV_03,2020-07-01,SELL,DFCC,53.0,182,116120.91
TX_102501,INV_03,2020-07-02,SELL,AEL,15.67,465,123333.73
TX_102502,INV_03,2020-07-03,BUY,HHL,56.58,326,104702.72
TX_102503,INV_03,2020-07-07,SELL,LOFC,3.3,1928,111001.49
TX_102504,INV_03,2020-07-08,BUY,AEL,15.0,1109,94194.64
TX_102505,INV_03,2020-07-10,BUY,LFIN,22.02,641,79939.28
TX_102506,INV_03,2020-07-13,SELL,NDB,56.39,64,83511.96
TX_102507,INV_03,2020-07-14,BUY,MELS,16.5,759,70866.64
TX_102508,INV_03,2020-07-15,SELL,NTB,48.63,117,76498.97
TX_102509,INV_03,2020-07-16,BUY,LOFC,3.2,3585,64912.25
TX_102510,INV_03,2020-07-17,SELL,NDB,59.7,48,67749.15
TX_102511,INV_03,2020-07-20,SELL,JKH,111.2,48,73033.33
TX_102512,INV_03,2020-07-22,BUY,LFIN,21.68,505,61975.8
TX_102513,INV_03,2020-07-24,BUY,AEL,15.75,590,52589.77
TX_102514,INV_03,2020-07-28,SELL,MELS,16.61,1373,75170.13
TX_102515,INV_03,2020-07-29,BUY,COMB,52.91,213,63787.26
TX_102516,INV_03,2020-07-30,SELL,LFIN,20.89,1083,86181.19
TX_102517,INV_03,2020-08-04,SELL,LOFC,3.5,2342,94296.22
TX_102518,INV_03,2020-08-06,SELL,HHL,55.0,636,128924.63
TX_102519,INV_03,2020-08-07,SELL,NDB,59.7,36,131052.31
TX_102520,INV_03,2020-08-11,BUY,NDB,58.16,337,111254.93
TX_102521,INV_03,2020-08-12,SELL,HNB,91.99,47,115535.01
TX_102522,INV_03,2020-08-13,BUY,CFIN,60.56,286,98043.01
TX_102523,INV_03,2020-08-17,SELL,DFCC,50.51,136,104843.84
TX_102524,INV_03,2020-08-18,SELL,NDB,63.98,111,111874.68
TX_102525,INV_03,2020-08-19,BUY,LIOC,13.77,1218,94934.11
TX_102526,INV_03,2020-08-20,SELL,HAYL,14.52,431,101129.03
TX_102527,INV_03,2020-08-24,SELL,NDB,71.98,84,107114.74
TX_102528,INV_03,2020-08-25,BUY,LOFC,3.8,4228,90887.68
TX_102529,INV_03,2020-08-27,BUY,LIOC,13.93,978,77128.8
TX_102530,INV_03,2020-08-28,BUY,HAYL,14.35,806,65448.73
TX_102531,INV_03,2020-09-01,BUY,NTB,50.01,196,55548.67
TX_102532,INV_03,2020-09-02,SELL,LIOC,13.93,2088,84341.77
TX_102533,INV_03,2020-09-03,BUY,COMB,57.3,220,71609.06
TX_102534,INV_03,2020-09-04,BUY,DFCC,53.64,200,60773.16
TX_102535,INV_03,2020-09-07,SELL,COMB,56.15,530,90235.64
TX_102536,INV_03,2020-09-08,SELL,LFIN,22.16,813,108075.31
TX_102537,INV_03,2020-09-09,SELL,HNB,91.91,35,111259.89
TX_102538,INV_03,2020-09-11,SELL,NDB,68.99,63,115562.75
TX_102539,INV_03,2020-09-14,BUY,NDB,68.5,253,98057.77
TX_102540,INV_03,2020-09-15,SELL,DIAL,7.77,2709,118890.86
TX_102541,INV_03,2020-09-16,BUY,MELS,19.82,899,100896.34
TX_102542,INV_03,2020-09-17,BUY,HHL,62.84,240,85663.79
TX_102543,INV_03,2020-09-18,BUY,JKH,135.16,95,72694.89
TX_102544,INV_03,2020-09-21,BUY,DIAL,7.98,1367,61682.57
TX_102545,INV_03,2020-09-22,BUY,LIOC,20.02,462,52339.4
TX_102546,INV_03,2020-09-23,BUY,NTB,52.13,150,44441.99
TX_102547,INV_03,2020-09-25,SELL,AEL,20.35,773,60018.65
TX_102548,INV_03,2020-09-28,BUY,NTB,51.88,173,50952.99
TX_102549,INV_03,2020-09-29,BUY,JKH,133.2,57,43284.51
TX_102550,INV_03,2020-10-01,SELL,HHL,69.75,537,80365.83
TX_102551,INV_03,2020-10-02,BUY,HNB,97.3,123,68278.3
TX_102552,INV_03,2020-10-05,SELL,LIOC,17.89,1682,98062.08
TX_102553,INV_03,2020-10-06,SELL,NDB,63.09,110,104932.8
TX_102554,INV_03,2020-10-07,BUY,MELS,17.49,900,89037.62
TX_102555,INV_03,2020-10-12,BUY,CFIN,60.84,219,75579.41
TX_102556,INV_03,2020-10-13,BUY,DIAL,7.63,1485,64136.61
TX_102557,INV_03,2020-10-15,BUY,CFIN,64.39,149,54446.37
TX_102558,INV_03,2020-10-16,BUY,NTB,46.59,175,46211.68
TX_102559,INV_03,2020-10-20,SELL,JKH,133.3,74,55977.29
TX_102560,INV_03,2020-10-21,SELL,HHL,64.99,403,81905.62
TX_102561,INV_03,2020-10-22,BUY,CFIN,64.86,189,69523.71
TX_102562,INV_03,2020-10-23,SELL,CFIN,63.21,249,85105.36
TX_102563,INV_03,2020-10-27,BUY,CFIN,62.26,205,72213.76
TX_102564,INV_03,2020-10-29,BUY,LFIN,21.84,495,61294.31
TX_102565,INV_03,2020-10-30,BUY,HHL,63.59,144,52046.14
TX_102566,INV_03,2020-11-02,BUY,MELS,18.65,418,44171.55
TX_102567,INV_03,2020-11-24,SELL,DIAL,8.11,2745,66223.9
TX_102568,INV_03,2020-11-25,BUY,LFIN,22.28,445,56211.09
TX_102569,INV_03,2020-11-30,BUY,JKH,145.31,58,47698.83
TX_102570,INV_03,2020-12-01,SELL,HHL,82.25,338,75220.76
TX_102571,INV_03,2020-12-02,SELL,HHL,80.94,254,95573.89
TX_102572,INV_03,2020-12-03,SELL,NDB,63.09,83,100758.16
TX_102573,INV_03,2020-12-07,SELL,LOFC,3.5,2814,110508.67
TX_102574,INV_03,2020-12-08,SELL,NDB,66.57,62,114594.48
TX_102575,INV_03,2020-12-09,BUY,AEL,21.2,810,97248.67
TX_102576,INV_03,2020-12-10,SELL,MELS,26.31,1584,138511.73
TX_102577,INV_03,2020-12-11,BUY,HAYL,28.93,718,117533.35
TX_102578,INV_03,2020-12-14,BUY,HAYL,30.15,584,99751.95
TX_102579,INV_03,2020-12-16,BUY,AEL,20.95,714,84645.42
TX_102580,INV_03,2020-12-17,SELL,HHL,88.98,190,101382.13
TX_102581,INV_03,2020-12-18,SELL,NDB,63.9,46,104292.13
TX_102582,INV_03,2020-12-21,BUY,MELS,31.64,494,88506.88
TX_102583,INV_03,2020-12-22,BUY,AEL,21.12,628,75112.32
TX_102584,INV_03,2020-12-23,SELL,HAYL,29.94,851,100333.72
TX_102585,INV_03,2020-12-24,BUY,HHL,88.51,170,85136.49
TX_102586,INV_03,2020-12-25,SELL,LOFC,3.6,2110,92656.53
TX_102587,INV_03,2020-12-28,SELL,DIAL,8.53,2059,110046.07
TX_102588,INV_03,2020-12-29,BUY,LOFC,3.7,4461,93375.31
TX_102589,INV_03,2020-12-31,SELL,HAYL,32.15,638,113680.07
TX_102590,INV_03,2021-01-01,SELL,LOFC,3.6,2698,123295.74
TX_102591,INV_03,2021-01-04,SELL,HHL,92.53,185,140242.49
TX_102592,INV_03,2021-01-06,SELL,LFIN,24.27,844,160519.75
TX_102593,INV_03,2021-01-11,SELL,DFCC,51.39,152,168253.6
TX_102594,INV_03,2021-01-12,BUY,AEL,20.61,1224,142776.08
TX_102595,INV_03,2021-01-13,BUY,HAYL,36.47,587,121153.6
TX_102596,INV_03,2021-01-14,BUY,HNB,99.06,183,102844.71
TX_102597,INV_03,2021-01-15,BUY,JKH,156.88,98,87316.74
TX_102598,INV_03,2021-01-18,BUY,DFCC,54.53,240,74099.54
TX_102599,INV_03,2021-01-19,SELL,CFIN,69.12,238,90385.62
TX_102600,INV_03,2021-01-20,BUY,DFCC,57.34,236,76718.75
TX_102601,INV_03,2021-01-21,BUY,DIAL,8.95,1286,65097.75
TX_102602,INV_03,2021-01-22,BUY,NDB,79.41,122,55312.8
TX_102603,INV_03,2021-01-25,SELL,COMB,72.53,397,83818.68
TX_102604,INV_03,2021-01-26,SELL,COMB,72.35,298,105162.94
TX_102605,INV_03,2021-01-27,BUY,COMB,71.84,219,89271.63
TX_102606,INV_03,2021-01-28,SELL,HNB,116.06,103,101105.87
TX_102607,INV_03,2021-01-29,SELL,HHL,90.29,139,113530.16
TX_102608,INV_03,2021-02-01,BUY,NDB,77.55,219,96376.35
TX_102609,INV_03,2021-02-02,SELL,NDB,72.79,120,105023.34
TX_102610,INV_03,2021-02-03,BUY,COMB,66.95,235,89132.91
TX_102611,INV_03,2021-02-04,SELL,NDB,74.81,90,95798.1
TX_102612,INV_03,2021-02-05,SELL,LIOC,20.05,1261,120827.63
TX_102613,INV_03,2021-02-08,BUY,LIOC,20.05,903,102541.93
TX_102614,INV_03,2021-02-09,BUY,LOFC,7.1,2166,87009.54
TX_102615,INV_03,2021-02-10,SELL,DFCC,51.39,233,98864.73
TX_102616,INV_03,2021-02-11,BUY,JKH,149.08,99,83957.84
TX_102617,INV_03,2021-02-12,BUY,AEL,22.47,560,71246.14
TX_102618,INV_03,2021-02-15,SELL,NTB,49.77,261,84105.2
TX_102619,INV_03,2021-02-16,BUY,HNB,106.87,118,71368.05
TX_102620,INV_03,2021-02-17,BUY,COMB,63.49,168,60594.4
TX_102621,INV_03,2021-02-18,BUY,HAYL,56.69,160,51432.7
TX_102622,INV_03,2021-02-19,SELL,JKH,156.93,119,69920.66
TX_102623,INV_03,2021-02-24,SELL,DIAL,8.81,1865,86183.98
TX_102624,INV_03,2021-03-01,BUY,LFIN,35.18,367,73143.81
TX_102625,INV_03,2021-03-02,SELL,LOFC,6.3,2565,89141.72
TX_102626,INV_03,2021-03-03,SELL,HHL,76.08,104,96974.88
TX_102627,INV_03,2021-03-04,BUY,COMB,60.83,239,82291.04
TX_102628,INV_03,2021-03-05,BUY,NDB,64.92,190,69832.48
TX_102629,INV_03,2021-03-08,BUY,NTB,46.83,223,59284.09
TX_102630,INV_03,2021-03-09,BUY,NTB,48.19,184,50327.58
TX_102631,INV_03,2021-03-10,SELL,COMB,61.98,439,77265.65
TX_102632,INV_03,2021-03-15,SELL,COMB,63.13,329,97829.02
TX_102633,INV_03,2021-03-16,BUY,JKH,145.65,100,83118.27
TX_102634,INV_03,2021-03-17,SELL,HNB,100.03,107,93714.97
TX_102635,INV_03,2021-03-18,SELL,MELS,26.5,1312,128133.71
TX_102636,INV_03,2021-03-19,SELL,LIOC,15.63,1172,146269.33
TX_102637,INV_03,2021-03-22,BUY,DFCC,48.79,449,124144.82
TX_102638,INV_03,2021-03-23,SELL,COMB,62.77,247,139494.96
TX_102639,INV_03,2021-03-24,SELL,HNB,101.6,80,147541.51
TX_102640,INV_03,2021-03-25,SELL,HAYL,44.28,665,176696.32
TX_102641,INV_03,2021-03-26,SELL,NTB,45.41,297,190049.48
TX_102642,INV_03,2021-03-29,BUY,JKH,146.63,194,161318.46
TX_102643,INV_03,2021-03-30,SELL,DFCC,49.71,287,175443.27
TX_102644,INV_03,2021-03-31,BUY,NDB,66.4,396,148885.36
TX_102645,INV_03,2021-04-01,BUY,DFCC,49.88,447,126365.71
TX_102646,INV_03,2021-04-02,BUY,COMB,66.13,286,107263.67
TX_102647,INV_03,2021-04-05,BUY,DIAL,8.88,1812,91016.38
TX_102648,INV_03,2021-04-06,BUY,LIOC,15.55,878,77228.24
TX_102649,INV_03,2021-04-07,BUY,CFIN,65.97,175,65568.48
TX_102650,INV_03,2021-04-08,SELL,MELS,30.52,984,95302.89
TX_102651,INV_03,2021-04-09,BUY,LOFC,6.3,2269,80865.24
TX_102652,INV_03,2021-04-12,BUY,HAYL,64.01,189,68647.28
TX_102653,INV_03,2021-04-13,SELL,DIAL,9.09,1852,85305.9
TX_102654,INV_03,2021-04-15,BUY,LFIN,41.73,306,72409.67
TX_102655,INV_03,2021-04-16,BUY,MELS,31.33,346,61461.79
TX_102656,INV_03,2021-04-19,BUY,MELS,30.28,304,52166.0
TX_102657,INV_03,2021-04-20,SELL,CFIN,67.23,222,66941.5
TX_102658,INV_03,2021-04-22,SELL,LFIN,37.82,802,96967.78
TX_102659,INV_03,2021-04-23,SELL,DIAL,8.81,1389,109080.25
TX_102660,INV_03,2021-04-26,SELL,AEL,19.17,1564,138757.83
TX_102661,INV_03,2021-04-27,BUY,LIOC,15.22,1367,117742.36
TX_102662,INV_03,2021-04-28,BUY,CFIN,65.18,270,99967.94
TX_102663,INV_03,2021-04-30,SELL,COMB,62.34,257,115830.03
TX_102664,INV_03,2021-05-05,BUY,MELS,26.87,646,98298.26
TX_102665,INV_03,2021-05-07,SELL,CFIN,65.1,234,113379.46
TX_102666,INV_03,2021-05-10,SELL,LFIN,35.26,601,134356.32
TX_102667,INV_03,2021-05-11,BUY,HNB,106.4,189,114045.82
TX_102668,INV_03,2021-05-12,BUY,HAYL,61.17,279,96807.45
TX_102669,INV_03,2021-05-13,BUY,NDB,63.34,229,82158.04
TX_102670,INV_03,2021-05-17,SELL,NDB,66.27,271,99938.7
TX_102671,INV_03,2021-05-18,SELL,CFIN,64.0,176,111089.57
TX_102672,INV_03,2021-05-19,BUY,JKH,137.07,121,94338.39
TX_102673,INV_03,2021-05-20,SELL,HHL,74.77,78,100112.22
TX_102674,INV_03,2021-05-21,SELL,HNB,106.81,107,111427.0
TX_102675,INV_03,2021-05-24,SELL,DFCC,47.95,327,126948.58
TX_102676,INV_03,2021-05-25,SELL,LIOC,15.55,1440,149114.59
TX_102677,INV_03,2021-05-26,SELL,HNB,107.44,81,157729.88
TX_102678,INV_03,2021-05-27,BUY,DFCC,49.63,476,133870.55
TX_102679,INV_03,2021-05-28,SELL,LIOC,15.63,1080,150582.56
TX_102680,INV_03,2021-05-31,SELL,JKH,137.31,193,176819.14
TX_102681,INV_03,2021-06-01,BUY,HHL,74.86,354,150052.04
TX_102682,INV_03,2021-06-02,BUY,AEL,19.77,1138,127332.89
TX_102683,INV_03,2021-06-04,SELL,HAYL,61.02,616,164543.67
TX_102684,INV_03,2021-06-07,BUY,HAYL,60.55,407,139655.23
TX_102685,INV_03,2021-06-08,BUY,LFIN,43.75,478,118533.8
TX_102686,INV_03,2021-06-10,BUY,NTB,50.39,352,100620.78
TX_102687,INV_03,2021-06-11,SELL,DIAL,9.16,1042,110065.05
TX_102688,INV_03,2021-06-14,BUY,LFIN,44.29,372,93424.84
TX_102689,INV_03,2021-06-15,BUY,LFIN,44.22,316,79311.12
TX_102690,INV_03,2021-06-16,SELL,NTB,50.22,311,94772.4
TX_102691,INV_03,2021-06-21,BUY,COMB,69.22,205,80440.56
TX_102692,INV_03,2021-06-22,SELL,NDB,67.87,204,94147.18
TX_102693,INV_03,2021-06-25,SELL,COMB,69.45,244,110923.76
TX_102694,INV_03,2021-06-29,BUY,JKH,132.95,125,94139.03
TX_102695,INV_03,2021-06-30,BUY,LFIN,45.57,309,79917.19
TX_102696,INV_03,2021-07-01,BUY,JKH,131.97,90,67921.37
TX_102697,INV_03,2021-07-02,SELL,HHL,75.04,147,78841.63
TX_102698,INV_03,2021-07-06,BUY,HNB,108.27,109,66922.67
TX_102699,INV_03,2021-07-07,SELL,MELS,30.31,1062,98789.75
TX_102700,INV_03,2021-07-08,SELL,JKH,132.21,199,124836.92
TX_102701,INV_03,2021-07-09,SELL,NDB,66.27,153,134875.45
TX_102702,INV_03,2021-07-12,BUY,DIAL,8.89,2276,114447.14
TX_102703,INV_03,2021-07-13,BUY,HHL,74.85,229,97135.02
TX_102704,INV_03,2021-07-15,SELL,COMB,67.21,183,109311.57
TX_102705,INV_03,2021-07-16,SELL,HAYL,60.86,564,143293.37
TX_102706,INV_03,2021-07-19,SELL,DIAL,8.96,1350,155268.56
TX_102707,INV_03,2021-07-20,SELL,LIOC,17.1,810,168983.78
TX_102708,INV_03,2021-07-22,SELL,LFIN,45.93,820,206268.07
TX_102709,INV_03,2021-07-23,BUY,LOFC,7.0,4420,175018.67
TX_102710,INV_03,2021-07-26,SELL,LFIN,45.57,615,202763.76
TX_102711,INV_03,2021-07-27,SELL,COMB,64.89,137,211565.2
TX_102712,INV_03,2021-07-29,SELL,HNB,107.44,88,220925.02
TX_102713,INV_03,2021-08-02,BUY,HHL,73.07,453,187494.16
TX_102714,INV_03,2021-08-03,SELL,LFIN,46.79,461,208847.62
TX_102715,INV_03,2021-08-04,SELL,NTB,47.35,233,219770.34
TX_102716,INV_03,2021-08-05,BUY,HNB,106.19,310,186521.77
TX_102717,INV_03,2021-08-06,SELL,JKH,135.89,149,206567.18
TX_102718,INV_03,2021-08-09,SELL,LFIN,45.5,346,222152.07
TX_102719,INV_03,2021-08-10,SELL,LIOC,16.37,608,232003.63
TX_102720,INV_03,2021-08-12,BUY,NDB,64.26,541,196890.96
TX_102721,INV_03,2021-08-13,BUY,NTB,48.19,612,167100.83
TX_102722,INV_03,2021-08-16,BUY,CFIN,68.91,363,141835.21
TX_102723,INV_03,2021-08-17,BUY,MELS,32.6,652,120366.8
TX_102724,INV_03,2021-08-18,BUY,LFIN,44.78,403,102139.38
TX_102725,INV_03,2021-08-19,BUY,LFIN,43.71,350,86689.04
TX_102726,INV_03,2021-08-20,SELL,AEL,20.16,1457,115762.79
TX_102727,INV_03,2021-08-23,SELL,HNB,112.62,143,131706.56
TX_102728,INV_03,2021-08-24,BUY,AEL,19.81,997,111762.97
TX_102729,INV_03,2021-08-25,SELL,AEL,19.63,1342,137843.36
TX_102730,INV_03,2021-08-26,SELL,JKH,131.48,112,152421.49
TX_102731,INV_03,2021-08-27,SELL,AEL,20.42,1007,172777.8
TX_102732,INV_03,2021-08-30,SELL,MELS,33.39,959,204475.33
TX_102733,INV_03,2021-08-31,SELL,CFIN,67.35,222,219278.48
TX_102734,INV_03,2021-09-01,SELL,NDB,64.26,250,235182.99
TX_102735,INV_03,2021-09-02,BUY,DFCC,52.15,676,199575.79
TX_102736,INV_03,2021-09-03,BUY,COMB,66.28,451,169382.97
TX_102737,INV_03,2021-09-06,BUY,JKH,128.78,197,143759.93
TX_102738,INV_03,2021-09-07,SELL,CFIN,65.8,167,154637.92
TX_102739,INV_03,2021-09-08,SELL,NDB,63.84,187,166456.84
TX_102740,INV_03,2021-09-09,BUY,LOFC,8.9,2805,141242.7
TX_102741,INV_03,2021-09-10,SELL,COMB,65.28,215,155137.39
TX_102742,INV_03,2021-09-13,BUY,DIAL,7.93,2933,131640.49
TX_102743,INV_03,2021-09-14,SELL,LFIN,44.78,447,151457.65
TX_102744,INV_03,2021-09-16,BUY,CFIN,67.68,335,128557.26
TX_102745,INV_03,2021-09-17,SELL,AEL,20.24,755,143688.44
TX_102746,INV_03,2021-09-21,SELL,LFIN,43.06,336,158012.55
TX_102747,INV_03,2021-09-22,SELL,JKH,129.02,133,175001.09
TX_102748,INV_03,2021-09-23,BUY,NTB,45.5,576,148531.86
TX_102749,INV_03,2021-09-24,SELL,HNB,117.18,107,160945.17
TX_102750,INV_03,2021-09-27,BUY,AEL,20.33,1187,136570.5
TX_102751,INV_03,2021-09-28,SELL,DFCC,50.47,534,163251.73
TX_102752,INV_03,2021-09-29,SELL,LFIN,44.07,252,174245.07
TX_102753,INV_03,2021-09-30,BUY,HHL,66.31,394,147855.79
TX_102754,INV_03,2021-10-01,SELL,LFIN,43.42,189,155980.14
TX_102755,INV_03,2021-10-04,BUY,LOFC,9.6,2437,132350.99
TX_102756,INV_03,2021-10-05,SELL,MELS,39.21,719,160263.08
TX_102757,INV_03,2021-10-06,SELL,HHL,69.41,379,186306.42
TX_102758,INV_03,2021-10-07,BUY,HAYL,79.22,352,158142.03
TX_102759,INV_03,2021-10-08,BUY,JKH,149.87,158,134225.22
TX_102760,INV_03,2021-10-11,BUY,HNB,123.41,163,113908.86
TX_102761,INV_03,2021-10-12,SELL,DIAL,8.15,1746,128000.32
TX_102762,INV_03,2021-10-13,BUY,COMB,66.21,290,108608.49
TX_102763,INV_03,2021-10-14,SELL,LFIN,46.64,141,115119.58
TX_102764,INV_03,2021-10-18,BUY,DFCC,53.75,321,97693.28
TX_102765,INV_03,2021-10-19,SELL,NDB,64.18,140,106588.18
TX_102766,INV_03,2021-10-20,SELL,DIAL,8.23,1310,117256.05
TX_102767,INV_03,2021-10-21,SELL,LFIN,46.79,106,122165.96
TX_102768,INV_03,2021-10-22,SELL,LIOC,21.93,456,132066.78
TX_102769,INV_03,2021-10-25,SELL,JKH,138.34,139,151104.4
TX_102770,INV_03,2021-10-26,BUY,MELS,37.31,607,128228.06
TX_102771,INV_03,2021-10-27,BUY,MELS,37.58,511,108834.58
TX_102772,INV_03,2021-10-28,BUY,LIOC,21.52,758,92357.41
TX_102773,INV_03,2021-10-29,SELL,LFIN,49.01,80,96238.92
TX_102774,INV_03,2021-11-02,BUY,DFCC,55.52,260,81660.29
TX_102775,INV_03,2021-11-03,BUY,NDB,64.6,189,69329.52
TX_102776,INV_03,2021-11-04,BUY,JKH,147.18,70,58924.22
TX_102777,INV_03,2021-11-05,BUY,HHL,67.12,131,50044.13
TX_102778,INV_03,2021-11-08,BUY,CFIN,72.36,103,42516.65
TX_102779,INV_03,2021-11-17,SELL,DFCC,52.57,545,70882.1
TX_102780,INV_03,2021-11-18,SELL,LOFC,37.2,4906,251560.27
TX_102781,INV_03,2021-11-19,SELL,CFIN,69.0,235,267611.99
TX_102782,INV_03,2021-11-22,BUY,HNB,131.29,305,227168.85
TX_102783,INV_03,2021-11-23,SELL,JKH,151.89,122,245513.7
TX_102784,INV_03,2021-11-24,SELL,HNB,128.18,198,270638.86
TX_102785,INV_03,2021-11-25,BUY,HNB,127.55,318,229670.97
TX_102786,INV_03,2021-11-26,BUY,NDB,59.56,578,194899.43
TX_102787,INV_03,2021-11-29,BUY,LIOC,22.91,1275,165392.36
TX_102788,INV_03,2021-12-01,SELL,NTB,47.1,472,187400.97
TX_102789,INV_03,2021-12-02,SELL,LFIN,45.93,60,190129.09
TX_102790,INV_03,2021-12-03,SELL,DFCC,49.88,409,210326.29
TX_102791,INV_03,2021-12-06,SELL,HNB,123.41,228,238181.54
TX_102792,INV_03,2021-12-07,BUY,JKH,142.32,251,202102.77
TX_102793,INV_03,2021-12-08,SELL,HHL,64.56,317,222364.75
TX_102794,INV_03,2021-12-09,BUY,DIAL,8.08,4128,188682.02
TX_102795,INV_03,2021-12-10,SELL,DFCC,50.64,307,204072.36
TX_102796,INV_03,2021-12-13,SELL,CFIN,77.24,176,217531.21
TX_102797,INV_03,2021-12-14,BUY,AEL,27.78,1174,184590.93
TX_102798,INV_03,2021-12-15,SELL,HHL,65.23,238,199959.3
TX_102799,INV_03,2021-12-16,SELL,JKH,139.62,154,221245.43
TX_102800,INV_03,2021-12-17,BUY,MELS,38.18,869,187738.42
TX_102801,INV_03,2021-12-20,BUY,NDB,57.88,486,159325.02
TX_102802,INV_03,2021-12-22,BUY,LOFC,22.1,1081,135196.02
TX_102803,INV_03,2021-12-23,SELL,NTB,45.08,354,150993.79
TX_102804,INV_03,2021-12-24,BUY,HNB,113.87,198,128222.96
TX_102805,INV_03,2021-12-27,BUY,LOFC,21.0,915,108815.81
TX_102806,INV_03,2021-12-28,SELL,CFIN,75.24,132,118648.33
TX_102807,INV_03,2021-12-29,SELL,NTB,46.26,266,130829.61
TX_102808,INV_03,2021-12-30,SELL,NDB,58.72,419,155188.84
TX_102809,INV_03,2022-01-03,BUY,DIAL,8.01,2907,131684.59
TX_102810,INV_03,2022-01-04,BUY,MELS,39.55,499,111750.73
TX_102811,INV_03,2022-01-05,SELL,DIAL,8.01,2741,133473.95
TX_102812,INV_03,2022-01-06,SELL,LOFC,29.3,4179,254694.2
TX_102813,INV_03,2022-01-07,BUY,MELS,44.71,854,216129.12
TX_102814,INV_03,2022-01-10,SELL,MELS,44.57,1375,276804.79
TX_102815,INV_03,2022-01-11,SELL,DIAL,8.08,2056,293248.67
TX_102816,INV_03,2022-01-13,BUY,CFIN,84.04,523,248855.4
TX_102817,INV_03,2022-01-18,BUY,DIAL,8.81,4235,211158.17
TX_102818,INV_03,2022-01-20,SELL,MELS,43.95,1031,256022.0
TX_102819,INV_03,2022-01-21,BUY,LOFC,28.4,1352,217241.23
TX_102820,INV_03,2022-01-24,SELL,LIOC,55.87,850,264256.25
TX_102821,INV_03,2022-01-25,SELL,LFIN,58.25,45,266851.37
TX_102822,INV_03,2022-01-26,BUY,JKH,157.28,254,226501.55
TX_102823,INV_03,2022-01-27,SELL,JKH,157.78,179,254460.94
TX_102824,INV_03,2022-01-28,BUY,DIAL,7.93,4812,215910.96
TX_102825,INV_03,2022-01-31,BUY,CFIN,81.08,399,183236.41
TX_102826,INV_03,2022-02-03,BUY,NDB,58.64,468,155518.48
TX_102827,INV_03,2022-02-04,BUY,HHL,66.27,352,131959.93
TX_102828,INV_03,2022-02-07,SELL,HAYL,102.42,511,183771.29
TX_102829,INV_03,2022-02-08,SELL,NDB,58.14,431,208577.59
TX_102830,INV_03,2022-02-09,SELL,DFCC,49.46,230,219839.66
TX_102831,INV_03,2022-02-10,BUY,HNB,112.41,293,186573.08
TX_102832,INV_03,2022-02-14,SELL,AEL,27.17,1157,217690.87
TX_102833,INV_03,2022-02-15,BUY,DFCC,49.54,659,184714.71
TX_102834,INV_03,2022-02-17,BUY,LIOC,54.44,508,156784.81
TX_102835,INV_03,2022-02-18,SELL,MELS,38.45,773,186210.61
TX_102836,INV_03,2022-02-21,SELL,JKH,147.27,135,205893.37
TX_102837,INV_03,2022-02-22,BUY,NDB,57.8,534,174718.96
TX_102838,INV_03,2022-02-23,SELL,COMB,61.8,234,189036.21
TX_102839,INV_03,2022-02-24,SELL,CFIN,70.99,329,212157.37
TX_102840,INV_03,2022-02-25,BUY,HAYL,80.2,396,180079.33
TX_102841,INV_03,2022-02-28,BUY,HNB,112.41,240,152830.25
TX_102842,INV_03,2022-03-01,BUY,COMB,63.27,362,129697.22
TX_102843,INV_03,2022-03-02,SELL,JKH,145.31,101,144226.5
TX_102844,INV_03,2022-03-03,SELL,NTB,45.25,199,153140.37
TX_102845,INV_03,2022-03-04,BUY,NTB,45.33,506,129974.01
TX_102846,INV_03,2022-03-07,SELL,NDB,54.53,457,154644.69
TX_102847,INV_03,2022-03-08,SELL,HHL,55.87,267,169411.97
TX_102848,INV_03,2022-03-09,SELL,HNB,106.81,353,206740.17
TX_102849,INV_03,2022-03-10,BUY,AEL,19.98,1552,175419.84
TX_102850,INV_03,2022-03-11,SELL,NDB,52.01,342,193030.24
TX_102851,INV_03,2022-03-15,SELL,DIAL,8.3,3803,224276.17
TX_102852,INV_03,2022-03-16,BUY,NTB,44.04,763,190337.24
TX_102853,INV_03,2022-03-17,BUY,HNB,107.64,265,161526.49
TX_102854,INV_03,2022-03-18,BUY,JKH,153.65,157,137161.79
TX_102855,INV_03,2022-03-21,BUY,HHL,53.79,382,116409.61
TX_102856,INV_03,2022-03-22,SELL,NTB,44.94,467,137184.7
TX_102857,INV_03,2022-03-23,SELL,HNB,110.13,331,173273.94
TX_102858,INV_03,2022-03-24,SELL,JKH,153.9,115,190795.23
TX_102859,INV_03,2022-03-25,SELL,AEL,17.09,1255,212027.29
TX_102860,INV_03,2022-03-28,SELL,CFIN,63.73,247,227611.13
TX_102861,INV_03,2022-03-29,SELL,MELS,32.07,580,246025.66
TX_102862,INV_03,2022-03-30,BUY,CFIN,58.56,630,208765.21
TX_102863,INV_03,2022-03-31,BUY,NDB,46.73,670,177144.78
TX_102864,INV_03,2022-04-01,BUY,JKH,146.29,181,150401.68
TX_102865,INV_03,2022-04-04,BUY,LFIN,40.84,552,127631.84
TX_102866,INV_03,2022-04-05,BUY,HAYL,64.2,298,108308.88
TX_102867,INV_03,2022-04-06,SELL,NDB,50.19,424,129375.85
TX_102868,INV_03,2022-04-07,SELL,DIAL,7.05,2853,149289.99
TX_102869,INV_03,2022-04-08,SELL,HAYL,57.74,556,181071.97
TX_102870,INV_03,2022-04-11,SELL,NTB,35.0,350,193199.36
TX_102871,INV_03,2022-04-12,BUY,JKH,137.7,210,163993.55
TX_102872,INV_03,2022-04-13,BUY,LIOC,23.72,1037,139154.73
TX_102873,INV_03,2022-04-14,BUY,CFIN,51.05,408,118117.82
TX_102874,INV_03,2022-04-15,BUY,NTB,35.0,506,100230.88
TX_102875,INV_03,2022-04-19,BUY,HNB,85.17,176,85090.6
TX_102876,INV_03,2022-04-20,BUY,NDB,48.55,262,72242.89
TX_102877,INV_03,2022-04-21,BUY,CFIN,51.05,212,61311.94
TX_102878,INV_03,2022-04-26,SELL,JKH,116.1,184,82460.45
TX_102879,INV_03,2022-04-27,SELL,HHL,38.1,295,93586.19
TX_102880,INV_03,2022-04-28,SELL,HAYL,56.84,417,117051.29
TX_102881,INV_03,2022-04-29,SELL,DIAL,6.61,2139,131048.52
TX_102882,INV_03,2022-05-02,BUY,AEL,10.95,1794,111199.8
TX_102883,INV_03,2022-05-03,BUY,DFCC,38.28,435,94382.67
TX_102884,INV_03,2022-05-04,BUY,CFIN,49.72,284,80122.16
TX_102885,INV_03,2022-05-05,SELL,HNB,76.07,293,102186.66
TX_102886,INV_03,2022-05-06,BUY,HNB,76.33,200,86767.2
TX_102887,INV_03,2022-05-09,BUY,HNB,74.64,174,73650.38
TX_102888,INV_03,2022-05-10,BUY,NTB,31.78,347,62513.43
TX_102889,INV_03,2022-05-12,SELL,MELS,28.35,435,74723.51
TX_102890,INV_03,2022-05-13,BUY,LOFC,8.0,1401,63403.43
TX_102891,INV_03,2022-05-16,SELL,LIOC,32.66,1024,96514.3
TX_102892,INV_03,2022-05-17,BUY,AEL,11.57,1251,81898.22
TX_102893,INV_03,2022-05-18,SELL,CFIN,53.55,569,112065.18
TX_102894,INV_03,2022-05-19,SELL,DIAL,7.05,1605,123268.19
TX_102895,INV_03,2022-05-20,SELL,COMB,45.77,266,135322.24
TX_102896,INV_03,2022-05-23,BUY,NDB,37.82,536,114846.42
TX_102897,INV_03,2022-05-24,BUY,JKH,130.83,131,97536.87
TX_102898,INV_03,2022-05-25,BUY,HNB,71.51,204,82802.36
TX_102899,INV_03,2022-05-26,BUY,COMB,45.35,273,70299.13
TX_102900,INV_03,2022-05-27,SELL,LIOC,50.81,768,108928.49
TX_102901,INV_03,2022-05-30,SELL,MELS,31.78,326,119184.63
TX_102902,INV_03,2022-05-31,SELL,HAYL,55.45,313,136366.7
TX_102903,INV_03,2022-06-01,SELL,DFCC,31.91,446,150457.34
TX_102904,INV_03,2022-06-06,BUY,AEL,10.52,2145,127668.17
TX_102905,INV_03,2022-06-07,BUY,CFIN,49.63,385,108368.58
TX_102906,INV_03,2022-06-08,SELL,NTB,33.12,476,123976.0
TX_102907,INV_03,2022-06-09,SELL,LFIN,34.37,171,129794.36
TX_102908,INV_03,2022-06-10,BUY,NDB,32.37,601,110146.83
TX_102909,INV_03,2022-06-13,SELL,NDB,32.73,668,131792.76
TX_102910,INV_03,2022-06-14,BUY,LFIN,35.19,561,111855.17
TX_102911,INV_03,2022-06-17,BUY,LIOC,53.34,314,94939.37
TX_102912,INV_03,2022-06-24,BUY,NTB,31.24,455,80582.97
TX_102913,INV_03,2022-06-27,BUY,LOFC,6.8,1777,68378.54
TX_102914,INV_03,2022-06-29,BUY,DFCC,30.94,331,58034.96
TX_102915,INV_03,2022-07-01,BUY,LFIN,32.53,267,49262.3
TX_102916,INV_03,2022-07-05,SELL,NTB,30.61,470,63506.77
TX_102917,INV_03,2022-07-06,SELL,COMB,42.78,268,74856.94
TX_102918,INV_03,2022-07-08,SELL,MELS,25.87,245,81132.82
TX_102919,INV_03,2022-07-11,SELL,DIAL,7.2,1203,89707.94
TX_102920,INV_03,2022-07-12,SELL,LFIN,30.42,336,99828.43
TX_102921,INV_03,2022-07-14,SELL,HHL,40.73,222,108780.27
TX_102922,INV_03,2022-07-15,BUY,NTB,27.75,588,92300.63
TX_102923,INV_03,2022-07-19,SELL,JKH,119.83,171,112586.4
TX_102924,INV_03,2022-07-20,BUY,MELS,28.94,583,95548.15
TX_102925,INV_03,2022-07-21,BUY,HAYL,59.7,240,81076.38
TX_102926,INV_03,2022-07-22,BUY,LOFC,7.3,1665,68800.33
TX_102927,INV_03,2022-07-25,SELL,LIOC,70.22,654,114263.61
TX_102928,INV_03,2022-07-26,BUY,AEL,9.22,1859,96959.97
TX_102929,INV_03,2022-07-28,SELL,LFIN,33.0,252,105192.61
TX_102930,INV_03,2022-07-29,SELL,NTB,29.45,500,119770.28
TX_102931,INV_03,2022-08-01,BUY,LIOC,75.37,238,101653.78
TX_102932,INV_03,2022-08-02,BUY,NTB,28.73,530,86272.61
TX_102933,INV_03,2022-08-03,SELL,HAYL,70.42,295,106837.51
TX_102934,INV_03,2022-08-04,BUY,HHL,45.6,351,90673.39
TX_102935,INV_03,2022-08-05,BUY,AEL,10.43,1304,76941.87
TX_102936,INV_03,2022-08-08,BUY,HNB,79.91,144,65320.47
TX_102937,INV_03,2022-08-09,BUY,CFIN,55.38,176,55476.26
TX_102938,INV_03,2022-08-10,SELL,LOFC,8.6,4683,95347.32
TX_102939,INV_03,2022-08-12,BUY,DIAL,7.45,1919,80905.32
TX_102940,INV_03,2022-08-15,SELL,HNB,76.07,400,111027.49
TX_102941,INV_03,2022-08-16,BUY,HHL,49.51,336,94226.93
TX_102942,INV_03,2022-08-17,BUY,LOFC,8.0,1766,79957.65
TX_102943,INV_03,2022-08-18,SELL,HHL,47.69,338,95917.09
TX_102944,INV_03,2022-08-19,SELL,DFCC,30.94,417,108690.09
TX_102945,INV_03,2022-08-22,SELL,LOFC,8.2,3954,140788.66
TX_102946,INV_03,2022-08-23,BUY,CFIN,57.37,368,119466.74
TX_102947,INV_03,2022-08-24,BUY,AEL,11.92,1503,101378.69
TX_102948,INV_03,2022-08-25,SELL,LIOC,146.96,550,181397.15
TX_102949,INV_03,2022-08-26,SELL,LFIN,33.16,189,187600.82
TX_102950,INV_03,2022-08-29,SELL,NDB,30.82,501,202888.25
TX_102951,INV_03,2022-08-30,BUY,AEL,10.61,2867,172158.76
TX_102952,INV_03,2022-09-01,BUY,MELS,40.96,630,146094.65
TX_102953,INV_03,2022-09-02,BUY,LIOC,170.01,128,124115.23
TX_102954,INV_03,2022-09-05,BUY,LOFC,10.6,1756,105315.49
TX_102955,INV_03,2022-09-06,BUY,LOFC,9.6,1645,89365.57
TX_102956,INV_03,2022-09-07,BUY,COMB,44.32,302,75847.32
TX_102957,INV_03,2022-09-09,BUY,NDB,34.1,333,64380.09
TX_102958,INV_03,2022-09-12,BUY,LOFC,9.6,1005,54635.61
TX_102959,INV_03,2022-09-14,BUY,NDB,40.01,204,46392.97
TX_102960,INV_03,2022-09-15,SELL,LFIN,38.07,141,51707.15
TX_102961,INV_03,2022-09-19,SELL,HAYL,83.01,221,69869.0
TX_102962,INV_03,2022-09-20,BUY,MELS,40.82,256,59315.56
TX_102963,INV_03,2022-09-26,SELL,COMB,44.66,276,71518.85
TX_102964,INV_03,2022-09-27,SELL,AEL,11.08,4122,116724.38
TX_102965,INV_03,2022-09-28,SELL,MELS,39.21,551,138114.53
TX_102966,INV_03,2022-09-29,BUY,COMB,47.06,440,117202.36
TX_102967,INV_03,2022-09-30,BUY,NTB,45.11,389,99477.26
TX_102968,INV_03,2022-10-03,SELL,CFIN,59.7,659,138425.48
TX_102969,INV_03,2022-10-04,SELL,LFIN,35.18,106,142117.64
TX_102970,INV_03,2022-10-05,BUY,LOFC,8.0,2664,120592.52
TX_102971,INV_03,2022-10-06,SELL,LIOC,199.48,445,208474.63
TX_102972,INV_03,2022-10-10,BUY,MELS,36.52,856,176904.41
TX_102973,INV_03,2022-10-12,SELL,LIOC,185.58,333,238083.06
TX_102974,INV_03,2022-10-13,BUY,HNB,70.0,510,202028.59
TX_102975,INV_03,2022-10-14,BUY,LOFC,7.5,4040,171425.59
TX_102976,INV_03,2022-10-17,SELL,HHL,54.94,253,185187.35
TX_102977,INV_03,2022-10-19,SELL,HHL,52.65,190,195091.65
TX_102978,INV_03,2022-10-20,SELL,MELS,33.96,627,216174.7
TX_102979,INV_03,2022-10-21,SELL,NTB,42.07,605,241373.25
TX_102980,INV_03,2022-10-24,SELL,LFIN,31.59,80,243875.57
TX_102981,INV_03,2022-10-25,SELL,HHL,50.56,143,251032.77
TX_102982,INV_03,2022-10-26,BUY,AEL,9.5,3965,213008.05
TX_102983,INV_03,2022-10-27,BUY,LFIN,31.59,1011,180746.13
TX_102984,INV_03,2022-10-28,SELL,DFCC,30.59,313,190223.96
TX_102985,INV_03,2022-10-31,BUY,JKH,130.14,219,161437.93
TX_102986,INV_03,2022-11-01,SELL,CFIN,51.92,494,186831.61
TX_102987,INV_03,2022-11-02,SELL,JKH,127.93,183,210008.99
TX_102988,INV_03,2022-11-03,BUY,HHL,50.65,621,178240.0
TX_102989,INV_03,2022-11-04,BUY,HHL,51.03,523,151282.92
TX_102990,INV_03,2022-11-08,SELL,CFIN,51.84,371,170322.15
TX_102991,INV_03,2022-11-09,BUY,LOFC,6.6,3870,144524.73
TX_102992,INV_03,2022-11-10,BUY,LFIN,31.59,686,122633.86
TX_102993,INV_03,2022-11-11,BUY,LFIN,31.91,576,104071.65
TX_102994,INV_03,2022-11-14,BUY,HAYL,58.39,267,88324.67
TX_102995,INV_03,2022-11-15,SELL,NTB,41.98,453,107152.2
TX_102996,INV_03,2022-11-16,BUY,NTB,41.36,388,90945.96
TX_102997,INV_03,2022-11-17,SELL,HAYL,54.71,233,103566.66
TX_102998,INV_03,2022-11-18,SELL,AEL,8.75,4083,138937.38
TX_102999,INV_03,2022-11-22,BUY,HNB,64.91,321,117894.15
TX_103000,INV_03,2022-11-25,SELL,COMB,43.12,317,131426.94
TX_103001,INV_03,2022-11-28,SELL,LFIN,29.8,628,149954.61
TX_103002,INV_03,2022-11-29,SELL,MELS,36.68,470,167022.88
TX_103003,INV_03,2022-11-30,BUY,DIAL,7.37,3400,141722.67
TX_103004,INV_03,2022-12-01,BUY,JKH,137.11,155,120257.52
TX_103005,INV_03,2022-12-05,SELL,CFIN,54.34,278,135213.66
TX_103006,INV_03,2022-12-07,BUY,HAYL,60.19,336,114786.65
TX_103007,INV_03,2022-12-08,SELL,CFIN,54.43,208,125994.65
TX_103008,INV_03,2022-12-14,BUY,JKH,139.57,135,106964.15
TX_103009,INV_03,2022-12-15,BUY,MELS,36.22,442,90794.42
TX_103010,INV_03,2022-12-16,SELL,LFIN,31.2,471,105344.95
TX_103011,INV_03,2022-12-19,BUY,CFIN,57.48,274,89437.91
TX_103012,INV_03,2022-12-20,SELL,HNB,70.98,508,125133.75
TX_103013,INV_03,2022-12-21,BUY,LOFC,7.5,2502,106181.1
TX_103014,INV_03,2022-12-23,BUY,HHL,52.73,302,90096.21
TX_103015,INV_03,2022-12-26,SELL,COMB,43.12,238,100256.48
TX_103016,INV_03,2022-12-27,BUY,HHL,55.5,270,85120.44
TX_103017,INV_03,2022-12-28,BUY,HNB,69.64,183,72249.26
TX_103018,INV_03,2022-12-29,BUY,HNB,70.26,154,61320.56
TX_103019,INV_03,2023-01-02,SELL,CFIN,56.13,225,73824.16
TX_103020,INV_03,2023-01-05,BUY,NTB,41.27,268,62654.38
TX_103021,INV_03,2023-01-06,BUY,COMB,43.29,217,53165.96
TX_103022,INV_03,2023-01-09,SELL,LFIN,30.11,353,63689.45
TX_103023,INV_03,2023-01-11,SELL,AEL,9.77,3062,93319.42
TX_103024,INV_03,2023-01-12,SELL,AEL,9.68,2297,115335.04
TX_103025,INV_03,2023-01-13,BUY,HAYL,53.08,325,97912.32
TX_103026,INV_03,2023-01-16,SELL,HNB,68.39,465,129394.77
TX_103027,INV_03,2023-01-18,SELL,JKH,134.41,209,157205.71
TX_103028,INV_03,2023-01-19,BUY,AEL,9.87,2389,133396.51
TX_103029,INV_03,2023-01-20,BUY,AEL,10.24,1954,113187.73
TX_103030,INV_03,2023-01-23,SELL,DFCC,31.38,235,120488.78
TX_103031,INV_03,2023-01-25,BUY,NDB,32.55,555,102243.13
TX_103032,INV_03,2023-01-26,BUY,DIAL,7.79,1969,86758.84
TX_103033,INV_03,2023-01-27,BUY,LOFC,6.7,1942,73617.33
TX_103034,INV_03,2023-01-30,BUY,NDB,32.73,337,62476.55
TX_103035,INV_03,2023-01-31,BUY,JKH,137.11,68,53059.58
TX_103036,INV_03,2023-02-02,BUY,NDB,35.19,226,45027.97
TX_103037,INV_03,2023-02-09,SELL,NTB,50.13,504,70039.53
TX_103038,INV_03,2023-02-10,BUY,CFIN,61.34,171,59445.16
TX_103039,INV_03,2023-02-14,SELL,LFIN,35.89,265,68859.75
TX_103040,INV_03,2023-02-15,BUY,COMB,50.05,206,58446.0
TX_103041,INV_03,2023-02-16,BUY,CFIN,58.38,150,49601.71
TX_103042,INV_03,2023-02-23,SELL,HAYL,62.89,340,70771.02
TX_103043,INV_03,2023-02-27,SELL,CFIN,63.14,249,86335.24
TX_103044,INV_03,2023-02-28,SELL,HHL,61.05,536,118728.27
TX_103045,INV_03,2023-03-01,BUY,HHL,61.33,290,100764.18
TX_103046,INV_03,2023-03-02,BUY,LIOC,170.58,88,85602.89
TX_103047,INV_03,2023-03-03,BUY,JKH,136.67,93,72765.51
TX_103048,INV_03,2023-03-06,SELL,AEL,13.03,2808,108994.96
TX_103049,INV_03,2023-03-07,BUY,LIOC,177.54,92,92498.38
TX_103050,INV_03,2023-03-08,BUY,HHL,64.87,213,78543.65
TX_103051,INV_03,2023-03-10,SELL,COMB,57.32,284,94660.89
TX_103052,INV_03,2023-03-13,SELL,HNB,110.93,349,132988.22
TX_103053,INV_03,2023-03-14,BUY,MELS,45.27,440,112869.01
TX_103054,INV_03,2023-03-15,BUY,CFIN,68.98,245,95800.87
TX_103055,INV_03,2023-03-17,BUY,MELS,45.27,317,81305.89
TX_103056,INV_03,2023-03-20,BUY,COMB,59.04,206,69023.01
TX_103057,INV_03,2023-03-21,BUY,AEL,14.62,708,58572.06
TX_103058,INV_03,2023-03-23,SELL,AEL,13.87,2283,89921.43
TX_103059,INV_03,2023-03-24,SELL,JKH,141.59,197,117534.91
TX_103060,INV_03,2023-03-27,SELL,JKH,140.11,148,138063.97
TX_103061,INV_03,2023-03-29,BUY,LIOC,147.33,140,117231.46
TX_103062,INV_03,2023-03-30,SELL,COMB,56.04,265,131933.74
TX_103063,INV_03,2023-03-31,BUY,CFIN,65.02,304,111968.67
TX_103064,INV_03,2023-04-03,SELL,DIAL,8.79,2725,135684.16
TX_103065,INV_03,2023-04-04,SELL,HAYL,63.47,255,151707.67
TX_103066,INV_03,2023-04-05,SELL,DIAL,8.71,2043,169318.42
TX_103067,INV_03,2023-04-06,BUY,NDB,40.1,633,143683.88
TX_103068,INV_03,2023-04-07,BUY,AEL,13.03,1653,121925.65
TX_103069,INV_03,2023-04-10,SELL,LIOC,147.98,330,170271.45
TX_103070,INV_03,2023-04-12,BUY,DIAL,8.71,2933,144478.1
TX_103071,INV_03,2023-04-13,BUY,HAYL,63.21,342,122644.44
TX_103072,INV_03,2023-04-17,SELL,LFIN,44.08,199,131328.03
TX_103073,INV_03,2023-04-18,BUY,DIAL,9.04,2178,111437.6
TX_103074,INV_03,2023-04-19,BUY,DFCC,40.85,409,94562.31
TX_103075,INV_03,2023-04-20,BUY,NDB,40.46,350,80259.83
TX_103076,INV_03,2023-04-21,BUY,LFIN,42.91,280,68125.81
TX_103077,INV_03,2023-04-25,BUY,COMB,52.45,194,57848.09
TX_103078,INV_03,2023-04-26,SELL,CFIN,61.34,324,77524.15
TX_103079,INV_03,2023-04-27,SELL,NTB,56.97,378,98843.73
TX_103080,INV_03,2023-05-02,SELL,JKH,133.23,111,113484.2
TX_103081,INV_03,2023-05-03,BUY,AEL,12.94,1315,96298.65
TX_103082,INV_03,2023-05-04,SELL,LOFC,5.4,7821,138109.72
TX_103083,INV_03,2023-05-08,SELL,LIOC,134.73,248,171187.86
TX_103084,INV_03,2023-05-09,SELL,JKH,136.42,83,182397.8
TX_103085,INV_03,2023-05-10,BUY,COMB,51.64,529,154808.09
TX_103086,INV_03,2023-05-11,BUY,DIAL,9.04,2568,131356.02
TX_103087,INV_03,2023-05-12,SELL,LOFC,5.3,5866,162134.92
TX_103088,INV_03,2023-05-15,BUY,NDB,44.24,549,137603.5
TX_103089,INV_03,2023-05-16,SELL,JKH,137.16,63,146158.24
TX_103090,INV_03,2023-05-18,BUY,HHL,60.66,361,124039.88
TX_103091,INV_03,2023-05-19,BUY,DFCC,37.05,502,105253.06
TX_103092,INV_03,2023-05-22,SELL,HHL,60.19,618,142075.71
TX_103093,INV_03,2023-05-25,SELL,CFIN,59.28,243,156335.81
TX_103094,INV_03,2023-05-26,BUY,HAYL,60.05,390,132680.96
TX_103095,INV_03,2023-05-29,SELL,AEL,13.5,2455,165487.17
TX_103096,INV_03,2023-05-30,SELL,DIAL,8.29,3452,193812.98
TX_103097,INV_03,2023-05-31,BUY,LFIN,41.32,703,164477.05
TX_103098,INV_03,2023-06-01,BUY,LOFC,4.8,5139,139563.18
TX_103099,INV_03,2023-06-02,SELL,DIAL,8.54,2589,161451.3
TX_103100,INV_03,2023-06-05,SELL,NDB,40.99,1173,209054.77
TX_103101,INV_03,2023-06-06,BUY,JKH,137.46,228,177401.06
TX_103102,INV_03,2023-06-08,SELL,NTB,62.29,284,194913.95
TX_103103,INV_03,2023-06-09,SELL,CFIN,57.93,182,205351.62
TX_103104,INV_03,2023-06-12,BUY,DFCC,40.67,757,174259.54
TX_103105,INV_03,2023-06-13,BUY,DIAL,8.54,3060,147866.82
TX_103106,INV_03,2023-06-14,BUY,NDB,46.92,472,125500.58
TX_103107,INV_03,2023-06-15,SELL,LFIN,46.18,395,143558.19
TX_103108,INV_03,2023-06-19,BUY,DIAL,8.46,2546,121814.04
TX_103109,INV_03,2023-06-20,SELL,DIAL,8.37,3344,149530.81
TX_103110,INV_03,2023-06-21,BUY,NTB,64.28,348,126936.99
TX_103111,INV_03,2023-06-22,BUY,CFIN,65.11,292,107733.53
TX_103112,INV_03,2023-06-23,BUY,CFIN,66.46,243,91421.92
TX_103113,INV_03,2023-06-26,BUY,LFIN,46.18,296,77616.78
TX_103114,INV_03,2023-06-27,SELL,HNB,128.21,261,110744.76
TX_103115,INV_03,2023-06-28,BUY,HNB,129.37,128,94019.46
TX_103116,INV_03,2023-06-29,SELL,CFIN,66.73,270,111856.6
TX_103117,INV_03,2023-07-03,SELL,LOFC,5.4,5684,142243.26
TX_103118,INV_03,2023-07-04,BUY,MELS,52.75,404,120717.21
TX_103119,INV_03,2023-07-05,SELL,DFCC,50.11,593,150138.05
TX_103120,INV_03,2023-07-06,BUY,NTB,76.63,293,127462.23
TX_103121,INV_03,2023-07-07,BUY,CFIN,75.79,252,108171.99
TX_103122,INV_03,2023-07-11,SELL,LOFC,6.0,4263,133494.21
TX_103123,INV_03,2023-07-12,BUY,DFCC,51.5,388,113310.73
TX_103124,INV_03,2023-07-13,BUY,NTB,75.87,224,96146.81
TX_103125,INV_03,2023-07-17,SELL,DFCC,54.65,542,125472.92
TX_103126,INV_03,2023-07-18,BUY,LOFC,5.9,3189,106469.67
TX_103127,INV_03,2023-07-19,BUY,LOFC,6.0,2661,90344.01
TX_103128,INV_03,2023-07-20,BUY,LIOC,134.4,100,76770.07
TX_103129,INV_03,2023-07-21,BUY,COMB,79.9,144,65148.96
TX_103130,INV_03,2023-07-24,BUY,NTB,88.4,110,55327.77
TX_103131,INV_03,2023-07-25,SELL,LIOC,115.89,211,79536.03
TX_103132,INV_03,2023-07-27,BUY,LFIN,57.99,205,67529.95
TX_103133,INV_03,2023-07-28,BUY,MELS,64.9,156,57303.78
TX_103134,INV_03,2023-08-01,SELL,LFIN,57.82,421,81400.73
TX_103135,INV_03,2023-08-02,BUY,DFCC,81.24,150,69092.93
TX_103136,INV_03,2023-08-04,SELL,NTB,104.45,456,116244.18
TX_103137,INV_03,2023-08-08,SELL,JKH,196.23,104,136447.74
TX_103138,INV_03,2023-08-10,BUY,MELS,71.89,284,115825.97
TX_103139,INV_03,2023-08-11,SELL,COMB,93.31,415,154162.76
TX_103140,INV_03,2023-08-14,BUY,MELS,71.14,325,130809.72
TX_103141,INV_03,2023-08-15,SELL,AEL,15.64,1841,159313.32
TX_103142,INV_03,2023-08-16,BUY,NTB,112.99,211,135233.61
TX_103143,INV_03,2023-08-17,BUY,LOFC,5.6,3622,114747.58
TX_103144,INV_03,2023-08-18,SELL,CFIN,123.94,266,147386.39
TX_103145,INV_03,2023-08-21,SELL,CFIN,121.87,199,171396.43
TX_103146,INV_03,2023-08-24,SELL,COMB,81.71,312,196636.56
TX_103147,INV_03,2023-08-25,BUY,HAYL,79.43,371,166874.21
TX_103148,INV_03,2023-08-29,BUY,AEL,16.29,1536,141601.49
TX_103149,INV_03,2023-08-30,BUY,MELS,66.57,319,120154.09
TX_103150,INV_03,2023-08-31,BUY,NTB,104.21,172,102050.91
TX_103151,INV_03,2023-09-01,BUY,LOFC,5.3,2888,86591.45
TX_103152,INV_03,2023-09-04,BUY,MELS,66.82,194,73499.29
TX_103153,INV_03,2023-09-06,BUY,NDB,70.42,156,62403.42
TX_103154,INV_03,2023-09-07,SELL,JKH,182.46,78,76492.75
TX_103155,INV_03,2023-09-08,SELL,LOFC,5.2,6287,108858.22
TX_103156,INV_03,2023-09-12,SELL,LFIN,57.22,316,126758.22
TX_103157,INV_03,2023-09-13,BUY,HAYL,83.29,228,107579.33
TX_103158,INV_03,2023-09-18,SELL,NTB,105.87,438,153486.93
TX_103159,INV_03,2023-09-20,BUY,HAYL,81.88,281,130247.89
TX_103160,INV_03,2023-09-21,SELL,LIOC,106.41,158,146891.91
TX_103161,INV_03,2023-09-26,SELL,NDB,64.98,1036,213534.52
TX_103162,INV_03,2023-09-27,SELL,HHL,76.66,463,248675.2
TX_103163,INV_03,2023-09-28,BUY,NDB,65.65,568,211015.71
TX_103164,INV_03,2023-09-29,BUY,DFCC,79.94,395,179122.56
TX_103165,INV_03,2023-10-02,SELL,NDB,63.83,919,237195.7
TX_103166,INV_03,2023-10-04,BUY,COMB,79.09,449,201330.17
TX_103167,INV_03,2023-10-05,SELL,NTB,101.6,329,234421.59
TX_103168,INV_03,2023-10-06,SELL,AEL,17.69,1765,265327.03
TX_103169,INV_03,2023-10-09,SELL,NDB,58.29,690,305143.45
TX_103170,INV_03,2023-10-11,SELL,MELS,65.15,1073,374353.51
TX_103171,INV_03,2023-10-13,SELL,LOFC,4.8,4716,396763.94
TX_103172,INV_03,2023-10-16,BUY,HNB,151.71,392,336698.77
TX_103173,INV_03,2023-10-20,BUY,HHL,71.09,710,285718.45
TX_103174,INV_03,2023-10-23,SELL,DIAL,8.2,2508,306090.27
TX_103175,INV_03,2023-10-24,SELL,LOFC,4.7,3537,322547.93
TX_103176,INV_03,2023-10-25,SELL,DIAL,8.12,1881,337670.89
TX_103177,INV_03,2023-10-26,BUY,DIAL,7.87,6435,286521.7
TX_103178,INV_03,2023-10-27,SELL,HHL,67.92,525,321824.16
TX_103179,INV_03,2023-10-30,BUY,JKH,189.34,254,273250.32
TX_103180,INV_03,2023-10-31,SELL,DFCC,74.2,543,313137.71
TX_103181,INV_03,2023-11-01,BUY,NDB,60.77,772,265752.38
TX_103182,INV_03,2023-11-03,SELL,LIOC,103.17,118,277804.41
TX_103183,INV_03,2023-11-06,BUY,CFIN,99.34,419,235765.85
TX_103184,INV_03,2023-11-07,SELL,LFIN,53.37,237,248289.17
TX_103185,INV_03,2023-11-08,BUY,AEL,16.85,2210,210680.01
TX_103186,INV_03,2023-11-09,SELL,COMB,78.36,346,237522.49
TX_103187,INV_03,2023-11-10,SELL,NDB,64.4,710,282791.56
TX_103188,INV_03,2023-11-13,BUY,LIOC,99.47,426,239995.12
TX_103189,INV_03,2023-11-14,BUY,JKH,189.34,190,203660.36
TX_103190,INV_03,2023-11-15,SELL,LIOC,98.08,195,222594.43
TX_103191,INV_03,2023-11-16,SELL,JKH,186.69,169,253828.82
TX_103192,INV_03,2023-11-17,BUY,AEL,16.66,2284,215389.84
TX_103193,INV_03,2023-11-21,SELL,NTB,94.95,246,238514.25
TX_103194,INV_03,2023-11-23,BUY,HAYL,65.75,544,202387.81
TX_103195,INV_03,2023-11-29,BUY,LOFC,4.6,6599,171728.86
TX_103196,INV_03,2023-12-01,BUY,AEL,17.5,1471,145727.66
TX_103197,INV_03,2023-12-04,BUY,HAYL,65.49,333,123701.96
TX_103198,INV_03,2023-12-06,SELL,LFIN,54.66,178,133333.4
TX_103199,INV_03,2023-12-08,SELL,HNB,157.29,326,184098.72
TX_103200,INV_03,2023-12-11,SELL,NDB,66.7,533,219292.5
TX_103201,INV_03,2023-12-12,BUY,CFIN,96.58,340,186127.63
TX_103202,INV_03,2023-12-13,SELL,LOFC,4.6,4302,205718.94
TX_103203,INV_03,2023-12-14,SELL,JKH,189.64,127,229562.04
TX_103204,INV_03,2023-12-18,SELL,LOFC,4.4,3227,243618.85
TX_103205,INV_03,2023-12-19,BUY,MELS,74.35,491,206747.9
TX_103206,INV_03,2023-12-20,SELL,MELS,73.91,927,274578.87
TX_103207,INV_03,2023-12-21,BUY,COMB,84.43,487,233048.92
TX_103208,INV_03,2023-12-22,SELL,HNB,153.57,245,270297.77
TX_103209,INV_03,2023-12-25,SELL,LIOC,93.91,147,283965.2
TX_103210,INV_03,2023-12-27,BUY,CFIN,92.9,458,240992.07
TX_103211,INV_03,2023-12-28,BUY,JKH,188.41,191,204646.38
TX_103212,INV_03,2023-12-29,SELL,HNB,157.53,183,233185.63
TX_103213,INV_03,2024-01-02,SELL,LIOC,94.15,110,243438.15
TX_103214,INV_03,2024-01-03,BUY,CFIN,95.16,383,206627.75
TX_103215,INV_03,2024-01-04,BUY,AEL,18.25,1698,175336.96
TX_103216,INV_03,2024-01-05,BUY,LFIN,52.95,496,148812.24
TX_103217,INV_03,2024-01-08,SELL,DFCC,71.61,407,177664.32
TX_103218,INV_03,2024-01-10,SELL,NDB,62.11,399,202198.39
TX_103219,INV_03,2024-01-11,SELL,DIAL,7.37,3019,224218.63
TX_103220,INV_03,2024-01-12,SELL,LFIN,52.52,257,237581.49
TX_103221,INV_03,2024-01-15,BUY,DFCC,71.42,498,201658.45
TX_103222,INV_03,2024-01-17,SELL,NDB,59.82,300,219424.01
TX_103223,INV_03,2024-01-18,BUY,COMB,81.08,405,186257.89
TX_103224,INV_03,2024-01-19,SELL,NTB,98.04,185,204213.38
TX_103225,INV_03,2024-01-22,BUY,LIOC,91.69,334,173281.27
TX_103226,INV_03,2024-01-23,SELL,COMB,79.27,482,211106.84
TX_103227,INV_03,2024-01-26,BUY,CFIN,94.22,336,179133.38
TX_103228,INV_03,2024-01-29,BUY,NTB,96.14,279,152042.63
TX_103229,INV_03,2024-02-01,BUY,LOFC,4.2,5430,129008.57
TX_103230,INV_03,2024-02-02,BUY,CFIN,97.04,199,109503.8
TX_103231,INV_03,2024-02-07,SELL,AEL,17.41,3239,165323.72
TX_103232,INV_03,2024-02-08,BUY,CFIN,103.4,239,140363.25
TX_103233,INV_03,2024-02-09,SELL,JKH,182.75,143,166235.22
TX_103234,INV_03,2024-02-12,SELL,JKH,184.03,107,185729.48
TX_103235,INV_03,2024-02-13,SELL,AEL,17.69,2429,228261.66
TX_103236,INV_03,2024-02-15,SELL,JKH,185.01,81,243097.91
TX_103237,INV_03,2024-02-19,SELL,DIAL,8.62,2264,262426.05
TX_103238,INV_03,2024-02-20,BUY,JKH,188.46,208,222834.77
TX_103239,INV_03,2024-02-21,SELL,COMB,82.44,362,252379.52
TX_103240,INV_03,2024-02-22,BUY,DFCC,68.21,555,214146.01
TX_103241,INV_03,2024-02-26,BUY,HAYL,67.07,478,181767.68
TX_103242,INV_03,2024-02-27,SELL,HNB,147.52,138,201922.14
TX_103243,INV_03,2024-02-28,BUY,HNB,147.06,205,171474.05
TX_103244,INV_03,2024-02-29,BUY,LFIN,53.37,481,145544.05
TX_103245,INV_03,2024-03-01,BUY,JKH,182.06,119,123662.1
TX_103246,INV_03,2024-03-06,BUY,JKH,183.29,101,104964.52
TX_103247,INV_03,2024-03-07,BUY,AEL,20.01,786,89075.99
TX_103248,INV_03,2024-03-11,BUY,NTB,100.26,133,75608.44
TX_103249,INV_03,2024-03-13,BUY,HAYL,74.78,151,64203.55
TX_103250,INV_03,2024-03-14,SELL,JKH,187.23,167,95157.95
TX_103251,INV_03,2024-03-15,BUY,MELS,80.45,177,80775.53
TX_103252,INV_03,2024-03-18,SELL,DIAL,9.38,1698,96538.28
TX_103253,INV_03,2024-03-20,SELL,CFIN,99.63,743,169826.36
TX_103254,INV_03,2024-03-21,BUY,JKH,184.52,138,144107.73
TX_103255,INV_03,2024-03-22,BUY,MELS,78.12,276,122330.95
TX_103256,INV_03,2024-03-26,SELL,LOFC,5.7,3777,143644.56
TX_103257,INV_03,2024-03-27,BUY,LOFC,5.7,3780,121883.1
TX_103258,INV_03,2024-03-29,SELL,COMB,86.88,271,145191.95
TX_103259,INV_03,2024-04-01,BUY,DIAL,9.71,2242,123200.39
TX_103260,INV_03,2024-04-02,BUY,LFIN,57.09,323,104577.03
TX_103261,INV_03,2024-04-03,BUY,NTB,109.02,143,88831.63
TX_103262,INV_03,2024-04-04,SELL,JKH,195.84,160,119852.52
TX_103263,INV_03,2024-04-05,BUY,LIOC,112.88,159,101724.66
TX_103264,INV_03,2024-04-08,SELL,LFIN,59.21,394,124820.41
TX_103265,INV_03,2024-04-09,BUY,LOFC,5.6,3343,105912.4
TX_103266,INV_03,2024-04-11,BUY,COMB,104.34,152,89893.87
TX_103267,INV_03,2024-04-15,BUY,CFIN,108.35,124,76324.18
TX_103268,INV_03,2024-04-16,SELL,MELS,80.72,809,140974.6
TX_103269,INV_03,2024-04-17,SELL,DIAL,9.8,1834,158759.91
TX_103270,INV_03,2024-04-18,SELL,HNB,183.33,154,186709.8
TX_103271,INV_03,2024-04-24,BUY,MELS,79.11,354,158425.97
TX_103272,INV_03,2024-04-26,BUY,MELS,80.72,294,134456.61
TX_103273,INV_03,2024-04-29,BUY,LIOC,121.9,165,114141.27
TX_103274,INV_03,2024-04-30,BUY,JKH,206.17,83,96857.86
TX_103275,INV_03,2024-05-02,BUY,DFCC,79.1,183,82238.04
TX_103276,INV_03,2024-05-03,BUY,DIAL,9.88,1248,69785.47
TX_103277,INV_03,2024-05-07,SELL,LFIN,63.72,295,88396.23
TX_103278,INV_03,2024-05-08,SELL,LOFC,7.1,4614,120828.03
TX_103279,INV_03,2024-05-10,BUY,HHL,83.68,216,102573.02
TX_103280,INV_03,2024-05-13,BUY,HHL,83.68,183,87106.97
TX_103281,INV_03,2024-05-14,SELL,AEL,23.09,2019,133251.96
TX_103282,INV_03,2024-05-15,SELL,LOFC,6.5,3460,155517.06
TX_103283,INV_03,2024-05-16,SELL,LFIN,62.22,222,169191.77
TX_103284,INV_03,2024-05-17,BUY,COMB,107.19,236,143642.59
TX_103285,INV_03,2024-05-20,BUY,CFIN,114.0,188,121995.8
TX_103286,INV_03,2024-05-21,SELL,DFCC,76.3,614,168374.25
TX_103287,INV_03,2024-05-22,BUY,DIAL,9.38,2693,142869.75
TX_103288,INV_03,2024-05-27,BUY,CFIN,116.12,184,121289.57
TX_103289,INV_03,2024-05-28,SELL,LIOC,118.43,247,150250.35
TX_103290,INV_03,2024-05-29,BUY,HAYL,85.84,262,127535.83
TX_103291,INV_03,2024-05-30,SELL,COMB,101.5,301,157780.61
TX_103292,INV_03,2024-05-31,SELL,NTB,117.29,277,189945.38
TX_103293,INV_03,2024-06-03,BUY,LFIN,62.75,454,161171.54
TX_103294,INV_03,2024-06-05,BUY,AEL,22.25,1086,136768.13
TX_103295,INV_03,2024-06-07,BUY,DIAL,9.46,2168,116052.4
TX_103296,INV_03,2024-06-10,BUY,LOFC,6.6,2637,98474.16
TX_103297,INV_03,2024-06-13,BUY,DFCC,75.33,196,83561.41
TX_103298,INV_03,2024-06-18,BUY,MELS,78.93,158,70966.18
TX_103299,INV_03,2024-06-19,SELL,COMB,100.78,225,93415.94
TX_103300,INV_03,2024-06-20,BUY,HHL,81.75,171,79296.28
TX_103301,INV_03,2024-06-25,BUY,DFCC,75.82,156,67350.87
TX_103302,INV_03,2024-06-26,BUY,LFIN,64.52,156,57184.92
TX_103303,INV_03,2024-06-27,BUY,AEL,22.16,387,48525.06
TX_103304,INV_03,2024-07-02,SELL,LFIN,64.54,319,68907.15
TX_103305,INV_03,2024-07-03,SELL,CFIN,109.24,681,142552.64
TX_103306,INV_03,2024-07-08,SELL,CFIN,105.4,511,195874.81
TX_103307,INV_03,2024-07-09,SELL,HAYL,91.81,1036,290038.46
TX_103308,INV_03,2024-07-11,SELL,HAYL,92.37,777,361091.82
TX_103309,INV_03,2024-07-12,BUY,MELS,78.03,694,306398.61
TX_103310,INV_03,2024-07-15,BUY,DFCC,71.18,645,260028.92
TX_103311,INV_03,2024-07-16,BUY,DFCC,70.89,550,220649.83
TX_103312,INV_03,2024-07-17,BUY,HHL,78.56,421,187244.9
TX_103313,INV_03,2024-07-18,SELL,HNB,184.75,116,208462.12
TX_103314,INV_03,2024-07-22,SELL,CFIN,101.57,383,246974.36
TX_103315,INV_03,2024-07-23,BUY,MELS,76.19,486,209574.55
TX_103316,INV_03,2024-07-24,SELL,NDB,69.75,225,225112.32
TX_103317,INV_03,2024-07-25,SELL,AEL,20.76,1882,263790.06
TX_103318,INV_03,2024-07-26,BUY,LFIN,62.31,635,223829.35
TX_103319,INV_03,2024-07-29,BUY,HNB,179.75,186,190060.62
TX_103320,INV_03,2024-08-06,BUY,DIAL,8.81,3234,161274.08
TX_103321,INV_03,2024-08-09,BUY,NDB,65.07,371,136890.89
TX_103322,INV_03,2024-08-12,BUY,DFCC,67.51,304,116162.87
TX_103323,INV_03,2024-08-13,BUY,NDB,65.84,264,98608.2
TX_103324,INV_03,2024-08-14,SELL,AEL,20.48,1412,127236.4
TX_103325,INV_03,2024-08-15,BUY,CFIN,107.08,178,107985.63
TX_103326,INV_03,2024-08-16,BUY,NDB,66.89,242,91636.95
TX_103327,INV_03,2024-08-20,SELL,NTB,118.75,208,116090.21
TX_103328,INV_03,2024-08-22,BUY,LOFC,5.5,3166,98503.08
TX_103329,INV_03,2024-08-23,SELL,DFCC,67.12,923,159837.92
TX_103330,INV_03,2024-08-26,SELL,LOFC,5.3,4046,181067.29
TX_103331,INV_03,2024-08-27,SELL,AEL,19.18,1059,201172.09
TX_103332,INV_03,2024-08-29,BUY,CFIN,99.41,303,170748.45
TX_103333,INV_03,2024-08-30,SELL,HAYL,83.88,583,219160.86
TX_103334,INV_03,2024-09-02,BUY,LIOC,101.17,324,186054.68
TX_103335,INV_03,2024-09-03,SELL,DFCC,63.55,693,229654.02
TX_103336,INV_03,2024-09-04,BUY,HHL,69.84,493,194877.21
TX_103337,INV_03,2024-09-06,BUY,DFCC,63.84,457,165410.98
TX_103338,INV_03,2024-09-09,BUY,AEL,18.62,1332,140363.9
TX_103339,INV_03,2024-09-10,BUY,HNB,149.52,140,119222.08
TX_103340,INV_03,2024-09-11,SELL,DFCC,62.78,634,158624.54
TX_103341,INV_03,2024-09-13,SELL,MELS,69.22,1103,234206.08
TX_103342,INV_03,2024-09-18,SELL,DIAL,8.24,3712,264503.64
TX_103343,INV_03,2024-09-19,BUY,HHL,70.52,562,224474.59
TX_103344,INV_03,2024-09-20,SELL,NTB,112.91,156,241912.57
TX_103345,INV_03,2024-09-23,SELL,NDB,67.84,388,267972.51
TX_103346,INV_03,2024-09-24,BUY,HNB,169.04,237,227509.19
TX_103347,INV_03,2024-09-25,BUY,LIOC,115.38,295,193131.85
TX_103348,INV_03,2024-09-27,BUY,CFIN,106.12,272,163978.19
TX_103349,INV_03,2024-09-30,BUY,HNB,194.99,126,139163.48
TX_103350,INV_03,2024-10-02,SELL,LIOC,108.88,340,175811.11
TX_103351,INV_03,2024-10-03,BUY,DIAL,8.91,2960,149180.2
TX_103352,INV_03,2024-10-04,BUY,HAYL,92.74,241,126605.7
TX_103353,INV_03,2024-10-07,SELL,MELS,80.78,827,192744.61
TX_103354,INV_03,2024-10-08,BUY,HAYL,97.73,295,163624.66
TX_103355,INV_03,2024-10-09,BUY,DFCC,77.84,315,138858.85
TX_103356,INV_03,2024-10-10,BUY,LFIN,63.98,325,117857.05
TX_103357,INV_03,2024-10-11,BUY,MELS,81.7,216,100033.31
TX_103358,INV_03,2024-10-14,SELL,MELS,81.7,675,154629.54
TX_103359,INV_03,2024-10-16,BUY,AEL,21.78,1064,131220.68
TX_103360,INV_03,2024-10-18,BUY,HNB,204.28,96,111413.92
TX_103361,INV_03,2024-10-21,SELL,LFIN,66.96,479,143165.59
TX_103362,INV_03,2024-10-23,SELL,HHL,78.46,905,213465.53
TX_103363,INV_03,2024-10-24,SELL,AEL,22.71,1393,244789.56
TX_103364,INV_03,2024-10-25,SELL,HAYL,98.9,571,300697.1
TX_103365,INV_03,2024-10-28,SELL,COMB,108.14,169,318789.31
TX_103366,INV_03,2024-10-29,SELL,JKH,209.18,141,347988.06
TX_103367,INV_03,2024-10-30,BUY,MELS,88.03,592,295350.54
TX_103368,INV_03,2024-10-31,SELL,NDB,83.71,291,319465.16
TX_103369,INV_03,2024-11-04,BUY,NTB,134.33,356,271167.19
TX_103370,INV_03,2024-11-05,SELL,NTB,133.6,206,298412.59
TX_103371,INV_03,2024-11-06,BUY,DIAL,9.95,4498,253208.75
TX_103372,INV_03,2024-11-07,BUY,COMB,108.61,349,214924.75
TX_103373,INV_03,2024-11-11,BUY,JKH,20.57,1567,182364.51
TX_103374,INV_03,2024-11-12,SELL,HNB,219.75,283,243932.76
TX_103375,INV_03,2024-11-13,BUY,AEL,25.13,1455,206996.79
TX_103376,INV_03,2024-11-18,BUY,JKH,20.92,1484,175645.99
TX_103377,INV_03,2024-11-19,BUY,HNB,219.04,120,149098.48
TX_103378,INV_03,2024-11-20,SELL,COMB,116.91,214,173867.05
TX_103379,INV_03,2024-11-21,BUY,AEL,25.04,1041,147538.56
TX_103380,INV_03,2024-11-22,BUY,COMB,115.72,191,125214.17
TX_103381,INV_03,2024-11-25,BUY,JKH,18.94,991,106253.51
TX_103382,INV_03,2024-11-26,SELL,AEL,25.13,1669,147783.01
TX_103383,INV_03,2024-11-27,BUY,HAYL,96.8,228,125491.6
TX_103384,INV_03,2024-11-28,SELL,DIAL,9.86,4648,170841.87
TX_103385,INV_03,2024-11-29,BUY,LFIN,74.4,344,144993.5
TX_103386,INV_03,2024-12-02,BUY,MELS,98.66,220,123070.51
TX_103387,INV_03,2024-12-04,BUY,JKH,20.32,908,104431.11
TX_103388,INV_03,2024-12-05,BUY,HHL,86.31,181,88652.68
TX_103389,INV_03,2024-12-06,BUY,CFIN,131.27,101,75261.39
TX_103390,INV_03,2024-12-09,BUY,LOFC,6.2,1820,63864.55
TX_103391,INV_03,2024-12-10,SELL,CFIN,135.83,501,131232.76
TX_103392,INV_03,2024-12-11,SELL,LIOC,112.01,255,159509.01
TX_103393,INV_03,2024-12-13,BUY,DIAL,10.52,2274,135349.95
TX_103394,INV_03,2024-12-17,SELL,LOFC,6.5,3490,157808.1
TX_103395,INV_03,2024-12-18,SELL,MELS,107.16,709,233025.23
TX_103396,INV_03,2024-12-19,BUY,NTB,165.96,210,197825.17
TX_103397,INV_03,2024-12-20,BUY,LIOC,125.01,237,167900.42
TX_103398,INV_03,2024-12-23,BUY,DFCC,89.14,282,142510.71
TX_103399,INV_03,2024-12-24,BUY,CFIN,179.91,118,121069.1
TX_103400,INV_03,2024-12-26,BUY,LIOC,121.88,148,102850.0
TX_103401,INV_03,2024-12-27,SELL,NDB,91.73,218,122647.53
TX_103402,INV_03,2024-12-30,BUY,NDB,102.0,180,104103.25
TX_103403,INV_03,2024-12-31,BUY,AEL,33.14,471,88338.83
TX_103404,INV_03,2025-01-02,BUY,DIAL,11.09,1195,74956.85
TX_103405,INV_03,2025-01-03,SELL,LFIN,79.51,445,109985.6
TX_103406,INV_03,2025-01-06,BUY,HNB,303.56,54,93429.47
TX_103407,INV_03,2025-01-08,SELL,LIOC,124.29,287,128744.55
TX_103408,INV_03,2025-01-09,SELL,LOFC,6.6,2617,145844.03
TX_103409,INV_03,2025-01-10,BUY,CFIN,179.42,121,123916.96
TX_103410,INV_03,2025-01-15,BUY,NTB,177.4,104,105283.19
TX_103411,INV_03,2025-01-16,BUY,AEL,33.33,473,89360.05
TX_103412,INV_03,2025-01-17,BUY,NTB,178.61,75,75830.07
TX_103413,INV_03,2025-01-21,BUY,COMB,139.91,81,64383.81
TX_103414,INV_03,2025-01-22,BUY,HAYL,125.96,76,54715.25
TX_103415,INV_03,2025-01-23,BUY,LFIN,86.49,94,46504.26
TX_103416,INV_03,2025-01-24,SELL,LIOC,118.51,216,71846.64
TX_103417,INV_03,2025-01-27,BUY,DIAL,12.7,848,60970.69
TX_103418,INV_03,2025-01-28,BUY,JKH,22.59,404,51751.44
TX_103419,INV_03,2025-01-29,BUY,HHL,110.67,70,43926.85
TX_103420,INV_03,2025-02-03,SELL,HNB,328.08,256,127076.0
TX_103421,INV_03,2025-02-05,SELL,LOFC,6.5,1963,139707.91
TX_103422,INV_03,2025-02-06,SELL,NTB,183.48,252,185482.61
TX_103423,INV_03,2025-02-07,BUY,NTB,186.64,149,157394.57
TX_103424,INV_03,2025-02-10,SELL,DIAL,12.51,4565,213926.67
TX_103425,INV_03,2025-02-11,SELL,JKH,22.1,1444,245520.9
TX_103426,INV_03,2025-02-13,BUY,MELS,119.91,307,208341.45
TX_103427,INV_03,2025-02-14,BUY,LFIN,85.37,366,176783.52
TX_103428,INV_03,2025-02-17,BUY,NDB,118.96,222,150109.29
TX_103429,INV_03,2025-02-18,BUY,HNB,324.99,69,127460.94
TX_103430,INV_03,2025-02-19,BUY,COMB,142.52,134,108172.12
TX_103431,INV_03,2025-02-20,SELL,LOFC,6.3,1472,117352.99
TX_103432,INV_03,2025-02-21,SELL,NDB,116.34,264,147758.77
TX_103433,INV_03,2025-02-24,SELL,DFCC,114.85,624,218710.41
TX_103434,INV_03,2025-02-25,SELL,HAYL,127.12,504,282140.51
TX_103435,INV_03,2025-02-26,BUY,LFIN,79.42,532,239467.41
TX_103436,INV_03,2025-02-27,BUY,CFIN,203.83,176,203234.18
TX_103437,INV_03,2025-02-28,BUY,CFIN,200.9,151,172594.47
TX_103438,INV_03,2025-03-03,SELL,AEL,37.08,1487,227176.56
TX_103439,INV_03,2025-03-04,SELL,COMB,135.41,262,262298.44
TX_103440,INV_03,2025-03-05,BUY,MELS,125.18,314,222598.33
TX_103441,INV_03,2025-03-06,BUY,COMB,136.12,245,188915.83
TX_103442,INV_03,2025-03-07,BUY,COMB,135.41,209,160332.76
TX_103443,INV_03,2025-03-11,SELL,HHL,115.52,742,245188.98
TX_103444,INV_03,2025-03-12,SELL,MELS,123.74,687,329346.39
TX_103445,INV_03,2025-03-14,BUY,JKH,20.47,2413,279461.08
TX_103446,INV_03,2025-03-17,SELL,LFIN,81.85,582,326623.0
TX_103447,INV_03,2025-03-18,SELL,HHL,113.82,556,389274.87
TX_103448,INV_03,2025-03-20,BUY,NTB,190.02,307,330354.18
TX_103449,INV_03,2025-03-21,BUY,DIAL,13.27,3735,280306.36
TX_103450,INV_03,2025-03-24,BUY,HHL,116.0,362,237894.08
TX_103451,INV_03,2025-03-25,BUY,LOFC,6.1,5849,201858.39
TX_103452,INV_03,2025-03-26,SELL,DFCC,105.5,468,250738.65
TX_103453,INV_03,2025-03-28,BUY,NTB,188.04,200,212753.67
TX_103454,INV_03,2025-03-31,SELL,COMB,138.3,310,255198.65
TX_103455,INV_03,2025-04-01,BUY,MELS,127.35,300,216612.13
TX_103456,INV_03,2025-04-02,BUY,LIOC,126.46,256,183914.67
TX_103457,INV_03,2025-04-03,SELL,HAYL,130.62,378,232796.59
TX_103458,INV_03,2025-04-07,SELL,MELS,115.79,590,300431.3
TX_103459,INV_03,2025-04-08,BUY,HAYL,128.76,349,255045.59
TX_103460,INV_03,2025-04-09,SELL,CFIN,170.15,517,342130.93
TX_103461,INV_03,2025-04-10,BUY,NDB,106.25,483,290298.99
TX_103462,INV_03,2025-04-11,BUY,CFIN,182.59,238,246406.88
TX_103463,INV_03,2025-04-14,SELL,LIOC,121.88,226,273677.03
TX_103464,INV_03,2025-04-16,BUY,HHL,115.03,356,232316.01
TX_103465,INV_03,2025-04-17,BUY,MELS,123.26,282,197210.3
TX_103466,INV_03,2025-04-21,BUY,MELS,122.77,240,167449.81
TX_103467,INV_03,2025-04-22,SELL,HHL,115.27,597,235580.48
TX_103468,INV_03,2025-04-23,SELL,MELS,121.81,573,304680.41
TX_103469,INV_03,2025-04-24,BUY,HNB,297.75,153,258669.11
TX_103470,INV_03,2025-04-25,SELL,LFIN,89.2,436,297170.75
TX_103471,INV_03,2025-04-28,SELL,DFCC,103.25,351,333049.09
TX_103472,INV_03,2025-04-30,BUY,AEL,37.46,1333,282613.99
TX_103473,INV_03,2025-05-02,BUY,CFIN,193.34,219,239850.1
TX_103474,INV_03,2025-05-06,SELL,CFIN,195.29,502,336904.54
TX_103475,INV_03,2025-05-07,SELL,DFCC,105.5,264,364478.02
TX_103476,INV_03,2025-05-08,BUY,NTB,188.04,290,309399.81
TX_103477,INV_03,2025-05-14,BUY,NTB,193.98,239,262574.34
TX_103478,INV_03,2025-05-15,BUY,NTB,193.74,203,222852.8
TX_103479,INV_03,2025-05-20,SELL,LOFC,5.9,2566,237840.8
TX_103480,INV_03,2025-05-22,BUY,LIOC,126.22,282,201891.12
TX_103481,INV_03,2025-05-23,BUY,MELS,139.63,216,171430.38
TX_103482,INV_03,2025-05-26,BUY,COMB,142.25,180,145569.33
TX_103483,INV_03,2025-05-27,SELL,MELS,141.79,484,213510.52
TX_103484,INV_03,2025-05-28,BUY,HAYL,142.9,224,181180.54
TX_103485,INV_03,2025-05-30,BUY,HNB,310.25,87,153918.88
TX_103486,INV_03,2025-06-02,BUY,LFIN,103.99,222,130603.26
TX_103487,INV_03,2025-06-03,BUY,HNB,320.0,61,110888.06
TX_103488,INV_03,2025-06-04,BUY,NTB,210.07,79,94126.94
TX_103489,INV_03,2025-06-05,SELL,AEL,43.39,1449,156375.99
TX_103490,INV_03,2025-06-06,SELL,HNB,327.75,284,248526.18
TX_103491,INV_03,2025-06-09,BUY,NDB,116.0,321,210917.82
TX_103492,INV_03,2025-06-11,BUY,COMB,156.0,202,179090.7
TX_103493,INV_03,2025-06-12,BUY,JKH,22.1,1215,151967.43
TX_103494,INV_03,2025-06-16,SELL,HAYL,155.58,427,217736.56
TX_103495,INV_03,2025-06-17,SELL,HAYL,160.46,320,268569.99
TX_103496,INV_03,2025-06-19,SELL,COMB,149.75,328,317196.81
TX_103497,INV_03,2025-06-20,BUY,HAYL,157.29,302,269220.55
TX_103498,INV_03,2025-06-23,SELL,DFCC,107.25,198,290243.7
TX_103499,INV_03,2025-06-25,SELL,HHL,27.7,448,302531.25
TX_103500,INV_03,2025-06-26,BUY,COMB,155.75,291,256754.77
TX_103501,INV_03,2025-06-27,SELL,DFCC,115.75,148,273714.46
TX_103502,INV_03,2025-06-30,BUY,CFIN,257.54,159,232356.66
TX_103503,INV_03,2025-07-01,BUY,DFCC,115.25,302,197203.1
TX_103504,INV_03,2025-07-07,SELL,LIOC,131.5,240,228447.5
TX_103505,INV_03,2025-07-08,BUY,NDB,116.0,295,193885.3
TX_103506,INV_03,2025-07-11,BUY,DIAL,19.1,1522,164524.4
TX_103507,INV_03,2025-07-14,BUY,NDB,123.25,200,139627.9
TX_103508,INV_03,2025-07-16,SELL,LOFC,6.1,1925,151252.98
TX_103509,INV_03,2025-07-17,BUY,LOFC,6.0,3781,128340.12
TX_103510,INV_03,2025-07-18,BUY,LIOC,130.5,147,108964.78
TX_103511,INV_03,2025-07-21,BUY,CFIN,283.29,57,92655.76
TX_103512,INV_03,2025-07-22,SELL,NTB,219.72,556,213595.72
TX_103513,INV_03,2025-07-23,BUY,DFCC,139.25,230,181247.94
TX_103514,INV_03,2025-07-24,BUY,AEL,60.16,451,153844.56
TX_103515,INV_03,2025-07-25,BUY,CFIN,300.13,76,130806.64
TX_103516,INV_03,2025-07-29,BUY,HAYL,175.33,111,111149.9
TX_103517,INV_03,2025-07-30,BUY,JKH,23.89,697,94334.36
TX_103518,INV_03,2025-07-31,BUY,JKH,23.69,597,80050.92
TX_103519,INV_03,2025-08-01,BUY,CFIN,308.05,38,68227.83
TX_103520,INV_03,2025-08-04,SELL,NDB,141.0,523,141233.4
TX_103521,INV_03,2025-08-07,SELL,LFIN,133.15,383,191720.14
TX_103522,INV_03,2025-08-11,BUY,JKH,23.19,1239,162696.76
TX_103523,INV_03,2025-08-13,BUY,MELS,152.63,159,138186.66
TX_103524,INV_03,2025-08-14,SELL,HHL,30.29,336,148261.14
TX_103525,INV_03,2025-08-18,BUY,CFIN,290.22,76,125983.55
TX_103526,INV_03,2025-08-19,BUY,LOFC,6.0,3149,106900.61
TX_103527,INV_03,2025-08-21,BUY,HHL,29.79,538,90713.36
TX_103528,INV_03,2025-08-25,SELL,CFIN,285.02,478,225592.27
TX_103529,INV_03,2025-08-26,BUY,DFCC,163.0,207,191513.86
TX_103530,INV_03,2025-08-27,BUY,DIAL,24.2,1187,162501.2
TX_103531,INV_03,2025-08-28,BUY,AEL,60.46,403,137893.94
TX_103532,INV_03,2025-08-29,BUY,DIAL,26.1,792,117016.03
TX_103533,INV_03,2025-09-01,SELL,HHL,30.29,386,128589.68
TX_103534,INV_03,2025-09-02,SELL,COMB,193.25,319,189619.96
TX_103535,INV_03,2025-09-04,BUY,LIOC,132.0,215,160956.16
TX_103536,INV_03,2025-09-08,BUY,JKH,22.2,1087,136581.51
TX_103537,INV_03,2025-09-09,SELL,COMB,190.0,239,181537.41
TX_103538,INV_03,2025-09-10,SELL,COMB,191.0,179,215384.52
TX_103539,INV_03,2025-09-12,BUY,CFIN,282.3,114,182880.53
TX_103540,INV_03,2025-09-15,SELL,LFIN,132.41,287,220502.46
TX_103541,INV_03,2025-09-16,BUY,AEL,58.38,566,187126.33
TX_103542,INV_03,2025-09-17,BUY,LOFC,5.8,4839,158779.47
TX_103543,INV_03,2025-09-18,BUY,COMB,190.0,125,134791.97
TX_103544,INV_03,2025-09-19,BUY,DFCC,162.5,124,114440.47
TX_103545,INV_03,2025-09-22,BUY,LIOC,132.0,130,97108.87
TX_103546,INV_03,2025-09-24,BUY,JKH,22.2,656,82398.87
TX_103547,INV_03,2025-09-25,BUY,DIAL,26.0,475,69925.37
TX_103548,INV_03,2025-09-26,BUY,COMB,193.5,54,59371.88
TX_103549,INV_03,2025-09-30,BUY,NDB,142.0,62,50479.84
TX_103550,INV_03,2025-10-01,BUY,HNB,390.0,19,42995.74
TX_103551,INV_03,2025-10-07,SELL,NDB,145.5,407,101622.06
TX_103552,INV_03,2025-10-08,SELL,HHL,32.77,290,111030.01
TX_103553,INV_03,2025-10-09,SELL,JKH,20.72,3059,173763.64
TX_103554,INV_03,2025-10-10,SELL,NDB,143.0,306,217084.06
TX_103555,INV_03,2025-10-13,BUY,HAYL,186.55,174,184299.42
TX_103556,INV_03,2025-10-14,BUY,COMB,204.0,135,156484.02
TX_103557,INV_03,2025-10-16,SELL,LOFC,5.8,4386,181668.43
TX_103558,INV_03,2025-10-21,BUY,COMB,206.75,131,154313.34
TX_103559,INV_03,2025-10-23,BUY,HNB,397.25,58,131042.44
TX_103560,INV_03,2025-10-24,SELL,COMB,205.5,246,181089.91
TX_103561,INV_03,2025-10-27,SELL,AEL,59.67,1442,266268.85
TX_103562,INV_03,2025-10-29,BUY,LFIN,161.26,247,226039.25
TX_103563,INV_03,2025-10-30,SELL,NDB,142.5,229,258345.42
TX_103564,INV_03,2025-10-31,SELL,HNB,395.25,233,349517.74
TX_103565,INV_03,2025-11-03,BUY,NTB,287.02,182,296758.61
TX_103566,INV_03,2025-11-04,SELL,LOFC,6.2,3289,316946.49
TX_103567,INV_03,2025-11-06,BUY,COMB,208.0,228,269048.25
TX_103568,INV_03,2025-11-07,BUY,HHL,35.95,1122,228312.96
TX_103569,INV_03,2025-11-10,BUY,LOFC,6.5,5268,193728.54
TX_103570,INV_03,2025-11-11,BUY,HNB,427.0,68,164402.18
TX_103571,INV_03,2025-11-13,SELL,JKH,22.2,2294,214823.71
TX_103572,INV_03,2025-11-18,SELL,LOFC,6.4,3784,238799.14
TX_103573,INV_03,2025-11-19,SELL,HHL,35.5,498,256301.35
TX_103574,INV_03,2025-11-21,SELL,JKH,22.8,1721,295146.26
TX_103575,INV_03,2025-11-24,SELL,CFIN,284.03,387,403967.89
TX_103576,INV_03,2025-11-26,BUY,COMB,209.5,289,342816.94
TX_103577,INV_03,2025-11-27,SELL,DFCC,159.0,327,394290.01
TX_103578,INV_03,2025-12-01,SELL,NTB,290.23,462,527036.19
TX_103579,INV_03,2025-12-02,SELL,NDB,144.5,172,551641.65
TX_103580,INV_03,2025-12-08,BUY,HNB,384.75,215,468093.19
TX_103581,INV_03,2025-12-09,BUY,DIAL,28.5,2463,397195.73
TX_103582,INV_03,2025-12-11,BUY,DIAL,29.5,2019,337039.63
TX_103583,INV_03,2025-12-15,SELL,LFIN,152.63,277,378895.39
TX_103584,INV_03,2025-12-17,BUY,DIAL,29.5,1926,321510.22
TX_103585,INV_03,2025-12-18,SELL,HHL,35.3,373,334545.45
TX_103586,INV_03,2025-12-19,SELL,DFCC,147.0,245,370200.3
TX_103587,INV_03,2025-12-23,BUY,DFCC,144.0,385,314205.9
TX_103588,INV_03,2025-12-24,SELL,HNB,384.25,245,407405.74
TX_103589,INV_03,2025-12-26,BUY,NDB,139.5,438,345693.73
TX_103590,INV_03,2025-12-29,BUY,NTB,304.34,170,293439.4
TX_103591,INV_03,2025-12-30,BUY,NDB,140.0,314,249039.8
TX_103592,INV_03,2026-01-02,BUY,DFCC,150.75,247,211432.2
TX_103593,INV_03,2026-01-05,BUY,JKH,21.5,1474,179417.07
TX_103594,INV_03,2026-01-06,BUY,LOFC,5.8,4640,152235.95
TX_103595,INV_03,2026-01-07,SELL,LFIN,156.08,208,184376.4
TX_103596,INV_03,2026-01-08,SELL,LIOC,132.0,303,223972.44
TX_103597,INV_03,2026-01-09,BUY,AEL,75.7,443,190101.99
TX_103598,INV_03,2026-01-13,BUY,LIOC,137.25,207,161407.13
TX_103599,INV_03,2026-01-14,BUY,NDB,150.0,161,137015.63
TX_103600,INV_03,2026-01-16,SELL,DFCC,160.75,342,191442.36
TX_103601,INV_03,2026-01-20,BUY,LIOC,136.5,210,162490.71
TX_103602,INV_03,2026-01-21,BUY,HNB,423.25,57,138124.21
TX_103603,INV_03,2026-01-22,SELL,DIAL,33.7,6954,370130.52
TX_103604,INV_03,2026-01-26,SELL,DIAL,33.4,5215,542569.72
TX_103605,INV_03,2026-01-27,BUY,COMB,227.25,358,460400.66
TX_103606,INV_03,2026-01-28,SELL,HHL,34.9,280,470074.94
TX_103607,INV_03,2026-01-29,BUY,NTB,339.47,207,399102.02
TX_103608,INV_03,2026-01-30,BUY,DFCC,157.0,381,338686.85
TX_103609,INV_03,2026-02-02,SELL,DIAL,32.5,3912,464555.45
TX_103610,INV_03,2026-02-03,BUY,NDB,146.25,476,394244.3
TX_103611,INV_03,2026-02-06,SELL,LIOC,140.75,331,440366.67
TX_103612,INV_03,2026-02-10,BUY,JKH,22.4,2948,373671.11
TX_103613,INV_03,2026-02-11,SELL,AEL,70.9,1192,457338.79
TX_103614,INV_03,2026-02-12,SELL,LIOC,141.25,248,492018.49
TX_103615,INV_03,2026-02-16,BUY,HAYL,239.0,308,417670.37
TX_103616,INV_03,2026-02-17,BUY,MELS,179.25,349,354486.54
TX_103617,INV_03,2026-02-18,BUY,HHL,33.9,1568,300799.78
TX_103618,INV_03,2026-02-20,BUY,AEL,74.1,608,255296.45
TX_103619,INV_03,2026-02-24,BUY,HAYL,239.0,160,216674.05
TX_103620,INV_03,2026-02-25,SELL,HHL,33.9,602,236877.78
TX_103621,INV_03,2026-02-26,BUY,COMB,234.0,151,201190.44
TX_103622,INV_03,2026-02-27,BUY,NTB,339.47,88,171018.37
TX_103623,INV_03,2026-03-02,SELL,LIOC,143.5,186,197442.46
TX_103624,INV_03,2026-03-03,BUY,DFCC,159.0,186,167572.72
TX_103625,INV_03,2026-03-04,SELL,LOFC,5.8,3998,190529.24
TX_103626,INV_04,2020-01-20,BUY,NDB,73.26,2047,848533.83
TX_103627,INV_04,2020-01-21,SELL,NDB,73.56,512,885821.8
TX_103628,INV_04,2020-01-22,BUY,DFCC,66.21,2006,751669.94
TX_103629,INV_04,2020-01-27,SELL,DFCC,65.52,502,784232.19
TX_103630,INV_04,2020-01-28,BUY,LOFC,3.7,31793,665421.75
TX_103631,INV_04,2020-01-29,BUY,LFIN,25.56,3904,564629.13
TX_103632,INV_04,2020-02-03,BUY,LOFC,3.8,22287,479091.63
TX_103633,INV_04,2020-02-04,BUY,JKH,158.47,453,406586.49
TX_103634,INV_04,2020-02-05,BUY,HAYL,12.42,4910,344988.97
TX_103635,INV_04,2020-02-06,BUY,AEL,17.57,2944,292731.3
TX_103636,INV_04,2020-02-07,BUY,NTB,60.14,730,248390.96
TX_103637,INV_04,2020-02-10,BUY,LIOC,14.09,2644,210771.47
TX_103638,INV_04,2020-02-12,BUY,DIAL,8.27,3821,178842.16
TX_103639,INV_04,2020-02-13,BUY,MELS,21.57,1243,151766.78
TX_103640,INV_04,2020-02-14,BUY,LIOC,13.61,1672,128779.05
TX_103641,INV_04,2020-02-18,BUY,HNB,111.48,173,109299.4
TX_103642,INV_04,2020-02-19,SELL,DFCC,65.44,376,133660.0
TX_103643,INV_04,2020-02-21,BUY,HAYL,12.19,1645,113415.19
TX_103644,INV_04,2020-02-24,SELL,DIAL,8.47,956,121433.53
TX_103645,INV_04,2020-02-25,SELL,NDB,73.41,384,149342.08
TX_103646,INV_04,2020-02-26,SELL,LFIN,25.8,976,174275.75
TX_103647,INV_04,2020-02-27,BUY,MELS,20.63,1266,147891.87
TX_103648,INV_04,2020-02-28,BUY,HNB,104.72,211,125574.74
TX_103649,INV_04,2020-03-02,BUY,CFIN,73.91,254,106614.25
TX_103650,INV_04,2020-03-04,SELL,JKH,144.51,114,122923.62
TX_103651,INV_04,2020-03-05,SELL,LFIN,25.09,732,141108.0
TX_103652,INV_04,2020-03-06,SELL,LIOC,12.9,1079,154888.17
TX_103653,INV_04,2020-03-09,BUY,LFIN,25.01,928,131444.84
TX_103654,INV_04,2020-03-11,BUY,JKH,133.24,147,111662.27
TX_103655,INV_04,2020-03-12,SELL,MELS,16.61,628,121990.36
TX_103656,INV_04,2020-03-13,SELL,NTB,54.82,183,131921.37
TX_103657,INV_04,2020-03-17,SELL,LOFC,2.7,13520,168060.33
TX_103658,INV_04,2020-03-18,BUY,LFIN,22.29,1130,142616.09
TX_103659,INV_04,2020-03-19,BUY,MELS,15.74,1359,121014.54
TX_103660,INV_04,2020-03-20,SELL,LOFC,2.2,10140,143099.46
TX_103661,INV_04,2020-03-23,BUY,DIAL,5.63,3815,121421.63
TX_103662,INV_04,2020-03-24,BUY,LIOC,12.5,1456,103032.97
TX_103663,INV_04,2020-03-26,BUY,HNB,74.82,206,87465.68
TX_103664,INV_04,2020-03-27,SELL,LFIN,19.5,1064,108001.14
TX_103665,INV_04,2020-03-30,SELL,NTB,51.48,137,114982.9
TX_103666,INV_04,2020-03-31,SELL,DIAL,5.63,1670,124284.37
TX_103667,INV_04,2020-04-01,SELL,JKH,113.06,122,137939.82
TX_103668,INV_04,2020-04-02,SELL,MELS,13.76,810,148970.76
TX_103669,INV_04,2020-04-06,SELL,NTB,51.48,103,154219.82
TX_103670,INV_04,2020-04-07,BUY,LFIN,19.5,1186,130867.31
TX_103671,INV_04,2020-04-08,BUY,NDB,53.48,367,111044.31
TX_103672,INV_04,2020-04-10,BUY,LFIN,19.5,854,94228.93
TX_103673,INV_04,2020-04-14,SELL,LOFC,2.2,7605,110792.62
TX_103674,INV_04,2020-04-15,BUY,NDB,53.48,310,94048.4
TX_103675,INV_04,2020-04-16,SELL,MELS,13.76,608,102328.41
TX_103676,INV_04,2020-04-17,BUY,DIAL,5.63,2728,86827.2
TX_103677,INV_04,2020-04-20,SELL,JKH,113.06,91,97012.82
TX_103678,INV_04,2020-04-21,SELL,AEL,10.94,736,104986.19
TX_103679,INV_04,2020-04-22,SELL,CFIN,62.88,64,108970.54
TX_103680,INV_04,2020-04-24,BUY,HAYL,9.41,1736,92466.28
TX_103681,INV_04,2020-04-27,SELL,HNB,77.64,148,103841.43
TX_103682,INV_04,2020-04-29,SELL,AEL,10.94,552,109821.46
TX_103683,INV_04,2020-04-30,BUY,MELS,13.76,1197,93190.86
TX_103684,INV_04,2020-05-01,SELL,AEL,10.94,414,97675.88
TX_103685,INV_04,2020-05-05,SELL,NTB,51.48,77,101599.94
TX_103686,INV_04,2020-05-06,SELL,LFIN,19.5,1308,126844.65
TX_103687,INV_04,2020-05-07,BUY,CFIN,62.88,302,107663.68
TX_103688,INV_04,2020-05-11,SELL,HAYL,9.14,2073,126418.89
TX_103689,INV_04,2020-05-12,SELL,HNB,67.74,111,133862.53
TX_103690,INV_04,2020-05-13,BUY,COMB,38.97,515,113592.24
TX_103691,INV_04,2020-05-15,BUY,HAYL,9.89,1723,96389.89
TX_103692,INV_04,2020-05-18,BUY,LIOC,11.87,1217,81797.94
TX_103693,INV_04,2020-05-20,BUY,DIAL,6.09,2014,69411.41
TX_103694,INV_04,2020-05-21,BUY,NDB,58.08,179,58910.49
TX_103695,INV_04,2020-05-22,BUY,COMB,47.9,184,50008.08
TX_103696,INV_04,2020-05-25,SELL,LFIN,21.84,981,71219.92
TX_103697,INV_04,2020-05-26,BUY,DIAL,6.55,1630,60432.31
TX_103698,INV_04,2020-05-27,BUY,DIAL,6.69,1355,51283.53
TX_103699,INV_04,2020-05-28,BUY,MELS,16.32,471,43519.62
TX_103700,INV_04,2020-05-29,SELL,AEL,13.02,311,47526.9
TX_103701,INV_04,2020-06-04,SELL,LFIN,22.44,736,63877.36
TX_103702,INV_04,2020-06-05,SELL,MELS,15.45,873,77227.18
TX_103703,INV_04,2020-06-08,BUY,AEL,14.34,807,65537.68
TX_103704,INV_04,2020-06-09,BUY,HAYL,9.89,994,55613.63
TX_103705,INV_04,2020-06-10,SELL,CFIN,62.11,123,63176.52
TX_103706,INV_04,2020-06-11,BUY,LIOC,11.48,825,53614.42
TX_103707,INV_04,2020-06-12,BUY,HNB,78.07,103,45492.37
TX_103708,INV_04,2020-06-16,SELL,LIOC,11.48,1684,64624.15
TX_103709,INV_04,2020-06-17,SELL,MELS,16.38,655,75245.1
TX_103710,INV_04,2020-06-22,BUY,DIAL,7.61,1482,63851.83
TX_103711,INV_04,2020-06-23,BUY,NTB,51.72,185,54187.78
TX_103712,INV_04,2020-06-24,SELL,DFCC,52.43,282,68825.63
TX_103713,INV_04,2020-06-25,BUY,LOFC,3.4,3036,58400.01
TX_103714,INV_04,2020-06-26,SELL,CFIN,62.96,93,64196.92
TX_103715,INV_04,2020-06-29,BUY,AEL,15.5,621,54473.71
TX_103716,INV_04,2020-06-30,BUY,NTB,51.97,157,46233.58
TX_103717,INV_04,2020-07-02,SELL,CFIN,61.72,69,50449.66
TX_103718,INV_04,2020-07-03,SELL,LOFC,3.3,6463,71564.28
TX_103719,INV_04,2020-07-06,SELL,HNB,86.05,109,80849.47
TX_103720,INV_04,2020-07-07,BUY,CFIN,60.56,200,68617.3
TX_103721,INV_04,2020-07-10,SELL,DFCC,49.87,212,79083.76
TX_103722,INV_04,2020-07-13,BUY,AEL,13.84,856,67114.52
TX_103723,INV_04,2020-07-15,SELL,MELS,16.32,491,75047.84
TX_103724,INV_04,2020-07-16,BUY,NTB,49.28,228,63700.25
TX_103725,INV_04,2020-07-17,SELL,AEL,14.76,804,75445.6
TX_103726,INV_04,2020-07-21,SELL,LIOC,12.98,1263,91674.63
TX_103727,INV_04,2020-07-22,SELL,DIAL,7.84,3555,119257.84
TX_103728,INV_04,2020-07-24,SELL,HNB,86.67,82,126293.78
TX_103729,INV_04,2020-07-27,SELL,MELS,16.61,368,132345.9
TX_103730,INV_04,2020-07-28,SELL,CFIN,59.47,102,138351.02
TX_103731,INV_04,2020-07-29,SELL,LFIN,21.29,552,149986.14
TX_103732,INV_04,2020-07-31,SELL,JKH,108.55,69,157401.44
TX_103733,INV_04,2020-08-03,SELL,HAYL,12.03,2234,183996.87
TX_103734,INV_04,2020-08-04,SELL,COMB,55.29,175,193575.38
TX_103735,INV_04,2020-08-06,BUY,AEL,17.99,1614,164250.28
TX_103736,INV_04,2020-08-07,BUY,DFCC,48.02,513,139368.74
TX_103737,INV_04,2020-08-10,BUY,DIAL,7.77,2691,118256.0
TX_103738,INV_04,2020-08-11,SELL,CFIN,59.78,77,122812.95
TX_103739,INV_04,2020-08-12,BUY,COMB,58.31,315,104261.38
TX_103740,INV_04,2020-08-13,SELL,LIOC,13.06,947,116504.14
TX_103741,INV_04,2020-08-17,SELL,LOFC,3.3,4847,132339.29
TX_103742,INV_04,2020-08-18,BUY,HAYL,14.73,1347,112302.35
TX_103743,INV_04,2020-08-19,SELL,LOFC,4.0,3636,126700.91
TX_103744,INV_04,2020-08-20,SELL,COMB,59.75,210,139123.05
TX_103745,INV_04,2020-08-24,BUY,DFCC,54.85,380,118072.52
TX_103746,INV_04,2020-08-25,SELL,NTB,51.23,200,128216.49
TX_103747,INV_04,2020-08-26,SELL,COMB,58.74,158,137405.03
TX_103748,INV_04,2020-08-27,SELL,DIAL,7.84,3339,163312.29
TX_103749,INV_04,2020-08-28,BUY,COMB,58.67,417,138601.95
TX_103750,INV_04,2020-09-02,SELL,CFIN,59.27,57,141946.46
TX_103751,INV_04,2020-09-03,SELL,NTB,49.68,150,149324.63
TX_103752,INV_04,2020-09-07,BUY,DIAL,7.7,2909,126705.31
TX_103753,INV_04,2020-09-08,BUY,LIOC,13.53,1404,107514.44
TX_103754,INV_04,2020-09-09,BUY,LFIN,22.16,727,91239.59
TX_103755,INV_04,2020-09-10,BUY,COMB,56.87,240,77454.07
TX_103756,INV_04,2020-09-11,SELL,LFIN,22.23,595,90548.28
TX_103757,INV_04,2020-09-14,BUY,HHL,60.79,223,76857.37
TX_103758,INV_04,2020-09-16,SELL,NTB,49.85,113,82433.82
TX_103759,INV_04,2020-09-17,BUY,NTB,51.31,240,69995.39
TX_103760,INV_04,2020-09-18,BUY,LOFC,3.6,2916,59392.82
TX_103761,INV_04,2020-09-21,SELL,JKH,134.38,51,66177.61
TX_103762,INV_04,2020-09-22,BUY,DIAL,8.05,1233,56158.39
TX_103763,INV_04,2020-09-23,SELL,MELS,19.88,276,61589.38
TX_103764,INV_04,2020-09-25,SELL,JKH,133.2,39,66732.34
TX_103765,INV_04,2020-09-28,BUY,DIAL,7.84,1277,56623.94
TX_103766,INV_04,2020-09-30,SELL,NDB,71.9,502,92355.57
TX_103767,INV_04,2020-10-01,BUY,HHL,69.75,198,78406.92
TX_103768,INV_04,2020-10-02,SELL,HAYL,22.06,2012,122357.31
TX_103769,INV_04,2020-10-05,SELL,NTB,47.32,145,129150.47
TX_103770,INV_04,2020-10-06,SELL,HNB,91.44,61,134672.42
TX_103771,INV_04,2020-10-08,BUY,NTB,47.89,421,114307.95
TX_103772,INV_04,2020-10-09,SELL,LOFC,3.7,3456,126967.28
TX_103773,INV_04,2020-10-12,BUY,HAYL,20.93,909,107749.4
TX_103774,INV_04,2020-10-13,SELL,JKH,127.03,29,111396.37
TX_103775,INV_04,2020-10-16,SELL,DFCC,50.67,382,130559.45
TX_103776,INV_04,2020-10-19,SELL,HHL,66.3,106,137516.49
TX_103777,INV_04,2020-10-20,BUY,CFIN,69.67,296,116687.4
TX_103778,INV_04,2020-10-21,SELL,LOFC,3.5,2592,125668.68
TX_103779,INV_04,2020-10-22,BUY,JKH,128.89,146,106662.55
TX_103780,INV_04,2020-10-23,BUY,JKH,129.38,123,90589.65
TX_103781,INV_04,2020-10-26,SELL,CFIN,63.13,117,97902.02
TX_103782,INV_04,2020-10-28,BUY,HAYL,22.69,647,83077.91
TX_103783,INV_04,2020-10-29,BUY,LIOC,17.57,709,70496.46
TX_103784,INV_04,2020-10-30,SELL,DIAL,7.49,3859,99113.53
TX_103785,INV_04,2020-11-02,BUY,COMB,52.55,282,84145.77
TX_103786,INV_04,2020-11-03,BUY,LFIN,21.87,577,71398.58
TX_103787,INV_04,2020-11-04,SELL,JKH,132.71,89,83091.9
TX_103788,INV_04,2020-11-05,BUY,LIOC,17.92,695,70511.72
TX_103789,INV_04,2020-11-06,BUY,CFIN,66.99,157,59888.78
TX_103790,INV_04,2020-11-09,BUY,CFIN,66.28,135,50851.12
TX_103791,INV_04,2020-11-10,BUY,COMB,56.22,135,43185.1
TX_103792,INV_04,2020-11-12,SELL,NTB,48.06,214,53366.17
TX_103793,INV_04,2020-11-13,BUY,HAYL,28.75,278,45293.71
TX_103794,INV_04,2020-11-16,SELL,HNB,89.25,46,49358.15
TX_103795,INV_04,2020-11-20,SELL,HAYL,28.23,1968,104360.21
TX_103796,INV_04,2020-11-23,BUY,LOFC,3.4,4604,88550.07
TX_103797,INV_04,2020-11-24,SELL,LFIN,22.31,591,101603.58
TX_103798,INV_04,2020-11-25,SELL,HNB,88.7,34,104589.32
TX_103799,INV_04,2020-11-26,BUY,LIOC,17.59,891,88755.93
TX_103800,INV_04,2020-11-27,BUY,JKH,145.11,91,75418.52
TX_103801,INV_04,2020-11-30,BUY,HHL,82.9,136,64031.02
TX_103802,INV_04,2020-12-02,BUY,MELS,25.06,383,54335.55
TX_103803,INV_04,2020-12-04,BUY,DIAL,8.39,971,46105.22
TX_103804,INV_04,2020-12-08,SELL,MELS,25.26,303,53682.61
TX_103805,INV_04,2020-12-09,SELL,DIAL,8.67,3137,80607.33
TX_103806,INV_04,2020-12-16,SELL,HHL,90.85,113,90770.39
TX_103807,INV_04,2020-12-17,SELL,LOFC,3.7,3095,102107.37
TX_103808,INV_04,2020-12-18,SELL,HHL,86.92,85,109421.81
TX_103809,INV_04,2020-12-23,SELL,LOFC,3.6,2321,117693.86
TX_103810,INV_04,2020-12-24,SELL,CFIN,65.89,161,128195.86
TX_103811,INV_04,2020-12-25,SELL,DIAL,8.46,2353,147906.85
TX_103812,INV_04,2020-12-30,SELL,HHL,94.21,64,153876.1
TX_103813,INV_04,2020-12-31,SELL,HNB,98.86,26,156420.83
TX_103814,INV_04,2021-01-01,BUY,AEL,20.86,1124,132735.96
TX_103815,INV_04,2021-01-05,BUY,JKH,147.07,135,112682.3
TX_103816,INV_04,2021-01-07,BUY,CFIN,65.81,256,95666.49
TX_103817,INV_04,2021-01-08,SELL,LIOC,19.64,1635,127457.22
TX_103818,INV_04,2021-01-11,SELL,LIOC,19.64,1227,151314.85
TX_103819,INV_04,2021-01-12,SELL,LFIN,24.47,443,162046.7
TX_103820,INV_04,2021-01-14,SELL,LFIN,25.32,332,170368.7
TX_103821,INV_04,2021-01-15,BUY,HAYL,38.1,670,144586.74
TX_103822,INV_04,2021-01-18,BUY,NTB,50.91,426,122683.76
TX_103823,INV_04,2021-01-19,SELL,HNB,108.63,19,124727.12
TX_103824,INV_04,2021-01-20,BUY,NTB,54.33,344,105851.65
TX_103825,INV_04,2021-01-21,BUY,AEL,25.87,613,89836.54
TX_103826,INV_04,2021-01-22,SELL,NDB,79.41,377,119474.89
TX_103827,INV_04,2021-01-25,BUY,LFIN,37.37,479,101394.44
TX_103828,INV_04,2021-01-27,SELL,LIOC,21.85,920,121295.24
TX_103829,INV_04,2021-01-28,BUY,NTB,52.29,347,102968.8
TX_103830,INV_04,2021-01-29,SELL,HHL,90.29,48,107259.2
TX_103831,INV_04,2021-02-01,SELL,LIOC,20.13,690,121010.88
TX_103832,INV_04,2021-02-02,SELL,NTB,49.2,439,142391.92
TX_103833,INV_04,2021-02-03,BUY,DFCC,55.33,386,120821.17
TX_103834,INV_04,2021-02-05,BUY,AEL,22.81,794,102525.76
TX_103835,INV_04,2021-02-08,SELL,COMB,66.73,387,128093.33
TX_103836,INV_04,2021-02-09,SELL,LIOC,20.05,517,138355.24
TX_103837,INV_04,2021-02-10,SELL,CFIN,85.12,185,153944.86
TX_103838,INV_04,2021-02-11,SELL,MELS,33.0,227,161360.87
TX_103839,INV_04,2021-02-12,BUY,HHL,83.18,290,136996.59
TX_103840,INV_04,2021-02-15,SELL,LOFC,7.0,1741,149061.72
TX_103841,INV_04,2021-02-16,SELL,LOFC,6.7,1305,157717.78
TX_103842,INV_04,2021-02-17,BUY,MELS,30.83,767,133832.62
TX_103843,INV_04,2021-02-18,BUY,NTB,47.97,418,113578.89
TX_103844,INV_04,2021-02-19,BUY,LFIN,37.03,460,96372.99
TX_103845,INV_04,2021-02-22,SELL,MELS,30.89,362,107445.0
TX_103846,INV_04,2021-02-23,SELL,AEL,19.93,1639,139784.27
TX_103847,INV_04,2021-02-26,BUY,LFIN,34.76,603,118615.2
TX_103848,INV_04,2021-03-02,SELL,NTB,46.35,434,138527.86
TX_103849,INV_04,2021-03-03,SELL,LFIN,33.12,635,159345.94
TX_103850,INV_04,2021-03-04,BUY,HAYL,40.72,587,135206.01
TX_103851,INV_04,2021-03-05,BUY,HNB,98.67,205,114776.96
TX_103852,INV_04,2021-03-08,BUY,HAYL,46.84,367,97413.28
TX_103853,INV_04,2021-03-10,SELL,DFCC,50.97,383,116741.18
TX_103854,INV_04,2021-03-15,SELL,HNB,101.6,66,123379.59
TX_103855,INV_04,2021-03-17,SELL,HAYL,42.66,1882,202855.36
TX_103856,INV_04,2021-03-22,SELL,COMB,62.2,290,220712.45
TX_103857,INV_04,2021-03-24,BUY,COMB,64.5,513,187292.15
TX_103858,INV_04,2021-03-26,BUY,JKH,146.14,192,158952.42
TX_103859,INV_04,2021-03-29,SELL,AEL,18.66,1230,181672.57
TX_103860,INV_04,2021-03-30,BUY,NDB,65.83,413,154214.51
TX_103861,INV_04,2021-03-31,BUY,NTB,46.59,496,130872.85
TX_103862,INV_04,2021-04-01,SELL,LOFC,5.9,979,136591.19
TX_103863,INV_04,2021-04-05,BUY,JKH,147.12,139,115936.7
TX_103864,INV_04,2021-04-06,BUY,COMB,66.21,262,98417.19
TX_103865,INV_04,2021-04-07,SELL,AEL,20.02,922,116686.67
TX_103866,INV_04,2021-04-12,BUY,NDB,67.11,260,99062.81
TX_103867,INV_04,2021-04-13,BUY,COMB,67.21,221,84060.73
TX_103868,INV_04,2021-04-14,SELL,DIAL,9.09,1765,99936.79
TX_103869,INV_04,2021-04-15,BUY,DFCC,50.64,296,84798.13
TX_103870,INV_04,2021-04-16,SELL,NTB,46.76,450,105630.76
TX_103871,INV_04,2021-04-19,BUY,NDB,66.61,237,89686.42
TX_103872,INV_04,2021-04-20,SELL,DIAL,8.95,1323,101405.03
TX_103873,INV_04,2021-04-21,BUY,JKH,143.93,105,86140.78
TX_103874,INV_04,2021-04-22,SELL,HNB,107.85,49,91372.62
TX_103875,INV_04,2021-04-23,BUY,DIAL,8.81,1556,77529.75
TX_103876,INV_04,2021-04-29,SELL,AEL,19.51,692,90893.16
TX_103877,INV_04,2021-04-30,BUY,HHL,75.24,181,77138.81
TX_103878,INV_04,2021-05-03,SELL,CFIN,64.08,138,85892.88
TX_103879,INV_04,2021-05-05,BUY,NTB,45.33,284,72890.41
TX_103880,INV_04,2021-05-06,BUY,CFIN,64.08,170,61888.56
TX_103881,INV_04,2021-05-07,BUY,COMB,61.88,150,52513.73
TX_103882,INV_04,2021-05-11,BUY,COMB,62.27,126,44589.71
TX_103883,INV_04,2021-05-12,SELL,HAYL,61.17,1411,130043.82
TX_103884,INV_04,2021-05-13,BUY,HAYL,61.96,314,110393.56
TX_103885,INV_04,2021-05-17,BUY,AEL,19.17,863,93686.93
TX_103886,INV_04,2021-05-18,SELL,DIAL,8.81,1382,105738.36
TX_103887,INV_04,2021-05-19,BUY,CFIN,65.34,242,89768.68
TX_103888,INV_04,2021-05-20,BUY,HAYL,61.33,219,76202.7
TX_103889,INV_04,2021-05-21,BUY,LIOC,15.63,731,64662.63
TX_103890,INV_04,2021-05-24,SELL,CFIN,64.31,207,77842.18
TX_103891,INV_04,2021-05-27,SELL,MELS,28.79,272,85594.63
TX_103892,INV_04,2021-05-28,SELL,CFIN,67.86,155,96007.6
TX_103893,INV_04,2021-05-31,BUY,DIAL,9.02,1597,81464.37
TX_103894,INV_04,2021-06-01,BUY,AEL,19.77,618,69126.55
TX_103895,INV_04,2021-06-03,BUY,COMB,69.61,148,58721.93
TX_103896,INV_04,2021-06-04,BUY,CFIN,69.36,127,49825.56
TX_103897,INV_04,2021-06-15,SELL,NTB,50.47,408,70211.27
TX_103898,INV_04,2021-06-18,BUY,HAYL,61.96,169,59635.17
TX_103899,INV_04,2021-06-21,BUY,HHL,79.07,113,50610.85
TX_103900,INV_04,2021-06-22,SELL,LIOC,17.43,571,60464.28
TX_103901,INV_04,2021-06-25,SELL,JKH,135.65,232,91619.57
TX_103902,INV_04,2021-06-28,BUY,DIAL,9.18,1496,77748.3
TX_103903,INV_04,2021-06-29,SELL,HNB,112.41,37,81866.01
TX_103904,INV_04,2021-06-30,SELL,LOFC,6.4,734,86516.64
TX_103905,INV_04,2021-07-01,SELL,AEL,19.77,889,103913.27
TX_103906,INV_04,2021-07-02,BUY,MELS,30.31,514,88178.27
TX_103907,INV_04,2021-07-05,BUY,DFCC,50.81,260,74836.61
TX_103908,INV_04,2021-07-06,BUY,AEL,19.94,562,63518.37
TX_103909,INV_04,2021-07-07,SELL,AEL,19.94,807,79448.89
TX_103910,INV_04,2021-07-08,SELL,COMB,66.9,572,117333.92
TX_103911,INV_04,2021-07-09,BUY,AEL,19.94,882,99571.13
TX_103912,INV_04,2021-07-13,SELL,LIOC,16.69,428,106644.81
TX_103913,INV_04,2021-07-14,SELL,LIOC,17.02,321,112054.1
TX_103914,INV_04,2021-07-19,BUY,CFIN,74.82,224,95126.83
TX_103915,INV_04,2021-07-20,BUY,LFIN,46.5,306,80755.19
TX_103916,INV_04,2021-07-21,SELL,LOFC,7.0,551,84573.62
TX_103917,INV_04,2021-07-22,BUY,AEL,19.94,636,71765.07
TX_103918,INV_04,2021-07-27,SELL,NTB,47.44,306,86135.47
TX_103919,INV_04,2021-07-28,BUY,NTB,47.18,273,73125.52
TX_103920,INV_04,2021-07-29,BUY,MELS,34.5,317,62079.83
TX_103921,INV_04,2021-07-30,SELL,MELS,33.78,411,75824.31
TX_103922,INV_04,2021-08-02,SELL,HHL,73.07,182,88989.72
TX_103923,INV_04,2021-08-03,BUY,DIAL,8.45,1580,75511.59
TX_103924,INV_04,2021-08-04,SELL,AEL,19.85,985,94871.37
TX_103925,INV_04,2021-08-05,SELL,DIAL,8.3,2204,112979.71
TX_103926,INV_04,2021-08-06,BUY,COMB,64.66,262,95869.06
TX_103927,INV_04,2021-08-09,SELL,DFCC,48.62,426,116373.62
TX_103928,INV_04,2021-08-10,BUY,DIAL,8.59,2031,98746.94
TX_103929,INV_04,2021-08-13,BUY,CFIN,68.83,215,83800.27
TX_103930,INV_04,2021-08-17,SELL,COMB,65.28,495,115790.37
TX_103931,INV_04,2021-08-18,SELL,HAYL,63.69,1234,193598.79
TX_103932,INV_04,2021-08-20,SELL,DFCC,48.53,320,208974.64
TX_103933,INV_04,2021-08-25,SELL,JKH,131.72,174,231665.05
TX_103934,INV_04,2021-08-26,BUY,HHL,73.16,474,196639.51
TX_103935,INV_04,2021-08-31,BUY,LOFC,10.3,2863,166855.72
TX_103936,INV_04,2021-09-01,BUY,NTB,46.51,538,141583.33
TX_103937,INV_04,2021-09-02,BUY,DFCC,52.15,407,120145.27
TX_103938,INV_04,2021-09-03,SELL,HHL,67.35,255,137146.89
TX_103939,INV_04,2021-09-07,SELL,LOFC,9.2,1129,147429.83
TX_103940,INV_04,2021-09-08,SELL,LFIN,43.35,553,171161.83
TX_103941,INV_04,2021-09-09,BUY,HHL,66.6,385,145265.94
TX_103942,INV_04,2021-09-10,BUY,HHL,66.22,329,123261.39
TX_103943,INV_04,2021-09-13,SELL,HNB,118.43,28,126544.22
TX_103944,INV_04,2021-09-15,SELL,MELS,36.01,309,137558.55
TX_103945,INV_04,2021-09-16,BUY,AEL,20.33,1014,116736.39
TX_103946,INV_04,2021-09-17,SELL,NDB,63.76,510,148927.45
TX_103947,INV_04,2021-09-21,SELL,NTB,45.92,432,168566.44
TX_103948,INV_04,2021-09-22,BUY,MELS,35.02,721,143062.22
TX_103949,INV_04,2021-09-23,SELL,HHL,66.69,369,167424.71
TX_103950,INV_04,2021-09-24,BUY,JKH,132.46,189,142139.85
TX_103951,INV_04,2021-09-27,BUY,HAYL,83.74,254,120656.8
TX_103952,INV_04,2021-09-28,BUY,DIAL,7.86,2303,102377.8
TX_103953,INV_04,2021-09-29,BUY,LIOC,16.69,919,86882.38
TX_103954,INV_04,2021-09-30,SELL,HAYL,84.53,989,169644.41
TX_103955,INV_04,2021-10-01,BUY,COMB,65.67,387,143977.72
TX_103956,INV_04,2021-10-04,SELL,AEL,20.07,992,163686.55
TX_103957,INV_04,2021-10-07,BUY,COMB,69.84,351,138928.56
TX_103958,INV_04,2021-10-11,SELL,LOFC,9.5,847,146894.6
TX_103959,INV_04,2021-10-12,SELL,LIOC,21.85,471,157082.94
TX_103960,INV_04,2021-10-13,SELL,NDB,64.6,382,181511.94
TX_103961,INV_04,2021-10-15,SELL,AEL,20.07,744,196293.57
TX_103962,INV_04,2021-10-18,BUY,DIAL,8.23,3579,166559.49
TX_103963,INV_04,2021-10-19,BUY,DFCC,53.75,464,141370.06
TX_103964,INV_04,2021-10-20,BUY,AEL,19.98,1061,119958.41
TX_103965,INV_04,2021-10-21,SELL,LFIN,46.79,414,139134.84
TX_103966,INV_04,2021-10-25,SELL,NTB,49.54,324,155026.2
TX_103967,INV_04,2021-10-27,BUY,DIAL,8.15,2852,131543.54
TX_103968,INV_04,2021-10-28,SELL,NDB,65.44,287,150135.62
TX_103969,INV_04,2021-10-29,SELL,LIOC,21.28,353,157571.28
TX_103970,INV_04,2021-11-01,SELL,DFCC,55.6,458,182781.71
TX_103971,INV_04,2021-11-02,BUY,JKH,147.18,186,155133.36
TX_103972,INV_04,2021-11-03,SELL,LOFC,10.3,635,161608.45
TX_103973,INV_04,2021-11-04,SELL,COMB,68.68,556,199411.8
TX_103974,INV_04,2021-11-05,BUY,LOFC,12.3,2431,169211.49
TX_103975,INV_04,2021-11-08,BUY,HNB,136.68,185,143672.8
TX_103976,INV_04,2021-11-09,SELL,LOFC,19.3,1084,164384.79
TX_103977,INV_04,2021-11-10,BUY,NTB,49.54,497,139515.77
TX_103978,INV_04,2021-11-11,BUY,LOFC,24.8,843,118400.31
TX_103979,INV_04,2021-11-12,BUY,HHL,66.17,268,100489.27
TX_103980,INV_04,2021-11-15,SELL,JKH,147.47,224,133192.17
TX_103981,INV_04,2021-11-16,BUY,LOFC,37.2,537,113016.0
TX_103982,INV_04,2021-11-17,SELL,MELS,36.73,412,127995.48
TX_103983,INV_04,2021-11-19,SELL,HNB,128.8,67,136538.7
TX_103984,INV_04,2021-11-22,BUY,CFIN,68.09,300,115906.6
TX_103985,INV_04,2021-11-24,SELL,LIOC,22.1,265,121703.31
TX_103986,INV_04,2021-11-29,BUY,MELS,37.14,491,103282.94
TX_103987,INV_04,2021-11-30,SELL,LOFC,28.1,1158,135497.35
TX_103988,INV_04,2021-12-01,SELL,HNB,122.78,50,141575.15
TX_103989,INV_04,2021-12-03,SELL,HNB,124.24,38,146248.9
TX_103990,INV_04,2021-12-06,SELL,LFIN,45.28,311,160191.11
TX_103991,INV_04,2021-12-07,SELL,AEL,27.43,823,182540.1
TX_103992,INV_04,2021-12-09,SELL,HAYL,83.54,742,243910.54
TX_103993,INV_04,2021-12-14,SELL,AEL,27.78,618,260907.11
TX_103994,INV_04,2021-12-15,BUY,LOFC,22.0,1778,221399.95
TX_103995,INV_04,2021-12-16,BUY,DFCC,50.89,652,187887.8
TX_103996,INV_04,2021-12-17,BUY,LIOC,36.29,776,159444.75
TX_103997,INV_04,2021-12-21,SELL,LFIN,46.64,233,170204.22
TX_103998,INV_04,2021-12-24,BUY,NDB,57.88,441,144421.7
TX_103999,INV_04,2021-12-29,BUY,JKH,148.21,146,122567.26
TX_104000,INV_04,2021-12-30,SELL,JKH,147.47,205,152496.25
TX_104001,INV_04,2022-01-03,BUY,DIAL,8.01,2857,129396.27
TX_104002,INV_04,2022-01-04,BUY,LFIN,49.15,394,109836.65
TX_104003,INV_04,2022-01-05,BUY,HHL,67.49,244,93203.44
TX_104004,INV_04,2022-01-11,BUY,LIOC,56.88,245,79127.68
TX_104005,INV_04,2022-01-12,BUY,DFCC,51.82,229,67143.3
TX_104006,INV_04,2022-01-13,BUY,JKH,160.23,62,57109.75
TX_104007,INV_04,2022-01-17,BUY,LIOC,53.51,160,48462.95
TX_104008,INV_04,2022-01-20,SELL,AEL,31.9,463,63084.59
TX_104009,INV_04,2022-01-24,SELL,CFIN,85.29,333,91203.07
TX_104010,INV_04,2022-01-25,SELL,LOFC,27.2,1313,126559.53
TX_104011,INV_04,2022-01-27,SELL,LFIN,58.55,273,142382.92
TX_104012,INV_04,2022-01-28,SELL,MELS,41.13,431,159934.47
TX_104013,INV_04,2022-01-31,BUY,CFIN,81.08,295,135776.6
TX_104014,INV_04,2022-02-02,SELL,COMB,63.35,417,161928.52
TX_104015,INV_04,2022-02-03,BUY,AEL,29.88,812,137420.38
TX_104016,INV_04,2022-02-04,BUY,HAYL,104.97,196,116640.17
TX_104017,INV_04,2022-02-07,SELL,HHL,65.79,405,143019.65
TX_104018,INV_04,2022-02-08,SELL,JKH,154.14,169,168809.4
TX_104019,INV_04,2022-02-09,SELL,COMB,61.65,312,187851.34
TX_104020,INV_04,2022-02-11,BUY,LFIN,54.23,519,159423.53
TX_104021,INV_04,2022-02-14,BUY,LIOC,55.28,432,135303.88
TX_104022,INV_04,2022-02-15,BUY,COMB,61.88,327,114866.74
TX_104023,INV_04,2022-02-18,SELL,HAYL,95.34,605,171970.34
TX_104024,INV_04,2022-02-22,SELL,COMB,62.58,316,191546.42
TX_104025,INV_04,2022-02-23,SELL,DIAL,8.37,5059,233479.64
TX_104026,INV_04,2022-02-24,SELL,CFIN,70.99,323,256179.14
TX_104027,INV_04,2022-02-25,BUY,NDB,53.86,713,217394.27
TX_104028,INV_04,2022-02-28,BUY,DFCC,48.62,670,184493.03
TX_104029,INV_04,2022-03-02,SELL,HAYL,81.58,454,221159.6
TX_104030,INV_04,2022-03-03,SELL,AEL,21.91,550,233088.94
TX_104031,INV_04,2022-03-07,SELL,CFIN,71.24,243,250226.48
TX_104032,INV_04,2022-03-08,SELL,LFIN,44.04,335,264832.4
TX_104033,INV_04,2022-03-09,SELL,NDB,50.33,504,289947.41
TX_104034,INV_04,2022-03-10,BUY,LFIN,46.57,933,246063.58
TX_104035,INV_04,2022-03-11,SELL,JKH,146.53,127,264487.37
TX_104036,INV_04,2022-03-14,SELL,JKH,145.55,95,278176.6
TX_104037,INV_04,2022-03-15,SELL,DFCC,45.08,731,310803.54
TX_104038,INV_04,2022-03-16,BUY,DIAL,8.08,5770,263722.79
TX_104039,INV_04,2022-03-18,SELL,COMB,59.64,237,277716.07
TX_104040,INV_04,2022-03-21,SELL,NDB,50.33,378,296552.33
TX_104041,INV_04,2022-03-22,SELL,HAYL,77.84,341,322831.76
TX_104042,INV_04,2022-03-23,BUY,HNB,110.13,439,274000.22
TX_104043,INV_04,2022-03-24,SELL,DIAL,8.23,5237,316647.29
TX_104044,INV_04,2022-03-25,SELL,LIOC,31.82,602,335609.88
TX_104045,INV_04,2022-03-29,SELL,LOFC,10.9,985,346239.01
TX_104046,INV_04,2022-03-30,SELL,COMB,54.08,178,355768.55
TX_104047,INV_04,2022-03-31,BUY,HAYL,62.89,848,301903.15
TX_104048,INV_04,2022-04-01,SELL,HHL,42.54,304,314705.44
TX_104049,INV_04,2022-04-05,BUY,NDB,52.92,892,267032.59
TX_104050,INV_04,2022-04-07,SELL,CFIN,54.8,182,276907.23
TX_104051,INV_04,2022-04-08,SELL,MELS,27.77,324,285814.6
TX_104052,INV_04,2022-04-11,BUY,HNB,85.17,503,242544.37
TX_104053,INV_04,2022-04-13,SELL,CFIN,51.05,136,249417.81
TX_104054,INV_04,2022-04-14,BUY,DFCC,42.08,889,211635.93
TX_104055,INV_04,2022-04-15,SELL,HAYL,57.74,467,238330.51
TX_104056,INV_04,2022-04-19,BUY,COMB,49.02,729,202233.94
TX_104057,INV_04,2022-04-21,SELL,CFIN,51.05,102,207389.03
TX_104058,INV_04,2022-04-22,BUY,COMB,49.02,634,175996.4
TX_104059,INV_04,2022-04-25,SELL,AEL,11.3,413,180618.65
TX_104060,INV_04,2022-04-26,SELL,DFCC,39.69,770,210875.64
TX_104061,INV_04,2022-04-27,BUY,HNB,80.08,394,179007.14
TX_104062,INV_04,2022-04-28,SELL,NDB,42.28,506,200185.9
TX_104063,INV_04,2022-05-02,SELL,MELS,27.33,243,206761.23
TX_104064,INV_04,2022-05-03,BUY,DIAL,6.61,4692,175437.37
TX_104065,INV_04,2022-05-05,SELL,NTB,31.69,368,186981.82
TX_104066,INV_04,2022-05-06,SELL,COMB,44.06,474,207658.61
TX_104067,INV_04,2022-05-09,SELL,DIAL,6.76,5100,241773.71
TX_104068,INV_04,2022-05-10,SELL,MELS,28.06,182,246829.77
TX_104069,INV_04,2022-05-12,BUY,HNB,73.83,501,209468.97
TX_104070,INV_04,2022-05-13,BUY,COMB,46.2,680,177737.77
TX_104071,INV_04,2022-05-17,SELL,DFCC,38.19,578,199590.23
TX_104072,INV_04,2022-05-18,BUY,HHL,41.21,726,169369.07
TX_104073,INV_04,2022-05-19,SELL,JKH,131.07,71,178582.06
TX_104074,INV_04,2022-05-23,BUY,HAYL,61.17,437,151581.62
TX_104075,INV_04,2022-05-24,SELL,NDB,37.37,380,165639.59
TX_104076,INV_04,2022-05-25,BUY,HHL,42.82,580,140554.59
TX_104077,INV_04,2022-05-26,BUY,HAYL,58.56,360,119263.24
TX_104078,INV_04,2022-05-27,SELL,LIOC,50.81,451,141947.92
TX_104079,INV_04,2022-05-31,BUY,COMB,46.12,461,120475.88
TX_104080,INV_04,2022-06-02,BUY,LIOC,53.25,339,102242.17
TX_104081,INV_04,2022-06-07,SELL,JKH,120.81,54,108700.71
TX_104082,INV_04,2022-06-08,SELL,LFIN,33.48,484,124741.3
TX_104083,INV_04,2022-06-09,BUY,HHL,43.48,430,105856.42
TX_104084,INV_04,2022-06-10,BUY,NTB,33.12,479,89833.35
TX_104085,INV_04,2022-06-13,SELL,CFIN,48.46,77,93527.81
TX_104086,INV_04,2022-06-14,BUY,CFIN,48.46,289,79381.46
TX_104087,INV_04,2022-06-17,SELL,NDB,31.82,285,88360.09
TX_104088,INV_04,2022-06-20,BUY,LFIN,33.1,400,74985.86
TX_104089,INV_04,2022-06-21,SELL,AEL,9.31,310,77842.79
TX_104090,INV_04,2022-06-22,SELL,HAYL,50.71,550,105452.12
TX_104091,INV_04,2022-06-23,SELL,HAYL,50.71,412,126134.03
TX_104092,INV_04,2022-06-24,BUY,DFCC,32.09,589,107044.43
TX_104093,INV_04,2022-06-27,SELL,DFCC,31.21,581,124993.4
TX_104094,INV_04,2022-06-28,SELL,CFIN,48.38,130,131220.07
TX_104095,INV_04,2022-06-30,SELL,LFIN,32.06,463,145916.79
TX_104096,INV_04,2022-07-01,SELL,LFIN,32.53,348,157124.4
TX_104097,INV_04,2022-07-04,BUY,MELS,27.33,862,133328.36
TX_104098,INV_04,2022-07-05,SELL,JKH,118.85,40,138034.68
TX_104099,INV_04,2022-07-06,SELL,HNB,71.07,488,172368.31
TX_104100,INV_04,2022-07-07,BUY,DFCC,29.97,862,146277.84
TX_104101,INV_04,2022-07-11,BUY,NDB,29.82,735,124139.53
TX_104102,INV_04,2022-07-12,BUY,HNB,69.64,267,105360.26
TX_104103,INV_04,2022-07-14,SELL,COMB,44.06,641,133321.91
TX_104104,INV_04,2022-07-15,BUY,NTB,27.75,720,113142.77
TX_104105,INV_04,2022-07-18,BUY,MELS,27.84,609,96017.13
TX_104106,INV_04,2022-07-19,SELL,HAYL,57.82,309,113705.16
TX_104107,INV_04,2022-07-20,BUY,AEL,10.15,1680,96488.11
TX_104108,INV_04,2022-07-21,BUY,CFIN,53.56,270,81880.95
TX_104109,INV_04,2022-07-22,SELL,DIAL,7.45,3825,110097.1
TX_104110,INV_04,2022-07-26,SELL,DFCC,31.82,651,130607.4
TX_104111,INV_04,2022-07-27,SELL,NDB,30.91,397,142757.13
TX_104112,INV_04,2022-07-29,BUY,HNB,73.48,291,121161.5
TX_104113,INV_04,2022-08-01,BUY,LOFC,7.0,2596,102807.78
TX_104114,INV_04,2022-08-02,BUY,COMB,44.92,343,87246.8
TX_104115,INV_04,2022-08-03,BUY,HHL,43.12,303,74052.13
TX_104116,INV_04,2022-08-08,SELL,CFIN,55.38,165,83098.33
TX_104117,INV_04,2022-08-10,SELL,CFIN,58.32,124,90257.29
TX_104118,INV_04,2022-08-11,BUY,LFIN,33.23,407,76596.12
TX_104119,INV_04,2022-08-12,BUY,COMB,46.89,245,64994.18
TX_104120,INV_04,2022-08-15,BUY,HAYL,93.44,104,55179.48
TX_104121,INV_04,2022-08-17,BUY,COMB,44.92,184,46831.89
TX_104122,INV_04,2022-08-18,SELL,NTB,31.06,575,64513.41
TX_104123,INV_04,2022-08-24,SELL,HNB,73.74,505,101382.15
TX_104124,INV_04,2022-08-25,SELL,CFIN,56.59,93,106592.28
TX_104125,INV_04,2022-08-26,SELL,LFIN,33.16,362,118474.43
TX_104126,INV_04,2022-08-29,BUY,LFIN,32.84,541,100528.61
TX_104127,INV_04,2022-08-31,BUY,LFIN,33.39,451,85319.49
TX_104128,INV_04,2022-09-02,SELL,NDB,32.19,298,94814.96
TX_104129,INV_04,2022-09-05,BUY,AEL,10.43,1364,80451.63
TX_104130,INV_04,2022-09-06,BUY,DFCC,29.44,409,68291.38
TX_104131,INV_04,2022-09-07,BUY,AEL,10.24,1000,57949.12
TX_104132,INV_04,2022-09-08,BUY,LIOC,195.87,44,49244.58
TX_104133,INV_04,2022-09-12,SELL,COMB,44.92,674,79216.65
TX_104134,INV_04,2022-09-14,BUY,NDB,40.01,297,67216.34
TX_104135,INV_04,2022-09-15,BUY,HHL,58.28,172,57091.53
TX_104136,INV_04,2022-09-16,BUY,JKH,144.38,59,48487.71
TX_104137,INV_04,2022-09-26,SELL,HAYL,80.15,258,68959.1
TX_104138,INV_04,2022-09-27,BUY,CFIN,59.61,173,58542.99
TX_104139,INV_04,2022-09-28,BUY,NTB,42.52,206,49696.54
TX_104140,INV_04,2022-09-29,SELL,DFCC,32.44,590,68646.43
TX_104141,INV_04,2022-09-30,SELL,NTB,45.11,483,90218.91
TX_104142,INV_04,2022-10-03,SELL,HNB,73.74,379,117888.71
TX_104143,INV_04,2022-10-04,SELL,HNB,72.58,284,138296.48
TX_104144,INV_04,2022-10-05,BUY,LFIN,35.11,590,117377.12
TX_104145,INV_04,2022-10-07,SELL,AEL,10.15,1243,129863.44
TX_104146,INV_04,2022-10-10,BUY,DIAL,7.03,2769,110195.23
TX_104147,INV_04,2022-10-11,SELL,DFCC,32.0,443,124229.86
TX_104148,INV_04,2022-10-13,BUY,DFCC,32.44,574,105421.42
TX_104149,INV_04,2022-10-19,BUY,LIOC,187.75,84,89492.84
TX_104150,INV_04,2022-10-20,SELL,AEL,9.87,932,98597.39
TX_104151,INV_04,2022-10-21,SELL,HHL,50.75,781,137834.21
TX_104152,INV_04,2022-10-25,BUY,DIAL,6.78,3048,116957.48
TX_104153,INV_04,2022-10-28,SELL,LFIN,31.44,667,137717.55
TX_104154,INV_04,2022-11-01,BUY,JKH,128.67,160,116924.74
TX_104155,INV_04,2022-11-02,BUY,AEL,9.68,1811,99216.53
TX_104156,INV_04,2022-11-07,BUY,LFIN,31.44,473,84197.22
TX_104157,INV_04,2022-11-08,SELL,AEL,9.22,1152,94707.74
TX_104158,INV_04,2022-11-09,BUY,LFIN,30.81,461,80360.05
TX_104159,INV_04,2022-11-10,BUY,MELS,33.53,359,68203.27
TX_104160,INV_04,2022-11-14,SELL,NTB,42.07,362,83280.75
TX_104161,INV_04,2022-11-15,SELL,HAYL,56.27,194,94087.42
TX_104162,INV_04,2022-11-17,SELL,DIAL,7.12,4323,124543.95
TX_104163,INV_04,2022-11-18,SELL,HHL,48.72,585,152761.03
TX_104164,INV_04,2022-11-22,BUY,HNB,64.91,353,129620.03
TX_104165,INV_04,2022-11-23,BUY,MELS,34.91,556,110013.97
TX_104166,INV_04,2022-11-25,BUY,COMB,43.12,382,93376.87
TX_104167,INV_04,2022-11-28,BUY,LFIN,29.8,470,79230.5
TX_104168,INV_04,2022-11-29,SELL,AEL,9.31,864,87193.01
TX_104169,INV_04,2022-12-01,BUY,NTB,43.06,303,74016.63
TX_104170,INV_04,2022-12-02,BUY,CFIN,55.29,200,62847.47
TX_104171,INV_04,2022-12-07,BUY,NDB,30.91,304,53355.95
TX_104172,INV_04,2022-12-08,BUY,LOFC,8.1,988,45273.12
TX_104173,INV_04,2022-12-13,SELL,NDB,30.64,374,56617.97
TX_104174,INV_04,2022-12-14,BUY,LIOC,208.83,40,48181.37
TX_104175,INV_04,2022-12-16,SELL,HHL,55.89,439,72470.19
TX_104176,INV_04,2022-12-19,SELL,COMB,43.55,601,98381.53
TX_104177,INV_04,2022-12-21,SELL,LIOC,178.84,465,180710.1
TX_104178,INV_04,2022-12-23,BUY,LFIN,31.2,868,153353.4
TX_104179,INV_04,2022-12-26,SELL,COMB,43.12,450,172563.99
TX_104180,INV_04,2022-12-27,BUY,HHL,55.5,466,146440.32
TX_104181,INV_04,2022-12-29,BUY,NTB,41.44,530,124255.02
TX_104182,INV_04,2023-01-02,SELL,JKH,133.18,85,135462.3
TX_104183,INV_04,2023-01-04,SELL,LIOC,176.67,349,196502.19
TX_104184,INV_04,2023-01-05,BUY,LFIN,30.81,956,166748.63
TX_104185,INV_04,2023-01-06,SELL,AEL,9.87,648,173078.83
TX_104186,INV_04,2023-01-10,SELL,HNB,67.5,301,193191.75
TX_104187,INV_04,2023-01-11,BUY,AEL,9.77,2964,163930.67
TX_104188,INV_04,2023-01-13,BUY,DIAL,7.62,3227,139099.17
TX_104189,INV_04,2023-01-16,SELL,LIOC,157.33,262,179906.46
TX_104190,INV_04,2023-01-17,BUY,COMB,43.46,620,152689.52
TX_104191,INV_04,2023-01-18,SELL,AEL,9.68,1227,164449.72
TX_104192,INV_04,2023-01-19,BUY,NTB,42.07,586,139549.45
TX_104193,INV_04,2023-01-20,BUY,LFIN,32.3,648,118411.67
TX_104194,INV_04,2023-01-23,BUY,CFIN,56.94,311,100525.87
TX_104195,INV_04,2023-01-24,BUY,COMB,47.91,314,85330.85
TX_104196,INV_04,2023-01-25,BUY,JKH,135.64,94,72453.25
TX_104197,INV_04,2023-01-30,BUY,LOFC,6.9,1575,61477.07
TX_104198,INV_04,2023-01-31,SELL,LOFC,6.9,2028,75330.34
TX_104199,INV_04,2023-02-02,SELL,HHL,55.41,446,99795.54
TX_104200,INV_04,2023-02-06,BUY,DIAL,8.37,1787,84684.76
TX_104201,INV_04,2023-02-08,BUY,CFIN,60.98,208,71873.5
TX_104202,INV_04,2023-02-09,SELL,LFIN,37.37,1470,126254.93
TX_104203,INV_04,2023-02-13,SELL,HNB,87.05,226,145730.94
TX_104204,INV_04,2023-02-15,SELL,HAYL,55.61,145,153714.16
TX_104205,INV_04,2023-02-16,BUY,COMB,51.59,446,130474.17
TX_104206,INV_04,2023-02-17,BUY,DFCC,32.8,596,110732.0
TX_104207,INV_04,2023-02-23,SELL,NTB,58.27,627,146903.87
TX_104208,INV_04,2023-02-24,BUY,COMB,56.55,389,124684.34
TX_104209,INV_04,2023-02-27,BUY,MELS,46.86,399,105799.71
TX_104210,INV_04,2023-03-01,SELL,HAYL,62.65,109,112559.87
TX_104211,INV_04,2023-03-02,BUY,LFIN,37.76,447,95513.31
TX_104212,INV_04,2023-03-03,BUY,HNB,102.67,139,81099.27
TX_104213,INV_04,2023-03-06,SELL,AEL,13.03,920,92969.32
TX_104214,INV_04,2023-03-07,BUY,NTB,63.02,221,78903.23
TX_104215,INV_04,2023-03-08,BUY,JKH,137.9,85,67064.62
TX_104216,INV_04,2023-03-09,SELL,DIAL,8.96,4496,106938.3
TX_104217,INV_04,2023-03-13,SELL,DIAL,8.54,3372,135446.13
TX_104218,INV_04,2023-03-14,SELL,NTB,62.48,525,167919.01
TX_104219,INV_04,2023-03-15,BUY,HHL,64.39,391,142491.21
TX_104220,INV_04,2023-03-16,SELL,NDB,46.28,280,155319.63
TX_104221,INV_04,2023-03-17,BUY,DIAL,8.79,2650,131790.94
TX_104222,INV_04,2023-03-20,SELL,COMB,59.04,780,177377.97
TX_104223,INV_04,2023-03-21,SELL,COMB,58.69,585,211370.04
TX_104224,INV_04,2023-03-22,SELL,HAYL,65.1,82,216654.84
TX_104225,INV_04,2023-03-23,SELL,LFIN,40.64,1214,265503.67
TX_104226,INV_04,2023-03-27,SELL,DFCC,39.83,625,290149.97
TX_104227,INV_04,2023-03-28,SELL,DFCC,39.37,468,308390.52
TX_104228,INV_04,2023-03-29,BUY,HNB,111.6,414,261726.38
TX_104229,INV_04,2023-03-31,SELL,JKH,137.65,108,276444.22
TX_104230,INV_04,2023-04-03,SELL,HHL,60.85,432,302470.33
TX_104231,INV_04,2023-04-05,BUY,HHL,61.71,735,256656.98
TX_104232,INV_04,2023-04-06,BUY,LOFC,5.9,6525,217774.51
TX_104233,INV_04,2023-04-07,SELL,MELS,43.68,833,253799.59
TX_104234,INV_04,2023-04-10,BUY,AEL,13.03,2921,215350.83
TX_104235,INV_04,2023-04-11,SELL,DFCC,39.46,351,229063.43
TX_104236,INV_04,2023-04-12,BUY,LOFC,6.0,5726,194363.87
TX_104237,INV_04,2023-04-13,SELL,LFIN,44.08,910,234072.75
TX_104238,INV_04,2023-04-14,BUY,DIAL,8.71,4032,198614.58
TX_104239,INV_04,2023-04-18,SELL,DFCC,40.76,264,209267.29
TX_104240,INV_04,2023-04-20,SELL,DFCC,40.67,198,217238.66
TX_104241,INV_04,2023-04-21,SELL,CFIN,62.06,292,235179.11
TX_104242,INV_04,2023-04-24,SELL,LOFC,5.7,4584,261046.62
TX_104243,INV_04,2023-04-28,SELL,HHL,60.57,508,291507.26
TX_104244,INV_04,2023-05-01,SELL,MELS,43.53,624,318395.5
TX_104245,INV_04,2023-05-02,SELL,LFIN,40.51,683,345784.67
TX_104246,INV_04,2023-05-05,BUY,HHL,60.19,861,293446.83
TX_104247,INV_04,2023-05-09,SELL,NDB,41.28,210,302028.79
TX_104248,INV_04,2023-05-11,BUY,COMB,54.54,830,256310.37
TX_104249,INV_04,2023-05-12,SELL,AEL,12.94,1421,274513.47
TX_104250,INV_04,2023-05-15,SELL,MELS,43.13,468,294495.66
TX_104251,INV_04,2023-05-17,BUY,AEL,13.03,3389,249886.67
TX_104252,INV_04,2023-05-18,SELL,HNB,109.83,308,283375.16
TX_104253,INV_04,2023-05-19,BUY,DIAL,8.2,5180,240449.37
TX_104254,INV_04,2023-05-22,SELL,CFIN,57.48,219,252911.63
TX_104255,INV_04,2023-05-24,SELL,HAYL,58.65,61,256453.52
TX_104256,INV_04,2023-05-25,BUY,JKH,136.42,281,217735.07
TX_104257,INV_04,2023-05-26,BUY,HAYL,60.05,543,184800.24
TX_104258,INV_04,2023-05-30,SELL,NDB,40.23,158,191092.73
TX_104259,INV_04,2023-05-31,BUY,CFIN,56.58,506,162175.96
TX_104260,INV_04,2023-06-02,BUY,COMB,52.63,462,137615.6
TX_104261,INV_04,2023-06-06,BUY,LFIN,44.56,463,116779.42
TX_104262,INV_04,2023-06-07,SELL,NDB,41.18,118,121590.5
TX_104263,INV_04,2023-06-08,BUY,JKH,137.46,132,103264.67
TX_104264,INV_04,2023-06-12,BUY,NDB,43.19,358,87647.91
TX_104265,INV_04,2023-06-13,SELL,MELS,43.68,351,102827.74
TX_104266,INV_04,2023-06-14,BUY,AEL,14.62,1055,87254.65
TX_104267,INV_04,2023-06-15,SELL,LIOC,113.65,196,109307.03
TX_104268,INV_04,2023-06-16,BUY,MELS,44.96,364,92779.76
TX_104269,INV_04,2023-06-19,SELL,HHL,63.05,596,129982.6
TX_104270,INV_04,2023-06-21,BUY,NDB,46.34,420,110323.64
TX_104271,INV_04,2023-06-22,BUY,NDB,46.63,354,93651.45
TX_104272,INV_04,2023-06-23,BUY,NTB,65.14,215,79507.06
TX_104273,INV_04,2023-06-27,SELL,COMB,61.33,762,125774.35
TX_104274,INV_04,2023-06-28,BUY,HAYL,68.03,277,106741.37
TX_104275,INV_04,2023-06-29,SELL,DFCC,43.17,148,113066.23
TX_104276,INV_04,2023-07-03,BUY,LIOC,116.58,145,95992.52
TX_104277,INV_04,2023-07-04,BUY,NTB,76.91,187,81466.43
TX_104278,INV_04,2023-07-05,BUY,MELS,53.34,229,69130.06
TX_104279,INV_04,2023-07-06,SELL,JKH,152.95,185,97142.69
TX_104280,INV_04,2023-07-07,BUY,MELS,57.58,253,82429.04
TX_104281,INV_04,2023-07-10,BUY,DFCC,50.95,242,69976.23
TX_104282,INV_04,2023-07-11,SELL,HAYL,77.94,251,89342.88
TX_104283,INV_04,2023-07-13,SELL,LFIN,53.8,628,122792.51
TX_104284,INV_04,2023-07-14,BUY,DIAL,9.13,2018,104192.63
TX_104285,INV_04,2023-07-17,BUY,DFCC,54.65,285,88460.55
TX_104286,INV_04,2023-07-18,BUY,DFCC,59.19,224,75068.77
TX_104287,INV_04,2023-07-19,BUY,NTB,89.92,125,63716.52
TX_104288,INV_04,2023-07-21,BUY,CFIN,85.17,112,54081.8
TX_104289,INV_04,2023-07-24,BUY,MELS,63.49,127,45938.1
TX_104290,INV_04,2023-07-26,SELL,HAYL,75.39,188,59970.6
TX_104291,INV_04,2023-07-27,BUY,HAYL,76.1,118,50901.45
TX_104292,INV_04,2023-07-28,SELL,HHL,73.01,447,83212.22
TX_104293,INV_04,2023-07-31,BUY,AEL,16.29,766,70608.77
TX_104294,INV_04,2023-08-02,BUY,LIOC,119.59,88,59979.52
TX_104295,INV_04,2023-08-04,BUY,LIOC,114.04,78,50995.49
TX_104296,INV_04,2023-08-07,BUY,CFIN,91.34,83,43338.86
TX_104297,INV_04,2023-08-10,SELL,JKH,190.82,138,69408.36
TX_104298,INV_04,2023-08-11,SELL,HHL,77.91,335,95248.32
TX_104299,INV_04,2023-08-14,SELL,DFCC,80.41,299,119049.27
TX_104300,INV_04,2023-08-15,SELL,LIOC,110.8,225,143730.19
TX_104301,INV_04,2023-08-16,BUY,MELS,68.23,315,122022.27
TX_104302,INV_04,2023-08-17,BUY,HNB,170.33,107,103615.23
TX_104303,INV_04,2023-08-21,SELL,DFCC,83.65,224,122165.02
TX_104304,INV_04,2023-08-22,SELL,LOFC,5.3,3438,140204.21
TX_104305,INV_04,2023-08-24,SELL,MELS,65.24,586,178050.33
TX_104306,INV_04,2023-08-25,BUY,LFIN,57.9,461,151091.06
TX_104307,INV_04,2023-08-28,SELL,CFIN,107.62,340,187314.42
TX_104308,INV_04,2023-08-30,SELL,DIAL,9.54,5999,243998.35
TX_104309,INV_04,2023-08-31,SELL,AEL,15.92,2368,281316.02
TX_104310,INV_04,2023-09-01,SELL,LIOC,114.5,169,300473.36
TX_104311,INV_04,2023-09-04,BUY,LFIN,57.82,779,254984.66
TX_104312,INV_04,2023-09-05,BUY,NTB,109.67,348,216438.33
TX_104313,INV_04,2023-09-06,BUY,JKH,185.41,175,183667.5
TX_104314,INV_04,2023-09-07,SELL,NTB,108.72,613,249645.87
TX_104315,INV_04,2023-09-08,SELL,CFIN,117.96,255,279425.65
TX_104316,INV_04,2023-09-14,BUY,CFIN,114.97,364,237156.7
TX_104317,INV_04,2023-09-15,SELL,AEL,18.62,1776,269891.49
TX_104318,INV_04,2023-09-18,SELL,CFIN,109.91,282,300577.54
TX_104319,INV_04,2023-09-19,SELL,AEL,18.43,1332,324883.12
TX_104320,INV_04,2023-09-20,BUY,AEL,18.15,2684,275674.65
TX_104321,INV_04,2023-09-21,SELL,DFCC,79.48,168,288893.68
TX_104322,INV_04,2023-09-22,SELL,CFIN,109.23,212,311817.84
TX_104323,INV_04,2023-09-26,BUY,DFCC,79.48,588,264616.53
TX_104324,INV_04,2023-09-27,BUY,NDB,65.65,604,224570.16
TX_104325,INV_04,2023-09-28,SELL,HAYL,81.53,171,238372.67
TX_104326,INV_04,2023-09-29,SELL,COMB,81.71,571,284565.34
TX_104327,INV_04,2023-10-03,SELL,CFIN,103.25,159,300817.36
TX_104328,INV_04,2023-10-04,BUY,LFIN,55.85,807,255294.59
TX_104329,INV_04,2023-10-06,SELL,LFIN,55.51,983,309315.03
TX_104330,INV_04,2023-10-10,BUY,AEL,17.41,2665,262459.42
TX_104331,INV_04,2023-10-12,BUY,DIAL,8.71,4521,222700.89
TX_104332,INV_04,2023-10-13,SELL,NTB,98.27,459,267357.8
TX_104333,INV_04,2023-10-16,SELL,NTB,97.32,345,300599.14
TX_104334,INV_04,2023-10-17,SELL,HHL,70.13,252,318095.58
TX_104335,INV_04,2023-10-23,BUY,NDB,61.73,772,269965.2
TX_104336,INV_04,2023-10-25,SELL,JKH,189.59,148,297743.65
TX_104337,INV_04,2023-10-26,SELL,LFIN,52.78,737,336251.31
TX_104338,INV_04,2023-10-30,SELL,CFIN,101.18,119,348170.96
TX_104339,INV_04,2023-10-31,SELL,MELS,64.9,439,376378.61
TX_104340,INV_04,2023-11-01,BUY,LFIN,54.14,1042,319397.04
TX_104341,INV_04,2023-11-02,BUY,CFIN,104.63,457,271104.76
TX_104342,INV_04,2023-11-03,SELL,LOFC,4.6,2578,282844.97
TX_104343,INV_04,2023-11-06,SELL,DIAL,8.2,5630,328575.98
TX_104344,INV_04,2023-11-07,BUY,LOFC,5.0,9857,278798.13
TX_104345,INV_04,2023-11-08,SELL,COMB,78.73,429,312233.61
TX_104346,INV_04,2023-11-09,SELL,COMB,78.36,321,337136.61
TX_104347,INV_04,2023-11-10,BUY,JKH,193.77,260,286253.04
TX_104348,INV_04,2023-11-13,BUY,HAYL,70.49,609,242898.11
TX_104349,INV_04,2023-11-14,SELL,LFIN,53.72,813,286132.81
TX_104350,INV_04,2023-11-15,SELL,CFIN,100.95,203,306420.12
TX_104351,INV_04,2023-11-16,SELL,LIOC,96.92,126,318510.17
TX_104352,INV_04,2023-11-17,SELL,COMB,76.55,241,336774.52
TX_104353,INV_04,2023-11-21,SELL,DFCC,71.7,273,356152.43
TX_104354,INV_04,2023-11-22,BUY,CFIN,95.2,561,302212.14
TX_104355,INV_04,2023-11-23,SELL,NDB,62.97,716,346847.78
TX_104356,INV_04,2023-11-24,SELL,DIAL,7.7,4222,379042.33
TX_104357,INV_04,2023-11-27,BUY,NDB,62.59,908,321644.34
TX_104358,INV_04,2023-11-29,SELL,HAYL,65.75,280,339870.63
TX_104359,INV_04,2023-11-30,BUY,AEL,17.59,2897,288391.27
TX_104360,INV_04,2023-12-01,BUY,LIOC,95.3,453,244787.41
TX_104361,INV_04,2023-12-04,BUY,NTB,102.78,357,207726.34
TX_104362,INV_04,2023-12-05,SELL,DIAL,7.54,3167,231351.07
TX_104363,INV_04,2023-12-07,BUY,LFIN,54.48,636,196352.11
TX_104364,INV_04,2023-12-11,SELL,JKH,188.9,176,229265.94
TX_104365,INV_04,2023-12-12,BUY,MELS,78.3,439,194550.48
TX_104366,INV_04,2023-12-13,BUY,AEL,17.78,1641,165081.52
TX_104367,INV_04,2023-12-14,BUY,DIAL,7.45,3323,140073.3
TX_104368,INV_04,2023-12-15,SELL,LIOC,98.31,208,160317.27
TX_104369,INV_04,2023-12-25,SELL,AEL,18.43,3471,223654.11
TX_104370,INV_04,2023-12-26,SELL,COMB,84.16,181,238734.92
TX_104371,INV_04,2024-01-01,BUY,NDB,62.01,577,202594.77
TX_104372,INV_04,2024-01-04,SELL,HNB,157.29,258,242771.01
TX_104373,INV_04,2024-01-05,SELL,MELS,81.45,439,278170.82
TX_104374,INV_04,2024-01-09,BUY,AEL,18.06,2310,236036.45
TX_104375,INV_04,2024-01-10,BUY,MELS,76.81,460,200352.84
TX_104376,INV_04,2024-01-11,SELL,HAYL,64.87,210,213840.29
TX_104377,INV_04,2024-01-12,SELL,COMB,82.89,136,225000.97
TX_104378,INV_04,2024-01-15,BUY,DIAL,7.37,4580,190920.1
TX_104379,INV_04,2024-01-16,SELL,NTB,99.22,348,225104.75
TX_104380,INV_04,2024-01-18,BUY,CFIN,94.69,356,191058.72
TX_104381,INV_04,2024-01-22,SELL,AEL,17.5,3180,246154.91
TX_104382,INV_04,2024-01-23,SELL,DFCC,66.79,205,259709.69
TX_104383,INV_04,2024-01-25,SELL,MELS,70.14,444,290541.12
TX_104384,INV_04,2024-01-30,SELL,CFIN,91.39,382,325103.15
TX_104385,INV_04,2024-01-31,BUY,AEL,17.69,2757,275852.37
TX_104386,INV_04,2024-02-01,BUY,COMB,79.81,518,234096.04
TX_104387,INV_04,2024-02-02,SELL,LOFC,4.2,4398,252382.92
TX_104388,INV_04,2024-02-06,BUY,DFCC,72.16,524,214192.17
TX_104389,INV_04,2024-02-07,BUY,DIAL,7.7,4171,181743.98
TX_104390,INV_04,2024-02-08,BUY,LIOC,97.85,278,154270.43
TX_104391,INV_04,2024-02-09,SELL,NTB,99.94,261,180092.93
TX_104392,INV_04,2024-02-12,BUY,LOFC,4.2,6431,152812.63
TX_104393,INV_04,2024-02-13,SELL,HNB,150.78,193,181622.1
TX_104394,INV_04,2024-02-16,SELL,AEL,17.97,3075,236316.01
TX_104395,INV_04,2024-02-19,BUY,DFCC,73.18,484,200542.47
TX_104396,INV_04,2024-02-20,SELL,MELS,76.1,333,225631.55
TX_104397,INV_04,2024-02-21,BUY,LIOC,97.85,345,191536.68
TX_104398,INV_04,2024-02-26,BUY,COMB,82.44,348,162560.76
TX_104399,INV_04,2024-02-28,BUY,HNB,147.06,165,138053.77
TX_104400,INV_04,2024-03-01,BUY,CFIN,97.51,212,117173.96
TX_104401,INV_04,2024-03-05,BUY,LFIN,54.14,324,99456.08
TX_104402,INV_04,2024-03-07,BUY,LFIN,54.66,272,84441.04
TX_104403,INV_04,2024-03-11,BUY,AEL,21.04,602,71649.36
TX_104404,INV_04,2024-03-13,SELL,LOFC,6.0,4906,100791.0
TX_104405,INV_04,2024-03-14,SELL,NTB,102.69,195,120615.43
TX_104406,INV_04,2024-03-15,SELL,HAYL,74.96,158,132340.14
TX_104407,INV_04,2024-03-18,SELL,DIAL,9.38,5393,182404.04
TX_104408,INV_04,2024-03-20,SELL,COMB,83.94,318,208831.54
TX_104409,INV_04,2024-03-21,SELL,DFCC,69.05,406,236587.28
TX_104410,INV_04,2024-03-27,BUY,HNB,162.06,218,200905.27
TX_104411,INV_04,2024-03-28,BUY,HAYL,71.98,418,170518.5
TX_104412,INV_04,2024-03-29,BUY,JKH,190.92,133,144872.43
TX_104413,INV_04,2024-04-01,SELL,NTB,101.96,147,159710.76
TX_104414,INV_04,2024-04-02,BUY,NTB,106.1,225,135600.11
TX_104415,INV_04,2024-04-03,BUY,JKH,195.35,104,115080.87
TX_104416,INV_04,2024-04-05,BUY,LOFC,5.4,3196,97649.89
TX_104417,INV_04,2024-04-08,BUY,HNB,190.47,76,83029.51
TX_104418,INV_04,2024-04-11,BUY,LFIN,59.74,208,70478.96
TX_104419,INV_04,2024-04-15,BUY,DIAL,10.05,1052,59804.17
TX_104420,INV_04,2024-04-16,SELL,LOFC,5.9,4479,85966.01
TX_104421,INV_04,2024-04-19,BUY,HAYL,75.11,171,72994.02
TX_104422,INV_04,2024-04-22,BUY,JKH,201.74,54,61990.92
TX_104423,INV_04,2024-04-24,BUY,HAYL,79.21,117,52630.22
TX_104424,INV_04,2024-04-25,BUY,HAYL,79.31,99,44700.3
TX_104425,INV_04,2024-05-06,SELL,DFCC,77.17,304,67924.52
TX_104426,INV_04,2024-05-08,BUY,LOFC,7.1,1435,57634.14
TX_104427,INV_04,2024-05-09,SELL,COMB,108.37,239,83276.28
TX_104428,INV_04,2024-05-10,BUY,JKH,205.43,60,70826.97
TX_104429,INV_04,2024-05-13,BUY,LFIN,63.72,166,60142.91
TX_104430,INV_04,2024-05-14,SELL,NTB,116.8,166,79338.57
TX_104431,INV_04,2024-05-15,SELL,MELS,80.72,250,99317.07
TX_104432,INV_04,2024-05-16,SELL,JKH,199.78,219,142630.39
TX_104433,INV_04,2024-05-17,BUY,LIOC,122.6,174,121084.98
TX_104434,INV_04,2024-05-22,BUY,LOFC,6.7,2710,102746.41
TX_104435,INV_04,2024-05-27,SELL,NTB,121.43,125,117773.13
TX_104436,INV_04,2024-05-28,SELL,DFCC,76.78,228,135104.09
TX_104437,INV_04,2024-05-29,SELL,HAYL,85.84,319,162212.68
TX_104438,INV_04,2024-05-30,BUY,NTB,118.51,205,137675.62
TX_104439,INV_04,2024-06-03,BUY,DFCC,74.75,276,116837.57
TX_104440,INV_04,2024-06-05,BUY,CFIN,113.06,155,99137.97
TX_104441,INV_04,2024-06-06,BUY,CFIN,116.36,127,84212.74
TX_104442,INV_04,2024-06-07,SELL,NTB,126.54,145,102377.31
TX_104443,INV_04,2024-06-10,SELL,HHL,83.68,189,118034.14
TX_104444,INV_04,2024-06-14,BUY,HNB,192.14,92,100180.94
TX_104445,INV_04,2024-06-18,SELL,HHL,82.62,141,111713.75
TX_104446,INV_04,2024-06-19,BUY,CFIN,112.12,149,94841.09
TX_104447,INV_04,2024-06-20,BUY,LOFC,6.3,2258,80473.43
TX_104448,INV_04,2024-06-24,BUY,LIOC,120.29,100,68324.65
TX_104449,INV_04,2024-06-25,BUY,JKH,202.78,50,58084.42
TX_104450,INV_04,2024-06-26,BUY,LOFC,6.2,1405,49286.31
TX_104451,INV_04,2024-06-27,SELL,LFIN,63.99,1011,113333.35
TX_104452,INV_04,2024-06-28,BUY,NTB,129.46,131,96204.71
TX_104453,INV_04,2024-07-02,BUY,JKH,201.79,71,81734.18
TX_104454,INV_04,2024-07-03,SELL,DFCC,73.98,240,99311.83
TX_104455,INV_04,2024-07-04,SELL,HNB,189.99,283,152542.01
TX_104456,INV_04,2024-07-08,SELL,DIAL,9.0,4308,190937.46
TX_104457,INV_04,2024-07-10,BUY,NTB,121.67,235,162058.76
TX_104458,INV_04,2024-07-11,BUY,JKH,191.46,126,137693.98
TX_104459,INV_04,2024-07-12,BUY,AEL,21.88,944,116836.46
TX_104460,INV_04,2024-07-15,SELL,COMB,96.04,179,133856.02
TX_104461,INV_04,2024-07-16,BUY,JKH,192.44,104,113642.02
TX_104462,INV_04,2024-07-17,SELL,HHL,78.56,106,121886.21
TX_104463,INV_04,2024-07-18,SELL,LIOC,116.1,380,165563.85
TX_104464,INV_04,2024-07-22,SELL,COMB,90.3,134,177543.44
TX_104465,INV_04,2024-07-24,BUY,AEL,20.85,1277,150649.05
TX_104466,INV_04,2024-07-25,SELL,COMB,91.44,101,159792.26
TX_104467,INV_04,2024-07-26,BUY,DFCC,69.83,343,135602.06
TX_104468,INV_04,2024-07-30,SELL,DFCC,68.47,266,153634.26
TX_104469,INV_04,2024-07-31,SELL,JKH,169.06,252,195812.01
TX_104470,INV_04,2024-08-01,BUY,MELS,73.99,396,166219.26
TX_104471,INV_04,2024-08-05,SELL,DFCC,66.25,199,179271.89
TX_104472,INV_04,2024-08-06,BUY,DFCC,66.83,402,152136.31
TX_104473,INV_04,2024-08-08,SELL,HAYL,88.64,240,173196.55
TX_104474,INV_04,2024-08-09,BUY,COMB,84.42,307,147019.85
TX_104475,INV_04,2024-08-13,SELL,LFIN,61.75,759,193418.83
TX_104476,INV_04,2024-08-15,BUY,DIAL,8.53,3401,164122.33
TX_104477,INV_04,2024-08-20,SELL,NDB,66.03,908,223475.94
TX_104478,INV_04,2024-08-21,SELL,LOFC,5.5,5311,252394.34
TX_104479,INV_04,2024-08-22,SELL,DFCC,67.51,250,269102.86
TX_104480,INV_04,2024-08-23,SELL,DIAL,8.43,4081,303177.95
TX_104481,INV_04,2024-08-27,SELL,AEL,19.18,3012,360359.88
TX_104482,INV_04,2024-08-28,SELL,NDB,62.78,681,402684.76
TX_104483,INV_04,2024-08-29,SELL,DIAL,8.34,3061,427956.0
TX_104484,INV_04,2024-08-30,SELL,LIOC,102.13,285,456772.37
TX_104485,INV_04,2024-09-02,SELL,HAYL,82.11,180,471403.69
TX_104486,INV_04,2024-09-04,BUY,HHL,69.84,1012,400016.0
TX_104487,INV_04,2024-09-05,SELL,NTB,109.02,200,421601.48
TX_104488,INV_04,2024-09-06,SELL,DFCC,63.84,188,433483.22
TX_104489,INV_04,2024-09-09,BUY,JKH,161.08,403,367920.46
TX_104490,INV_04,2024-09-11,SELL,CFIN,98.22,447,411384.06
TX_104491,INV_04,2024-09-13,BUY,CFIN,99.65,619,349081.71
TX_104492,INV_04,2024-09-19,BUY,HAYL,85.37,613,296225.48
TX_104493,INV_04,2024-09-20,BUY,NDB,66.89,664,251367.93
TX_104494,INV_04,2024-09-23,BUY,MELS,74.36,507,213292.22
TX_104495,INV_04,2024-09-24,BUY,LFIN,60.73,526,181030.79
TX_104496,INV_04,2024-09-25,BUY,CFIN,108.76,249,153679.64
TX_104497,INV_04,2024-09-26,BUY,DIAL,8.81,2615,130402.94
TX_104498,INV_04,2024-09-27,BUY,DIAL,8.91,2195,110654.68
TX_104499,INV_04,2024-09-30,BUY,NDB,74.82,221,93954.41
TX_104500,INV_04,2024-10-02,BUY,NTB,125.32,112,79778.04
TX_104501,INV_04,2024-10-03,SELL,NDB,74.44,732,133720.64
TX_104502,INV_04,2024-10-04,BUY,LOFC,6.2,3235,113463.07
TX_104503,INV_04,2024-10-07,BUY,AEL,21.5,791,96283.54
TX_104504,INV_04,2024-10-10,BUY,HNB,203.56,70,81891.61
TX_104505,INV_04,2024-10-11,BUY,NTB,129.22,95,69493.43
TX_104506,INV_04,2024-10-14,SELL,LOFC,6.0,4792,97957.91
TX_104507,INV_04,2024-10-15,SELL,CFIN,112.11,552,159223.86
TX_104508,INV_04,2024-10-16,BUY,COMB,102.44,233,135115.59
TX_104509,INV_04,2024-10-18,BUY,AEL,22.06,918,114659.91
TX_104510,INV_04,2024-10-23,SELL,LOFC,6.0,3594,136008.27
TX_104511,INV_04,2024-10-24,SELL,DFCC,77.26,141,146793.51
TX_104512,INV_04,2024-10-25,BUY,DIAL,10.33,2131,124561.61
TX_104513,INV_04,2024-10-28,SELL,LOFC,6.4,2696,141643.47
TX_104514,INV_04,2024-10-29,BUY,HNB,219.28,96,120382.37
TX_104515,INV_04,2024-10-31,SELL,CFIN,120.25,414,169670.04
TX_104516,INV_04,2024-11-01,SELL,JKH,20.92,290,175675.46
TX_104517,INV_04,2024-11-05,SELL,NTB,133.6,202,202391.82
TX_104518,INV_04,2024-11-06,SELL,MELS,92.26,413,240112.98
TX_104519,INV_04,2024-11-07,SELL,HAYL,96.33,288,267579.96
TX_104520,INV_04,2024-11-08,BUY,LIOC,107.19,374,227090.09
TX_104521,INV_04,2024-11-11,SELL,NTB,139.19,151,247897.91
TX_104522,INV_04,2024-11-12,BUY,DIAL,10.23,3633,210343.95
TX_104523,INV_04,2024-11-13,BUY,AEL,25.13,1255,178485.09
TX_104524,INV_04,2024-11-19,SELL,HNB,219.04,253,233347.77
TX_104525,INV_04,2024-11-20,SELL,HNB,219.04,190,274548.98
TX_104526,INV_04,2024-11-21,SELL,CFIN,119.78,311,311426.75
TX_104527,INV_04,2024-11-22,BUY,COMB,115.72,403,264323.46
TX_104528,INV_04,2024-11-25,SELL,COMB,113.83,311,299369.73
TX_104529,INV_04,2024-11-27,BUY,CFIN,118.82,377,254127.56
TX_104530,INV_04,2024-11-28,BUY,NTB,148.44,256,215747.15
TX_104531,INV_04,2024-12-02,BUY,LOFC,5.9,5485,183062.04
TX_104532,INV_04,2024-12-03,BUY,CFIN,130.08,211,155341.44
TX_104533,INV_04,2024-12-04,BUY,LFIN,75.7,307,131869.58
TX_104534,INV_04,2024-12-05,SELL,AEL,27.93,3000,214812.46
TX_104535,INV_04,2024-12-06,BUY,LIOC,109.6,293,182378.97
TX_104536,INV_04,2024-12-09,BUY,NTB,156.23,175,154766.01
TX_104537,INV_04,2024-12-10,BUY,LFIN,75.33,308,131333.41
TX_104538,INV_04,2024-12-11,BUY,DFCC,84.89,232,111441.17
TX_104539,INV_04,2024-12-13,BUY,CFIN,141.1,118,94625.36
TX_104540,INV_04,2024-12-16,BUY,CFIN,151.35,93,80409.19
TX_104541,INV_04,2024-12-17,SELL,LIOC,119.96,381,125655.47
TX_104542,INV_04,2024-12-20,BUY,LIOC,125.01,150,106715.76
TX_104543,INV_04,2024-12-23,BUY,HNB,268.08,59,90740.6
TX_104544,INV_04,2024-12-24,BUY,COMB,132.09,103,76999.58
TX_104545,INV_04,2024-12-30,BUY,DFCC,104.06,110,65438.01
TX_104546,INV_04,2024-12-31,BUY,NTB,181.53,54,55537.16
TX_104547,INV_04,2025-01-01,SELL,AEL,33.14,2250,129353.69
TX_104548,INV_04,2025-01-02,BUY,LOFC,7.2,2694,109762.92
TX_104549,INV_04,2025-01-03,SELL,NTB,175.94,235,150694.62
TX_104550,INV_04,2025-01-06,SELL,MELS,116.13,310,186334.94
TX_104551,INV_04,2025-01-07,SELL,LIOC,124.29,323,226079.78
TX_104552,INV_04,2025-01-09,SELL,DIAL,10.99,4939,279829.65
TX_104553,INV_04,2025-01-10,SELL,COMB,131.38,259,313515.68
TX_104554,INV_04,2025-01-13,BUY,LFIN,85.09,552,266075.66
TX_104555,INV_04,2025-01-14,BUY,DFCC,106.0,376,225822.56
TX_104556,INV_04,2025-01-15,BUY,LIOC,122.85,275,191701.88
TX_104557,INV_04,2025-01-16,BUY,MELS,115.42,249,162674.42
TX_104558,INV_04,2025-01-17,BUY,CFIN,180.64,135,138043.91
TX_104559,INV_04,2025-01-20,BUY,LOFC,6.6,3137,117132.67
TX_104560,INV_04,2025-01-21,BUY,AEL,33.62,522,99408.06
TX_104561,INV_04,2025-01-22,BUY,LFIN,87.79,169,84423.52
TX_104562,INV_04,2025-01-23,BUY,JKH,23.58,537,71634.1
TX_104563,INV_04,2025-01-24,SELL,HNB,329.75,157,122886.95
TX_104564,INV_04,2025-01-27,BUY,HHL,111.64,165,104281.83
TX_104565,INV_04,2025-01-28,BUY,HNB,338.56,46,88552.43
TX_104566,INV_04,2025-02-03,SELL,HNB,328.08,130,130776.61
TX_104567,INV_04,2025-02-05,SELL,HNB,318.08,97,161322.08
TX_104568,INV_04,2025-02-06,SELL,MELS,118.02,295,195789.34
TX_104569,INV_04,2025-02-07,SELL,CFIN,205.05,467,290591.42
TX_104570,INV_04,2025-02-10,SELL,MELS,122.27,221,317342.22
TX_104571,INV_04,2025-02-13,BUY,HHL,109.22,435,269356.35
TX_104572,INV_04,2025-02-14,BUY,AEL,40.25,1003,228585.18
TX_104573,INV_04,2025-02-18,BUY,DFCC,123.62,277,193999.47
TX_104574,INV_04,2025-02-19,SELL,JKH,21.95,352,201649.35
TX_104575,INV_04,2025-02-20,SELL,HAYL,132.02,216,229881.15
TX_104576,INV_04,2025-02-21,SELL,HHL,118.18,483,286391.54
TX_104577,INV_04,2025-02-24,SELL,JKH,21.95,264,292128.95
TX_104578,INV_04,2025-02-25,SELL,DFCC,114.38,354,332213.34
TX_104579,INV_04,2025-02-26,SELL,LFIN,79.42,1034,413510.79
TX_104580,INV_04,2025-02-27,SELL,COMB,138.49,194,440109.14
TX_104581,INV_04,2025-02-28,BUY,MELS,128.07,515,373493.3
TX_104582,INV_04,2025-03-03,SELL,LFIN,82.33,776,436742.31
TX_104583,INV_04,2025-03-04,SELL,HNB,295.23,73,458078.31
TX_104584,INV_04,2025-03-05,BUY,MELS,125.18,548,388792.78
TX_104585,INV_04,2025-03-06,BUY,LIOC,119.72,487,329908.4
TX_104586,INV_04,2025-03-07,BUY,HHL,116.97,423,279935.45
TX_104587,INV_04,2025-03-10,SELL,NTB,194.97,176,313907.43
TX_104588,INV_04,2025-03-11,SELL,JKH,20.27,198,317880.97
TX_104589,INV_04,2025-03-12,BUY,DFCC,109.0,437,269771.64
TX_104590,INV_04,2025-03-14,SELL,HAYL,128.29,162,290346.94
TX_104591,INV_04,2025-03-17,SELL,HHL,116.24,468,344204.72
TX_104592,INV_04,2025-03-18,SELL,AEL,36.02,2068,417949.92
TX_104593,INV_04,2025-03-19,SELL,JKH,19.88,148,420862.09
TX_104594,INV_04,2025-03-20,BUY,NDB,105.25,599,357186.9
TX_104595,INV_04,2025-03-21,SELL,NTB,191.26,132,382180.88
TX_104596,INV_04,2025-03-24,SELL,LFIN,82.81,582,429892.47
TX_104597,INV_04,2025-03-25,SELL,COMB,137.36,146,449747.16
TX_104598,INV_04,2025-03-31,BUY,LIOC,122.36,551,381649.83
TX_104599,INV_04,2025-04-02,SELL,LIOC,126.46,571,453136.32
TX_104600,INV_04,2025-04-03,SELL,COMB,138.25,109,468054.88
TX_104601,INV_04,2025-04-04,SELL,HNB,292.25,55,483967.89
TX_104602,INV_04,2025-04-07,SELL,DIAL,12.79,3705,530892.69
TX_104603,INV_04,2025-04-08,BUY,HAYL,128.76,618,450524.88
TX_104604,INV_04,2025-04-10,BUY,HHL,113.09,597,382332.04
TX_104605,INV_04,2025-04-11,BUY,AEL,36.5,1571,324416.13
TX_104606,INV_04,2025-04-14,BUY,HNB,300.0,162,275330.13
TX_104607,INV_04,2025-04-15,SELL,MELS,123.5,432,328147.11
TX_104608,INV_04,2025-04-17,BUY,LIOC,121.4,405,278487.85
TX_104609,INV_04,2025-04-22,SELL,JKH,19.48,111,280628.51
TX_104610,INV_04,2025-04-24,SELL,COMB,135.75,82,291648.69
TX_104611,INV_04,2025-04-25,BUY,HNB,297.0,147,247553.1
TX_104612,INV_04,2025-04-28,SELL,HHL,23.59,500,259229.0
TX_104613,INV_04,2025-05-02,BUY,CFIN,193.34,201,219979.95
TX_104614,INV_04,2025-05-05,BUY,NTB,187.3,176,186685.13
TX_104615,INV_04,2025-05-07,SELL,AEL,37.08,1944,258041.95
TX_104616,INV_04,2025-05-08,BUY,LIOC,124.29,311,219000.6
TX_104617,INV_04,2025-05-12,BUY,HAYL,132.42,248,185833.21
TX_104618,INV_04,2025-05-13,SELL,HHL,23.35,375,194500.23
TX_104619,INV_04,2025-05-14,BUY,LIOC,127.18,229,165084.2
TX_104620,INV_04,2025-05-16,BUY,LOFC,6.0,4127,140074.58
TX_104621,INV_04,2025-05-19,BUY,LIOC,127.42,164,118968.17
TX_104622,INV_04,2025-05-20,SELL,NTB,192.99,143,146290.18
TX_104623,INV_04,2025-05-21,BUY,LIOC,127.18,172,124196.04
TX_104624,INV_04,2025-05-23,SELL,NTB,194.97,107,144849.47
TX_104625,INV_04,2025-05-26,SELL,AEL,37.17,1458,198505.73
TX_104626,INV_04,2025-05-27,SELL,NDB,104.0,699,270474.77
TX_104627,INV_04,2025-05-28,SELL,HAYL,142.9,338,318292.38
TX_104628,INV_04,2025-05-29,SELL,MELS,142.03,324,363850.9
TX_104629,INV_04,2025-05-30,BUY,HNB,310.25,175,309014.21
TX_104630,INV_04,2025-06-02,BUY,AEL,41.42,1119,262200.05
TX_104631,INV_04,2025-06-03,BUY,LOFC,6.1,6447,222480.09
TX_104632,INV_04,2025-06-04,BUY,AEL,42.21,790,188800.36
TX_104633,INV_04,2025-06-06,SELL,LOFC,6.2,7494,234798.53
TX_104634,INV_04,2025-06-09,BUY,HNB,330.75,106,199388.43
TX_104635,INV_04,2025-06-11,BUY,COMB,156.0,191,169294.47
TX_104636,INV_04,2025-06-12,BUY,LOFC,6.1,4162,143652.39
TX_104637,INV_04,2025-06-13,SELL,MELS,137.7,243,176778.83
TX_104638,INV_04,2025-06-16,BUY,MELS,138.42,191,150075.84
TX_104639,INV_04,2025-06-17,BUY,DFCC,113.25,198,127428.11
TX_104640,INV_04,2025-06-18,SELL,MELS,137.94,230,158837.17
TX_104641,INV_04,2025-06-19,SELL,LIOC,132.0,748,256585.81
TX_104642,INV_04,2025-06-23,SELL,MELS,134.09,172,279418.45
TX_104643,INV_04,2025-06-24,BUY,HAYL,160.22,261,237184.12
TX_104644,INV_04,2025-06-25,BUY,LFIN,113.53,313,201295.34
TX_104645,INV_04,2025-06-26,BUY,NDB,120.0,251,170874.14
TX_104646,INV_04,2025-06-30,BUY,CFIN,257.54,99,145123.06
TX_104647,INV_04,2025-07-01,SELL,AEL,43.1,1571,212153.06
TX_104648,INV_04,2025-07-03,SELL,COMB,158.25,109,229229.82
TX_104649,INV_04,2025-07-04,BUY,NDB,117.75,292,194502.99
TX_104650,INV_04,2025-07-08,BUY,HNB,330.0,88,165172.59
TX_104651,INV_04,2025-07-09,BUY,CFIN,269.18,92,140160.82
TX_104652,INV_04,2025-07-10,BUY,LFIN,134.63,156,118948.49
TX_104653,INV_04,2025-07-11,BUY,DIAL,19.1,934,100930.7
TX_104654,INV_04,2025-07-16,SELL,DFCC,121.25,424,151826.6
TX_104655,INV_04,2025-07-17,SELL,LOFC,6.0,6661,191392.94
TX_104656,INV_04,2025-07-21,BUY,COMB,168.5,170,162461.49
TX_104657,INV_04,2025-07-22,BUY,DIAL,19.1,1275,137865.46
TX_104658,INV_04,2025-07-23,BUY,NDB,130.25,158,117080.17
TX_104659,INV_04,2025-07-24,BUY,HNB,361.5,48,99554.65
TX_104660,INV_04,2025-07-25,BUY,HAYL,174.12,85,84606.86
TX_104661,INV_04,2025-07-28,BUY,LOFC,6.0,2115,71789.96
TX_104662,INV_04,2025-07-29,BUY,NTB,232.33,46,60995.73
TX_104663,INV_04,2025-07-30,BUY,HNB,361.75,25,51861.54
TX_104664,INV_04,2025-08-01,BUY,MELS,153.59,50,44105.34
TX_104665,INV_04,2025-08-04,SELL,LIOC,134.75,561,118944.14
TX_104666,INV_04,2025-08-05,SELL,DFCC,153.75,318,167347.72
TX_104667,INV_04,2025-08-06,BUY,NDB,140.75,178,142043.68
TX_104668,INV_04,2025-08-12,BUY,HHL,30.58,696,120544.13
TX_104669,INV_04,2025-08-13,BUY,JKH,22.7,796,102296.38
TX_104670,INV_04,2025-08-14,SELL,NTB,243.72,92,124493.99
TX_104671,INV_04,2025-08-15,BUY,HAYL,172.16,108,105714.31
TX_104672,INV_04,2025-08-18,BUY,HHL,29.89,530,89714.61
TX_104673,INV_04,2025-08-19,BUY,NTB,272.17,49,76244.94
TX_104674,INV_04,2025-08-20,BUY,NTB,272.42,41,64964.15
TX_104675,INV_04,2025-08-21,SELL,MELS,157.92,142,87164.75
TX_104676,INV_04,2025-08-22,SELL,LOFC,5.9,5525,119436.28
TX_104677,INV_04,2025-08-25,SELL,LOFC,5.9,4143,143635.54
TX_104678,INV_04,2025-08-26,SELL,LFIN,139.56,554,220179.52
TX_104679,INV_04,2025-08-27,SELL,DFCC,164.5,239,259101.86
TX_104680,INV_04,2025-08-29,SELL,LOFC,6.0,3108,277563.38
TX_104681,INV_04,2025-09-01,BUY,AEL,60.46,688,235553.96
TX_104682,INV_04,2025-09-02,SELL,LIOC,133.25,421,291091.23
TX_104683,INV_04,2025-09-03,SELL,NDB,140.25,744,394393.77
TX_104684,INV_04,2025-09-04,SELL,NDB,140.25,558,471870.68
TX_104685,INV_04,2025-09-08,SELL,NTB,262.52,91,495521.09
TX_104686,INV_04,2025-09-09,SELL,NDB,136.25,418,551904.07
TX_104687,INV_04,2025-09-10,BUY,CFIN,279.33,296,468396.12
TX_104688,INV_04,2025-09-12,SELL,HAYL,169.73,367,530062.56
TX_104689,INV_04,2025-09-15,SELL,COMB,182.75,125,552677.87
TX_104690,INV_04,2025-09-16,BUY,LOFC,5.8,14293,468949.48
TX_104691,INV_04,2025-09-18,SELL,HNB,387.25,229,556742.92
TX_104692,INV_04,2025-09-22,BUY,CFIN,279.33,298,472670.74
TX_104693,INV_04,2025-09-23,BUY,DIAL,25.7,2758,401081.33
TX_104694,INV_04,2025-09-24,BUY,JKH,22.2,2709,340335.31
TX_104695,INV_04,2025-09-25,BUY,CFIN,300.62,169,289021.72
TX_104696,INV_04,2025-09-26,BUY,DFCC,164.25,263,245391.99
TX_104697,INV_04,2025-09-29,SELL,DIAL,27.0,4020,352846.59
TX_104698,INV_04,2025-10-01,BUY,HNB,390.0,135,299670.09
TX_104699,INV_04,2025-10-02,BUY,JKH,21.9,2052,254272.75
TX_104700,INV_04,2025-10-03,SELL,HHL,33.07,588,273521.6
TX_104701,INV_04,2025-10-07,SELL,AEL,62.33,1350,356824.95
TX_104702,INV_04,2025-10-08,BUY,COMB,197.0,271,302904.08
TX_104703,INV_04,2025-10-10,BUY,JKH,21.61,2102,257031.83
TX_104704,INV_04,2025-10-14,SELL,CFIN,293.2,639,442510.25
TX_104705,INV_04,2025-10-15,SELL,LFIN,162.74,415,509371.87
TX_104706,INV_04,2025-10-16,BUY,CFIN,296.17,257,432495.77
TX_104707,INV_04,2025-10-17,BUY,LOFC,5.8,11185,366974.04
TX_104708,INV_04,2025-10-21,BUY,HNB,398.25,138,311465.95
TX_104709,INV_04,2025-10-23,SELL,LFIN,166.19,311,362634.74
TX_104710,INV_04,2025-10-24,BUY,CFIN,312.02,174,307801.13
TX_104711,INV_04,2025-10-27,SELL,LFIN,162.74,234,345501.42
TX_104712,INV_04,2025-10-28,SELL,DFCC,162.5,245,384915.79
TX_104713,INV_04,2025-10-29,BUY,HHL,34.46,1675,326623.16
TX_104714,INV_04,2025-10-30,SELL,LIOC,138.0,316,369795.08
TX_104715,INV_04,2025-10-31,BUY,DIAL,29.0,1912,313792.6
TX_104716,INV_04,2025-11-03,SELL,CFIN,307.06,587,492236.06
TX_104717,INV_04,2025-11-04,SELL,HAYL,190.45,275,544087.08
TX_104718,INV_04,2025-11-06,BUY,HAYL,191.19,426,461827.71
TX_104719,INV_04,2025-11-07,BUY,NTB,304.83,227,391939.36
TX_104720,INV_04,2025-11-10,BUY,DIAL,31.3,1878,332570.15
TX_104721,INV_04,2025-11-11,BUY,LFIN,164.22,303,282314.16
TX_104722,INV_04,2025-11-12,BUY,MELS,186.35,227,239588.85
TX_104723,INV_04,2025-11-13,SELL,DIAL,31.6,3963,363567.35
TX_104724,INV_04,2025-11-14,SELL,MELS,182.7,163,393050.36
TX_104725,INV_04,2025-11-17,SELL,MELS,181.0,122,414911.72
TX_104726,INV_04,2025-11-18,SELL,HAYL,190.21,313,473852.03
TX_104727,INV_04,2025-11-19,SELL,AEL,65.78,1013,539822.09
TX_104728,INV_04,2025-11-20,BUY,HAYL,190.21,425,458174.53
TX_104729,INV_04,2025-11-21,SELL,HNB,409.75,240,555531.13
TX_104730,INV_04,2025-11-24,SELL,AEL,67.06,759,605923.21
TX_104731,INV_04,2025-11-25,BUY,DFCC,160.0,568,514134.41
TX_104732,INV_04,2025-11-26,BUY,COMB,209.5,368,436267.45
TX_104733,INV_04,2025-11-27,BUY,NTB,298.89,218,370457.48
TX_104734,INV_04,2025-11-28,BUY,JKH,22.0,2525,314345.24
TX_104735,INV_04,2025-12-01,SELL,DIAL,27.4,2972,394963.71
TX_104736,INV_04,2025-12-02,BUY,HAYL,184.36,321,335193.25
TX_104737,INV_04,2025-12-03,SELL,DFCC,149.25,326,383362.2
TX_104738,INV_04,2025-12-05,SELL,DIAL,27.7,2229,444488.07
TX_104739,INV_04,2025-12-10,BUY,LIOC,127.5,522,377267.52
TX_104740,INV_04,2025-12-11,BUY,LIOC,127.75,442,320237.36
TX_104741,INV_04,2025-12-12,BUY,JKH,21.11,2275,271739.65
TX_104742,INV_04,2025-12-15,SELL,AEL,74.16,570,313590.5
TX_104743,INV_04,2025-12-16,SELL,JKH,21.01,3198,380099.24
TX_104744,INV_04,2025-12-17,BUY,AEL,73.38,777,322516.58
TX_104745,INV_04,2025-12-22,BUY,LIOC,126.5,382,273710.35
TX_104746,INV_04,2025-12-23,SELL,HHL,34.4,859,302964.45
TX_104747,INV_04,2025-12-24,SELL,HHL,34.4,645,324930.58
TX_104748,INV_04,2025-12-25,SELL,DFCC,143.0,244,359473.66
TX_104749,INV_04,2025-12-26,BUY,NDB,139.5,386,305088.19
TX_104750,INV_04,2025-12-29,SELL,LFIN,146.71,251,341544.73
TX_104751,INV_04,2025-12-30,BUY,NTB,308.79,165,290085.09
TX_104752,INV_04,2025-12-31,BUY,COMB,200.75,216,246289.47
TX_104753,INV_04,2026-01-02,SELL,LIOC,131.5,573,320885.47
TX_104754,INV_04,2026-01-05,SELL,MELS,172.36,92,336583.64
TX_104755,INV_04,2026-01-06,BUY,LOFC,5.8,8704,285595.61
TX_104756,INV_04,2026-01-07,BUY,AEL,77.3,554,242343.16
TX_104757,INV_04,2026-01-09,BUY,DIAL,30.6,1187,205657.74
TX_104758,INV_04,2026-01-12,BUY,LOFC,6.1,5057,174501.56
TX_104759,INV_04,2026-01-14,BUY,HAYL,205.09,127,148195.28
TX_104760,INV_04,2026-01-16,BUY,HAYL,205.82,108,125744.79
TX_104761,INV_04,2026-01-19,SELL,MELS,177.53,69,137871.62
TX_104762,INV_04,2026-01-20,BUY,HHL,34.8,594,116993.71
TX_104763,INV_04,2026-01-21,BUY,HNB,423.25,41,99466.93
TX_104764,INV_04,2026-01-23,BUY,JKH,21.9,681,84401.77
TX_104765,INV_04,2026-01-26,SELL,COMB,227.75,307,153621.82
TX_104766,INV_04,2026-01-27,BUY,JKH,22.5,1024,130350.97
TX_104767,INV_04,2026-01-28,BUY,HAYL,237.03,82,110720.08
TX_104768,INV_04,2026-01-29,SELL,HNB,427.75,190,191179.86
TX_104769,INV_04,2026-01-30,BUY,JKH,22.6,1268,162236.49
TX_104770,INV_04,2026-02-02,SELL,COMB,224.75,230,213412.06
TX_104771,INV_04,2026-02-03,BUY,CFIN,280.0,114,181172.86
TX_104772,INV_04,2026-02-05,BUY,DIAL,33.0,823,153742.27
TX_104773,INV_04,2026-02-06,BUY,HNB,428.75,53,130791.28
TX_104774,INV_04,2026-02-10,BUY,AEL,71.4,274,111032.05
TX_104775,INV_04,2026-02-12,BUY,LOFC,5.8,2871,94213.73
TX_104776,INV_04,2026-02-13,BUY,AEL,72.5,194,80008.08
TX_104777,INV_04,2026-02-16,BUY,HHL,33.9,354,67887.47
TX_104778,INV_04,2026-02-17,SELL,NTB,336.5,221,141510.43
TX_104779,INV_04,2026-02-19,SELL,AEL,74.1,877,205846.27
TX_104780,INV_04,2026-02-24,SELL,HHL,33.9,720,230010.19
TX_104781,INV_04,2026-02-26,SELL,NDB,154.0,410,292518.79
TX_104782,INV_04,2026-02-27,BUY,NTB,339.47,129,248289.29
TX_104783,INV_04,2026-03-02,BUY,AEL,74.1,502,210719.11
TX_104784,INV_04,2026-03-03,SELL,JKH,22.6,3142,281018.22
TX_104785,INV_04,2026-03-04,SELL,HAYL,239.0,500,399323.22
TX_104786,INV_05,2020-01-02,BUY,LOFC,3.9,38461,848502.12
TX_104787,INV_05,2020-01-03,BUY,DFCC,68.52,1857,719982.54
TX_104788,INV_05,2020-01-07,SELL,DFCC,68.06,465,751314.42
TX_104789,INV_05,2020-01-08,SELL,DFCC,66.21,348,774126.18
TX_104790,INV_05,2020-01-09,BUY,LFIN,25.42,4568,656862.34
TX_104791,INV_05,2020-01-10,SELL,LOFC,4.0,9616,694941.7
TX_104792,INV_05,2020-01-13,BUY,LFIN,25.42,4101,589666.09
TX_104793,INV_05,2020-01-16,SELL,LOFC,3.9,7212,617511.63
TX_104794,INV_05,2020-01-20,SELL,LOFC,3.8,5409,637860.28
TX_104795,INV_05,2020-01-22,BUY,LOFC,3.9,24533,541224.79
TX_104796,INV_05,2020-01-23,BUY,JKH,163.46,496,459336.45
TX_104797,INV_05,2020-01-24,BUY,LIOC,14.4,4783,389753.43
TX_104798,INV_05,2020-01-27,SELL,JKH,160.43,124,409447.62
TX_104799,INV_05,2020-01-28,SELL,DFCC,65.37,261,426337.61
TX_104800,INV_05,2020-01-29,BUY,MELS,23.2,2756,361762.67
TX_104801,INV_05,2020-01-30,SELL,JKH,158.67,93,376371.11
TX_104802,INV_05,2020-01-31,SELL,LOFC,3.8,10190,414705.89
TX_104803,INV_05,2020-02-05,SELL,LFIN,25.72,2168,469917.69
TX_104804,INV_05,2020-02-06,BUY,NTB,59.35,1187,398766.5
TX_104805,INV_05,2020-02-10,SELL,DFCC,65.44,196,411465.11
TX_104806,INV_05,2020-02-12,SELL,DFCC,64.67,147,420877.02
TX_104807,INV_05,2020-02-13,SELL,JKH,152.84,70,431468.66
TX_104808,INV_05,2020-02-18,BUY,LIOC,13.69,4726,366114.79
TX_104809,INV_05,2020-02-19,BUY,DFCC,65.44,839,310658.84
TX_104810,INV_05,2020-02-21,BUY,COMB,63.31,736,263597.6
TX_104811,INV_05,2020-02-24,BUY,LFIN,26.26,1505,223684.38
TX_104812,INV_05,2020-02-25,SELL,COMB,62.61,184,235088.57
TX_104813,INV_05,2020-02-26,SELL,LOFC,3.5,7642,261568.1
TX_104814,INV_05,2020-03-03,BUY,DFCC,62.36,629,221949.15
TX_104815,INV_05,2020-03-04,SELL,LOFC,3.4,5732,241243.06
TX_104816,INV_05,2020-03-05,SELL,LFIN,25.09,2002,290976.85
TX_104817,INV_05,2020-03-06,SELL,LFIN,25.01,1501,328144.55
TX_104818,INV_05,2020-03-09,BUY,LIOC,12.9,3815,278438.0
TX_104819,INV_05,2020-03-10,BUY,CFIN,65.99,632,236315.43
TX_104820,INV_05,2020-03-11,BUY,LOFC,3.2,11077,200514.57
TX_104821,INV_05,2020-03-12,SELL,COMB,52.76,138,207722.27
TX_104822,INV_05,2020-03-13,SELL,COMB,50.72,104,212944.14
TX_104823,INV_05,2020-03-16,BUY,DFCC,52.35,610,180688.47
TX_104824,INV_05,2020-03-20,SELL,JKH,113.06,53,186620.75
TX_104825,INV_05,2020-03-23,SELL,NTB,51.48,297,201756.39
TX_104826,INV_05,2020-03-26,BUY,COMB,42.28,715,171226.63
TX_104827,INV_05,2020-04-01,SELL,MELS,13.76,689,180609.74
TX_104828,INV_05,2020-04-02,SELL,LOFC,2.2,7068,196003.84
TX_104829,INV_05,2020-04-10,BUY,DIAL,5.63,5225,166314.01
TX_104830,INV_05,2020-04-14,BUY,DIAL,5.63,4434,141118.86
TX_104831,INV_05,2020-04-15,BUY,DFCC,46.66,453,119771.79
TX_104832,INV_05,2020-04-16,SELL,MELS,13.76,517,126812.53
TX_104833,INV_05,2020-04-17,BUY,AEL,10.94,1738,107603.74
TX_104834,INV_05,2020-04-20,SELL,DFCC,46.66,743,141923.37
TX_104835,INV_05,2020-04-21,BUY,LFIN,19.5,1091,120441.42
TX_104836,INV_05,2020-04-22,SELL,AEL,10.94,435,125153.94
TX_104837,INV_05,2020-04-23,BUY,HHL,52.48,357,106232.64
TX_104838,INV_05,2020-04-24,BUY,NDB,53.48,297,90190.6
TX_104839,INV_05,2020-04-28,SELL,LFIN,19.5,1399,117191.64
TX_104840,INV_05,2020-04-30,SELL,LOFC,2.2,5301,128737.21
TX_104841,INV_05,2020-05-04,SELL,MELS,13.76,388,134021.17
TX_104842,INV_05,2020-05-05,BUY,JKH,113.06,177,113809.34
TX_104843,INV_05,2020-05-06,SELL,CFIN,62.88,158,123645.71
TX_104844,INV_05,2020-05-07,SELL,LFIN,19.5,1049,143891.66
TX_104845,INV_05,2020-05-12,SELL,COMB,38.76,257,153753.13
TX_104846,INV_05,2020-05-13,BUY,DFCC,37.96,607,130482.78
TX_104847,INV_05,2020-05-14,BUY,JKH,83.67,233,110793.02
TX_104848,INV_05,2020-05-18,SELL,AEL,12.35,326,114779.54
TX_104849,INV_05,2020-05-19,BUY,HAYL,10.01,1720,97395.47
TX_104850,INV_05,2020-05-20,BUY,MELS,15.33,953,82640.09
TX_104851,INV_05,2020-05-21,SELL,HAYL,10.24,430,86997.31
TX_104852,INV_05,2020-05-22,SELL,LOFC,3.1,3976,99199.65
TX_104853,INV_05,2020-05-26,BUY,DFCC,50.89,292,84190.66
TX_104854,INV_05,2020-05-28,BUY,MELS,16.32,773,71448.61
TX_104855,INV_05,2020-06-01,SELL,DIAL,6.88,2415,87906.22
TX_104856,INV_05,2020-06-02,BUY,AEL,12.68,1039,74596.06
TX_104857,INV_05,2020-06-05,SELL,HHL,57.89,90,79754.21
TX_104858,INV_05,2020-06-08,BUY,HHL,55.56,215,67689.92
TX_104859,INV_05,2020-06-09,BUY,COMB,45.86,221,57452.68
TX_104860,INV_05,2020-06-10,BUY,JKH,114.24,75,48799.29
TX_104861,INV_05,2020-06-19,SELL,LFIN,22.63,787,66433.99
TX_104862,INV_05,2020-06-22,BUY,DFCC,52.51,189,56410.62
TX_104863,INV_05,2020-06-23,BUY,JKH,117.57,71,47979.87
TX_104864,INV_05,2020-06-24,SELL,NDB,62.69,75,52634.47
TX_104865,INV_05,2020-06-25,BUY,HHL,57.42,137,44688.59
TX_104866,INV_05,2020-06-30,SELL,DIAL,7.68,1811,58454.11
TX_104867,INV_05,2020-07-01,SELL,NTB,51.72,223,69872.53
TX_104868,INV_05,2020-07-02,SELL,CFIN,61.72,119,77143.74
TX_104869,INV_05,2020-07-03,SELL,MELS,17.25,722,89476.05
TX_104870,INV_05,2020-07-06,SELL,MELS,17.54,542,98890.2
TX_104871,INV_05,2020-07-07,BUY,AEL,15.25,972,83915.43
TX_104872,INV_05,2020-07-08,SELL,LOFC,3.3,2982,93657.62
TX_104873,INV_05,2020-07-09,BUY,CFIN,60.17,233,79498.5
TX_104874,INV_05,2020-07-10,SELL,LIOC,12.66,3331,121256.52
TX_104875,INV_05,2020-07-13,SELL,JKH,105.91,178,139919.71
TX_104876,INV_05,2020-07-16,SELL,LIOC,12.66,2499,171247.63
TX_104877,INV_05,2020-07-17,BUY,LOFC,3.2,8027,145304.37
TX_104878,INV_05,2020-07-20,BUY,LFIN,21.84,997,123311.05
TX_104879,INV_05,2020-07-21,SELL,HHL,55.84,155,131879.32
TX_104880,INV_05,2020-07-24,BUY,LFIN,21.68,912,111910.09
TX_104881,INV_05,2020-07-27,SELL,DIAL,7.98,1359,122641.18
TX_104882,INV_05,2020-07-28,SELL,AEL,16.33,747,134718.67
TX_104883,INV_05,2020-08-03,BUY,HHL,55.84,361,114359.76
TX_104884,INV_05,2020-08-04,BUY,DFCC,48.02,357,97044.54
TX_104885,INV_05,2020-08-06,BUY,CFIN,59.78,243,82372.99
TX_104886,INV_05,2020-08-07,BUY,LIOC,13.14,940,69900.09
TX_104887,INV_05,2020-08-12,SELL,AEL,17.33,561,79522.84
TX_104888,INV_05,2020-08-13,BUY,NDB,60.59,196,67528.88
TX_104889,INV_05,2020-08-14,BUY,LFIN,21.99,460,57313.87
TX_104890,INV_05,2020-08-17,BUY,JKH,124.97,68,48730.96
TX_104891,INV_05,2020-08-24,SELL,DIAL,7.91,1019,56707.34
TX_104892,INV_05,2020-08-25,SELL,LOFC,3.8,4243,72669.51
TX_104893,INV_05,2020-08-26,BUY,DIAL,7.84,1390,61666.63
TX_104894,INV_05,2020-08-27,SELL,HAYL,14.25,323,66222.43
TX_104895,INV_05,2020-08-28,BUY,JKH,131.34,75,56273.39
TX_104896,INV_05,2020-09-01,SELL,LIOC,13.93,2109,85356.08
TX_104897,INV_05,2020-09-02,BUY,AEL,19.25,665,72425.52
TX_104898,INV_05,2020-09-03,SELL,HAYL,14.7,242,75948.47
TX_104899,INV_05,2020-09-07,SELL,DIAL,7.7,1112,84423.76
TX_104900,INV_05,2020-09-09,BUY,NTB,48.95,258,71667.96
TX_104901,INV_05,2020-09-10,BUY,MELS,16.85,638,60813.2
TX_104902,INV_05,2020-09-11,BUY,LOFC,3.5,2606,51600.99
TX_104903,INV_05,2020-09-14,BUY,HAYL,16.57,467,43787.28
TX_104904,INV_05,2020-09-16,SELL,DIAL,7.77,834,50201.02
TX_104905,INV_05,2020-09-17,BUY,DIAL,7.91,952,42598.55
TX_104906,INV_05,2020-09-23,SELL,NTB,52.13,232,54571.34
TX_104907,INV_05,2020-09-24,BUY,LOFC,3.6,2273,46306.71
TX_104908,INV_05,2020-09-29,SELL,COMB,57.59,248,60446.42
TX_104909,INV_05,2020-09-30,SELL,NDB,71.9,105,67920.16
TX_104910,INV_05,2020-10-01,BUY,LOFC,3.8,2681,57630.49
TX_104911,INV_05,2020-10-02,BUY,AEL,20.27,426,48909.27
TX_104912,INV_05,2020-10-05,SELL,CFIN,58.87,208,61032.65
TX_104913,INV_05,2020-10-06,SELL,MELS,17.49,566,70831.01
TX_104914,INV_05,2020-10-08,SELL,LOFC,3.6,5072,88907.62
TX_104915,INV_05,2020-10-09,BUY,NDB,66.65,200,75445.01
TX_104916,INV_05,2020-10-12,SELL,HHL,66.39,207,89050.06
TX_104917,INV_05,2020-10-13,BUY,HNB,91.52,145,75647.5
TX_104918,INV_05,2020-10-14,SELL,MELS,18.24,424,83305.68
TX_104919,INV_05,2020-10-15,BUY,HAYL,27.28,458,70688.08
TX_104920,INV_05,2020-10-16,SELL,LFIN,21.84,1182,96246.08
TX_104921,INV_05,2020-10-19,SELL,AEL,20.44,693,110268.85
TX_104922,INV_05,2020-10-20,SELL,CFIN,69.67,156,121028.96
TX_104923,INV_05,2020-10-21,SELL,NDB,61.56,129,128890.43
TX_104924,INV_05,2020-10-26,SELL,CFIN,63.13,117,136202.8
TX_104925,INV_05,2020-10-28,SELL,HAYL,22.69,413,145478.11
TX_104926,INV_05,2020-10-29,BUY,JKH,128.3,170,123448.66
TX_104927,INV_05,2020-11-02,SELL,NTB,45.61,174,131305.8
TX_104928,INV_05,2020-11-03,SELL,DFCC,49.15,919,176019.37
TX_104929,INV_05,2020-11-06,BUY,COMB,54.06,488,149372.59
TX_104930,INV_05,2020-11-09,BUY,AEL,20.86,1073,126762.39
TX_104931,INV_05,2020-11-11,BUY,AEL,21.2,896,107574.93
TX_104932,INV_05,2020-11-13,SELL,CFIN,65.65,88,113294.56
TX_104933,INV_05,2020-11-17,SELL,DIAL,8.25,863,120346.1
TX_104934,INV_05,2020-11-18,SELL,DIAL,8.25,647,125632.72
TX_104935,INV_05,2020-11-19,BUY,HNB,89.25,211,106612.68
TX_104936,INV_05,2020-11-20,BUY,LFIN,22.28,717,90479.69
TX_104937,INV_05,2020-11-23,SELL,HAYL,27.86,310,99029.38
TX_104938,INV_05,2020-11-24,BUY,HNB,88.78,167,84054.7
TX_104939,INV_05,2020-11-25,BUY,HNB,88.7,142,71332.94
TX_104940,INV_05,2020-11-26,SELL,HHL,77.11,155,83165.13
TX_104941,INV_05,2020-11-27,BUY,NTB,47.4,263,70573.2
TX_104942,INV_05,2020-11-30,BUY,AEL,20.35,520,59883.04
TX_104943,INV_05,2020-12-07,SELL,JKH,148.25,212,90998.06
TX_104944,INV_05,2020-12-09,BUY,CFIN,69.04,197,77260.91
TX_104945,INV_05,2020-12-14,SELL,MELS,30.77,318,86948.17
TX_104946,INV_05,2020-12-15,SELL,DIAL,8.6,486,91086.11
TX_104947,INV_05,2020-12-16,SELL,COMB,58.31,308,108866.23
TX_104948,INV_05,2020-12-17,SELL,DIAL,8.53,364,111940.44
TX_104949,INV_05,2020-12-18,SELL,JKH,147.07,159,135091.5
TX_104950,INV_05,2020-12-21,SELL,LFIN,23.07,1066,159438.88
TX_104951,INV_05,2020-12-22,BUY,JKH,144.13,165,135419.05
TX_104952,INV_05,2020-12-23,SELL,CFIN,65.57,115,142884.59
TX_104953,INV_05,2020-12-25,BUY,LFIN,23.1,927,121253.93
TX_104954,INV_05,2020-12-29,SELL,LOFC,3.7,3804,135187.98
TX_104955,INV_05,2020-12-30,BUY,HNB,98.16,206,114764.97
TX_104956,INV_05,2020-12-31,SELL,JKH,146.68,161,138144.72
TX_104957,INV_05,2021-01-01,BUY,AEL,20.86,993,117220.28
TX_104958,INV_05,2021-01-04,BUY,NDB,63.66,276,99475.09
TX_104959,INV_05,2021-01-05,BUY,HNB,101.13,147,84460.47
TX_104960,INV_05,2021-01-06,SELL,JKH,146.88,120,101909.67
TX_104961,INV_05,2021-01-07,SELL,MELS,32.88,239,109688.42
TX_104962,INV_05,2021-01-08,BUY,NDB,63.25,260,93078.0
TX_104963,INV_05,2021-01-11,SELL,LFIN,24.63,1031,118219.53
TX_104964,INV_05,2021-01-12,BUY,NTB,48.95,362,100321.86
TX_104965,INV_05,2021-01-13,BUY,JKH,150.51,99,85272.7
TX_104966,INV_05,2021-01-14,SELL,MELS,35.17,179,91504.57
TX_104967,INV_05,2021-01-15,BUY,CFIN,65.49,209,77679.3
TX_104968,INV_05,2021-01-18,BUY,LIOC,22.91,508,65922.76
TX_104969,INV_05,2021-01-19,BUY,NTB,53.76,183,55986.83
TX_104970,INV_05,2021-01-20,BUY,HHL,88.88,94,47548.16
TX_104971,INV_05,2021-01-21,SELL,HNB,108.05,255,74824.25
TX_104972,INV_05,2021-01-22,SELL,NTB,53.92,332,92546.68
TX_104973,INV_05,2021-01-25,BUY,LFIN,37.37,371,78542.83
TX_104974,INV_05,2021-01-26,SELL,DIAL,8.95,273,80960.95
TX_104975,INV_05,2021-01-27,BUY,MELS,42.47,285,68735.29
TX_104976,INV_05,2021-01-29,SELL,LOFC,7.6,2853,90201.26
TX_104977,INV_05,2021-02-01,SELL,HNB,117.81,191,112478.81
TX_104978,INV_05,2021-02-02,SELL,HHL,83.93,140,124111.6
TX_104979,INV_05,2021-02-03,BUY,MELS,38.63,481,105342.94
TX_104980,INV_05,2021-02-04,SELL,NTB,50.42,249,117771.4
TX_104981,INV_05,2021-02-08,BUY,DIAL,8.67,2037,99934.73
TX_104982,INV_05,2021-02-10,SELL,NTB,48.63,187,108936.82
TX_104983,INV_05,2021-02-15,SELL,HAYL,52.78,232,121058.66
TX_104984,INV_05,2021-02-16,SELL,HAYL,50.8,174,129809.36
TX_104985,INV_05,2021-02-17,SELL,DIAL,8.6,714,135888.56
TX_104986,INV_05,2021-02-18,BUY,HNB,106.29,191,115384.73
TX_104987,INV_05,2021-02-19,SELL,LOFC,7.6,2140,131486.08
TX_104988,INV_05,2021-02-22,SELL,AEL,21.2,1390,160662.92
TX_104989,INV_05,2021-02-23,SELL,AEL,19.93,1043,181242.45
TX_104990,INV_05,2021-02-24,SELL,MELS,29.78,326,190853.71
TX_104991,INV_05,2021-02-25,BUY,DIAL,8.81,3250,161940.26
TX_104992,INV_05,2021-02-26,BUY,DIAL,8.81,2757,137412.76
TX_104993,INV_05,2021-03-02,SELL,HHL,76.64,105,145379.53
TX_104994,INV_05,2021-03-03,SELL,JKH,148.84,115,162324.81
TX_104995,INV_05,2021-03-04,SELL,AEL,18.74,782,176835.31
TX_104996,INV_05,2021-03-05,BUY,LIOC,17.02,1558,150050.5
TX_104997,INV_05,2021-03-08,BUY,CFIN,67.78,332,127322.43
TX_104998,INV_05,2021-03-09,BUY,HAYL,46.92,407,108034.37
TX_104999,INV_05,2021-03-10,SELL,HAYL,45.99,232,118597.56
TX_105000,INV_05,2021-03-11,SELL,COMB,61.98,231,132772.26
TX_105001,INV_05,2021-03-12,SELL,NTB,47.6,140,139370.31
TX_105002,INV_05,2021-03-16,SELL,COMB,62.77,173,150121.62
TX_105003,INV_05,2021-03-17,SELL,CFIN,65.26,222,164464.07
TX_105004,INV_05,2021-03-18,SELL,AEL,18.57,587,175257.65
TX_105005,INV_05,2021-03-22,SELL,DIAL,8.95,2037,193300.6
TX_105006,INV_05,2021-03-23,SELL,HAYL,42.73,174,200661.88
TX_105007,INV_05,2021-03-24,BUY,COMB,64.5,466,170303.48
TX_105008,INV_05,2021-03-25,SELL,HHL,74.77,78,176077.31
TX_105009,INV_05,2021-03-26,SELL,CFIN,65.26,166,186801.84
TX_105010,INV_05,2021-03-29,BUY,LIOC,15.55,1802,158503.17
TX_105011,INV_05,2021-03-30,SELL,COMB,64.93,246,174317.12
TX_105012,INV_05,2021-03-31,BUY,JKH,145.65,179,147984.89
TX_105013,INV_05,2021-04-05,BUY,HHL,77.39,286,125630.54
TX_105014,INV_05,2021-04-06,SELL,JKH,146.88,131,144679.01
TX_105015,INV_05,2021-04-07,BUY,LOFC,6.0,3616,122766.05
TX_105016,INV_05,2021-04-08,BUY,DIAL,9.02,2042,104170.38
TX_105017,INV_05,2021-04-09,BUY,HAYL,59.68,261,88437.98
TX_105018,INV_05,2021-04-16,SELL,HAYL,66.68,196,101376.32
TX_105019,INV_05,2021-04-19,SELL,LOFC,6.3,2509,117024.95
TX_105020,INV_05,2021-04-20,SELL,CFIN,67.23,125,125344.48
TX_105021,INV_05,2021-04-21,BUY,LIOC,15.96,1178,106358.3
TX_105022,INV_05,2021-04-22,SELL,LIOC,15.55,2843,150120.79
TX_105023,INV_05,2021-04-23,SELL,HNB,107.85,191,170514.29
TX_105024,INV_05,2021-04-26,SELL,DIAL,8.81,2039,188294.94
TX_105025,INV_05,2021-04-27,SELL,DFCC,47.69,689,220827.29
TX_105026,INV_05,2021-04-28,BUY,COMB,62.5,530,187372.04
TX_105027,INV_05,2021-04-30,SELL,COMB,62.34,317,206937.34
TX_105028,INV_05,2021-05-03,SELL,AEL,19.17,440,215286.53
TX_105029,INV_05,2021-05-05,SELL,AEL,19.25,330,221576.14
TX_105030,INV_05,2021-05-06,SELL,DFCC,49.63,517,246977.43
TX_105031,INV_05,2021-05-11,BUY,JKH,132.16,280,209601.23
TX_105032,INV_05,2021-05-12,BUY,CFIN,63.13,498,177848.0
TX_105033,INV_05,2021-05-13,BUY,HAYL,61.96,430,150938.4
TX_105034,INV_05,2021-05-20,BUY,HHL,74.77,302,128131.7
TX_105035,INV_05,2021-05-21,SELL,NTB,47.18,105,133036.44
TX_105036,INV_05,2021-05-24,SELL,AEL,19.17,247,137723.37
TX_105037,INV_05,2021-05-25,BUY,LFIN,37.88,545,116869.66
TX_105038,INV_05,2021-06-01,BUY,NDB,66.36,264,99175.98
TX_105039,INV_05,2021-06-03,SELL,AEL,19.77,186,102815.77
TX_105040,INV_05,2021-06-07,BUY,JKH,137.12,112,87304.95
TX_105041,INV_05,2021-06-08,SELL,DIAL,8.95,1529,100848.23
TX_105042,INV_05,2021-06-09,SELL,CFIN,75.74,218,117194.54
TX_105043,INV_05,2021-06-11,BUY,LOFC,6.7,2623,99444.7
TX_105044,INV_05,2021-06-14,BUY,DFCC,53.5,278,84423.62
TX_105045,INV_05,2021-06-15,SELL,AEL,20.29,139,87215.26
TX_105046,INV_05,2021-06-16,SELL,COMB,69.53,238,103597.5
TX_105047,INV_05,2021-06-17,SELL,JKH,133.44,196,129489.98
TX_105048,INV_05,2021-06-18,BUY,AEL,20.37,953,109880.07
TX_105049,INV_05,2021-06-22,SELL,LFIN,47.12,1003,156668.93
TX_105050,INV_05,2021-06-23,BUY,DFCC,53.08,442,132974.24
TX_105051,INV_05,2021-06-28,SELL,LIOC,17.19,2132,169246.79
TX_105052,INV_05,2021-06-29,SELL,DFCC,52.15,567,198521.19
TX_105053,INV_05,2021-06-30,SELL,NDB,67.28,296,218237.13
TX_105054,INV_05,2021-07-01,SELL,HHL,74.76,206,233482.97
TX_105055,INV_05,2021-07-02,BUY,NTB,47.94,730,198135.35
TX_105056,INV_05,2021-07-05,SELL,DFCC,50.81,426,219562.27
TX_105057,INV_05,2021-07-06,BUY,MELS,30.11,1093,186319.22
TX_105058,INV_05,2021-07-07,SELL,DFCC,50.47,319,202258.0
TX_105059,INV_05,2021-07-13,BUY,COMB,67.13,451,171678.09
TX_105060,INV_05,2021-07-16,SELL,LIOC,17.02,1599,198623.41
TX_105061,INV_05,2021-07-19,BUY,DIAL,8.96,3325,168533.13
TX_105062,INV_05,2021-07-21,BUY,CFIN,74.41,339,143055.96
TX_105063,INV_05,2021-07-27,SELL,DIAL,8.59,1978,159882.74
TX_105064,INV_05,2021-07-28,BUY,HHL,74.1,323,135709.13
TX_105065,INV_05,2021-07-29,BUY,COMB,65.59,310,115173.44
TX_105066,INV_05,2021-08-02,SELL,NTB,47.18,261,127365.22
TX_105067,INV_05,2021-08-03,BUY,CFIN,73.02,261,108117.71
TX_105068,INV_05,2021-08-04,SELL,CFIN,73.02,313,130742.9
TX_105069,INV_05,2021-08-05,SELL,MELS,34.24,518,148300.62
TX_105070,INV_05,2021-08-06,BUY,JKH,135.89,163,125928.75
TX_105071,INV_05,2021-08-09,SELL,COMB,64.12,369,149352.59
TX_105072,INV_05,2021-08-10,BUY,LFIN,45.07,497,126729.75
TX_105073,INV_05,2021-08-11,SELL,NTB,46.34,196,135721.78
TX_105074,INV_05,2021-08-12,BUY,LIOC,16.2,1256,115167.01
TX_105075,INV_05,2021-08-13,BUY,LOFC,6.8,2540,97722.29
TX_105076,INV_05,2021-08-16,BUY,MELS,31.88,459,82942.63
TX_105077,INV_05,2021-08-17,BUY,DFCC,49.63,250,70411.47
TX_105078,INV_05,2021-08-18,BUY,DFCC,49.21,214,59775.69
TX_105079,INV_05,2021-08-20,SELL,MELS,31.55,503,75488.43
TX_105080,INV_05,2021-08-23,SELL,LOFC,10.8,3172,109403.45
TX_105081,INV_05,2021-08-24,BUY,JKH,129.51,126,92921.47
TX_105082,INV_05,2021-08-25,SELL,NDB,64.85,222,107173.74
TX_105083,INV_05,2021-08-26,BUY,DFCC,54.68,294,90938.44
TX_105084,INV_05,2021-08-31,SELL,NTB,46.59,147,97719.25
TX_105085,INV_05,2021-09-01,BUY,LOFC,10.0,1465,82922.75
TX_105086,INV_05,2021-09-02,SELL,COMB,66.21,276,101012.96
TX_105087,INV_05,2021-09-03,BUY,LIOC,17.19,881,85721.36
TX_105088,INV_05,2021-09-06,SELL,NTB,46.59,110,90795.43
TX_105089,INV_05,2021-09-07,SELL,HNB,114.28,143,106974.11
TX_105090,INV_05,2021-09-08,SELL,NTB,45.92,83,110747.34
TX_105091,INV_05,2021-09-09,BUY,HNB,117.6,141,94000.09
TX_105092,INV_05,2021-09-10,SELL,AEL,20.59,343,100993.28
TX_105093,INV_05,2021-09-13,BUY,DIAL,7.93,1909,85699.87
TX_105094,INV_05,2021-09-14,SELL,AEL,20.42,257,90895.07
TX_105095,INV_05,2021-09-15,SELL,LFIN,45.14,876,130042.09
TX_105096,INV_05,2021-09-17,SELL,MELS,35.02,377,143113.78
TX_105097,INV_05,2021-09-20,SELL,JKH,127.55,220,170894.59
TX_105098,INV_05,2021-09-21,SELL,COMB,64.27,207,184066.46
TX_105099,INV_05,2021-09-22,BUY,HNB,116.15,237,156264.35
TX_105100,INV_05,2021-09-24,BUY,LFIN,44.35,528,132612.52
TX_105101,INV_05,2021-09-27,BUY,DIAL,7.93,2507,112528.39
TX_105102,INV_05,2021-09-28,SELL,DIAL,7.86,2587,132654.92
TX_105103,INV_05,2021-09-29,SELL,MELS,39.28,283,143659.52
TX_105104,INV_05,2021-09-30,BUY,HNB,116.98,184,121920.59
TX_105105,INV_05,2021-10-01,SELL,LOFC,9.3,2746,147203.01
TX_105106,INV_05,2021-10-04,BUY,LFIN,43.71,505,124910.38
TX_105107,INV_05,2021-10-05,SELL,LIOC,18.09,1734,155956.9
TX_105108,INV_05,2021-10-06,BUY,LOFC,9.5,2462,132334.01
TX_105109,INV_05,2021-10-07,BUY,NTB,51.48,385,112315.72
TX_105110,INV_05,2021-10-08,SELL,LOFC,9.5,2675,137474.09
TX_105111,INV_05,2021-10-11,BUY,HAYL,80.4,256,116685.94
TX_105112,INV_05,2021-10-12,SELL,AEL,20.42,193,120587.4
TX_105113,INV_05,2021-10-13,SELL,LFIN,46.29,915,162515.73
TX_105114,INV_05,2021-10-15,SELL,HAYL,78.08,319,187174.21
TX_105115,INV_05,2021-10-22,BUY,LFIN,46.79,600,158820.84
TX_105116,INV_05,2021-10-25,SELL,COMB,67.83,156,169296.29
TX_105117,INV_05,2021-10-26,SELL,NTB,49.71,158,177072.14
TX_105118,INV_05,2021-10-27,BUY,DFCC,54.25,489,150276.27
TX_105119,INV_05,2021-10-28,BUY,NTB,49.46,455,127547.58
TX_105120,INV_05,2021-10-29,SELL,CFIN,72.69,235,144458.19
TX_105121,INV_05,2021-11-01,SELL,COMB,68.37,117,152377.42
TX_105122,INV_05,2021-11-02,BUY,NTB,49.54,461,129309.78
TX_105123,INV_05,2021-11-04,SELL,HNB,134.81,248,162409.18
TX_105124,INV_05,2021-11-05,BUY,NDB,64.01,380,137842.53
TX_105125,INV_05,2021-11-08,BUY,NDB,63.84,323,117015.62
TX_105126,INV_05,2021-11-09,SELL,NTB,50.05,348,134258.29
TX_105127,INV_05,2021-11-10,BUY,HNB,141.04,142,114030.95
TX_105128,INV_05,2021-11-11,BUY,JKH,146.68,116,96845.37
TX_105129,INV_05,2021-11-12,BUY,DFCC,52.82,274,82226.64
TX_105130,INV_05,2021-11-15,SELL,DFCC,51.73,620,113979.3
TX_105131,INV_05,2021-11-16,BUY,LFIN,44.57,383,96739.61
TX_105132,INV_05,2021-11-19,SELL,COMB,65.43,87,102375.43
TX_105133,INV_05,2021-11-22,BUY,DIAL,8.08,1900,86872.24
TX_105134,INV_05,2021-11-23,SELL,LFIN,44.92,932,128323.46
TX_105135,INV_05,2021-11-24,SELL,HHL,66.83,235,143871.99
TX_105136,INV_05,2021-11-25,SELL,LOFC,24.6,2006,192726.11
TX_105137,INV_05,2021-11-26,BUY,COMB,63.81,453,163530.46
TX_105138,INV_05,2021-11-29,SELL,NDB,59.48,343,183727.69
TX_105139,INV_05,2021-11-30,BUY,DIAL,8.23,3350,155896.13
TX_105140,INV_05,2021-12-01,SELL,AEL,26.73,144,159706.58
TX_105141,INV_05,2021-12-06,SELL,DFCC,50.47,465,182940.23
TX_105142,INV_05,2021-12-07,BUY,CFIN,72.44,378,155283.77
TX_105143,INV_05,2021-12-08,SELL,LOFC,20.7,1504,186105.24
TX_105144,INV_05,2021-12-10,BUY,COMB,61.8,451,157953.42
TX_105145,INV_05,2021-12-13,SELL,AEL,27.52,108,160895.59
TX_105146,INV_05,2021-12-14,BUY,LIOC,38.48,627,136524.31
TX_105147,INV_05,2021-12-16,SELL,LFIN,47.5,699,169397.72
TX_105148,INV_05,2021-12-17,BUY,JKH,143.79,176,143837.76
TX_105149,INV_05,2021-12-21,SELL,LIOC,41.44,1457,203610.16
TX_105150,INV_05,2021-12-22,BUY,LOFC,22.1,1381,172784.86
TX_105151,INV_05,2021-12-23,BUY,DFCC,49.88,519,146637.88
TX_105152,INV_05,2021-12-24,SELL,COMB,59.95,292,163967.87
TX_105153,INV_05,2021-12-27,BUY,DFCC,49.12,500,139160.42
TX_105154,INV_05,2021-12-29,SELL,JKH,148.21,238,174080.69
TX_105155,INV_05,2021-12-30,SELL,COMB,61.73,219,187463.42
TX_105156,INV_05,2022-01-03,BUY,AEL,29.8,943,159084.85
TX_105157,INV_05,2022-01-04,SELL,DIAL,7.93,3253,184629.29
TX_105158,INV_05,2022-01-05,SELL,COMB,61.65,164,194638.52
TX_105159,INV_05,2022-01-06,SELL,JKH,148.21,178,220755.36
TX_105160,INV_05,2022-01-07,BUY,AEL,29.09,1138,187314.29
TX_105161,INV_05,2022-01-11,BUY,AEL,28.31,992,158953.78
TX_105162,INV_05,2022-01-13,SELL,CFIN,84.04,271,181501.28
TX_105163,INV_05,2022-01-14,BUY,COMB,63.19,430,154056.38
TX_105164,INV_05,2022-01-17,BUY,HNB,114.49,201,130814.22
TX_105165,INV_05,2022-01-18,BUY,HHL,71.75,273,111031.21
TX_105166,INV_05,2022-01-21,BUY,HAYL,109.49,152,94221.84
TX_105167,INV_05,2022-01-24,SELL,DIAL,8.45,2440,114624.01
TX_105168,INV_05,2022-01-26,SELL,NTB,47.6,261,126924.65
TX_105169,INV_05,2022-01-27,SELL,DFCC,51.31,603,157555.59
TX_105170,INV_05,2022-01-28,SELL,JKH,156.55,134,178323.33
TX_105171,INV_05,2022-01-31,BUY,JKH,157.28,170,151317.54
TX_105172,INV_05,2022-02-01,BUY,HHL,65.41,346,128457.86
TX_105173,INV_05,2022-02-02,SELL,AEL,29.01,850,152867.46
TX_105174,INV_05,2022-02-03,BUY,LIOC,61.61,372,129719.55
TX_105175,INV_05,2022-02-04,SELL,NTB,47.18,196,138875.07
TX_105176,INV_05,2022-02-07,SELL,LFIN,55.57,525,167758.07
TX_105177,INV_05,2022-02-08,SELL,DIAL,8.08,1830,182394.4
TX_105178,INV_05,2022-02-10,BUY,NTB,47.86,571,154794.38
TX_105179,INV_05,2022-02-11,SELL,NTB,48.78,289,168752.12
TX_105180,INV_05,2022-02-15,BUY,NTB,47.44,533,143215.67
TX_105181,INV_05,2022-02-16,SELL,LFIN,52.07,393,163476.3
TX_105182,INV_05,2022-02-18,SELL,LFIN,52.07,295,178684.66
TX_105183,INV_05,2022-02-21,SELL,HAYL,88.26,277,202888.95
TX_105184,INV_05,2022-02-22,SELL,HHL,60.69,331,222775.75
TX_105185,INV_05,2022-02-23,SELL,JKH,146.53,143,243520.65
TX_105186,INV_05,2022-02-24,SELL,LOFC,18.1,1474,269933.25
TX_105187,INV_05,2022-02-25,BUY,HAYL,80.2,504,229106.65
TX_105188,INV_05,2022-03-01,BUY,CFIN,76.58,448,194457.61
TX_105189,INV_05,2022-03-02,SELL,LIOC,54.86,1186,258868.28
TX_105190,INV_05,2022-03-03,SELL,DFCC,48.44,452,280545.71
TX_105191,INV_05,2022-03-04,BUY,JKH,143.1,294,238054.12
TX_105192,INV_05,2022-03-07,SELL,HHL,57.95,248,252281.14
TX_105193,INV_05,2022-03-08,SELL,JKH,140.4,180,277300.11
TX_105194,INV_05,2022-03-09,SELL,CFIN,67.4,315,298318.83
TX_105195,INV_05,2022-03-10,BUY,HAYL,84.53,529,253156.46
TX_105196,INV_05,2022-03-11,SELL,COMB,61.03,230,267053.06
TX_105197,INV_05,2022-03-14,SELL,DFCC,45.44,339,282302.42
TX_105198,INV_05,2022-03-15,SELL,HNB,107.44,272,311232.78
TX_105199,INV_05,2022-03-17,SELL,NDB,51.17,257,324252.89
TX_105200,INV_05,2022-03-18,BUY,NDB,51.17,950,275151.79
TX_105201,INV_05,2022-03-22,SELL,COMB,59.49,173,285339.83
TX_105202,INV_05,2022-03-23,BUY,MELS,33.02,1296,242121.38
TX_105203,INV_05,2022-03-24,SELL,HNB,108.89,204,264112.36
TX_105204,INV_05,2022-03-25,SELL,CFIN,65.9,236,279508.91
TX_105205,INV_05,2022-03-28,SELL,HNB,99.76,153,294619.85
TX_105206,INV_05,2022-03-29,SELL,CFIN,57.89,177,304764.03
TX_105207,INV_05,2022-03-30,SELL,DFCC,43.32,255,315699.19
TX_105208,INV_05,2022-03-31,SELL,HNB,97.54,115,326803.87
TX_105209,INV_05,2022-04-01,SELL,NTB,40.37,350,340792.23
TX_105210,INV_05,2022-04-05,BUY,CFIN,60.23,848,289209.6
TX_105211,INV_05,2022-04-06,SELL,MELS,29.08,536,304641.44
TX_105212,INV_05,2022-04-07,SELL,DFCC,42.43,191,312664.93
TX_105213,INV_05,2022-04-12,SELL,CFIN,51.05,345,330101.24
TX_105214,INV_05,2022-04-13,SELL,AEL,12.79,637,338169.99
TX_105215,INV_05,2022-04-14,BUY,DFCC,42.08,1205,286958.33
TX_105216,INV_05,2022-04-15,SELL,NDB,48.55,430,307626.73
TX_105217,INV_05,2022-04-18,SELL,LIOC,23.72,889,328498.91
TX_105218,INV_05,2022-04-19,BUY,NTB,35.0,1407,278761.92
TX_105219,INV_05,2022-04-20,BUY,NDB,48.55,861,236541.01
TX_105220,INV_05,2022-04-21,SELL,AEL,12.79,478,242595.73
TX_105221,INV_05,2022-04-22,BUY,HAYL,57.74,630,205856.26
TX_105222,INV_05,2022-04-25,SELL,LIOC,21.27,667,219900.11
TX_105223,INV_05,2022-04-26,SELL,HAYL,42.2,623,245928.02
TX_105224,INV_05,2022-04-27,SELL,HNB,80.08,86,252746.34
TX_105225,INV_05,2022-04-28,SELL,LIOC,23.29,500,264276.59
TX_105226,INV_05,2022-04-29,BUY,DFCC,38.28,1035,224263.41
TX_105227,INV_05,2022-05-02,SELL,AEL,10.95,358,228145.87
TX_105228,INV_05,2022-05-03,SELL,NTB,31.96,615,247602.41
TX_105229,INV_05,2022-05-04,BUY,DFCC,36.51,1017,210101.15
TX_105230,INV_05,2022-05-05,SELL,DIAL,6.76,1372,219278.78
TX_105231,INV_05,2022-05-06,SELL,CFIN,49.22,259,231898.1
TX_105232,INV_05,2022-05-09,BUY,HNB,74.64,466,196769.15
TX_105233,INV_05,2022-05-10,SELL,LFIN,33.18,221,204028.36
TX_105234,INV_05,2022-05-12,BUY,HAYL,57.08,536,173124.84
TX_105235,INV_05,2022-05-13,BUY,DFCC,37.3,696,146900.99
TX_105236,INV_05,2022-05-16,SELL,HHL,39.61,186,154194.37
TX_105237,INV_05,2022-05-17,BUY,HAYL,61.58,375,130869.78
TX_105238,INV_05,2022-05-18,SELL,DFCC,38.9,1131,174421.36
TX_105239,INV_05,2022-05-19,SELL,AEL,11.13,269,177385.3
TX_105240,INV_05,2022-05-25,SELL,COMB,45.43,130,183232.33
TX_105241,INV_05,2022-05-27,SELL,HNB,69.19,181,195630.77
TX_105242,INV_05,2022-05-30,SELL,HHL,42.92,140,201578.98
TX_105243,INV_05,2022-06-01,SELL,CFIN,50.05,194,211191.5
TX_105244,INV_05,2022-06-02,SELL,DFCC,32.27,849,238311.47
TX_105245,INV_05,2022-06-03,BUY,COMB,45.09,792,202243.68
TX_105246,INV_05,2022-06-06,SELL,LIOC,50.64,375,221043.0
TX_105247,INV_05,2022-06-07,SELL,LIOC,52.75,282,235769.14
TX_105248,INV_05,2022-06-08,SELL,LOFC,7.7,1105,244192.55
TX_105249,INV_05,2022-06-09,SELL,COMB,44.58,295,257210.94
TX_105250,INV_05,2022-06-10,BUY,MELS,29.81,1294,218250.52
TX_105251,INV_05,2022-06-14,SELL,COMB,44.06,221,227890.97
TX_105252,INV_05,2022-06-15,SELL,JKH,122.04,135,244201.41
TX_105253,INV_05,2022-06-16,SELL,NTB,30.43,461,258091.41
TX_105254,INV_05,2022-06-20,SELL,NDB,31.82,538,275040.54
TX_105255,INV_05,2022-06-21,BUY,DIAL,7.42,5561,233377.68
TX_105256,INV_05,2022-06-22,BUY,HHL,41.59,841,198048.25
TX_105257,INV_05,2022-06-23,BUY,CFIN,50.13,592,168072.73
TX_105258,INV_05,2022-06-24,BUY,HHL,42.44,593,142651.94
TX_105259,INV_05,2022-06-27,SELL,JKH,119.83,102,154752.23
TX_105260,INV_05,2022-06-28,SELL,LOFC,6.5,829,160086.84
TX_105261,INV_05,2022-07-04,SELL,LIOC,72.24,211,175177.77
TX_105262,INV_05,2022-07-05,SELL,AEL,8.28,202,176834.6
TX_105263,INV_05,2022-07-07,SELL,HAYL,50.38,695,211497.68
TX_105264,INV_05,2022-07-12,BUY,LFIN,30.42,1042,179478.05
TX_105265,INV_05,2022-07-13,SELL,DIAL,7.28,2420,196928.67
TX_105266,INV_05,2022-07-14,BUY,NTB,27.75,1064,167108.38
TX_105267,INV_05,2022-07-18,SELL,JKH,119.83,76,176124.28
TX_105268,INV_05,2022-07-19,BUY,MELS,28.28,934,149446.82
TX_105269,INV_05,2022-07-20,BUY,LFIN,31.83,704,126815.14
TX_105270,INV_05,2022-07-22,BUY,NDB,32.46,586,107604.18
TX_105271,INV_05,2022-07-25,SELL,MELS,29.88,959,135975.68
TX_105272,INV_05,2022-07-26,SELL,AEL,9.22,151,137353.36
TX_105273,INV_05,2022-07-27,SELL,HNB,74.82,136,147426.61
TX_105274,INV_05,2022-07-28,SELL,AEL,9.22,113,148457.59
TX_105275,INV_05,2022-08-01,BUY,MELS,29.37,758,125970.13
TX_105276,INV_05,2022-08-02,SELL,AEL,9.4,85,126761.32
TX_105277,INV_05,2022-08-04,SELL,MELS,29.96,909,153719.19
TX_105278,INV_05,2022-08-05,BUY,LFIN,33.55,687,130443.15
TX_105279,INV_05,2022-08-08,SELL,NDB,29.46,550,146483.16
TX_105280,INV_05,2022-08-09,BUY,AEL,12.57,1748,124296.19
TX_105281,INV_05,2022-08-10,BUY,LOFC,8.6,2167,105473.63
TX_105282,INV_05,2022-08-12,BUY,MELS,39.94,396,89498.6
TX_105283,INV_05,2022-08-19,SELL,LOFC,8.1,1163,98824.69
TX_105284,INV_05,2022-08-24,SELL,CFIN,57.45,294,115546.89
TX_105285,INV_05,2022-08-25,SELL,HHL,48.08,463,137583.39
TX_105286,INV_05,2022-08-26,SELL,DFCC,30.06,636,156507.9
TX_105287,INV_05,2022-08-29,SELL,LIOC,142.0,158,178719.79
TX_105288,INV_05,2022-08-30,BUY,DFCC,29.88,897,151650.06
TX_105289,INV_05,2022-08-31,BUY,DFCC,29.88,761,128684.55
TX_105290,INV_05,2022-09-02,BUY,DIAL,7.12,2712,109191.89
TX_105291,INV_05,2022-09-05,BUY,HHL,54.75,299,92657.03
TX_105292,INV_05,2022-09-08,BUY,HNB,70.8,196,78641.74
TX_105293,INV_05,2022-09-09,BUY,HHL,59.9,196,66783.15
TX_105294,INV_05,2022-09-12,BUY,CFIN,59.79,167,56699.15
TX_105295,INV_05,2022-09-13,BUY,LOFC,9.2,924,48113.34
TX_105296,INV_05,2022-09-16,SELL,DFCC,31.21,892,75670.1
TX_105297,INV_05,2022-09-19,BUY,CFIN,63.67,178,64222.94
TX_105298,INV_05,2022-09-20,SELL,HAYL,81.37,522,106275.76
TX_105299,INV_05,2022-09-21,BUY,HNB,74.82,213,90180.55
TX_105300,INV_05,2022-09-23,SELL,HNB,75.17,204,105362.55
TX_105301,INV_05,2022-09-26,SELL,DIAL,7.45,2493,123752.84
TX_105302,INV_05,2022-09-30,SELL,JKH,134.81,57,131360.01
TX_105303,INV_05,2022-10-03,SELL,MELS,38.34,781,161002.63
TX_105304,INV_05,2022-10-04,SELL,HHL,55.99,471,187111.63
TX_105305,INV_05,2022-10-05,BUY,LOFC,8.0,3508,158766.99
TX_105306,INV_05,2022-10-06,SELL,DFCC,30.94,669,179258.92
TX_105307,INV_05,2022-10-07,SELL,DFCC,30.5,502,194415.86
TX_105308,INV_05,2022-10-11,SELL,AEL,9.96,501,199356.21
TX_105309,INV_05,2022-10-13,BUY,LFIN,31.67,944,169157.95
TX_105310,INV_05,2022-10-14,SELL,DIAL,6.95,1869,182015.66
TX_105311,INV_05,2022-10-17,SELL,LFIN,33.0,1010,215011.53
TX_105312,INV_05,2022-10-18,SELL,DIAL,6.78,1402,224424.12
TX_105313,INV_05,2022-10-19,SELL,DFCC,30.94,376,235941.26
TX_105314,INV_05,2022-10-21,SELL,COMB,42.95,166,242999.71
TX_105315,INV_05,2022-10-25,SELL,HAYL,62.73,391,267281.1
TX_105316,INV_05,2022-10-26,BUY,DIAL,6.87,5839,226794.18
TX_105317,INV_05,2022-10-27,BUY,DFCC,30.85,1102,192455.64
TX_105318,INV_05,2022-10-28,SELL,HAYL,62.65,293,210627.44
TX_105319,INV_05,2022-10-31,SELL,LFIN,31.2,758,234044.2
TX_105320,INV_05,2022-11-01,SELL,HHL,52.56,354,252464.05
TX_105321,INV_05,2022-11-02,SELL,HAYL,63.14,220,266215.28
TX_105322,INV_05,2022-11-03,SELL,LOFC,6.9,1981,279747.49
TX_105323,INV_05,2022-11-07,SELL,MELS,33.31,585,299038.36
TX_105324,INV_05,2022-11-10,BUY,JKH,137.26,326,253843.28
TX_105325,INV_05,2022-11-14,SELL,NTB,42.07,612,279333.39
TX_105326,INV_05,2022-11-15,BUY,NDB,29.73,1409,237023.49
TX_105327,INV_05,2022-11-16,SELL,LFIN,30.5,568,254175.81
TX_105328,INV_05,2022-11-17,SELL,AEL,9.31,376,257640.97
TX_105329,INV_05,2022-11-18,SELL,HNB,65.26,153,267526.41
TX_105330,INV_05,2022-11-21,SELL,HNB,64.37,115,274854.99
TX_105331,INV_05,2022-11-22,BUY,NDB,28.64,1439,233229.95
TX_105332,INV_05,2022-11-24,SELL,NTB,43.15,459,252835.64
TX_105333,INV_05,2022-11-25,SELL,HHL,53.4,265,266845.82
TX_105334,INV_05,2022-11-28,SELL,NTB,42.97,344,281478.43
TX_105335,INV_05,2022-11-29,SELL,LFIN,29.96,426,294112.37
TX_105336,INV_05,2022-11-30,BUY,NDB,31.55,1398,249565.22
TX_105337,INV_05,2022-12-05,SELL,HAYL,60.44,165,259437.78
TX_105338,INV_05,2022-12-07,BUY,CFIN,57.02,682,220160.74
TX_105339,INV_05,2022-12-08,SELL,CFIN,54.43,477,245863.7
TX_105340,INV_05,2022-12-09,SELL,DIAL,7.45,2511,264386.77
TX_105341,INV_05,2022-12-12,BUY,MELS,35.91,1104,224342.04
TX_105342,INV_05,2022-12-13,SELL,HAYL,58.23,124,231490.34
TX_105343,INV_05,2022-12-14,BUY,DIAL,7.28,4767,196421.06
TX_105344,INV_05,2022-12-15,SELL,AEL,9.77,282,199149.88
TX_105345,INV_05,2022-12-16,SELL,LFIN,31.2,320,209035.59
TX_105346,INV_05,2022-12-19,SELL,HAYL,56.51,93,214238.69
TX_105347,INV_05,2022-12-21,BUY,JKH,137.11,234,181833.23
TX_105348,INV_05,2022-12-22,SELL,DIAL,7.28,3075,204007.06
TX_105349,INV_05,2022-12-23,BUY,HNB,68.75,445,173109.54
TX_105350,INV_05,2022-12-26,BUY,JKH,135.39,191,146990.74
TX_105351,INV_05,2022-12-27,BUY,DIAL,7.2,3062,124723.52
TX_105352,INV_05,2022-12-28,SELL,NTB,41.71,258,135377.89
TX_105353,INV_05,2022-12-29,SELL,AEL,9.77,211,137419.67
TX_105354,INV_05,2022-12-30,BUY,DFCC,28.29,728,116620.01
TX_105355,INV_05,2023-01-02,SELL,LFIN,30.35,240,123830.4
TX_105356,INV_05,2023-01-04,SELL,COMB,44.15,125,129293.73
TX_105357,INV_05,2023-01-05,SELL,NDB,28.82,1474,171352.23
TX_105358,INV_05,2023-01-06,BUY,HNB,69.1,371,145458.91
TX_105359,INV_05,2023-01-10,BUY,CFIN,56.58,385,123457.02
TX_105360,INV_05,2023-01-11,SELL,LIOC,161.02,119,142426.83
TX_105361,INV_05,2023-01-12,BUY,DIAL,7.62,2804,120850.28
TX_105362,INV_05,2023-01-16,BUY,HHL,54.36,333,102568.07
TX_105363,INV_05,2023-01-17,BUY,HNB,68.39,224,87095.96
TX_105364,INV_05,2023-01-18,SELL,CFIN,53.98,454,111356.63
TX_105365,INV_05,2023-01-23,BUY,NDB,33.46,499,94493.75
TX_105366,INV_05,2023-01-24,SELL,COMB,47.91,93,98905.07
TX_105367,INV_05,2023-01-25,BUY,AEL,10.52,1410,83924.78
TX_105368,INV_05,2023-01-27,BUY,MELS,39.6,317,71244.58
TX_105369,INV_05,2023-01-30,SELL,HHL,56.84,282,87113.67
TX_105370,INV_05,2023-02-01,BUY,LFIN,35.26,370,73936.44
TX_105371,INV_05,2023-02-02,SELL,LIOC,174.28,89,89291.88
TX_105372,INV_05,2023-02-03,SELL,HHL,56.17,212,101081.48
TX_105373,INV_05,2023-02-06,SELL,AEL,11.17,511,106732.66
TX_105374,INV_05,2023-02-07,SELL,CFIN,61.25,340,127350.15
TX_105375,INV_05,2023-02-09,SELL,MELS,41.7,794,160127.75
TX_105376,INV_05,2023-02-10,SELL,NDB,35.0,1230,202752.61
TX_105377,INV_05,2023-02-13,SELL,COMB,51.42,70,206316.05
TX_105378,INV_05,2023-02-14,SELL,JKH,137.65,231,237795.89
TX_105379,INV_05,2023-02-16,BUY,DFCC,31.38,1136,201789.34
TX_105380,INV_05,2023-02-17,BUY,HNB,94.19,321,171252.05
TX_105381,INV_05,2023-02-20,BUY,HNB,104.46,245,145404.17
TX_105382,INV_05,2023-02-21,SELL,LFIN,37.29,272,155445.57
TX_105383,INV_05,2023-02-22,BUY,AEL,12.1,1926,131904.71
TX_105384,INV_05,2023-02-23,BUY,COMB,55.61,355,111964.7
TX_105385,INV_05,2023-02-24,SELL,CFIN,62.87,255,127835.93
TX_105386,INV_05,2023-02-27,SELL,HAYL,61.91,70,132126.31
TX_105387,INV_05,2023-02-28,SELL,HNB,93.74,487,177322.83
TX_105388,INV_05,2023-03-01,BUY,DFCC,39.37,675,150482.86
TX_105389,INV_05,2023-03-02,BUY,COMB,57.32,393,127729.21
TX_105390,INV_05,2023-03-06,BUY,NTB,59.17,323,108426.75
TX_105391,INV_05,2023-03-07,BUY,CFIN,74.36,218,92053.1
TX_105392,INV_05,2023-03-08,SELL,DIAL,9.13,3773,126140.17
TX_105393,INV_05,2023-03-10,SELL,COMB,57.32,240,139760.37
TX_105394,INV_05,2023-03-13,SELL,HAYL,63.55,52,143031.71
TX_105395,INV_05,2023-03-14,BUY,DIAL,8.71,2464,121362.83
TX_105396,INV_05,2023-03-15,BUY,AEL,13.68,1330,102980.87
TX_105397,INV_05,2023-03-20,BUY,AEL,14.8,1043,87388.79
TX_105398,INV_05,2023-03-21,SELL,NTB,59.91,274,103641.11
TX_105399,INV_05,2023-03-22,SELL,DFCC,42.15,1192,153379.41
TX_105400,INV_05,2023-03-23,SELL,HHL,62.96,159,163289.29
TX_105401,INV_05,2023-03-24,BUY,AEL,13.78,1777,138562.26
TX_105402,INV_05,2023-03-27,SELL,DFCC,39.83,894,173816.33
TX_105403,INV_05,2023-03-29,BUY,LOFC,6.1,4274,147484.22
TX_105404,INV_05,2023-03-31,BUY,LOFC,6.0,3687,125141.0
TX_105405,INV_05,2023-04-03,BUY,COMB,55.35,339,106188.89
TX_105406,INV_05,2023-04-05,SELL,NTB,57.92,206,118001.14
TX_105407,INV_05,2023-04-06,SELL,MELS,43.68,596,143776.59
TX_105408,INV_05,2023-04-10,SELL,DIAL,8.71,3446,173481.27
TX_105409,INV_05,2023-04-11,BUY,NDB,40.37,644,147223.85
TX_105410,INV_05,2023-04-12,BUY,DFCC,40.85,540,124943.51
TX_105411,INV_05,2023-04-13,SELL,LIOC,154.72,67,135206.0
TX_105412,INV_05,2023-04-14,SELL,AEL,13.13,1902,159921.32
TX_105413,INV_05,2023-04-17,SELL,LIOC,156.02,50,167644.43
TX_105414,INV_05,2023-04-19,SELL,MELS,42.41,447,186413.65
TX_105415,INV_05,2023-04-20,BUY,MELS,43.68,640,158176.15
TX_105416,INV_05,2023-04-21,SELL,NTB,58.02,154,167021.14
TX_105417,INV_05,2023-04-24,SELL,NDB,40.19,1084,210148.09
TX_105418,INV_05,2023-04-25,BUY,CFIN,62.51,504,178328.21
TX_105419,INV_05,2023-04-26,SELL,DIAL,9.13,2584,201673.29
TX_105420,INV_05,2023-04-27,SELL,HAYL,60.14,39,203995.32
TX_105421,INV_05,2023-05-01,BUY,HAYL,60.49,505,173141.74
TX_105422,INV_05,2023-05-02,SELL,JKH,133.23,173,195959.76
TX_105423,INV_05,2023-05-03,BUY,DFCC,36.13,813,166294.74
TX_105424,INV_05,2023-05-04,BUY,HHL,60.19,414,141128.81
TX_105425,INV_05,2023-05-05,SELL,NTB,56.02,116,147562.28
TX_105426,INV_05,2023-05-08,BUY,JKH,135.69,163,125224.23
TX_105427,INV_05,2023-05-09,SELL,LOFC,5.4,3476,143806.93
TX_105428,INV_05,2023-05-10,BUY,LOFC,5.4,3994,122023.65
TX_105429,INV_05,2023-05-11,BUY,LFIN,42.05,435,103550.92
TX_105430,INV_05,2023-05-12,BUY,JKH,136.18,114,87871.39
TX_105431,INV_05,2023-05-15,SELL,NDB,44.24,813,123479.98
TX_105432,INV_05,2023-05-16,SELL,AEL,12.85,1427,141628.44
TX_105433,INV_05,2023-05-18,SELL,DIAL,8.29,1938,157530.93
TX_105434,INV_05,2023-05-22,SELL,JKH,134.21,199,183971.95
TX_105435,INV_05,2023-05-23,SELL,LOFC,4.9,3605,201459.8
TX_105436,INV_05,2023-05-24,BUY,HHL,58.75,514,170959.06
TX_105437,INV_05,2023-05-26,BUY,HNB,112.62,227,145138.82
TX_105438,INV_05,2023-05-29,SELL,COMB,51.64,264,158634.95
TX_105439,INV_05,2023-05-30,BUY,DFCC,35.76,665,134619.08
TX_105440,INV_05,2023-06-02,BUY,LIOC,115.6,174,114302.77
TX_105441,INV_05,2023-06-05,SELL,LIOC,112.78,81,123346.56
TX_105442,INV_05,2023-06-07,BUY,HAYL,60.84,304,104665.64
TX_105443,INV_05,2023-06-08,BUY,CFIN,58.38,268,88863.83
TX_105444,INV_05,2023-06-09,BUY,LOFC,5.1,2613,75404.27
TX_105445,INV_05,2023-06-12,BUY,CFIN,62.15,181,64042.57
TX_105446,INV_05,2023-06-14,BUY,DFCC,42.06,228,54358.0
TX_105447,INV_05,2023-06-15,SELL,AEL,14.71,1070,69938.36
TX_105448,INV_05,2023-06-16,SELL,LOFC,5.7,3357,88881.91
TX_105449,INV_05,2023-06-19,SELL,COMB,58.89,198,100424.65
TX_105450,INV_05,2023-06-20,SELL,LIOC,107.78,61,106933.58
TX_105451,INV_05,2023-06-22,BUY,HAYL,64.96,246,90793.03
TX_105452,INV_05,2023-06-23,SELL,NDB,46.73,609,118964.49
TX_105453,INV_05,2023-06-26,SELL,CFIN,66.46,484,150810.1
TX_105454,INV_05,2023-06-28,BUY,LOFC,5.4,4189,127963.3
TX_105455,INV_05,2023-06-29,BUY,HAYL,68.03,282,108586.77
TX_105456,INV_05,2023-06-30,BUY,AEL,15.45,1054,92136.56
TX_105457,INV_05,2023-07-03,SELL,NTB,67.13,87,97918.51
TX_105458,INV_05,2023-07-04,BUY,LOFC,6.1,2407,83088.98
TX_105459,INV_05,2023-07-07,BUY,NTB,75.96,164,70506.81
TX_105460,INV_05,2023-07-10,BUY,AEL,16.76,631,59827.96
TX_105461,INV_05,2023-07-11,BUY,LIOC,124.91,71,50870.56
TX_105462,INV_05,2023-07-12,BUY,COMB,72.93,104,43210.26
TX_105463,INV_05,2023-07-25,SELL,COMB,80.45,175,57147.65
TX_105464,INV_05,2023-07-26,BUY,LFIN,55.6,154,48500.38
TX_105465,INV_05,2023-08-03,SELL,DIAL,9.63,1454,62359.59
TX_105466,INV_05,2023-08-04,SELL,AEL,16.57,1224,82438.4
TX_105467,INV_05,2023-08-07,BUY,HNB,185.92,66,70045.31
TX_105468,INV_05,2023-08-09,BUY,NTB,103.26,101,59511.81
TX_105469,INV_05,2023-08-11,BUY,DIAL,9.96,895,50505.8
TX_105470,INV_05,2023-08-14,SELL,LIOC,112.88,63,57546.31
TX_105471,INV_05,2023-08-15,SELL,COMB,84.25,131,68472.9
TX_105472,INV_05,2023-08-16,BUY,HNB,170.56,60,58137.09
TX_105473,INV_05,2023-08-17,BUY,NTB,115.6,75,49380.16
TX_105474,INV_05,2023-08-21,SELL,COMB,83.53,98,57483.94
TX_105475,INV_05,2023-08-23,SELL,COMB,84.34,74,63662.84
TX_105476,INV_05,2023-08-24,SELL,DIAL,9.38,1314,75860.87
TX_105477,INV_05,2023-08-25,SELL,LOFC,5.4,4167,98137.66
TX_105478,INV_05,2023-08-28,SELL,LFIN,58.58,352,118553.06
TX_105479,INV_05,2023-08-31,SELL,NTB,104.21,150,134028.09
TX_105480,INV_05,2023-09-01,BUY,LIOC,114.5,175,113789.84
TX_105481,INV_05,2023-09-04,BUY,DFCC,86.06,198,96580.26
TX_105482,INV_05,2023-09-05,BUY,AEL,15.92,910,81949.72
TX_105483,INV_05,2023-09-06,SELL,LFIN,58.16,264,97149.68
TX_105484,INV_05,2023-09-07,SELL,LIOC,110.34,91,107090.06
TX_105485,INV_05,2023-09-08,SELL,HNB,165.21,454,181343.59
TX_105486,INV_05,2023-09-11,SELL,NTB,106.35,112,193135.16
TX_105487,INV_05,2023-09-12,SELL,NTB,107.29,84,202057.8
TX_105488,INV_05,2023-09-13,BUY,DIAL,9.38,3232,171448.61
TX_105489,INV_05,2023-09-14,SELL,AEL,17.97,1145,191814.31
TX_105490,INV_05,2023-09-15,SELL,MELS,72.39,495,227290.12
TX_105491,INV_05,2023-09-18,SELL,MELS,72.31,371,253848.49
TX_105492,INV_05,2023-09-19,BUY,NDB,64.98,586,215391.43
TX_105493,INV_05,2023-09-25,SELL,HAYL,81.53,364,244772.21
TX_105494,INV_05,2023-09-27,BUY,LIOC,107.56,341,207726.59
TX_105495,INV_05,2023-09-29,SELL,JKH,189.59,149,235692.72
TX_105496,INV_05,2023-10-03,SELL,DIAL,9.04,1794,251751.87
TX_105497,INV_05,2023-10-04,BUY,HAYL,79.69,473,213681.23
TX_105498,INV_05,2023-10-06,SELL,HAYL,78.46,391,244053.61
TX_105499,INV_05,2023-10-09,SELL,MELS,66.57,279,262440.23
TX_105500,INV_05,2023-10-11,SELL,JKH,185.41,112,282998.24
TX_105501,INV_05,2023-10-12,BUY,HHL,72.05,589,240134.6
TX_105502,INV_05,2023-10-13,SELL,HAYL,77.24,293,262538.44
TX_105503,INV_05,2023-10-16,SELL,HNB,151.71,340,313604.15
TX_105504,INV_05,2023-10-17,SELL,AEL,17.5,859,328487.05
TX_105505,INV_05,2023-10-18,SELL,NTB,95.19,63,334423.96
TX_105506,INV_05,2023-10-20,BUY,NDB,61.73,812,283799.78
TX_105507,INV_05,2023-10-23,BUY,MELS,66.4,641,240811.03
TX_105508,INV_05,2023-10-24,SELL,LFIN,52.95,198,251189.85
TX_105509,INV_05,2023-10-25,SELL,LIOC,90.21,154,264943.84
TX_105510,INV_05,2023-10-26,SELL,JKH,188.36,84,280607.74
TX_105511,INV_05,2023-10-30,SELL,LFIN,53.37,148,288428.21
TX_105512,INV_05,2023-10-31,SELL,MELS,64.9,369,312138.05
TX_105513,INV_05,2023-11-01,BUY,NTB,99.22,471,264936.2
TX_105514,INV_05,2023-11-02,BUY,CFIN,104.63,379,224886.37
TX_105515,INV_05,2023-11-03,SELL,NTB,99.46,165,241133.39
TX_105516,INV_05,2023-11-08,BUY,HAYL,73.99,488,204664.09
TX_105517,INV_05,2023-11-09,SELL,DIAL,8.12,1345,215477.7
TX_105518,INV_05,2023-11-14,SELL,HAYL,69.08,342,238867.75
TX_105519,INV_05,2023-11-15,SELL,HAYL,67.42,256,255953.94
TX_105520,INV_05,2023-11-16,SELL,HHL,68.59,498,289772.41
TX_105521,INV_05,2023-11-17,BUY,MELS,69.0,629,245936.28
TX_105522,INV_05,2023-11-20,SELL,LFIN,51.92,111,251642.09
TX_105523,INV_05,2023-11-21,SELL,NTB,94.95,124,263298.3
TX_105524,INV_05,2023-11-22,SELL,HHL,67.62,374,288333.43
TX_105525,INV_05,2023-11-23,BUY,LIOC,96.0,450,244702.94
TX_105526,INV_05,2023-11-24,BUY,LIOC,95.07,386,207638.39
TX_105527,INV_05,2023-11-27,SELL,CFIN,96.58,458,251428.77
TX_105528,INV_05,2023-11-28,SELL,DFCC,70.03,1282,340310.62
TX_105529,INV_05,2023-11-29,BUY,LIOC,94.15,542,288773.13
TX_105530,INV_05,2023-12-01,BUY,LIOC,95.3,454,245073.01
TX_105531,INV_05,2023-12-05,SELL,HAYL,65.23,192,257471.05
TX_105532,INV_05,2023-12-06,SELL,LFIN,54.66,83,261962.12
TX_105533,INV_05,2023-12-07,SELL,MELS,71.98,434,292890.25
TX_105534,INV_05,2023-12-08,BUY,LIOC,98.77,444,248596.7
TX_105535,INV_05,2023-12-11,SELL,LOFC,4.5,3125,262518.58
TX_105536,INV_05,2023-12-12,BUY,NTB,103.02,382,222770.61
TX_105537,INV_05,2023-12-13,BUY,HNB,156.36,213,189132.01
TX_105538,INV_05,2023-12-15,SELL,NDB,64.79,807,240891.09
TX_105539,INV_05,2023-12-18,SELL,COMB,85.07,55,245522.99
TX_105540,INV_05,2023-12-20,BUY,HAYL,63.56,579,208353.92
TX_105541,INV_05,2023-12-21,SELL,AEL,18.15,644,219927.22
TX_105542,INV_05,2023-12-22,SELL,AEL,18.43,483,228740.73
TX_105543,INV_05,2023-12-26,BUY,COMB,84.16,407,194144.66
TX_105544,INV_05,2023-12-27,BUY,CFIN,92.9,313,164776.56
TX_105545,INV_05,2023-12-28,BUY,AEL,19.18,1288,139830.27
TX_105546,INV_05,2023-12-29,SELL,CFIN,96.81,422,180274.68
TX_105547,INV_05,2024-01-01,BUY,LOFC,4.6,5878,152965.49
TX_105548,INV_05,2024-01-03,BUY,HNB,158.69,144,129885.49
TX_105549,INV_05,2024-01-04,SELL,JKH,186.93,63,141544.42
TX_105550,INV_05,2024-01-05,BUY,HNB,155.9,136,120130.18
TX_105551,INV_05,2024-01-12,BUY,HAYL,65.66,274,101958.4
TX_105552,INV_05,2024-01-15,SELL,NTB,99.7,189,120613.03
TX_105553,INV_05,2024-01-16,SELL,DIAL,7.45,1009,128056.19
TX_105554,INV_05,2024-01-17,SELL,DFCC,69.48,961,194154.13
TX_105555,INV_05,2024-01-18,SELL,DFCC,67.62,721,242422.36
TX_105556,INV_05,2024-01-19,BUY,COMB,81.08,448,205734.89
TX_105557,INV_05,2024-01-22,SELL,LIOC,91.69,684,267826.53
TX_105558,INV_05,2024-01-23,SELL,JKH,176.85,47,276055.23
TX_105559,INV_05,2024-01-24,SELL,NDB,57.91,605,310737.81
TX_105560,INV_05,2024-01-25,BUY,LIOC,91.6,508,263738.82
TX_105561,INV_05,2024-01-26,BUY,HNB,146.82,269,223848.21
TX_105562,INV_05,2024-01-29,SELL,LIOC,91.79,640,282004.27
TX_105563,INV_05,2024-01-30,BUY,DFCC,67.62,625,239317.6
TX_105564,INV_05,2024-01-31,BUY,DFCC,67.16,534,203095.91
TX_105565,INV_05,2024-02-02,BUY,JKH,175.37,173,172453.25
TX_105566,INV_05,2024-02-06,BUY,HHL,67.33,384,146341.36
TX_105567,INV_05,2024-02-07,BUY,COMB,80.63,272,124191.26
TX_105568,INV_05,2024-02-09,BUY,CFIN,99.87,186,105429.69
TX_105569,INV_05,2024-02-12,SELL,LIOC,96.23,480,151157.25
TX_105570,INV_05,2024-02-14,SELL,NDB,61.63,454,178858.47
TX_105571,INV_05,2024-02-15,SELL,LOFC,4.1,3813,194335.43
TX_105572,INV_05,2024-02-16,SELL,LFIN,52.61,63,197616.48
TX_105573,INV_05,2024-02-19,SELL,LIOC,97.85,360,232489.24
TX_105574,INV_05,2024-02-20,SELL,HHL,69.73,376,258445.9
TX_105575,INV_05,2024-02-21,SELL,DFCC,70.01,831,316045.67
TX_105576,INV_05,2024-02-22,SELL,LOFC,4.1,2860,327654.41
TX_105577,INV_05,2024-02-26,BUY,HNB,147.29,333,278116.58
TX_105578,INV_05,2024-02-27,SELL,JKH,186.74,79,292721.2
TX_105579,INV_05,2024-02-28,SELL,AEL,18.25,684,305076.37
TX_105580,INV_05,2024-02-29,BUY,LFIN,53.37,857,258876.76
TX_105581,INV_05,2024-03-01,BUY,HNB,147.06,264,219665.57
TX_105582,INV_05,2024-03-06,SELL,LIOC,102.7,270,247118.59
TX_105583,INV_05,2024-03-07,SELL,LOFC,5.6,2145,259010.47
TX_105584,INV_05,2024-03-11,BUY,DIAL,8.96,4336,219778.91
TX_105585,INV_05,2024-03-12,BUY,HAYL,72.85,452,186520.27
TX_105586,INV_05,2024-03-13,BUY,CFIN,101.75,274,158360.79
TX_105587,INV_05,2024-03-15,BUY,COMB,85.79,276,134445.5
TX_105588,INV_05,2024-03-18,SELL,NDB,61.27,340,155069.88
TX_105589,INV_05,2024-03-19,SELL,LOFC,5.5,1609,163830.89
TX_105590,INV_05,2024-03-21,SELL,HNB,147.7,595,250832.87
TX_105591,INV_05,2024-03-22,BUY,AEL,20.76,1812,212841.42
TX_105592,INV_05,2024-03-26,BUY,AEL,20.48,1558,180614.94
TX_105593,INV_05,2024-03-27,BUY,HNB,162.06,167,153280.55
TX_105594,INV_05,2024-03-28,BUY,JKH,190.92,120,130141.24
TX_105595,INV_05,2024-04-01,SELL,DIAL,9.71,1841,147841.84
TX_105596,INV_05,2024-04-02,BUY,MELS,78.93,280,125521.18
TX_105597,INV_05,2024-04-09,BUY,HNB,191.42,98,106574.33
TX_105598,INV_05,2024-04-10,SELL,COMB,104.34,392,147067.24
TX_105599,INV_05,2024-04-15,SELL,DIAL,10.05,1380,160793.0
TX_105600,INV_05,2024-04-16,SELL,LOFC,5.9,1207,167843.09
TX_105601,INV_05,2024-04-19,SELL,NDB,69.75,255,185452.56
TX_105602,INV_05,2024-04-22,BUY,MELS,80.0,347,157413.68
TX_105603,INV_05,2024-04-24,BUY,LIOC,116.12,203,133605.33
TX_105604,INV_05,2024-04-25,BUY,JKH,206.42,97,113382.53
TX_105605,INV_05,2024-04-29,BUY,LIOC,121.9,139,96268.4
TX_105606,INV_05,2024-04-30,SELL,DFCC,79.0,623,144994.55
TX_105607,INV_05,2024-05-02,SELL,MELS,82.51,482,184369.06
TX_105608,INV_05,2024-05-03,BUY,CFIN,122.48,225,156535.02
TX_105609,INV_05,2024-05-06,SELL,COMB,106.95,294,187663.94
TX_105610,INV_05,2024-05-07,SELL,CFIN,119.42,488,245358.12
TX_105611,INV_05,2024-05-08,BUY,COMB,107.42,342,208251.56
TX_105612,INV_05,2024-05-10,SELL,DFCC,79.87,467,245178.48
TX_105613,INV_05,2024-05-13,SELL,MELS,82.6,362,274782.35
TX_105614,INV_05,2024-05-15,SELL,DIAL,9.54,1035,284561.96
TX_105615,INV_05,2024-05-20,SELL,COMB,106.24,306,316745.93
TX_105616,INV_05,2024-05-21,BUY,HHL,85.12,558,268774.06
TX_105617,INV_05,2024-05-22,SELL,DIAL,9.38,777,275987.05
TX_105618,INV_05,2024-05-28,SELL,MELS,79.82,271,297403.11
TX_105619,INV_05,2024-05-29,SELL,AEL,22.06,1356,327020.36
TX_105620,INV_05,2024-05-31,SELL,DIAL,9.29,582,332374.9
TX_105621,INV_05,2024-06-04,BUY,DFCC,74.37,670,282051.21
TX_105622,INV_05,2024-06-05,BUY,CFIN,113.06,374,239343.8
TX_105623,INV_05,2024-06-06,BUY,DIAL,9.54,3761,203088.57
TX_105624,INV_05,2024-06-10,SELL,COMB,103.16,230,226577.18
TX_105625,INV_05,2024-06-11,BUY,COMB,103.16,329,192299.49
TX_105626,INV_05,2024-06-13,SELL,AEL,22.34,1017,214793.6
TX_105627,INV_05,2024-06-14,SELL,AEL,22.43,763,231740.03
TX_105628,INV_05,2024-06-18,SELL,JKH,200.81,113,254204.42
TX_105629,INV_05,2024-06-19,SELL,NTB,129.46,141,272275.51
TX_105630,INV_05,2024-06-24,BUY,HHL,82.04,497,231092.83
TX_105631,INV_05,2024-06-26,SELL,HNB,195.23,513,330244.46
TX_105632,INV_05,2024-06-27,SELL,LOFC,6.2,905,335799.35
TX_105633,INV_05,2024-06-28,BUY,COMB,99.6,505,284998.96
TX_105634,INV_05,2024-07-01,SELL,HAYL,97.97,471,330680.27
TX_105635,INV_05,2024-07-02,BUY,JKH,201.79,245,280746.75
TX_105636,INV_05,2024-07-03,SELL,HAYL,95.17,353,314005.29
TX_105637,INV_05,2024-07-04,SELL,COMB,98.18,381,351036.3
TX_105638,INV_05,2024-07-08,SELL,AEL,21.6,572,363266.14
TX_105639,INV_05,2024-07-09,SELL,MELS,73.07,204,378023.61
TX_105640,INV_05,2024-07-10,BUY,COMB,93.05,609,320786.54
TX_105641,INV_05,2024-07-12,SELL,COMB,95.12,438,362033.64
TX_105642,INV_05,2024-07-16,SELL,DIAL,9.0,1377,374306.27
TX_105643,INV_05,2024-07-19,BUY,LFIN,62.03,905,317609.41
TX_105644,INV_05,2024-07-23,BUY,NTB,117.78,404,269551.32
TX_105645,INV_05,2024-07-24,BUY,MELS,76.19,530,228765.51
TX_105646,INV_05,2024-07-25,SELL,LFIN,61.56,487,258446.99
TX_105647,INV_05,2024-07-29,SELL,HAYL,94.24,265,283169.67
TX_105648,INV_05,2024-07-30,SELL,DFCC,68.47,518,318285.0
TX_105649,INV_05,2024-07-31,SELL,JKH,169.06,146,342721.32
TX_105650,INV_05,2024-08-01,SELL,JKH,172.51,110,361507.43
TX_105651,INV_05,2024-08-02,SELL,LIOC,112.49,288,393580.3
TX_105652,INV_05,2024-08-05,SELL,CFIN,100.85,459,439408.1
TX_105653,INV_05,2024-08-08,SELL,LIOC,110.32,216,462999.18
TX_105654,INV_05,2024-08-09,BUY,LOFC,5.5,12627,392856.2
TX_105655,INV_05,2024-08-12,BUY,LFIN,61.38,960,333344.84
TX_105656,INV_05,2024-08-13,BUY,NDB,65.84,759,282875.17
TX_105657,INV_05,2024-08-14,SELL,LOFC,5.7,3835,304516.07
TX_105658,INV_05,2024-08-15,BUY,HNB,173.33,263,258475.37
TX_105659,INV_05,2024-08-16,BUY,NTB,118.99,325,219415.39
TX_105660,INV_05,2024-08-20,BUY,DFCC,67.61,486,186230.43
TX_105661,INV_05,2024-08-21,BUY,HAYL,88.64,315,158030.45
TX_105662,INV_05,2024-08-22,SELL,NDB,66.6,381,183151.69
TX_105663,INV_05,2024-08-23,SELL,LOFC,5.5,2877,198816.96
TX_105664,INV_05,2024-08-26,SELL,NTB,113.88,288,231287.68
TX_105665,INV_05,2024-08-27,SELL,HNB,165.23,450,304898.32
TX_105666,INV_05,2024-08-28,SELL,HNB,165.47,338,360267.77
TX_105667,INV_05,2024-08-29,BUY,DIAL,8.34,6480,305688.93
TX_105668,INV_05,2024-09-02,SELL,AEL,18.62,429,313596.15
TX_105669,INV_05,2024-09-03,SELL,DIAL,8.24,2653,335250.09
TX_105670,INV_05,2024-09-04,SELL,LIOC,101.65,162,351552.66
TX_105671,INV_05,2024-09-05,SELL,COMB,81.58,328,378042.08
TX_105672,INV_05,2024-09-06,SELL,MELS,69.49,285,397649.01
TX_105673,INV_05,2024-09-09,SELL,NTB,105.12,216,420128.74
TX_105674,INV_05,2024-09-10,SELL,LIOC,96.83,122,431824.13
TX_105675,INV_05,2024-09-11,SELL,LFIN,58.4,606,466861.44
TX_105676,INV_05,2024-09-12,BUY,CFIN,97.74,716,396181.92
TX_105677,INV_05,2024-09-20,BUY,AEL,19.36,3069,336163.71
TX_105678,INV_05,2024-09-23,SELL,NTB,113.15,162,354311.41
TX_105679,INV_05,2024-09-24,BUY,DFCC,69.54,764,300653.62
TX_105680,INV_05,2024-09-25,BUY,HAYL,90.04,500,255184.99
TX_105681,INV_05,2024-09-26,SELL,LOFC,6.3,2157,268638.2
TX_105682,INV_05,2024-09-27,SELL,HNB,194.04,253,317239.37
TX_105683,INV_05,2024-09-30,BUY,LIOC,110.8,429,269229.57
TX_105684,INV_05,2024-10-01,BUY,HHL,76.24,529,228497.37
TX_105685,INV_05,2024-10-02,SELL,CFIN,112.11,523,286544.63
TX_105686,INV_05,2024-10-03,SELL,LFIN,64.17,454,315385.18
TX_105687,INV_05,2024-10-04,BUY,NTB,126.54,373,267714.43
TX_105688,INV_05,2024-10-07,BUY,NTB,131.65,305,227160.13
TX_105689,INV_05,2024-10-09,SELL,AEL,21.88,1089,250744.93
TX_105690,INV_05,2024-10-10,BUY,HNB,203.56,184,212914.72
TX_105691,INV_05,2024-10-11,BUY,CFIN,114.27,279,180715.68
TX_105692,INV_05,2024-10-14,SELL,HHL,75.56,678,231431.76
TX_105693,INV_05,2024-10-15,BUY,COMB,102.44,338,196459.24
TX_105694,INV_05,2024-10-18,BUY,NDB,74.25,396,166764.08
TX_105695,INV_05,2024-10-21,BUY,DIAL,10.61,2356,141508.36
TX_105696,INV_05,2024-10-22,SELL,LFIN,66.96,341,164112.36
TX_105697,INV_05,2024-10-23,BUY,LIOC,108.15,227,139316.06
TX_105698,INV_05,2024-10-24,BUY,COMB,105.53,198,118212.7
TX_105699,INV_05,2024-10-25,BUY,NTB,135.06,131,100343.54
TX_105700,INV_05,2024-10-30,BUY,HNB,217.85,69,85161.68
TX_105701,INV_05,2024-10-31,SELL,DIAL,10.33,2579,111534.6
TX_105702,INV_05,2024-11-04,SELL,NTB,134.33,324,154620.75
TX_105703,INV_05,2024-11-05,BUY,DFCC,81.03,286,131214.34
TX_105704,INV_05,2024-11-06,SELL,NDB,81.22,385,162171.63
TX_105705,INV_05,2024-11-07,BUY,HAYL,96.33,252,137652.49
TX_105706,INV_05,2024-11-08,BUY,COMB,109.08,189,116829.36
TX_105707,INV_05,2024-11-13,BUY,COMB,113.12,154,99235.32
TX_105708,INV_05,2024-11-14,BUY,DFCC,84.8,175,84247.46
TX_105709,INV_05,2024-11-18,SELL,LOFC,6.4,1618,94499.11
TX_105710,INV_05,2024-11-19,SELL,NDB,78.74,289,117026.37
TX_105711,INV_05,2024-11-20,SELL,HAYL,96.8,465,161588.86
TX_105712,INV_05,2024-11-22,SELL,COMB,115.72,466,214977.15
TX_105713,INV_05,2024-11-25,SELL,AEL,24.58,817,234854.68
TX_105714,INV_05,2024-11-26,BUY,COMB,115.25,305,199351.89
TX_105715,INV_05,2024-11-27,BUY,MELS,100.55,297,169189.42
TX_105716,INV_05,2024-11-28,BUY,LIOC,106.95,237,143589.06
TX_105717,INV_05,2024-11-29,SELL,HNB,221.42,253,199048.07
TX_105718,INV_05,2024-12-02,BUY,AEL,26.53,1125,168902.73
TX_105719,INV_05,2024-12-05,BUY,DFCC,85.09,297,143379.28
TX_105720,INV_05,2024-12-06,BUY,COMB,122.13,176,121669.96
TX_105721,INV_05,2024-12-09,BUY,COMB,122.36,149,103255.36
TX_105722,INV_05,2024-12-10,BUY,NDB,81.22,190,87669.09
TX_105723,INV_05,2024-12-12,BUY,NDB,81.32,161,74446.25
TX_105724,INV_05,2024-12-13,BUY,MELS,105.98,105,63207.02
TX_105725,INV_05,2024-12-16,BUY,DIAL,10.61,893,53634.28
TX_105726,INV_05,2024-12-17,SELL,COMB,130.43,507,119099.54
TX_105727,INV_05,2024-12-18,BUY,HAYL,110.56,161,101120.82
TX_105728,INV_05,2024-12-20,BUY,NTB,167.91,90,85858.12
TX_105729,INV_05,2024-12-23,BUY,JKH,22.1,582,72866.9
TX_105730,INV_05,2024-12-26,BUY,MELS,111.41,98,61839.61
TX_105731,INV_05,2024-12-30,BUY,NDB,102.0,90,52567.47
TX_105732,INV_05,2024-12-31,BUY,MELS,116.13,67,44708.95
TX_105733,INV_05,2025-01-03,SELL,LFIN,79.51,255,64781.61
TX_105734,INV_05,2025-01-06,SELL,LOFC,6.8,1214,72954.25
TX_105735,INV_05,2025-01-07,SELL,LFIN,78.86,192,87944.05
TX_105736,INV_05,2025-01-09,SELL,NDB,103.2,327,121352.38
TX_105737,INV_05,2025-01-10,BUY,HAYL,119.43,152,103017.92
TX_105738,INV_05,2025-01-14,SELL,HHL,104.62,509,155736.4
TX_105739,INV_05,2025-01-15,BUY,LOFC,6.7,3486,132146.64
TX_105740,INV_05,2025-01-16,BUY,COMB,136.83,144,112246.11
TX_105741,INV_05,2025-01-17,BUY,NDB,110.6,152,95266.25
TX_105742,INV_05,2025-01-20,BUY,AEL,33.62,425,80835.3
TX_105743,INV_05,2025-01-21,BUY,DIAL,12.79,947,68598.99
TX_105744,INV_05,2025-01-24,SELL,COMB,141.57,416,126904.27
TX_105745,INV_05,2025-01-27,BUY,HNB,333.56,57,107701.33
TX_105746,INV_05,2025-01-29,SELL,LIOC,132.0,315,148865.53
TX_105747,INV_05,2025-01-30,SELL,NTB,187.62,266,198272.66
TX_105748,INV_05,2025-01-31,BUY,LFIN,85.93,346,168244.22
TX_105749,INV_05,2025-02-03,SELL,HNB,328.08,204,234503.7
TX_105750,INV_05,2025-02-05,SELL,MELS,117.55,356,275931.71
TX_105751,INV_05,2025-02-06,SELL,HAYL,128.76,427,330361.33
TX_105752,INV_05,2025-02-07,BUY,NTB,186.64,265,280406.09
TX_105753,INV_05,2025-02-10,SELL,HAYL,126.66,320,320531.38
TX_105754,INV_05,2025-02-11,SELL,CFIN,195.29,462,409852.4
TX_105755,INV_05,2025-02-17,BUY,COMB,142.05,432,347874.48
TX_105756,INV_05,2025-02-18,BUY,NDB,119.68,436,295171.68
TX_105757,INV_05,2025-02-19,SELL,LOFC,6.4,1782,306462.43
TX_105758,INV_05,2025-02-20,SELL,DIAL,13.08,2394,337456.86
TX_105759,INV_05,2025-02-21,BUY,DFCC,117.47,430,286437.81
TX_105760,INV_05,2025-02-24,SELL,JKH,21.95,228,291392.84
TX_105761,INV_05,2025-02-25,SELL,HNB,303.32,153,337336.92
TX_105762,INV_05,2025-02-26,BUY,JKH,21.66,2336,286243.86
TX_105763,INV_05,2025-02-27,BUY,NDB,112.28,382,242925.63
TX_105764,INV_05,2025-03-03,SELL,DFCC,113.75,998,355312.91
TX_105765,INV_05,2025-03-04,SELL,HAYL,123.86,240,384741.82
TX_105766,INV_05,2025-03-07,BUY,NTB,195.96,294,326552.84
TX_105767,INV_05,2025-03-10,SELL,HNB,296.18,115,360272.78
TX_105768,INV_05,2025-03-11,SELL,LIOC,118.51,236,387961.68
TX_105769,INV_05,2025-03-12,BUY,DIAL,13.08,4449,329198.12
TX_105770,INV_05,2025-03-14,BUY,LFIN,82.62,597,279383.19
TX_105771,INV_05,2025-03-17,SELL,MELS,120.37,267,311199.79
TX_105772,INV_05,2025-03-18,SELL,HHL,113.82,381,354132.09
TX_105773,INV_05,2025-03-19,SELL,JKH,19.88,755,368988.09
TX_105774,INV_05,2025-03-20,BUY,AEL,36.4,1520,313099.78
TX_105775,INV_05,2025-03-24,SELL,HHL,116.0,286,345944.3
TX_105776,INV_05,2025-03-26,SELL,AEL,36.88,1380,396336.38
TX_105777,INV_05,2025-03-27,BUY,JKH,19.97,2976,336297.96
TX_105778,INV_05,2025-03-31,SELL,HHL,116.24,215,361040.32
TX_105779,INV_05,2025-04-01,BUY,COMB,143.75,376,306449.82
TX_105780,INV_05,2025-04-02,BUY,JKH,19.97,2301,260028.98
TX_105781,INV_05,2025-04-03,SELL,LIOC,123.81,177,281724.24
TX_105782,INV_05,2025-04-04,SELL,LFIN,81.57,379,312328.83
TX_105783,INV_05,2025-04-07,SELL,COMB,122.5,514,374664.18
TX_105784,INV_05,2025-04-08,BUY,HHL,111.64,503,317946.76
TX_105785,INV_05,2025-04-09,SELL,MELS,118.92,200,341493.42
TX_105786,INV_05,2025-04-10,BUY,AEL,36.98,1385,289762.69
TX_105787,INV_05,2025-04-11,SELL,MELS,123.5,150,308101.92
TX_105788,INV_05,2025-04-14,BUY,LIOC,121.88,379,261446.25
TX_105789,INV_05,2025-04-15,BUY,COMB,139.75,280,221924.95
TX_105790,INV_05,2025-04-23,SELL,MELS,121.81,112,235431.39
TX_105791,INV_05,2025-04-24,BUY,CFIN,188.45,187,199838.21
TX_105792,INV_05,2025-04-25,BUY,NTB,185.32,161,169702.88
TX_105793,INV_05,2025-04-28,SELL,NTB,184.09,379,238773.64
TX_105794,INV_05,2025-04-30,SELL,MELS,126.63,84,249303.86
TX_105795,INV_05,2025-05-02,BUY,COMB,136.0,274,211667.22
TX_105796,INV_05,2025-05-05,BUY,DFCC,106.0,299,179656.28
TX_105797,INV_05,2025-05-06,BUY,HHL,23.59,1142,152449.78
TX_105798,INV_05,2025-05-09,SELL,LIOC,124.29,227,180381.92
TX_105799,INV_05,2025-05-12,SELL,JKH,19.97,1885,217657.25
TX_105800,INV_05,2025-05-13,SELL,NDB,104.25,487,267919.3
TX_105801,INV_05,2025-05-14,BUY,HHL,23.73,1693,227337.56
TX_105802,INV_05,2025-05-15,BUY,LFIN,94.83,359,192954.21
TX_105803,INV_05,2025-05-16,BUY,LIOC,127.91,226,163758.59
TX_105804,INV_05,2025-05-19,SELL,MELS,135.53,63,172211.8
TX_105805,INV_05,2025-05-20,SELL,NTB,192.99,284,226473.7
TX_105806,INV_05,2025-05-22,SELL,DIAL,15.64,2908,271488.85
TX_105807,INV_05,2025-05-23,SELL,HHL,24.8,995,295916.65
TX_105808,INV_05,2025-05-28,BUY,HAYL,142.9,310,251174.28
TX_105809,INV_05,2025-05-29,BUY,LFIN,96.35,391,213123.33
TX_105810,INV_05,2025-06-02,BUY,LFIN,103.99,307,180880.57
TX_105811,INV_05,2025-06-04,SELL,COMB,155.25,524,261418.06
TX_105812,INV_05,2025-06-05,BUY,LIOC,132.72,295,221873.35
TX_105813,INV_05,2025-06-06,SELL,DIAL,17.25,2181,259113.17
TX_105814,INV_05,2025-06-09,BUY,JKH,21.71,1790,219870.55
TX_105815,INV_05,2025-06-11,SELL,DIAL,17.72,1635,248554.56
TX_105816,INV_05,2025-06-13,SELL,HHL,27.7,747,269042.96
TX_105817,INV_05,2025-06-16,SELL,MELS,138.42,48,275620.77
TX_105818,INV_05,2025-06-17,SELL,DIAL,18.7,1227,298336.22
TX_105819,INV_05,2025-06-18,SELL,LIOC,132.24,301,337742.68
TX_105820,INV_05,2025-06-19,SELL,HHL,27.03,560,352726.19
TX_105821,INV_05,2025-06-20,BUY,AEL,40.34,1311,299316.04
TX_105822,INV_05,2025-06-24,BUY,LFIN,113.53,395,254025.09
TX_105823,INV_05,2025-06-25,SELL,NTB,202.4,213,296704.16
TX_105824,INV_05,2025-06-26,BUY,DIAL,19.1,2330,251756.13
TX_105825,INV_05,2025-06-27,BUY,HAYL,168.51,224,213633.25
TX_105826,INV_05,2025-06-30,BUY,HHL,30.29,1058,181269.79
TX_105827,INV_05,2025-07-01,BUY,LFIN,125.51,216,153889.22
TX_105828,INV_05,2025-07-02,BUY,LOFC,5.8,3979,130580.23
TX_105829,INV_05,2025-07-03,SELL,HHL,30.29,684,151088.98
TX_105830,INV_05,2025-07-04,SELL,NTB,210.31,160,184402.54
TX_105831,INV_05,2025-07-07,SELL,AEL,46.55,1709,263160.71
TX_105832,INV_05,2025-07-08,BUY,LOFC,5.9,6690,223295.0
TX_105833,INV_05,2025-07-09,BUY,LFIN,134.63,248,189572.84
TX_105834,INV_05,2025-07-11,BUY,COMB,163.5,173,161004.49
TX_105835,INV_05,2025-07-15,SELL,JKH,25.77,1861,208482.7
TX_105836,INV_05,2025-07-16,SELL,HNB,359.5,86,239090.53
TX_105837,INV_05,2025-07-18,BUY,LIOC,130.5,274,202975.96
TX_105838,INV_05,2025-07-22,BUY,NTB,219.72,138,172352.08
TX_105839,INV_05,2025-07-23,BUY,LFIN,132.41,195,146273.74
TX_105840,INV_05,2025-07-25,BUY,JKH,24.78,885,124125.25
TX_105841,INV_05,2025-07-28,BUY,HNB,362.25,51,105465.75
TX_105842,INV_05,2025-07-31,SELL,LFIN,136.6,812,215277.96
TX_105843,INV_05,2025-08-01,BUY,LIOC,136.75,236,182682.23
TX_105844,INV_05,2025-08-04,SELL,COMB,174.0,437,257959.85
TX_105845,INV_05,2025-08-05,SELL,AEL,58.19,1282,331810.04
TX_105846,INV_05,2025-08-07,SELL,JKH,23.29,1617,369096.62
TX_105847,INV_05,2025-08-11,SELL,HHL,30.58,513,384629.47
TX_105848,INV_05,2025-08-13,SELL,LIOC,132.75,353,431021.62
TX_105849,INV_05,2025-08-14,SELL,MELS,152.14,36,436444.02
TX_105850,INV_05,2025-08-15,BUY,HHL,30.09,2175,370348.62
TX_105851,INV_05,2025-08-18,BUY,HAYL,173.38,320,314311.05
TX_105852,INV_05,2025-08-20,BUY,COMB,197.75,238,266775.9
TX_105853,INV_05,2025-08-21,SELL,AEL,56.21,961,320258.17
TX_105854,INV_05,2025-08-22,SELL,COMB,195.25,387,395064.31
TX_105855,INV_05,2025-08-25,SELL,NDB,144.25,366,447331.85
TX_105856,INV_05,2025-08-28,SELL,COMB,193.75,290,502957.48
TX_105857,INV_05,2025-08-29,SELL,DIAL,26.1,1502,541767.65
TX_105858,INV_05,2025-09-02,SELL,LOFC,5.9,4003,565149.18
TX_105859,INV_05,2025-09-03,BUY,LIOC,132.25,641,479529.21
TX_105860,INV_05,2025-09-08,SELL,LIOC,132.0,425,535068.21
TX_105861,INV_05,2025-09-09,SELL,HAYL,170.21,394,601461.65
TX_105862,INV_05,2025-09-10,BUY,AEL,57.2,1577,510353.45
TX_105863,INV_05,2025-09-11,SELL,LFIN,133.4,609,590779.99
TX_105864,INV_05,2025-09-15,SELL,HAYL,168.51,295,639992.28
TX_105865,INV_05,2025-09-16,BUY,COMB,186.5,514,543172.67
TX_105866,INV_05,2025-09-18,BUY,MELS,155.21,524,461027.42
TX_105867,INV_05,2025-09-19,SELL,DIAL,25.6,1127,489590.11
TX_105868,INV_05,2025-09-22,BUY,MELS,158.13,464,415482.66
TX_105869,INV_05,2025-09-23,BUY,HNB,389.25,160,352579.86
TX_105870,INV_05,2025-09-24,BUY,LIOC,131.75,401,299219.8
TX_105871,INV_05,2025-09-25,BUY,DFCC,165.25,271,253989.22
TX_105872,INV_05,2025-09-26,SELL,COMB,193.5,346,320270.71
TX_105873,INV_05,2025-09-29,SELL,JKH,22.1,1213,346813.11
TX_105874,INV_05,2025-09-30,SELL,MELS,166.4,274,391952.02
TX_105875,INV_05,2025-10-03,BUY,NTB,307.06,191,332717.7
TX_105876,INV_05,2025-10-07,BUY,LFIN,150.66,331,282351.38
TX_105877,INV_05,2025-10-08,SELL,AEL,62.13,1115,350936.05
TX_105878,INV_05,2025-10-09,SELL,LFIN,153.86,540,433191.21
TX_105879,INV_05,2025-10-10,BUY,COMB,205.0,316,367763.41
TX_105880,INV_05,2025-10-13,SELL,HHL,32.77,929,397901.3
TX_105881,INV_05,2025-10-15,BUY,CFIN,292.45,204,337644.36
TX_105882,INV_05,2025-10-16,BUY,LIOC,134.0,377,286621.18
TX_105883,INV_05,2025-10-17,BUY,LFIN,168.16,255,243310.44
TX_105884,INV_05,2025-10-21,BUY,HHL,35.15,1038,206457.69
TX_105885,INV_05,2025-10-23,SELL,HAYL,192.4,222,248744.36
TX_105886,INV_05,2025-10-24,SELL,LOFC,6.7,3003,268663.26
TX_105887,INV_05,2025-10-27,SELL,LOFC,6.6,2252,283377.83
TX_105888,INV_05,2025-10-28,SELL,LFIN,162.74,469,358939.51
TX_105889,INV_05,2025-10-29,BUY,NDB,142.0,379,304583.33
TX_105890,INV_05,2025-11-03,BUY,NTB,287.02,159,258491.56
TX_105891,INV_05,2025-11-04,BUY,MELS,184.65,209,219513.65
TX_105892,INV_05,2025-11-06,BUY,NTB,299.63,109,186526.95
TX_105893,INV_05,2025-11-10,BUY,COMB,215.75,129,158416.88
TX_105894,INV_05,2025-11-11,BUY,LOFC,6.3,3771,134422.01
TX_105895,INV_05,2025-11-12,SELL,COMB,216.75,371,214032.12
TX_105896,INV_05,2025-11-13,SELL,HAYL,192.89,166,245732.03
TX_105897,INV_05,2025-11-14,BUY,NDB,151.25,243,208610.75
TX_105898,INV_05,2025-11-17,SELL,CFIN,299.14,445,340396.29
TX_105899,INV_05,2025-11-18,SELL,JKH,22.5,910,360666.94
TX_105900,INV_05,2025-11-19,SELL,HNB,413.75,117,408591.6
TX_105901,INV_05,2025-11-20,BUY,DFCC,162.0,378,346743.24
TX_105902,INV_05,2025-11-21,SELL,JKH,22.8,682,362136.75
TX_105903,INV_05,2025-11-24,SELL,DFCC,159.75,985,517916.96
TX_105904,INV_05,2025-11-25,BUY,CFIN,285.27,272,439547.22
TX_105905,INV_05,2025-11-26,BUY,DFCC,159.75,412,373072.05
TX_105906,INV_05,2025-11-27,SELL,LFIN,152.88,351,426195.18
TX_105907,INV_05,2025-11-28,BUY,HAYL,187.77,340,361714.53
TX_105908,INV_05,2025-12-01,SELL,AEL,72.98,836,422116.3
TX_105909,INV_05,2025-12-02,BUY,LFIN,147.95,427,358311.97
TX_105910,INV_05,2025-12-03,SELL,NTB,291.96,269,436064.83
TX_105911,INV_05,2025-12-05,SELL,NTB,287.02,202,493462.12
TX_105912,INV_05,2025-12-08,BUY,DFCC,146.5,505,418739.79
TX_105913,INV_05,2025-12-09,BUY,CFIN,270.0,232,355473.39
TX_105914,INV_05,2025-12-10,BUY,DIAL,29.1,1832,301629.08
TX_105915,INV_05,2025-12-11,BUY,LFIN,151.15,299,255983.09
TX_105916,INV_05,2025-12-12,SELL,NDB,141.25,430,316113.21
TX_105917,INV_05,2025-12-15,SELL,HHL,36.0,956,350185.05
TX_105918,INV_05,2025-12-16,BUY,HHL,35.6,1475,297149.95
TX_105919,INV_05,2025-12-17,SELL,DIAL,29.5,1303,335204.07
TX_105920,INV_05,2025-12-18,SELL,CFIN,269.25,459,457553.96
TX_105921,INV_05,2025-12-19,SELL,CFIN,270.0,345,549772.46
TX_105922,INV_05,2025-12-22,SELL,NDB,137.75,322,593684.41
TX_105923,INV_05,2025-12-26,BUY,LOFC,5.9,15093,503745.22
TX_105924,INV_05,2025-12-29,BUY,MELS,163.98,460,427558.16
TX_105925,INV_05,2025-12-31,SELL,HAYL,190.94,210,467254.87
TX_105926,INV_05,2026-01-02,SELL,AEL,76.0,627,514430.35
TX_105927,INV_05,2026-01-05,SELL,DFCC,151.75,968,659855.41
TX_105928,INV_05,2026-01-06,BUY,CFIN,278.25,355,560088.88
TX_105929,INV_05,2026-01-07,SELL,DFCC,153.25,726,670235.78
TX_105930,INV_05,2026-01-09,BUY,LFIN,161.51,622,568773.95
TX_105931,INV_05,2026-01-12,SELL,CFIN,281.5,347,665477.64
TX_105932,INV_05,2026-01-13,SELL,LIOC,137.25,513,735182.8
TX_105933,INV_05,2026-01-14,BUY,DFCC,156.25,705,623924.99
TX_105934,INV_05,2026-01-19,SELL,HAYL,206.79,157,656066.7
TX_105935,INV_05,2026-01-20,BUY,CFIN,285.0,345,556758.45
TX_105936,INV_05,2026-01-21,BUY,DFCC,157.0,531,472557.78
TX_105937,INV_05,2026-01-22,BUY,HAYL,227.03,312,401015.3
TX_105938,INV_05,2026-01-23,SELL,AEL,73.8,471,435427.5
TX_105939,INV_05,2026-01-27,SELL,NDB,147.75,242,470825.45
TX_105940,INV_05,2026-01-29,SELL,COMB,227.75,278,533506.8
TX_105941,INV_05,2026-02-02,SELL,AEL,71.9,353,558633.7
TX_105942,INV_05,2026-02-03,SELL,DFCC,158.5,854,692639.11
TX_105943,INV_05,2026-02-05,SELL,CFIN,278.5,347,788312.21
TX_105944,INV_05,2026-02-06,BUY,LOFC,5.9,20041,668887.89
TX_105945,INV_05,2026-02-13,BUY,HAYL,238.75,420,567610.14
TX_105946,INV_05,2026-02-17,SELL,HNB,451.75,88,606966.6
TX_105947,INV_05,2026-02-18,BUY,LFIN,163.75,555,515176.54
TX_105948,INV_05,2026-02-19,BUY,LIOC,143.5,538,437201.51
TX_105949,INV_05,2026-02-23,SELL,DFCC,159.0,640,537943.91
TX_105950,INV_05,2026-02-25,BUY,LFIN,163.75,492,456573.26
TX_105951,INV_05,2026-02-27,BUY,NTB,339.47,201,387657.52
TX_105952,INV_05,2026-03-02,BUY,HAYL,239.0,243,328999.75
TX_105953,INV_05,2026-03-03,BUY,LFIN,163.75,301,279218.11
TX_105954,INV_05,2026-03-04,SELL,HHL,33.9,1086,315665.36
