Date,Ticker,Open,High,Low,Close,Volume
2021-01-04,COMB,58.3107556457269,60.1824580596398,58.3107556457269,59.9664878845214,1390394
2021-01-04,DIAL,8.66964870636382,8.66964870636382,8.60029125213623,8.60029125213623,830856
2021-01-04,HNB,98.8625958326154,101.20716673472,98.8625958326154,100.660095214843,898750
2021-01-04,JKH,148.055355640947,147.074856596967,146.584607074977,146.682662963867,823543
2021-01-04,LIOC,18.412759787913,18.8219322276444,18.2490901876728,18.3309249877929,358990
2021-01-04,NDB,63.4152350255499,63.8191502236,63.0920972370413,63.6575813293457,450265
2021-01-05,COMB,60.1104723858007,60.3984285339676,59.7505302877329,59.8945083618164,724869
2021-01-05,DIAL,8.66964817047119,8.73900562041162,8.60029072053075,8.66964817047119,1211835
2021-01-05,HNB,101.207172842687,102.379455119237,100.660101289794,101.129020690917,368396
2021-01-05,JKH,146.976834225468,147.074890136718,147.074890136718,147.074890136718,1193733
2021-01-05,LIOC,18.4127590504098,19.3947734907792,18.3309242535675,19.2311038970947,724244
2021-01-05,NDB,63.819139618812,64.6269769182601,63.819139618812,64.0614929199218,220628
2021-01-06,COMB,59.7505264282226,59.894504493006,59.030642278587,59.7505264282226,1152931
2021-01-06,DIAL,8.73900522180586,8.80836200714111,8.66964777502897,8.80836200714111,418842
2021-01-06,HNB,101.441640318672,100.816423036588,100.034894943479,101.20718383789,206804
2021-01-06,JKH,147.074881028813,147.172936933991,146.878784179687,146.878784179687,452832
2021-01-06,LIOC,19.2311016605634,19.9676116247516,18.9037640721318,19.4766044616699,1586550
2021-01-06,NDB,63.8191446066138,64.5461975291816,63.576798324148,63.8999290466308,79567
2021-01-07,COMB,59.6785392189604,59.7505251626868,59.7505251626868,59.5345611572265,581893
2021-01-07,DIAL,8.80836187308585,8.80836187308585,8.66964764308482,8.73900508880615,393239
2021-01-07,HNB,101.597944639192,101.597944639192,100.034894943479,101.20718383789,399787
2021-01-07,JKH,146.878747098345,145.604095458984,145.604095458984,145.604095458984,114988
2021-01-07,LIOC,19.7221114944136,19.7221114944136,18.7400970352657,18.90376663208,167398
2021-01-07,NDB,64.5462029987009,64.5462029987009,62.2034751524453,63.2536659240722,200127
2021-01-08,COMB,59.5345637156688,59.6065496624887,58.958651443984,59.3185997009277,1004858
2021-01-08,DIAL,8.73900508880615,9.01643354880821,8.73900508880615,8.73900508880615,1264702
2021-01-08,HNB,101.207182304169,101.59794309955,100.425654222904,100.816421508789,268699
2021-01-08,JKH,145.849250819059,147.074874775521,145.359001236473,146.094375610351,358315
2021-01-08,LIOC,18.9037640832308,20.0494464238484,18.9037640832308,19.6402740478515,691364
2021-01-08,NDB,63.0113125834847,63.819150014524,62.6881818336204,63.2536659240722,115453
2021-01-11,COMB,59.3186008566347,59.4625727530795,59.0306447151821,59.2466087341308,1239465
2021-01-11,DIAL,8.80836200714111,8.87771945391799,8.73900522180586,8.80836200714111,204795
2021-01-11,HNB,101.207171921991,100.816411166696,100.034883165603,100.425643920898,214514
2021-01-11,JKH,146.094383523229,151.977378832889,146.094383523229,151.73225402832,334081
2021-01-11,LIOC,19.6402740478515,19.8039436225978,19.3129364592277,19.6402740478515,768074
2021-01-11,NDB,63.0113070031087,64.4654128426846,63.0113070031087,63.4960136413574,206291
2021-01-12,COMB,59.1026255904811,59.4625676492615,58.3107555308768,59.0306396484375,978062
2021-01-12,DIAL,8.87771945391799,8.87771945391799,8.73900522180586,8.80836200714111,718328
2021-01-12,HNB,100.816409580594,100.816409580594,99.6441208426494,100.034881591796,245876
2021-01-12,JKH,151.977370759577,150.016372427195,147.074874928623,147.565124511718,417491
2021-01-12,LIOC,19.6402740478515,19.6402740478515,19.4766044731053,19.6402740478515,444567
2021-01-12,NDB,63.0920906066894,63.8191435168421,63.8191435168421,63.0920906066894,185594
2021-01-13,COMB,58.8866615900691,59.3905817072178,58.6706975896571,59.0306396484375,616911
2021-01-13,DIAL,8.80836200714111,9.08579113280702,8.73900522180586,8.80836200714111,1225842
2021-01-13,HNB,100.034889734971,100.230273370701,98.6672302468754,99.057991027832,324282
2021-01-13,JKH,147.320029889333,151.487152199015,147.320029889333,150.506652832031,317749
2021-01-13,LIOC,19.6402740478515,19.8857768491022,19.5584392604784,19.6402740478515,677779
2021-01-13,NDB,63.2536639102643,63.4152327988454,62.7689642821063,63.0113105773925,406684
2021-01-15,COMB,59.0306400577099,61.2622845421891,58.9586479408861,60.6863784790039,1330740
2021-01-15,DIAL,8.80836255671846,9.01643424858963,8.80836255671846,8.94707679748535,675120
2021-01-15,HNB,99.2533727722257,101.597944057111,98.2764740198189,100.230278015136,720579
2021-01-15,JKH,150.751747727394,156.87986755371,150.751747727394,156.87986755371,1405678
2021-01-15,LIOC,19.6402746286399,21.6861365691232,19.3947718201294,21.1132946014404,1640482
2021-01-15,NDB,63.0113056474969,66.2426550159627,63.0113056474969,65.5156021118164,378640
2021-01-18,COMB,61.1902993270001,63.3499517203267,63.3499517203267,63.8538780212402,2416109
2021-01-18,DIAL,8.94707610308689,8.94707610308689,8.73900508880615,8.73900508880615,7282287
2021-01-18,HNB,101.597931176698,103.942495673839,103.942495673839,103.551734924316,1560242
2021-01-18,JKH,158.840904342296,162.272652275617,157.860404932776,158.105529785156,910125
2021-01-18,LIOC,21.7679755471591,24.4685132038435,20.2949537300748,22.9136581420898,2959303
2021-01-18,NDB,68.5853834240615,68.5045989851259,67.0504931594541,69.2316589355468,759852
2021-01-19,COMB,64.0698419212808,69.8289273093265,64.7897260512162,69.2530212402343,5352011
2021-01-19,DIAL,8.87771945391799,8.73900522180586,8.73900522180586,8.80836200714111,12600237
2021-01-19,HNB,105.505544901956,110.585447926734,100.816415630784,108.631637573242,4441286
2021-01-19,JKH,158.840873634945,158.840873634945,154.428627145085,157.125,3362367
2021-01-19,LIOC,24.1411711660101,25.6141911551818,22.5044815954331,23.1591567993164,5940454
2021-01-19,NDB,69.4740116984226,72.7053614070742,67.8583368440969,72.1398773193359,1118649
2021-01-20,COMB,69.8289248118299,71.9165911836878,66.2294981166085,69.6129608154296,2188335
2021-01-20,DIAL,8.80836242905136,8.94707666780775,8.739005640394,8.87771987915039,3290217
2021-01-20,HNB,110.19468338801,114.102304191603,107.068597129941,109.022407531738,4231914
2021-01-20,JKH,156.879851711783,154.918853565386,151.48710680919,153.938354492187,6781032
2021-01-20,LIOC,22.9136539904319,23.6501639850935,22.0953092050593,23.2409915924072,700905
2021-01-20,NDB,73.5131850342793,76.7445341363393,71.0896732077344,75.6943435668945,1132525
2021-01-21,COMB,69.109038809659,69.109038809659,66.589438339917,67.4533004760742,1372069
2021-01-21,DIAL,8.87772000782274,8.94707679748535,8.80836255671846,8.94707679748535,1789848
2021-01-21,HNB,109.413160040458,110.585448858634,107.068595385115,108.045494079589,967021
2021-01-21,JKH,153.938399797604,156.879897882908,156.879897882908,158.840896606445,3749530
2021-01-21,LIOC,22.9136530617344,23.2409906504425,21.7679707208214,22.1771430969238,940104
2021-01-21,NDB,76.7445393896758,79.1680513821156,74.7249495814351,76.9868927001953,899710
2021-01-22,COMB,68.0292052334436,71.7726159856564,68.9650594650669,71.4126739501953,2162789
2021-01-22,DIAL,8.94707623925325,8.94707623925325,8.80836200714111,8.80836200714111,686613
2021-01-22,HNB,109.413169277253,111.366979812153,109.413169277253,110.390068054199,1592774
2021-01-22,JKH,161.782356704326,173.548346282822,164.72385409895,164.968978881835,2873244
2021-01-22,LIOC,22.5044819298403,22.6681515136776,22.5044819298403,22.9954891204834,1382577
2021-01-22,NDB,77.1484648064814,79.9758920640077,77.1484648064814,79.4104080200195,623915
2021-01-25,COMB,71.8446016022552,74.1482380280574,71.9885796506529,72.5284957885742,2255589
2021-01-25,DIAL,8.80836203624382,9.01643371582031,8.80836203624382,9.01643371582031,707091
2021-01-25,HNB,111.757717107715,119.377567946471,113.320773086157,118.596046447753,1786308
2021-01-25,JKH,167.665381953798,176.48987574084,165.704383334455,177.715499877929,6258287
2021-01-25,LIOC,22.9954891181222,23.2409919329841,22.3408123437091,22.8318195343017,1078441
2021-01-25,NDB,79.1680569957343,83.6111591114647,79.1680569957343,82.6013641357421,741612
2021-01-26,COMB,74.148242451902,71.9885839456476,71.9885839456476,72.3485260009765,2906317
2021-01-26,DIAL,9.01643424858963,9.01643424858963,8.87772000782274,8.94707679748535,1075831
2021-01-26,HNB,119.377578216522,121.917520060615,121.917520060615,120.35447692871,2345250
2021-01-26,JKH,177.715500253326,171.587379554936,166.684882996223,169.381256103515,2687848
2021-01-26,LIOC,22.913655401404,22.913655401404,21.4406353213756,21.8498077392578,426277
2021-01-26,NDB,83.6111591114647,84.8229187124,81.5915691600196,82.6013641357421,441107
2021-01-27,COMB,72.8884407543485,73.0684086913744,71.2686984497115,71.8446044921875,1440309
2021-01-27,DIAL,8.94707679748535,9.01643424858963,8.87772000782274,8.94707679748535,1070195
2021-01-27,HNB,121.9175170273,121.9175170273,115.079200250105,116.056098937988,723554
2021-01-27,JKH,171.58736402971,171.58736402971,166.439743108819,167.910491943359,7414773
2021-01-27,LIOC,22.25898015714,22.25898015714,20.7041237204924,21.8498077392578,817832
2021-01-27,NDB,82.3994007350961,80.7837260728867,79.895104304913,80.2990264892578,376717
2021-01-29,COMB,74.5081857607318,71.2687010339907,71.2687010339907,71.7726211547851,3051160
2021-01-29,DIAL,8.87771945391799,8.94707623925325,8.80836200714111,8.80836200714111,344552
2021-01-29,HNB,121.136008243075,128.951237512533,120.35448661423,121.72215270996,2976239
2021-01-29,JKH,170.606904355351,171.587403805669,162.272659027647,163.743408203125,1686608
2021-01-29,LIOC,22.4226485725261,23.3228282194871,20.8677936700674,21.2769660949707,551915
2021-01-29,NDB,80.7837316290683,85.4287983617973,77.5523820824022,78.6833572387695,365303
2021-02-01,COMB,71.9885910899412,71.9885910899412,69.0370560644784,69.3250122070312,1181129
2021-02-01,DIAL,8.73900508880615,8.80836187308585,8.66964764308482,8.73900508880615,5891576
2021-02-01,HNB,121.91751419763,124.848223174265,116.446863499048,117.814529418945,1102384
2021-02-01,JKH,165.214111328125,168.400733653444,160.801865031528,165.214111328125,1097796
2021-02-01,LIOC,21.2769632218994,21.2769632218994,19.6402737432918,20.1312808990478,432030
2021-02-01,NDB,80.7837250780837,80.7837250780837,71.8975145453602,77.552375793457,1355546
2021-02-02,COMB,68.9650681150807,69.0370540614896,61.9101860471917,64.7177429199218,1470722
2021-02-02,DIAL,8.73900505504548,8.73900505504548,8.53093338012695,8.53093338012695,3383446
2021-02-02,HNB,117.423764692446,117.423764692446,105.700928533507,108.631637573242,676660
2021-02-02,JKH,165.214118332962,165.214118332962,150.99687966336,152.712753295898,2452685
2021-02-02,LIOC,20.1312835485434,20.4586211751723,18.0854214310261,19.067434310913,221153
2021-02-02,NDB,77.5523802040267,77.5523802040267,72.3822182395518,72.7861404418945,1602966
2021-02-03,COMB,64.0698365161877,67.6692630364893,64.0698365161877,66.9493789672851,680167
2021-02-03,DIAL,8.53093393203198,8.73900562041162,8.53093393203198,8.66964817047119,745880
2021-02-03,HNB,108.631640460636,114.883825969388,107.0685973287,112.930015563964,699183
2021-02-03,JKH,152.957900713074,163.498268871187,152.957900713074,155.89939880371,1580838
2021-02-03,LIOC,19.0674317880882,20.3767836822317,19.0674317880882,19.9676113128662,344750
2021-02-03,NDB,72.70535148064,75.8559163126713,72.70535148064,74.8057327270507,471778
2021-02-05,COMB,67.6692694697634,68.3891597816877,66.2295011944771,66.7334213256836,285000
2021-02-05,DIAL,8.66964817047119,8.73900562041162,8.66964817047119,8.66964817047119,133037
2021-02-05,HNB,112.930016266956,116.642246973665,112.148494696123,115.860725402832,630307
2021-02-05,JKH,155.899375731242,157.860374168113,151.9773788575,152.222503662109,2126410
2021-02-05,LIOC,20.4586204217404,20.4586204217404,19.9676132194449,20.0494480133056,160054
2021-02-05,NDB,75.0480882155672,75.128872660937,72.3822226311181,72.7053604125976,331204
2021-02-08,COMB,66.7334213256836,66.7334213256836,66.7334213256836,66.7334213256836,0
2021-02-08,DIAL,8.66964817047119,8.66964817047119,8.66964817047119,8.66964817047119,0
2021-02-08,HNB,115.860725402832,115.860725402832,115.860725402832,115.860725402832,0
2021-02-08,JKH,152.222503662109,152.222503662109,152.222503662109,152.222503662109,0
2021-02-08,LIOC,20.0494480133056,20.0494480133056,20.0494480133056,20.0494480133056,0
2021-02-08,NDB,72.7053604125976,72.7053604125976,72.7053604125976,72.7053604125976,0
2021-02-09,COMB,66.7334213256836,66.7334213256836,66.7334213256836,66.7334213256836,0
2021-02-09,DIAL,8.66964817047119,8.66964817047119,8.66964817047119,8.66964817047119,0
2021-02-09,HNB,115.860725402832,115.860725402832,115.860725402832,115.860725402832,0
2021-02-09,JKH,152.271453857421,152.271453857421,152.271453857421,152.271453857421,0
2021-02-09,LIOC,20.0494480133056,20.0494480133056,20.0494480133056,20.0494480133056,0
2021-02-09,NDB,72.7053604125976,72.7053604125976,72.7053604125976,72.7053604125976,0
2021-02-10,COMB,63.5659176994268,63.5659176994268,62.2701214096163,62.990005493164,586699
2021-02-10,DIAL,8.39221967345961,8.60029069989842,8.39221967345961,8.46157646179199,1413241
2021-02-10,HNB,109.41315663815,111.757721220587,108.631635110671,108.827018737792,193190
2021-02-10,JKH,151.045455907966,153.987899854225,150.309844921401,151.781066894531,2275220
2021-02-10,LIOC,19.0674354638676,19.0674354638676,18.0035877227783,18.0035877227783,200286
2021-02-10,NDB,72.7053536409146,73.5131909817868,68.6661669365535,69.7971420288086,75503
2021-02-11,COMB,61.9821726645274,62.630070886346,57.5908693547356,61.7662086486816,680918
2021-02-11,DIAL,8.46157633071501,8.46157633071501,8.32286209475739,8.39221954345703,1549738
2021-02-11,HNB,108.045498579832,110.976207766332,97.8857050024992,105.310173034667,433121
2021-02-11,JKH,151.781056629984,152.026260275589,145.160558198627,149.08381652832,2343691
2021-02-11,LIOC,18.003586168579,19.312938202104,15.5485516910455,17.676248550415,153110
2021-02-11,NDB,67.8583360527073,71.8167386958825,65.4348237994826,70.3626327514648,130710
2021-02-12,COMB,62.1981431512445,64.0698457041562,62.1981431512445,63.421947479248,545878
2021-02-12,DIAL,8.32286222368556,8.53093391156603,8.32286222368556,8.46157646179199,126093
2021-02-12,HNB,107.850118694458,109.413161823493,107.068597129941,109.022407531738,169012
2021-02-12,JKH,151.045430534276,152.026245018265,150.064616050287,151.290634155273,715949
2021-02-12,LIOC,19.1492713848616,19.640278663626,18.4127612471494,18.9856033325195,173483
2021-02-12,NDB,72.3014398978718,78.36021655366,72.1398710190326,73.3516235351562,185206
2021-02-15,COMB,63.3499530525261,65.5096116655497,63.3499530525261,65.0056915283203,1435761
2021-02-15,DIAL,8.53093393203198,8.73900562041162,8.60029072053075,8.66964817047119,2865661
2021-02-15,HNB,110.780828219701,114.297681763645,108.827024301123,109.413162231445,1179550
2021-02-15,JKH,155.459076309204,156.930297851562,155.94948348999,156.930297851562,3507276
2021-02-15,LIOC,18.9856002113979,18.9856002113979,18.0035858153064,18.1672554016113,96226
2021-02-15,NDB,73.0284979758953,76.6637628187508,71.8975227816816,72.3014450073242,616379
2021-02-16,COMB,65.1496718605468,65.5096139462016,62.5580851392637,63.133991241455,777062
2021-02-16,DIAL,8.60029072053075,8.73900562041162,8.53093393203198,8.66964817047119,809402
2021-02-16,HNB,109.4131630808,109.4131630808,105.505548722806,106.873214721679,520554
2021-02-16,JKH,156.930322966507,156.930322966507,152.026250373803,153.74267578125,1781839
2021-02-16,LIOC,18.8219313848586,18.8219313848586,17.1034069027629,17.1852416992187,141240
2021-02-16,NDB,72.1398765125248,72.7053605939387,70.2818483395546,71.7359542846679,302716
2021-02-17,COMB,62.9900068973798,64.645745265875,61.910180747986,63.4939270019531,1565556
2021-02-17,DIAL,8.66964870636382,8.66964870636382,8.60029125213623,8.60029125213623,480227
2021-02-17,HNB,106.873210697895,107.850115873239,102.37945857422,106.677833557128,195951
2021-02-17,JKH,154.723479980468,155.949498046875,150.309814941406,153.252258300781,105568
2021-02-17,LIOC,17.5125797142584,17.7580841090943,16.2032276244075,16.6124000549316,415200
2021-02-17,NDB,73.8363297755373,74.2402449328831,70.6857648054168,71.5743865966796,31815
2021-02-18,COMB,63.9978471065264,64.0698392210545,62.9900068973798,63.4939270019531,300131
2021-02-18,DIAL,8.66964870636382,8.73900616059141,8.60029125213623,8.60029125213623,247719
2021-02-18,HNB,106.287071228027,107.068592760651,105.505543204899,106.287071228027,414651
2021-02-18,JKH,156.930297851562,157.420705032348,154.968669128418,156.930297851562,1382839
2021-02-18,LIOC,18.0035873344963,18.8219322133371,16.7760700162352,18.4945945739746,630600
2021-02-18,NDB,72.7053593772657,72.7053593772657,69.8779319799253,71.8975219726562,248102
2021-02-19,COMB,63.4939298798933,65.5096103895497,63.4939298798933,64.7897262573242,1021070
2021-02-19,DIAL,8.66964870636382,8.66964870636382,8.60029125213623,8.60029125213623,1737290
2021-02-19,HNB,106.287072299855,108.436259781497,106.287072299855,107.654731750488,179571
2021-02-19,JKH,156.930297851562,157.420705032348,154.968669128418,156.930297851562,1025793
2021-02-19,LIOC,18.494594972846,18.494594972846,17.5125804727105,18.0035877227783,25749
2021-02-19,NDB,73.1900660425827,74.2402497422651,71.8167375284367,71.8975219726562,93394
2021-02-22,COMB,65.5096076824945,64.7897235800168,63.4219413155967,64.069839477539,665314
2021-02-22,DIAL,8.73900576705585,9.08579169969391,8.73900576705585,8.94707679748535,2056810
2021-02-22,HNB,109.41315989952,109.41315989952,105.505545655143,106.091690063476,55248
2021-02-22,JKH,155.949508373553,155.949508373553,152.026250301263,153.007064819335,93449
2021-02-22,LIOC,18.0035861737456,18.0035861737456,17.1034065528846,17.4307441711425,60928
2021-02-22,NDB,72.0590899668208,72.0590899668208,69.8779311127197,70.1202774047851,36012
2021-02-23,COMB,63.7098955146575,63.3499472999381,61.9101791381835,61.9101791381835,1423829
2021-02-23,DIAL,8.94707623925325,8.94707623925325,8.73900522180586,8.80836200714111,2244500
2021-02-23,HNB,106.287078203486,106.287078203486,101.793319360221,103.356369018554,125863
2021-02-23,JKH,152.516636165902,152.516636165902,147.612564263462,148.348175048828,446928
2021-02-23,LIOC,17.5944141240902,17.5944141240902,16.3668968596188,17.1034069061279,196867
2021-02-23,NDB,71.8975196476385,71.8975196476385,67.1312798183317,67.5352020263671,64545
2021-02-24,COMB,61.9101841266758,61.1902999877929,61.1902999877929,61.1902999877929,2780795
2021-02-24,DIAL,8.87771945391799,8.87771945391799,8.80836200714111,8.80836200714111,620108
2021-02-24,HNB,103.160979572026,104.724022651896,101.597936492155,102.184074401855,92833
2021-02-24,JKH,149.08381652832,148.838612882714,148.838612882714,149.08381652832,288512
2021-02-24,LIOC,17.5125780634845,17.5125780634845,16.3668956781853,16.44873046875,279284
2021-02-24,NDB,67.1312734489508,68.6661636186854,66.1618672792277,66.4042205810546,110010
2021-02-25,COMB,64.0698432371401,65.5096115265808,63.1339889095787,63.9258651733398,939636
2021-02-25,DIAL,8.73900522180586,8.87771945391799,8.73900522180586,8.80836200714111,1000119
2021-02-25,HNB,104.724017877895,104.724017877895,103.160974869278,104.52864074707,209014
2021-02-25,JKH,150.064605562557,152.516641601161,149.083791147116,149.328994750976,1344685
2021-02-25,LIOC,17.1034072679443,17.4307448998876,16.6942348377979,16.8579044342041,120279
2021-02-25,NDB,67.0504881071649,69.4739999798667,66.2426508162643,66.9697036743164,219122
2021-03-01,COMB,63.9258676846448,65.1496720136024,63.3499554068191,63.5659255981445,628613
2021-03-01,DIAL,8.80836200714111,8.87771945391799,8.73900522180586,8.80836200714111,262541
2021-03-01,HNB,105.114779519803,106.287068276692,103.160975742494,103.942497253417,35029
2021-03-01,JKH,152.026244918375,152.026244918375,149.329005089178,150.555023193359,4252282
2021-03-01,LIOC,16.8579018986619,18.0035842185796,16.8579018986619,17.5944118499755,198843
2021-03-01,NDB,67.0504913330078,67.8583286627739,66.2426540032416,67.0504913330078,800245
2021-03-02,COMB,63.5659201401363,63.5659201401363,62.2701238005718,62.4860877990722,150332
2021-03-02,DIAL,8.80836200714111,8.87771945391799,8.73900522180586,8.80836200714111,1492624
2021-03-02,HNB,103.942497915586,101.597933367879,100.816411851977,101.402549743652,255317
2021-03-02,JKH,153.007023402622,155.70426259722,150.55498777117,151.04539489746,166945
2021-03-02,LIOC,18.0035842111816,18.0035842111816,17.0215699025878,17.5125770568847,45408
2021-03-02,NDB,68.2093620831936,68.2093620831936,66.9766662186632,67.3053817749023,24978
2021-03-03,COMB,62.630070886346,62.630070886346,61.4782525113663,61.7662086486816,237584
2021-03-03,DIAL,8.80836200714111,8.87771945391799,8.73900522180586,8.80836200714111,657556
2021-03-03,HNB,101.597934048369,102.18407194397,98.0810807127498,98.8626022338867,82651
2021-03-03,JKH,152.516646710416,153.007053934565,147.857778080998,148.838592529296,227653
2021-03-03,LIOC,17.7580837135402,17.8399169491271,16.4487316528545,17.1852416992187,19525
2021-03-03,NDB,66.9766714210681,67.1410327915641,65.7439683015684,65.8261489868164,128336
2021-03-04,COMB,61.9101827827848,60.8303565979003,60.8303565979003,60.8303565979003,477618
2021-03-04,DIAL,8.80836200714111,8.87771945391799,8.73900522180586,8.80836200714111,9859808
2021-03-04,HNB,100.034886096475,101.597935653954,97.6903214960132,99.2533645629882,92879
2021-03-04,JKH,149.0838007549,149.0838007549,144.915339220635,145.40574645996,1662484
2021-03-04,LIOC,17.1852416992187,17.7580837135402,17.0215721063071,17.1852416992187,16105
2021-03-04,NDB,65.743963235482,65.743963235482,64.9221636055482,65.0865249633789,102414
2021-03-05,COMB,61.1902973216189,61.550239375377,59.7505229323056,61.1183052062988,398408
2021-03-05,DIAL,8.80836200714111,8.87771945391799,8.73900522180586,8.80836200714111,504269
2021-03-05,HNB,101.402554122508,101.597937755172,98.4718450660659,98.6672286987304,529859
2021-03-05,JKH,146.141321724002,147.612543083639,143.444082564666,145.896118164062,975664
2021-03-05,LIOC,17.1852417060133,17.5944141275851,16.8579040809297,17.0215721130371,72021
2021-03-05,NDB,65.4152490004444,65.4152490004444,64.7578035558414,64.9221649169921,41826
2021-03-08,COMB,61.1902951242264,62.6300632875556,61.0463170730373,62.05415725708,579756
2021-03-08,DIAL,8.80836255671846,9.01643424858963,8.80836255671846,8.94707679748535,1229082
2021-03-08,HNB,99.2533599267544,103.160973902166,99.2533599267544,101.597930908203,136329
2021-03-08,JKH,147.122177124023,149.083806152343,146.386566238403,147.122177124023,1263990
2021-03-08,LIOC,17.1852417025998,17.4307445311465,16.5305664525626,17.1034069061279,57797
2021-03-08,NDB,65.7439686129398,69.7707864130626,65.7439686129398,68.8668060302734,98691
2021-03-09,COMB,62.6300711849956,64.7177439290644,62.6300711849956,63.421947479248,115458
2021-03-09,DIAL,8.94707626881427,9.08579116282635,8.94707626881427,9.01643371582031,2217492
2021-03-09,HNB,103.551737848076,104.724020129745,102.379455566406,102.379455566406,255791
2021-03-09,JKH,149.083806152343,149.083806152343,146.631769866943,147.122177124023,860101
2021-03-09,LIOC,17.2670764990716,17.2670764990716,16.939738874053,17.1034069061279,68203
2021-03-09,NDB,69.6886030100985,72.3183633702881,67.3875653796399,68.7846298217773,96602
2021-03-10,COMB,63.9978466956348,63.9978466956348,61.6942163568621,61.9821662902832,169412
2021-03-10,DIAL,9.01643371582031,9.08579116282635,9.01643371582031,9.01643371582031,1674644
2021-03-10,HNB,101.597931078889,101.597931078889,99.6441208426494,100.034881591796,435459
2021-03-10,JKH,145.160547943628,147.122176969894,145.160547943628,145.650955200195,52173
2021-03-10,LIOC,16.7760696514888,17.1852420820129,16.4487320192433,16.6124000549316,27642
2021-03-10,NDB,68.2093671324874,69.0311668227489,67.3875674422258,67.6341094970703,6686
2021-03-12,COMB,61.910184383175,63.3499526669058,61.910184383175,62.5580825805664,285838
2021-03-12,DIAL,9.08579063415527,9.15514741568404,9.0164331911849,9.08579063415527,212970
2021-03-12,HNB,100.034882289616,102.965591173916,100.034882289616,101.01178741455,151282
2021-03-12,JKH,146.141342341402,147.122156719532,147.122156719532,146.876953125,958413
2021-03-12,LIOC,17.1852420766726,17.1852420766726,16.530566812385,16.6942348480224,7462
2021-03-12,NDB,69.8529632526685,69.8529632526685,67.3875642969548,67.5519256591796,31360
2021-03-15,COMB,62.9900131723368,64.7897297748921,62.6300710866821,63.133991241455,275749
2021-03-15,DIAL,9.0164331911849,9.15514741568404,9.0164331911849,9.08579063415527,1889938
2021-03-15,HNB,101.011786540215,103.160973902166,101.011786540215,101.597930908203,3226
2021-03-15,JKH,146.14132144,147.122135677853,144.670100083222,145.160507202148,421322
2021-03-15,LIOC,16.6942332769986,17.021570878338,16.3668956756591,16.3668956756591,60911
2021-03-15,NDB,67.9628362443299,67.9628362443299,66.6479523668466,66.7301330566406,10949
2021-03-16,COMB,63.1339899297388,63.2779679958656,63.1339899297388,62.7740478515625,57355
2021-03-16,DIAL,9.15514850616455,9.15514850616455,9.08579171637461,9.15514850616455,343033
2021-03-16,HNB,101.98870389493,103.160986281072,100.621037865846,100.816421508789,28972
2021-03-16,JKH,147.122176969894,147.122176969894,144.670140687062,145.650955200195,283698
2021-03-16,LIOC,17.021570878338,17.021570878338,16.3668956756591,16.3668956756591,37657
2021-03-16,NDB,67.0588513569667,67.3875669350655,66.5657672509889,67.2232055664062,16551
2021-03-17,COMB,62.918019321124,62.9900052594995,61.2622809956817,61.9101791381835,105889
2021-03-17,DIAL,9.15514741568404,9.15514741568404,9.0164331911849,9.08579063415527,465089
2021-03-17,HNB,101.597931078889,101.597931078889,99.6441208426494,100.034881591796,355342
2021-03-17,JKH,150.064599670819,147.122156540019,147.122156540019,146.141342163085,510433
2021-03-17,LIOC,16.3668956705303,16.3668956705303,16.2032260894775,16.2032260894775,36635
2021-03-17,NDB,67.3053837753222,67.3053837753222,65.7439651489257,65.7439651489257,45221
2021-03-18,COMB,62.4860928176884,62.4860928176884,61.1903025483324,61.7662086486816,510281
2021-03-18,DIAL,9.15514848935652,9.15514848935652,8.80836255671846,8.94707679748535,1922908
2021-03-18,HNB,100.034889734971,100.034889734971,98.4718466111452,99.057991027832,36976
2021-03-18,JKH,147.122135677853,147.122135677853,145.160507202148,145.160507202148,880819
2021-03-18,LIOC,16.2032264334762,16.3668960180038,15.7940540330261,15.9577236175537,8242
2021-03-18,NDB,65.7439651489257,65.7439651489257,64.9221654950739,65.7439651489257,32363
2021-03-19,COMB,61.2622823232948,62.4141005822279,61.2622823232948,62.2701225280761,102623
2021-03-19,DIAL,9.01643371582031,9.01643371582031,8.87771948324986,9.01643371582031,35548
2021-03-19,HNB,99.0579865302115,100.816413209928,99.253363666567,99.8395080566406,181890
2021-03-19,JKH,145.160517297218,146.14133160328,144.670110144187,144.915313720703,258120
2021-03-19,LIOC,15.9577229942656,16.039557783333,15.5485506097973,15.6303853988647,35532
2021-03-19,NDB,65.7439651489257,65.7439651489257,65.0865268576882,65.7439651489257,34324
2021-03-22,COMB,62.2701251336213,62.5580812539736,61.9101830703215,62.1981391906738,90961
2021-03-22,DIAL,9.01643424858963,9.01643424858963,8.87772000782274,8.94707679748535,126388
2021-03-22,HNB,100.034885192996,101.597934736357,98.8626029033524,99.8395080566406,56586
2021-03-22,JKH,145.650955352783,147.367380752563,145.160548095703,147.122177124023,926186
2021-03-22,LIOC,15.6303860093674,15.9577236175537,15.6303860093674,15.9577236175537,90100
2021-03-22,NDB,65.4974289562022,66.1548672343103,65.4152482765362,65.9083251953125,27339
2021-03-23,COMB,62.3421198274634,63.1339899297388,61.6942216170334,62.7740478515625,41249
2021-03-23,DIAL,8.94707666780775,9.01643411790677,8.80836242905136,8.87771987915039,124871
2021-03-23,HNB,101.597931078889,101.597931078889,99.4487437133274,100.034881591796,39045
2021-03-23,JKH,150.064620666503,147.122177124023,147.122177124023,147.122177124023,1609641
2021-03-23,LIOC,15.9577255339027,15.9577255339027,15.5485530843155,15.8758907318115,31948
2021-03-23,NDB,66.1548685554614,66.9766682093132,65.4152495829167,65.7439651489257,21434
2021-03-24,COMB,63.1339802334223,64.7897184781651,62.6300601665128,64.5017623901367,186434
2021-03-24,DIAL,8.87772000782274,9.01643424858963,8.87772000782274,8.94707679748535,88861
2021-03-24,HNB,99.2533599267544,101.597930908203,99.2533599267544,101.597930908203,72963
2021-03-24,JKH,147.367380752563,147.612584381103,145.160548095703,147.122177124023,1234098
2021-03-24,LIOC,16.0395584106445,16.2032264343117,15.7122208024413,16.0395584106445,118966
2021-03-24,NDB,66.0726928710937,66.5657698370074,65.7439701210046,66.0726928710937,22397
2021-03-25,COMB,64.7177427108722,64.7177427108722,63.3499541649891,64.1418304443359,60157
2021-03-25,DIAL,9.01643424858963,9.01643424858963,8.87772000782274,8.94707679748535,66614
2021-03-25,HNB,103.160973902166,101.597930908203,100.816409411221,101.597930908203,42209
2021-03-25,JKH,148.102976123292,148.102976123292,145.896143697614,146.38655090332,493623
2021-03-25,LIOC,16.2032257964063,16.2032257964063,15.2212130104577,15.5485506057739,376676
2021-03-25,NDB,66.9766732976667,66.9766732976667,65.7439701436282,66.4835891723632,18195
2021-03-26,COMB,64.0698393498757,64.717737510527,62.9900070240299,63.781883239746,326470
2021-03-26,DIAL,8.87771987915039,9.01643411790677,8.87771987915039,8.87771987915039,58518
2021-03-26,HNB,101.597932040949,103.160975052339,101.011787666426,102.965591430664,27435
2021-03-26,JKH,145.405731380385,147.122156540019,147.122156540019,146.141342163085,164129
2021-03-26,LIOC,15.7940534120438,15.9577229901363,15.5485506057739,15.5485506057739,208063
2021-03-26,NDB,65.9905153293949,66.5657730102539,65.7439732550752,66.5657730102539,15159
2021-03-29,COMB,64.0698423509123,66.589442996863,63.3499520418684,65.3656387329101,432537
2021-03-29,DIAL,8.87772000782274,9.01643424858963,8.87772000782274,8.94707679748535,15975
2021-03-29,HNB,102.965591173916,100.034882289616,100.621026662677,101.01178741455,316916
2021-03-29,JKH,147.122166866442,146.38655603211,146.38655603211,146.631759643554,808443
2021-03-29,LIOC,16.2032257964063,16.2032257964063,15.4667158167276,15.5485506057739,68588
2021-03-29,NDB,66.9766687399525,66.9766687399525,65.6617849878404,66.1548690795898,10294
2021-03-30,COMB,65.3656347204354,65.5096065991253,64.7897225085527,64.9337005615234,1022737
2021-03-30,DIAL,8.94707626881427,9.01643371582031,8.94707626881427,9.01643371582031,101312
2021-03-30,HNB,102.379461650477,103.94250478559,101.207179299142,101.988700866699,565367
2021-03-30,JKH,147.122177124023,147.122177124023,146.386566238403,147.122177124023,1211169
2021-03-30,LIOC,15.9577269217622,15.9577269217622,15.4667196273803,15.4667196273803,197842
2021-03-30,NDB,65.8261489868164,66.5657679948282,65.3330720345484,65.8261489868164,88230
2021-03-31,COMB,67.9831426099054,67.9831426099054,65.7427846812602,66.0518035888671,189445
2021-03-31,DIAL,9.01643371582031,9.01643371582031,8.94707626881427,9.01643371582031,17393
2021-03-31,HNB,105.984142448658,106.191549064318,104.117496342531,104.532302856445,38003
2021-03-31,JKH,147.122176969894,147.122176969894,145.405751571912,145.650955200195,88283
2021-03-31,LIOC,15.4667158167276,15.5485506057739,15.3848810276814,15.5485506057739,11598
2021-03-31,NDB,66.1548704427376,66.4835860181242,65.7439670244796,66.4014053344726,3029
2021-04-01,COMB,65.8972902804038,66.4380636199151,65.6655293523116,66.1290512084961,46583
2021-04-01,DIAL,9.01643424858963,9.01643424858963,8.94707679748535,8.94707679748535,16060
2021-04-01,HNB,104.739707313585,105.154520536357,103.495274362678,103.910087585449,185207
2021-04-01,JKH,146.386566238403,147.857788009643,147.122177124023,147.122177124023,889977
2021-04-01,LIOC,15.5485544365888,15.5485544365888,15.4667196273803,15.4667196273803,61701
2021-04-01,NDB,66.4014034401633,66.4014034401633,65.5796037863115,65.7439651489257,13234
2021-04-05,COMB,66.1290597293338,66.3608206872888,65.2792673907945,65.4337768554687,306359
2021-04-05,DIAL,9.01643411790677,9.01643411790677,8.80836242905136,8.87771987915039,205862
2021-04-05,HNB,104.532296927887,104.532296927887,102.043431115936,102.45824432373,379018
2021-04-05,JKH,147.122177124023,147.857788009643,146.631769866943,147.122177124023,771836
2021-04-05,LIOC,15.8758907318115,15.9577255339027,15.6303878864067,15.8758907318115,86948
2021-04-05,NDB,65.743965094633,65.743965094633,65.3330688476562,65.3330688476562,295913
2021-04-06,COMB,65.4337796863458,66.5925845262546,65.3565281897229,66.206314086914,316070
2021-04-06,DIAL,9.01643424858963,9.01643424858963,8.94707679748535,8.94707679748535,695006
2021-04-06,HNB,103.702674047129,105.361913392572,102.043427984282,104.739700317382,80461
2021-04-06,JKH,147.122156719532,147.122156719532,146.141342341402,146.876953125,289962
2021-04-06,LIOC,15.7940534120438,15.8758882010901,15.4667158167276,15.5485506057739,207929
2021-04-06,NDB,65.7439651489257,65.7439651489257,64.9221654950739,65.7439651489257,31759
2021-04-07,COMB,66.0517997251692,66.9015854760996,65.9745417637306,66.1290512084961,221191
2021-04-07,DIAL,9.01643424858963,9.01643424858963,8.94707679748535,8.94707679748535,120579
2021-04-07,HNB,104.532297266634,109.510028906666,107.85078278752,108.058189392089,1366898
2021-04-07,JKH,147.122156540019,147.122156540019,145.896138568852,146.141342163085,469210
2021-04-07,LIOC,15.5485525252383,15.5485525252383,15.3030496886611,15.3848829269409,144058
2021-04-07,NDB,65.7439651489257,65.8261458302329,65.3330689016096,65.7439651489257,136989
2021-04-08,COMB,66.1290625902911,66.4380750548958,65.6655406543276,66.206314086914,390771
2021-04-08,DIAL,9.01643371582031,9.01643371582031,8.94707626881427,9.01643371582031,84892
2021-04-08,HNB,107.850784982436,111.169270570859,109.51003113535,109.71743774414,604426
2021-04-08,JKH,145.896158828478,145.896158828478,145.160547943628,145.650955200195,924457
2021-04-08,LIOC,15.5485506137788,15.9577229983519,15.4667158246904,15.7122201919555,46741
2021-04-08,NDB,66.5657730102539,66.8123150845736,66.1548767122747,66.5657730102539,99789
2021-04-09,COMB,66.3608179952071,66.7470884021663,66.2063085368009,66.5153274536132,237856
2021-04-09,DIAL,9.01643371582031,9.08579116282635,8.94707626881427,9.01643371582031,604630
2021-04-09,HNB,109.924841309083,109.717441410767,109.717441410767,110.132247924804,430299
2021-04-09,JKH,146.14133252196,148.102961146416,146.14133252196,147.857757568359,1362420
2021-04-09,LIOC,15.9577255071756,16.4487327580317,15.6303878602278,16.1213951110839,873125
2021-04-09,NDB,66.5657634734206,67.7984665091903,65.7439638359806,65.9083251953125,235458
2021-04-12,COMB,66.6698208675874,67.4423550925442,66.6698208675874,67.2105941772461,271091
2021-04-12,DIAL,9.08579063415527,9.15514741568404,9.0164331911849,9.08579063415527,373544
2021-04-12,HNB,109.924839789428,110.754466240844,109.510033281126,110.339653015136,444085
2021-04-12,JKH,147.367355548782,148.593373481801,148.102966308593,148.102966308593,1925916
2021-04-12,LIOC,16.6942332769986,16.9397376486547,15.9577232837676,16.3668956756591,131239
2021-04-12,NDB,67.5324118729004,67.8679788223926,66.2740429715244,67.1129531860351,40909
2021-04-15,COMB,67.4423550925442,67.2105941772461,67.2105941772461,67.2105941772461,962476
2021-04-15,DIAL,9.15514741568404,9.15514741568404,9.0164331911849,9.08579063415527,409584
2021-04-15,HNB,110.339652383066,109.510032653808,109.510032653808,109.510032653808,620079
2021-04-15,JKH,148.348184923663,146.631759643554,146.38655603211,146.631759643554,891303
2021-04-15,LIOC,16.4487304662112,16.9397376486547,16.3668956756591,16.3668956756591,176799
2021-04-15,NDB,66.6934994967614,67.1129510108119,66.6934994967614,66.9451675415039,16053
2021-04-16,COMB,67.2105942669243,67.3651037033664,66.8243303929863,67.0560913085937,435526
2021-04-16,DIAL,9.08579063415527,9.08579063415527,9.0164331911849,9.08579063415527,234880
2021-04-16,HNB,109.71743989398,110.754466240844,109.510033281126,110.339653015136,840081
2021-04-16,JKH,147.122156719532,147.122156719532,147.122156719532,146.876953125,249858
2021-04-16,LIOC,16.4487304662112,17.021570878338,16.1213928648718,16.3668956756591,129892
2021-04-16,NDB,66.9451686277543,67.1129520997847,66.8612840509587,67.0290603637695,25562
2021-04-19,COMB,67.056100728578,67.056100728578,66.360817884083,66.6698303222656,88793
2021-04-19,DIAL,9.01643371582031,9.01643371582031,8.94707626881427,9.01643371582031,50170
2021-04-19,HNB,110.754465606397,109.510032653808,109.510032653808,109.510032653808,38102
2021-04-19,JKH,148.102976123292,148.102976123292,146.141347300467,146.38655090332,904574
2021-04-19,LIOC,16.6942332717672,16.6942332717672,16.1213928598199,16.2032260894775,36105
2021-04-19,NDB,66.861286729358,66.861286729358,66.4418280324787,66.6096115112304,35637
2021-04-20,COMB,66.6698273913712,66.8243368427262,65.5882806662223,65.8972930908203,288253
2021-04-20,DIAL,9.01643424858963,9.01643424858963,8.87772000782274,8.94707679748535,42797
2021-04-20,HNB,109.510035708045,109.92484222554,108.887815855694,109.095222473144,489790
2021-04-20,JKH,146.141336382452,146.141336382452,143.19889336804,143.689300537109,316288
2021-04-20,LIOC,16.2032258005991,16.2032258005991,15.5485506097973,15.6303853988647,150959
2021-04-20,NDB,66.7773888971698,66.7773888971698,65.4351283488448,65.5190200805664,73775
2021-04-21,COMB,65.6655312096329,66.2835625280635,64.7384874710429,65.5882797241211,180528
2021-04-21,DIAL,8.87772000782274,9.01643424858963,8.87772000782274,8.94707679748535,73543
2021-04-21,HNB,108.680406207145,109.717439265474,109.510032653808,109.510032653808,2955225
2021-04-21,JKH,143.689290451231,145.160511855169,142.463272614617,143.934494018554,201710
2021-04-21,LIOC,15.6303860093674,16.1213932020812,15.4667164248398,15.9577236175537,22349
2021-04-21,NDB,65.854585338503,65.854585338503,65.0156751105675,65.3512420654296,19250
2021-04-22,COMB,65.6655347921156,65.6655347921156,64.5067300556578,64.8157424926757,175417
2021-04-22,DIAL,9.01643411790677,9.01643411790677,8.87771987915039,8.87771987915039,210291
2021-04-22,HNB,108.680396326194,108.680396326194,107.43597020415,107.850776672363,56040
2021-04-22,JKH,143.444137573242,145.160563151041,143.19893391927,143.444137573242,489329
2021-04-22,LIOC,15.7122201838664,15.8758882010901,15.1393782214114,15.5485506057739,66055
2021-04-22,NDB,65.3512415308484,66.0223682758629,63.7573056675117,64.0928726196289,59037
2021-04-23,COMB,63.4251784782888,64.5067251649075,63.2706690324382,63.5024299621582,339378
2021-04-23,DIAL,8.87771945391799,8.87771945391799,8.80836200714111,8.80836200714111,380516
2021-04-23,HNB,106.191537364701,108.058183265172,107.850776672363,107.850776672363,1411768
2021-04-23,JKH,142.70849609375,143.198903296821,142.218088890678,142.70849609375,70306
2021-04-23,LIOC,15.5485544365888,15.5485544365888,15.3030515698325,15.4667196273803,48146
2021-04-23,NDB,64.0928720946321,64.5962225186848,62.9183949310622,63.7573051452636,29163
2021-04-27,COMB,62.5753849201115,62.9616552875144,61.0303164067236,61.2620773315429,635534
2021-04-27,DIAL,8.80836200714111,8.80836200714111,8.80836200714111,8.80836200714111,865424
2021-04-27,HNB,107.021166346349,107.021166346349,107.021166346349,105.776733398437,182857
2021-04-27,JKH,142.218093606237,142.218093606237,140.25646472891,140.746871948242,131825
2021-04-27,LIOC,15.4667171214128,15.4667171214128,15.1393794984842,15.2212142944335,32401
2021-04-27,NDB,62.9183932685367,65.854582520267,62.9183932685367,63.0022850036621,179564
2021-04-28,COMB,61.416585199522,62.575389916138,61.416585199522,62.4981384277343,101841
2021-04-28,DIAL,8.80836200714111,8.87771945391799,8.73900522180586,8.80836200714111,775360
2021-04-28,HNB,105.361923217773,106.191549685264,104.739710084561,105.361923217773,29937
2021-04-28,JKH,140.746871948242,141.237279167574,140.25646472891,140.746871948242,199527
2021-04-28,LIOC,15.2212148895124,15.4667177260896,14.9757104920662,15.3848829269409,85918
2021-04-28,NDB,63.2539608026542,64.512329682125,63.2539608026542,63.673412322998,30112
2021-04-29,COMB,62.1891268488524,62.57539077428,61.8028564453125,61.8028564453125,553218
2021-04-29,DIAL,8.80836200714111,8.87771945391799,8.73900522180586,8.80836200714111,665947
2021-04-29,HNB,107.850776672363,107.850776672363,107.850776672363,107.850776672363,7222596
2021-04-29,JKH,140.746866485218,140.746866485218,138.785237684031,139.030441284179,322761
2021-04-29,LIOC,15.4667158167276,15.5485506057739,15.0575434323652,15.5485506057739,225415
2021-04-29,NDB,64.1767627384742,64.1767627384742,63.3378525385669,63.673412322998,67747
2021-04-30,COMB,62.2663764425764,62.5753888691328,62.1891249554653,62.3436279296875,20631
2021-04-30,DIAL,8.87771931880718,8.87771931880718,8.73900508880615,8.73900508880615,558535
2021-04-30,HNB,107.850788263281,107.850788263281,106.191548777298,107.435981750488,27868
2021-04-30,JKH,139.030456461804,137.314031073387,137.314031073387,138.294845581054,258304
2021-04-30,LIOC,15.3848810276814,15.6303853948201,15.3848810276814,15.5485506057739,80210
2021-04-30,NDB,63.7573039979702,63.7573039979702,63.1700690063623,63.3378524780273,51249
2021-05-03,COMB,62.1891170711145,62.1891170711145,61.1075639981182,61.416576385498,424578
2021-05-03,DIAL,8.80836200714111,8.87771945391799,8.73900522180586,8.80836200714111,85940
2021-05-03,HNB,106.191553899901,107.850793465924,107.850793465924,107.64338684082,199877
2021-05-03,JKH,138.294804390513,137.313990174977,136.333175959442,137.068786621093,206331
2021-05-03,LIOC,15.5485544365888,15.5485544365888,15.221216760624,15.4667196273803,4605
2021-05-03,NDB,63.2539607421948,63.7573039979702,63.2539607421948,63.3378524780273,144132
2021-05-04,COMB,61.7255991811817,61.8028506634175,61.0303164067236,61.2620773315429,271029
2021-05-04,DIAL,8.80836200714111,8.87771945391799,8.73900522180586,8.80836200714111,247611
2021-05-04,HNB,108.265601487823,108.473008102912,105.776735541573,106.398948669433,8997329
2021-05-04,JKH,137.068790968879,137.313994530541,134.3715517906,135.107162475585,266813
2021-05-04,LIOC,15.2212142944335,15.3848823254634,15.2212142944335,15.2212142944335,60375
2021-05-04,NDB,63.3378535977215,63.7573051250795,62.8345031738281,62.8345031738281,179273
2021-05-05,COMB,61.7256049558494,62.0346173918139,61.4938440093479,61.8028564453125,46253
2021-05-05,DIAL,8.739005640394,8.87771987915039,8.739005640394,8.87771987915039,2859404
2021-05-05,HNB,106.606355290091,107.850788263281,106.606355290091,107.435981750488,42875
2021-05-05,JKH,135.107182198983,135.107182198983,131.919535432038,132.409942626953,1397829
2021-05-05,LIOC,15.221216760624,15.5485544365888,15.221216760624,15.4667196273803,22105
2021-05-05,NDB,62.8345031394057,64.09287203923,62.8345031394057,63.4217453002929,21922
2021-05-06,COMB,61.8028593437672,61.8028593437672,61.1848279647411,61.4938468933105,513352
2021-05-06,DIAL,8.80836200714111,8.94707623925325,8.80836200714111,8.80836200714111,177676
2021-05-06,HNB,107.643381648181,107.643381648181,107.021168520289,107.435981750488,113806
2021-05-06,JKH,132.409968020311,132.409968020311,130.938746153418,131.429153442382,680068
2021-05-06,LIOC,15.4667158167276,15.6303853948201,15.4667158167276,15.5485506057739,142431
2021-05-06,NDB,64.0928704010727,64.1767621361981,62.9183932685367,63.0022850036621,53423
2021-05-07,COMB,61.4165822009259,64.1204619003866,61.8028525803094,61.8801040649414,531109
2021-05-07,DIAL,8.80836200714111,8.94707623925325,8.73900522180586,8.80836200714111,414543
2021-05-07,HNB,107.43597020415,107.850776672363,107.021157018532,107.850776672363,53711
2021-05-07,JKH,131.429128237123,133.390757016782,131.429128237123,132.409942626953,1084608
2021-05-07,LIOC,15.5485506097973,15.7122201879321,15.3848810316624,15.6303853988647,135826
2021-05-07,NDB,63.0022871721675,63.7573056550639,63.0022871721675,63.1700706481933,69989
2021-05-10,COMB,62.9616582544,62.9616582544,61.4938411540813,62.1118659973144,496648
2021-05-10,DIAL,8.80836187308585,8.87771931880718,8.73900508880615,8.73900508880615,800361
2021-05-10,HNB,107.435976491375,107.643376378916,106.191543579101,106.191543579101,64110
2021-05-10,JKH,133.390777531481,136.823628423835,132.409962990808,132.655166625976,544172
2021-05-10,LIOC,15.7940537524093,15.7940537524093,15.1393785476684,15.1393785476684,101981
2021-05-10,NDB,63.1700712123802,63.1700712123802,62.9183959960937,62.9183959960937,36264
2021-05-11,COMB,62.1891250081847,62.4981374350031,62.1891250081847,62.2663764953613,61622
2021-05-11,DIAL,8.73900508880615,8.80836187308585,8.73900508880615,8.73900508880615,145300
2021-05-11,HNB,106.19154877175,106.81376189961,105.361922311396,106.398948669433,5274
2021-05-11,JKH,133.145563610409,132.164749145507,132.164749145507,132.164749145507,1241913
2021-05-11,LIOC,15.1393819514154,15.5485544365888,15.1393819514154,15.4667196273803,81538
2021-05-11,NDB,62.9183932685367,63.6734117254457,62.9183932685367,63.0022850036621,48303
2021-05-12,COMB,62.3436279825378,62.1891250081847,62.1891250081847,62.2663764953613,232965
2021-05-12,DIAL,8.73900562041162,8.66964817047119,8.60029072053075,8.66964817047119,3741512
2021-05-12,HNB,106.191546620209,106.39894651369,105.569326787551,105.776733398437,71018
2021-05-12,JKH,132.900370317346,135.352406670065,132.900370317346,133.39077758789,74615
2021-05-12,LIOC,15.5485525252383,15.6303873243871,15.3030496886611,15.3848829269409,355082
2021-05-12,NDB,62.9183932685367,63.3378519441637,62.9183932685367,63.0022850036621,19213
2021-05-13,COMB,62.2663803512441,63.3479271511401,62.2663803512441,63.2706756591796,158867
2021-05-13,DIAL,8.60029072053075,8.73900562041162,8.60029072053075,8.66964817047119,632035
2021-05-13,HNB,105.569325272948,106.19154509668,105.569325272948,105.984138488769,95960
2021-05-13,JKH,133.390757186636,133.881164382175,132.409942795558,133.145553588867,114148
2021-05-13,LIOC,15.5485544365888,15.5485544365888,15.1393819514154,15.4667196273803,16895
2021-05-13,NDB,62.8345020630322,63.3378524780273,62.8345020630322,63.3378524780273,23417
2021-05-17,COMB,63.3479216406516,65.3565185599121,63.3479216406516,64.7384872436523,294462
2021-05-17,DIAL,8.66964777502897,8.80836200714111,8.60029032825209,8.80836200714111,242138
2021-05-17,HNB,106.191543579101,107.435976491375,105.361917159315,106.191543579101,140294
2021-05-17,JKH,133.881160167646,137.314010428355,133.635956577595,136.578399658203,200803
2021-05-17,LIOC,15.5485506137788,15.7122201919555,15.5485506137788,15.7122201919555,75291
2021-05-17,NDB,63.3378510135773,66.5257154238464,63.1700675457916,66.2740402221679,82739
2021-05-18,COMB,65.279262596005,65.5882815026559,64.1204643694568,65.2020111083984,104187
2021-05-18,DIAL,8.73900522180586,8.87771945391799,8.80836200714111,8.80836200714111,48094
2021-05-18,HNB,107.435977152876,107.435977152876,106.398944121759,107.021163940429,8350
2021-05-18,JKH,136.823608561633,137.804422959924,136.57840496206,137.559219360351,75238
2021-05-18,LIOC,15.5485506057739,15.6303853948201,15.4667158167276,15.5485506057739,196609
2021-05-18,NDB,66.3579346744477,67.9518705244885,65.435132723043,67.7001953125,37326
2021-05-19,COMB,65.3565187894736,66.3608140135754,64.8157389565547,65.5882797241211,177825
2021-05-19,DIAL,8.80836200714111,8.87771945391799,8.80836200714111,8.80836200714111,190534
2021-05-19,HNB,107.021170042107,107.643383178847,106.60635680601,107.228576660156,6178
2021-05-19,JKH,137.313990174977,137.313990174977,136.333175959442,137.068786621093,209554
2021-05-19,LIOC,15.6303892457973,15.7122240550059,15.3848848181718,15.4667196273803,43381
2021-05-19,NDB,67.1129558779659,68.1196496076017,65.9384786668542,66.6935043334961,13781
2021-05-20,COMB,65.6655327817451,65.6655327817451,64.1204641658457,64.3522186279296,302442
2021-05-20,DIAL,8.80836200714111,8.87771945391799,8.73900522180586,8.80836200714111,5466766
2021-05-20,HNB,106.813763424059,107.643383178847,106.813763424059,107.228576660156,26546
2021-05-20,JKH,136.823583067209,137.313990174977,136.578379513325,137.068786621093,465005
2021-05-20,LIOC,15.7122208024413,16.3668960188477,15.6303860101733,16.0395584106445,420530
2021-05-20,NDB,66.6935027351557,67.5324129632107,65.9384770866084,67.1968460083007,32129
2021-05-21,COMB,64.3522226160951,64.8930024954752,63.7341977226787,64.1204681396484,497586
2021-05-21,DIAL,8.87771987915039,8.80836242905136,8.739005640394,8.87771987915039,5359609
2021-05-21,HNB,107.643386258012,107.643386258012,105.984146700972,106.813766479492,56597
2021-05-21,JKH,137.06881166541,137.314015264096,132.409943290378,135.352386474609,223956
2021-05-21,LIOC,16.1213925724005,16.1213925724005,15.5485506097973,15.6303853988647,173812
2021-05-21,NDB,66.9451674242649,66.9451674242649,65.0156718490409,65.6868057250976,39100
2021-05-24,COMB,63.8114492148276,64.4294805863566,63.7341977226787,64.1204681396484,309105
2021-05-24,DIAL,8.94707666780775,8.94707666780775,8.80836242905136,8.87771987915039,5203961
2021-05-24,HNB,107.643380102969,107.643380102969,105.776734028683,106.606353759765,9035
2021-05-24,JKH,135.352391468394,135.352391468394,133.881169821999,134.861984252929,156906
2021-05-24,LIOC,15.6303853948201,15.6303853948201,15.4667158167276,15.5485506057739,98160
2021-05-24,NDB,65.4351348876953,65.8545864289988,64.344549425554,65.4351348876953,17714
2021-05-25,COMB,64.1204653944199,66.4380683626753,64.1204653944199,65.3565216064453,657706
2021-05-25,DIAL,8.80836242905136,8.87771987915039,8.80836242905136,8.87771987915039,351591
2021-05-25,HNB,106.191548777298,107.850788263281,106.191548777298,107.435981750488,87981
2021-05-25,JKH,135.842813883162,134.86199934249,132.409962990808,132.655166625976,1144232
2021-05-25,LIOC,15.5485506057739,15.5485506057739,15.4667158167276,15.5485506057739,87941
2021-05-25,NDB,66.8612878743435,66.9451724559359,65.183460217314,66.1062622070312,18021
2021-05-28,COMB,66.0518035888671,66.3608160183619,65.2792627979621,66.0518035888671,97842
2021-05-28,DIAL,8.87771987915039,8.87771987915039,8.80836242905136,8.87771987915039,15795685
2021-05-28,HNB,107.021168520289,107.850788263281,107.850788263281,107.435981750488,555119
2021-05-28,JKH,134.371577037464,136.82361311479,134.371577037464,134.861984252929,184318
2021-05-28,LIOC,15.4667158207298,15.7940534161308,15.4667158207298,15.6303853988647,469667
2021-05-28,NDB,65.4351322160565,66.9451691578483,65.2673487426975,65.8545837402343,70754
2021-05-31,COMB,66.4380599522893,67.4423550925442,65.6655257273325,67.2105941772461,609729
2021-05-31,DIAL,8.94707626881427,9.01643371582031,8.87771948324986,9.01643371582031,228326
2021-05-31,HNB,107.021173682912,107.850793465924,106.813767057808,107.64338684082,142584
2021-05-31,JKH,137.314010620117,137.314010620117,137.314010620117,137.314010620117,564153
2021-05-31,LIOC,15.8758907318115,16.039560335994,15.7940559297202,15.8758907318115,22326
2021-05-31,NDB,66.2740407074277,66.6934993799631,65.5190222560834,65.6868057250976,87851
2021-06-01,COMB,67.2106020954126,69.4509600332715,67.9831428894948,69.0646896362304,934047
2021-06-01,DIAL,9.0164331911849,9.15514741568404,8.94707574821453,9.08579063415527,877556
2021-06-01,HNB,107.850786477887,110.1322457714,107.850786477887,109.510032653808,345114
2021-06-01,JKH,138.294804390513,138.294804390513,136.823583067209,137.068786621093,528778
2021-06-01,LIOC,16.2850612265797,16.2850612265797,15.5485512179053,16.0395584106445,327297
2021-06-01,NDB,65.6868063215029,66.5257165149711,65.6868063215029,66.3579330444336,146091
2021-06-02,COMB,69.5282095151427,69.5282095151427,67.9831409277868,68.6011657714843,342287
2021-06-02,DIAL,9.08579116282635,9.15514794839076,8.94707626881427,9.01643371582031,1433270
2021-06-02,HNB,109.510023420755,111.998882398687,109.510023420755,111.584075927734,239883
2021-06-02,JKH,137.313990174977,137.068786621093,136.823583067209,137.068786621093,492015
2021-06-02,LIOC,16.1213951110839,16.2032283521691,15.8758907052214,16.1213951110839,52860
2021-06-02,NDB,66.4418269509545,66.6096104269751,65.4351332540509,66.5257186889648,148919
2021-06-03,COMB,68.6011658892883,70.3007439295431,68.2921534669089,69.6054611206054,1214581
2021-06-03,DIAL,9.01643424858963,9.01643424858963,9.01643424858963,8.94707679748535,50404
2021-06-03,HNB,111.16926883083,112.413701746686,109.510029421292,111.79148864746,513650
2021-06-03,JKH,137.313989566851,137.313989566851,135.352361144467,135.597564697265,108416
2021-06-03,LIOC,16.2032283521691,16.2850631541233,15.8758907052214,16.1213951110839,35897
2021-06-03,NDB,66.6935043334961,67.3646311001799,66.6096125927581,66.6935043334961,111457
2021-06-04,COMB,70.0689814605784,71.07328314804,69.6054595980921,70.8415222167968,984278
2021-06-04,DIAL,8.94707626881427,9.08579116282635,8.94707626881427,9.01643371582031,527933
2021-06-04,HNB,111.998894351273,113.243327331747,111.998894351273,112.828514099121,468164
2021-06-04,JKH,135.401260375976,136.87301320615,134.665383960889,135.401260375976,824722
2021-06-04,LIOC,16.1213925724005,16.2850605896665,15.4667158207298,15.6303853988647,619204
2021-06-04,NDB,67.0290603637695,67.1968438358,66.8612840509587,67.0290603637695,259116
2021-06-07,COMB,70.7642632019782,71.3050365407998,70.3007413463849,70.68701171875,532619
2021-06-07,DIAL,8.94707626881427,9.01643371582031,8.94707626881427,9.01643371582031,954142
2021-06-07,HNB,113.450728718394,113.450728718394,111.58408269243,112.621109008789,17983
2021-06-07,JKH,136.872994028818,137.363578236806,136.382409820829,137.118286132812,243488
2021-06-07,LIOC,16.0395584098175,16.1213932020812,15.5485512171036,15.9577236175537,742874
2021-06-07,NDB,67.1129531511935,68.7068890012342,67.029061413864,67.7001953125,105939
2021-06-08,COMB,70.6870104904288,71.0732808560817,68.8329231002739,69.528205871582,302172
2021-06-08,DIAL,9.01643424858963,9.01643424858963,8.94707679748535,8.94707679748535,51639
2021-06-08,HNB,112.828502057997,112.828502057997,111.169262739376,111.584075927734,82993
2021-06-08,JKH,136.873000000878,136.873000000878,135.89183154209,136.382415771484,56011
2021-06-08,LIOC,16.0395580792464,16.9397376538579,16.0395580792464,16.5305652618408,1184263
2021-06-08,NDB,68.7907763099704,69.5457947381098,67.1129488306149,67.9518661499023,372829
2021-06-09,COMB,69.5282116112849,70.3007459282532,69.3737021566463,70.0689849853515,102578
2021-06-09,DIAL,8.94707679748535,9.01643424858963,8.87772000782274,8.94707679748535,883714
2021-06-09,HNB,111.998882398687,111.998882398687,111.584075927734,111.584075927734,45477
2021-06-09,JKH,136.382445297516,136.873029633119,135.401276626311,135.891860961914,83687
2021-06-09,LIOC,16.8579040742645,17.3489112921303,16.8579040742645,17.1852416992187,829922
2021-06-09,NDB,67.9518716568481,67.9518716568481,67.1129542695733,67.1968460083007,197923
2021-06-10,COMB,70.2234965222253,70.9960308621005,69.5282136729039,70.3780059814453,489602
2021-06-10,DIAL,9.01643371582031,9.08579116282635,8.94707626881427,9.01643371582031,1017816
2021-06-10,HNB,111.998889831913,114.072949193949,111.58408333343,113.450729370117,175433
2021-06-10,JKH,135.401260375976,136.382428929425,134.420091822527,135.401260375976,535894
2021-06-10,LIOC,17.1852420661474,17.1852420661474,16.776069636001,16.8579044342041,325657
2021-06-10,NDB,67.7840854696551,68.7068873995476,67.5324102635336,68.2035369873046,130911
2021-06-11,COMB,70.5325022741816,71.073282091115,69.7599680075633,70.68701171875,429641
2021-06-11,DIAL,9.01643426514299,9.15514850616455,9.01643426514299,9.15514850616455,1792172
2021-06-11,HNB,112.621110528007,114.072950077456,112.206297308906,112.413703918457,400827
2021-06-11,JKH,135.401236920088,135.401236920088,134.420068536609,135.155944824218,554751
2021-06-11,LIOC,17.0215724697412,17.0215724697412,16.4487320040577,16.8579044342041,286365
2021-06-11,NDB,68.3713182711667,69.0424521326908,68.2035348057857,68.6229934692382,137590
2021-06-14,COMB,70.3007421508893,70.6097610435624,69.450956391318,69.9917297363281,174952
2021-06-14,DIAL,9.15514741568404,9.15514741568404,9.0164331911849,9.08579063415527,773819
2021-06-14,HNB,112.413702402036,113.450728718394,111.169269478925,112.621109008789,69968
2021-06-14,JKH,134.910666877454,134.910666877454,134.174790512668,134.665374755859,142348
2021-06-14,LIOC,19.3129390632468,19.5584418975993,18.1672565681536,18.90376663208,4563215
2021-06-14,NDB,69.2941195423235,69.2941195423235,67.5324074902586,67.9518661499023,104159
2021-06-15,COMB,70.1462371610042,70.1462371610042,69.1419355059291,69.528205871582,101754
2021-06-15,DIAL,9.15514741568404,9.15514741568404,9.08579063415527,9.08579063415527,333916
2021-06-15,HNB,113.243325172513,113.243325172513,111.998892215766,112.206298828125,103757
2021-06-15,JKH,135.401248924885,135.401248924885,133.438911983944,133.684204101562,272891
2021-06-15,LIOC,18.8219302707248,18.9037650623365,18.0854202679571,18.4127578735351,382820
2021-06-15,NDB,67.9518661499023,68.3713176503267,67.2807322944724,67.9518661499023,165140
2021-06-16,COMB,69.528205871582,70.300740124776,68.8329231002739,69.528205871582,186030
2021-06-16,DIAL,9.08579063415527,9.15514741568404,9.08579063415527,9.08579063415527,59226
2021-06-16,HNB,112.413700051277,114.280352755612,112.413700051277,113.865539550781,3004845
2021-06-16,JKH,135.401257190075,135.401257190075,133.438920129349,133.929504394531,84809
2021-06-16,LIOC,18.3309234270473,18.3309234270473,17.921751022154,18.1672554016113,231950
2021-06-16,NDB,67.8679744179736,68.035757881831,67.7840826860448,67.9518661499023,51963
2021-06-17,COMB,70.1462371610042,70.1462371610042,69.4509543896961,69.528205871582,119419
2021-06-17,DIAL,9.15514741568404,9.15514741568404,9.08579063415527,9.08579063415527,195030
2021-06-17,HNB,114.487759358027,115.317372332879,113.658132948365,113.865539550781,186012
2021-06-17,JKH,134.420087589937,134.420087589937,133.438919067382,133.438919067382,197847
2021-06-17,LIOC,18.0035845498255,18.0035845498255,17.1852397975607,17.2670745849609,233358
2021-06-17,NDB,67.9518689404028,68.3713204580523,67.9518689404028,68.2035369873046,52021
2021-06-18,COMB,69.1419392479803,69.9144800210969,69.1419392479803,69.6054611206054,115390
2021-06-18,DIAL,9.08579063415527,9.15514741568404,9.08579063415527,9.08579063415527,259155
2021-06-18,HNB,113.865539550781,113.865539550781,113.865539550781,113.865539550781,0
2021-06-18,JKH,134.174802608033,134.174802608033,132.703049745788,133.193634033203,404202
2021-06-18,LIOC,17.1852413411209,17.921751372138,17.1852413411209,17.7580833435058,127156
2021-06-18,NDB,68.2035352794949,68.6229939458608,67.9518672388947,68.0357589721679,120368
2021-06-21,COMB,69.5282049062477,69.5282049062477,68.9101736254063,69.2191925048828,153223
2021-06-21,DIAL,9.08579063415527,9.08579063415527,9.08579063415527,9.08579063415527,0
2021-06-21,HNB,113.865539550781,113.865539550781,113.865539550781,113.865539550781,0
2021-06-21,JKH,133.92949401517,133.92949401517,132.457741333684,132.703033447265,292672
2021-06-21,LIOC,17.7580814144675,17.7580814144675,17.3489090460316,17.5125770568847,115495
2021-06-21,NDB,68.0357589721679,68.0357589721679,68.0357589721679,68.0357589721679,0
2021-06-22,COMB,69.1419371069567,69.1419371069567,67.5968685647916,68.1376419067382,504020
2021-06-22,DIAL,9.08579171637461,9.22450595739616,9.08579171637461,9.15514850616455,4817004
2021-06-22,HNB,113.658136858354,113.658136858354,111.998890699355,112.413703918457,155793
2021-06-22,JKH,132.703059956906,132.703059956906,130.495430493667,130.74072265625,493105
2021-06-22,LIOC,17.5125789659242,17.594413760706,17.3489109372297,17.4307441711425,28241
2021-06-22,NDB,67.9518726970429,68.2035407578579,67.6163057369962,67.8679809570312,63847
2021-06-23,COMB,68.0603926320057,69.528209738135,67.5968707586899,69.4509582519531,1527339
2021-06-23,DIAL,9.22450637817382,9.22450637817382,9.08579213082479,9.22450637817382,2741086
2021-06-23,HNB,111.584082041917,112.621108352229,110.339649126061,111.79148864746,107511
2021-06-23,JKH,131.721881170957,134.42009475174,130.986004739835,133.193634033203,99618
2021-06-23,LIOC,17.4307422710238,17.5125770568847,17.1852394743097,17.5125770568847,72098
2021-06-23,NDB,67.7840870498295,67.9518705244885,67.532411837841,67.7001953125,77107
2021-06-25,COMB,67.9831411458238,69.528209738135,67.9831411458238,69.4509582519531,671611
2021-06-25,DIAL,9.47421335104997,9.47421335104997,9.18043956513058,9.2538833618164,750770
2021-06-25,HNB,111.998892839291,113.243325802966,111.998892839291,113.035919189453,165213
2021-06-25,JKH,132.948317074215,135.89182224929,132.948317074215,135.646530151367,698074
2021-06-25,LIOC,17.512577064081,17.8399146467905,17.1852394813715,17.5944118499755,168536
2021-06-25,NDB,67.9518661499023,68.5391011141842,67.7001909541161,67.9518661499023,164775
2021-06-28,COMB,69.5282096345386,69.7599705708512,68.755675339534,69.6054611206054,1380845
2021-06-28,DIAL,9.25388374879272,9.32732684813781,9.18043994903564,9.18043994903564,385972
2021-06-28,HNB,112.828515613455,114.072955328038,112.828515613455,113.658142089843,194044
2021-06-28,JKH,135.401260375976,137.363597482874,135.155968237614,135.401260375976,567730
2021-06-28,LIOC,17.5125793241729,17.5125793241729,17.1852416992187,17.1852416992187,101085
2021-06-28,NDB,67.951869434168,68.287429218882,67.5324107542509,67.6163024902343,28211
2021-06-29,COMB,69.6827142525975,69.7599657333073,68.6784126128122,69.3736953735351,149945
2021-06-29,DIAL,9.25388317295439,9.25388317295439,9.03355248780559,9.10699558258056,587900
2021-06-29,HNB,113.865543467905,114.072950077456,111.58408419766,112.413703918457,83437
2021-06-29,JKH,135.646547155626,135.646547155626,132.948333740234,132.948333740234,126832
2021-06-29,LIOC,17.2670764990716,17.4307445311465,17.021572109656,17.1034069061279,59667
2021-06-29,NDB,67.8679776981846,67.951869434168,67.6163024902343,67.6163024902343,53134
2021-06-30,COMB,69.0646857235493,69.2964466530217,67.9058810761872,67.9831390380859,426364
2021-06-30,DIAL,9.10699564803667,9.18043944375146,8.81322186600141,8.96010875701904,606877
2021-06-30,HNB,111.169273376464,111.998893115156,110.339653637773,111.169273376464,637415
2021-06-30,JKH,133.438909788008,133.438909788008,132.457741333684,132.703033447265,599010
2021-06-30,LIOC,17.1852417060133,17.1852417060133,16.7760692844416,17.0215721130371,37531
2021-06-30,NDB,67.6163057908805,67.7840892710376,67.1129553504093,67.2807388305664,302427
2021-07-01,COMB,68.1376457751699,68.755677113991,67.6741238905821,68.0603942871093,200118
2021-07-01,DIAL,9.0335521697998,9.0335521697998,8.96010837719831,9.0335521697998,23390
2021-07-01,HNB,111.169272749146,111.169272749146,109.924839789428,110.339653015136,81910
2021-07-01,JKH,132.948346956955,132.948346956955,131.967178344726,131.967178344726,90963
2021-07-01,LIOC,17.1034069061279,17.1852417025998,17.021572109656,17.1034069061279,2672
2021-07-01,NDB,67.4485201355273,67.5324118729004,67.1129531860351,67.1129531860351,374946
2021-07-02,COMB,68.7556760571149,68.7556760571149,67.2106009728683,67.9058837890625,255581
2021-07-02,DIAL,9.03355248780559,9.10699558258056,8.96010869261867,9.10699558258056,127538
2021-07-02,HNB,110.754465606397,108.680406207145,108.680406207145,109.510032653808,233845
2021-07-02,JKH,132.457763671875,133.438932291666,131.967179361979,132.457763671875,105443
2021-07-02,LIOC,16.8579044445288,17.1852420766726,16.530566812385,16.6942348480224,94145
2021-07-02,NDB,67.1129531860351,67.1129531860351,66.8612851331357,67.1129531860351,12083
2021-07-05,COMB,67.2105980411205,67.6741198983643,66.9788371124986,67.1333465576171,175483
2021-07-05,DIAL,9.0335521697998,9.10699526198938,8.96010837719831,9.0335521697998,23796
2021-07-05,HNB,109.095217880524,109.302624489243,108.473004771772,108.680404663085,172933
2021-07-05,JKH,132.212469471034,132.212469471034,131.231300866425,131.476593017578,145293
2021-07-05,LIOC,17.0215724646043,17.185242060961,16.6942348327598,16.9397392272949,53900
2021-07-05,NDB,67.1129547882656,67.5324134851449,66.274044553727,66.6096115112304,163364
2021-07-06,COMB,67.1333494837537,67.2106009706242,66.6698276063064,66.747085571289,91513
2021-07-06,DIAL,9.10699564803667,9.10699564803667,8.96010875701904,8.96010875701904,152463
2021-07-06,HNB,108.680408626978,109.510035092113,108.058195495532,108.265602111816,26836
2021-07-06,JKH,132.457739560658,129.023650016493,128.042481575303,128.533065795898,784532
2021-07-06,LIOC,16.9397392272949,16.9397392272949,16.9397392272949,16.9397392272949,0
2021-07-06,NDB,66.2740446030806,66.6096115608339,65.8545859058889,66.0223693847656,128205
2021-07-07,COMB,66.9788438027519,66.9788438027519,66.438070407989,66.8243408203125,611012
2021-07-07,DIAL,9.03355255273383,9.03355255273383,8.96010875701904,8.96010875701904,29559
2021-07-07,HNB,110.339648607537,110.339648607537,107.85078278752,108.058189392089,66649
2021-07-07,JKH,128.533104422433,129.514273158482,128.533104422433,128.778396606445,2063373
2021-07-07,LIOC,16.6124019333975,16.7760715484619,16.4487338792023,16.7760715484619,43302
2021-07-07,NDB,66.2740424236319,66.5257176336704,65.8545837402343,65.8545837402343,67868
2021-07-08,COMB,66.5925760148326,67.0560978915518,66.5925760148326,66.9015884399414,85110
2021-07-08,DIAL,8.88666566171619,9.03355255273383,8.88666566171619,8.96010875701904,36555
2021-07-08,HNB,108.680404663085,109.510031097962,108.680404663085,108.680404663085,2835453
2021-07-08,JKH,129.514249840561,132.457755518755,129.514249840561,132.212463378906,275954
2021-07-08,LIOC,16.7760715484619,16.7760715484619,16.6124019333975,16.7760715484619,107450
2021-07-08,NDB,66.2740424236319,66.4418258969909,65.8545837402343,65.8545837402343,32198
2021-07-09,COMB,66.8243426507991,67.5968770184952,66.7470911574632,67.4423675537109,151522
2021-07-09,DIAL,9.03355255273383,9.03355255273383,8.96010875701904,8.96010875701904,37786
2021-07-09,HNB,108.680404700191,109.30262452656,109.30262452656,109.71743774414,46055
2021-07-09,JKH,132.457750544828,134.420087589937,131.967166283551,133.438919067382,553160
2021-07-09,LIOC,16.6124019333975,16.9397411635262,16.6124019333975,16.7760715484619,11415
2021-07-09,NDB,65.8545815527038,66.4418236899536,65.4351300424591,66.2740402221679,60930
2021-07-12,COMB,67.4423675537109,67.9831474413996,67.2106065955908,67.4423675537109,17797
2021-07-12,DIAL,9.03355223000835,9.03355223000835,8.88666534423828,8.88666534423828,233792
2021-07-12,HNB,109.302626668272,110.754466240844,109.095220055418,110.339653015136,265405
2021-07-12,JKH,133.438932291666,133.438932291666,131.967179361979,132.457763671875,499182
2021-07-12,LIOC,16.7760696462756,16.7760696462756,16.530566812385,16.6942348480224,23852
2021-07-12,NDB,66.2740385068407,67.1129486648366,65.4351283488448,65.5190200805664,44286
2021-07-13,COMB,67.9831387886014,67.9831387886014,66.9788371124986,67.1333465576171,122287
2021-07-13,DIAL,8.96010875701904,9.03355255273383,8.88666566171619,8.96010875701904,949665
2021-07-13,HNB,108.680408332161,110.754467771968,108.680408332161,110.132247924804,73611
2021-07-13,JKH,132.457763671875,132.703055826822,132.457763671875,132.457763671875,435693
2021-07-13,LIOC,16.7760696462756,16.8579044445288,16.6124000497692,16.6942348480224,187740
2021-07-13,NDB,66.2740424236319,66.2740424236319,65.4351322160565,65.8545837402343,33845
2021-07-14,COMB,67.0560961234155,67.5968694726247,66.9788381605914,67.287857055664,81687
2021-07-14,DIAL,9.03355255273383,9.03355255273383,8.88666566171619,8.96010875701904,254121
2021-07-14,HNB,110.754466865821,111.169273376464,109.717440513105,111.169273376464,28468
2021-07-14,JKH,132.457751598986,134.174796527121,132.457751598986,133.929504394531,187140
2021-07-14,LIOC,16.7760692844416,17.1852417060133,16.7760692844416,17.0215721130371,224113
2021-07-14,NDB,65.6868046359481,66.1062561423091,65.5190211697159,65.602912902832,35005
2021-07-15,COMB,67.5968645287802,67.5968645287802,67.2105941772461,67.2105941772461,145872
2021-07-15,DIAL,9.03355255273383,9.03355255273383,8.88666566171619,8.96010875701904,273389
2021-07-15,HNB,110.754466240844,110.961866136292,109.924839789428,110.339653015136,47708
2021-07-15,JKH,134.174803788321,138.344770268031,134.174803788321,137.36360168457,741705
2021-07-15,LIOC,17.0215721063071,17.3489112921303,17.0215721063071,17.1852416992187,155132
2021-07-15,NDB,66.1062589502729,66.1062589502729,65.6029156894155,65.8545837402343,44240
2021-07-16,COMB,67.2878645670393,67.5968770184952,67.2106065955908,67.4423675537109,280833
2021-07-16,DIAL,8.96010875701904,9.03355255273383,8.88666566171619,8.96010875701904,222099
2021-07-16,HNB,110.339653015136,111.169272749146,110.339653015136,110.339653015136,43954
2021-07-16,JKH,137.363584230272,137.363584230272,135.89183154209,136.382415771484,89728
2021-07-16,LIOC,17.1034069095252,17.1034069095252,16.9397388774178,17.0215721130371,34420
2021-07-16,NDB,66.0223672135934,66.2740424236319,65.6029156894155,65.8545837402343,36336
2021-07-19,COMB,67.442358170874,67.5968676141624,67.5968676141624,67.828628540039,355276
2021-07-19,DIAL,8.96010875701904,9.03355255273383,8.88666566171619,8.96010875701904,1367049
2021-07-19,HNB,110.339653015136,110.339653015136,110.339653015136,110.339653015136,0
2021-07-19,JKH,136.382407282439,138.835328276728,137.363575680155,139.325912475585,731554
2021-07-19,LIOC,17.0215721130371,17.1034069095252,16.8579040809297,17.0215721130371,23753
2021-07-19,NDB,66.1901478754252,66.1901478754252,65.5190211697159,65.602912902832,53134
2021-07-20,COMB,67.2105942669243,67.2105942669243,67.2105942669243,67.0560913085937,354880
2021-07-20,DIAL,8.96010875701904,8.96010875701904,8.96010875701904,8.96010875701904,0
2021-07-20,HNB,108.887811271805,109.924837597995,107.228571836862,108.680404663085,89524
2021-07-20,JKH,139.325912475585,139.325912475585,139.325912475585,139.325912475585,0
2021-07-20,LIOC,17.1034069061279,17.1034069061279,16.8579040775812,17.1034069061279,82433
2021-07-20,NDB,66.106261649313,66.106261649313,64.5962246458681,65.4351348876953,317237
2021-07-22,COMB,67.0560967131015,67.2105996838846,65.6655311073819,65.7427825927734,860801
2021-07-22,DIAL,8.88666572771778,8.88666572771778,8.73977813519726,8.81322193145752,1648344
2021-07-22,HNB,108.680408006272,108.680408006272,107.228575135389,107.435981750488,91492
2021-07-22,JKH,137.854176711351,137.854176711351,136.382423935073,136.627716064453,186183
2021-07-22,LIOC,17.1034072679443,17.3489116625535,16.8579044342041,16.8579044342041,61924
2021-07-22,NDB,65.4351349424549,65.4351349424549,64.7640081802755,64.8478927612304,91403
2021-07-26,COMB,65.6655347921156,66.0518051969723,64.6612395132229,64.8157424926757,418047
2021-07-26,DIAL,8.81322239302321,8.81322239302321,8.59289169311523,8.59289169311523,876257
2021-07-26,HNB,107.435981750488,108.473008108579,106.191548777298,107.435981750488,124431
2021-07-26,JKH,136.382406445135,137.363574836827,135.646530151367,135.646530151367,282346
2021-07-26,LIOC,17.2670764990716,17.2670764990716,16.8579040775812,17.1034069061279,26083
2021-07-26,NDB,65.0156712562729,65.0995629900151,64.3445445455546,64.4284362792968,64831
2021-07-27,COMB,65.433771103352,65.6655320409335,64.1204634424649,64.8929977416992,177466
2021-07-27,DIAL,8.81322239302321,8.81322239302321,8.59289169311523,8.59289169311523,2246465
2021-07-27,HNB,107.435986933121,107.850793465924,107.021173682912,107.64338684082,34447
2021-07-27,JKH,135.401251120645,135.401251120645,133.438914147882,134.665374755859,83643
2021-07-27,LIOC,17.1034069027629,17.5125793241729,17.1034069027629,17.1852416992187,457002
2021-07-27,NDB,64.5123302170128,64.5962219536211,63.7573045875384,64.0089797973632,137019
2021-07-28,COMB,64.8929986798597,65.5882815026559,64.1977158570635,65.2020111083984,139672
2021-07-28,DIAL,8.66633549322189,8.66633549322189,8.51944859342056,8.59289169311523,266756
2021-07-28,HNB,107.850788263281,107.850788263281,107.228575135389,107.435981750488,29615
2021-07-28,JKH,134.420081548324,133.929497309097,133.929497309097,134.17478942871,130985
2021-07-28,LIOC,17.2670764956745,17.2670764956745,17.1034069027629,17.1852416992187,103772
2021-07-28,NDB,64.0089797678411,64.8478899743171,63.5056365076433,64.5962219238281,75251
2021-07-29,COMB,65.3565187894736,66.4380654990872,65.1247578548261,65.5882797241211,338379
2021-07-29,DIAL,8.66633549322189,8.66633549322189,8.51944859342056,8.59289169311523,9644991
2021-07-29,HNB,107.643381648181,107.643381648181,107.021168520289,107.435981750488,17229
2021-07-29,JKH,136.137136791063,137.118305344512,135.155968237614,135.401260375976,433959
2021-07-29,LIOC,17.1852413476663,17.5125789659242,17.1852413476663,17.4307441711425,120811
2021-07-29,NDB,65.435128965395,67.6162996922675,65.435128965395,66.7773895263671,232779
2021-07-30,COMB,65.7427836394653,66.0518025421753,65.5110227014888,65.8972930908203,31035
2021-07-30,DIAL,8.59289041543453,8.6663342046208,8.51944732666015,8.51944732666015,594401
2021-07-30,HNB,107.643381648181,107.850788263281,107.021168520289,107.435981750488,41027
2021-07-30,JKH,135.401236920088,135.891821111827,134.420068536609,135.155944824218,378591
2021-07-30,LIOC,17.3489112955435,17.4307445311465,17.1034069061279,17.1034069061279,67276
2021-07-30,NDB,66.7773928132642,67.1129526006096,66.1901506567754,66.4418258666992,34783
2021-08-02,COMB,65.97454352706,66.0518014905635,65.6655311073819,65.7427825927734,952138
2021-08-02,DIAL,8.59289079838621,8.59289079838621,8.37256012142002,8.44600391387939,1154989
2021-08-02,HNB,107.850792881993,107.850792881993,106.191553324953,106.813766479492,116405
2021-08-02,JKH,135.401246696655,135.401246696655,132.457741333684,132.703033447265,418922
2021-08-02,LIOC,17.1034072627827,17.1034072627827,16.9397392272949,16.9397392272949,94326
2021-08-02,NDB,66.441826990864,66.441826990864,65.9384765625,65.9384765625,33033
2021-08-03,COMB,65.7427882659943,65.7427882659943,65.2020148653639,65.2792663574218,125854
2021-08-03,DIAL,8.51944770633876,8.51944770633876,8.37256012142002,8.44600391387939,1881101
2021-08-03,HNB,106.398943466642,107.021163281482,105.984136974155,106.191543579101,1355967
2021-08-03,JKH,133.438923269078,135.891844652701,134.910676099252,135.401260375976,266528
2021-08-03,LIOC,16.9397411635262,16.9397411635262,16.6942367409297,16.7760715484619,105728
2021-08-03,NDB,65.9384726760769,66.022364409193,65.602912902832,65.602912902832,63161
2021-08-04,COMB,65.2792663574218,65.2792663574218,65.2792663574218,65.2792663574218,0
2021-08-04,DIAL,8.44600429688852,8.44600429688852,8.37256050109863,8.37256050109863,573236
2021-08-04,HNB,106.191543579101,106.191543579101,106.191543579101,106.191543579101,0
2021-08-04,JKH,136.627725246974,137.36360168457,137.36360168457,137.36360168457,2965047
2021-08-04,LIOC,16.6942367409297,16.6942367409297,16.6942367409297,16.7760715484619,16010
2021-08-04,NDB,65.6868057250976,65.6868057250976,65.4351305215763,65.6868057250976,106608
2021-08-05,COMB,65.2792595358078,65.2792595358078,64.352215815538,64.5839767456054,240883
2021-08-05,DIAL,8.44600494442146,8.44600494442146,8.29911804199218,8.29911804199218,789921
2021-08-05,HNB,105.569323764262,106.813756676535,104.532297456934,106.191543579101,436348
2021-08-05,JKH,137.363613968721,137.363613968721,135.401276626311,135.891860961914,172599
2021-08-05,LIOC,16.7760715484619,16.7760715484619,16.7760715484619,16.7760715484619,0
2021-08-05,NDB,65.6868051262107,65.8545814344757,63.7573024093591,64.4284362792968,123425
2021-08-06,COMB,64.3522207083636,64.8930005717121,64.197717728646,64.6612396240234,98720
2021-08-06,DIAL,8.51944821265951,8.81322199913248,8.51944821265951,8.66633510589599,2176939
2021-08-06,HNB,105.776735547099,107.850788263281,104.739709189008,107.435981750488,271921
2021-08-06,JKH,135.891860961914,135.891860961914,135.891860961914,135.891860961914,0
2021-08-06,LIOC,16.7760715484619,16.7760715484619,16.7760715484619,16.7760715484619,0
2021-08-06,NDB,64.4284362792968,64.4284362792968,64.4284362792968,64.4284362792968,0
2021-08-09,COMB,64.8157445252137,64.8157445252137,64.0432101693869,64.1204681396484,221535
2021-08-09,DIAL,8.73977859291655,8.81322239302321,8.51944859342056,8.59289169311523,300084
2021-08-09,HNB,107.021157018532,108.058183265172,107.021157018532,107.850776672363,268091
2021-08-09,JKH,135.891840373768,135.891840373768,133.438919067382,133.438919067382,211018
2021-08-09,LIOC,16.44873046875,16.6123984890105,16.3668956781853,16.44873046875,108037
2021-08-09,NDB,64.8478888829738,64.8478888829738,64.1767621609315,64.5123291015625,53869
2021-08-10,COMB,64.5067320785055,64.8930024954752,65.2792664343323,64.1204681396484,884113
2021-08-10,DIAL,8.66633549322189,8.66633549322189,8.51944859342056,8.59289169311523,543161
2021-08-10,HNB,108.473004771772,108.887811271805,107.850784945614,108.680404663085,436815
2021-08-10,JKH,133.929504394531,135.155965057484,133.438920129349,133.929504394531,32660
2021-08-10,LIOC,16.4487304662112,16.7760680675506,16.2850608851071,16.3668956756591,367324
2021-08-10,NDB,64.5123312701382,64.9317828008071,64.5123312701382,64.6801147460937,63677
2021-08-11,COMB,63.9659520161036,64.5839768451616,63.8887005319994,64.4294738769531,141185
2021-08-11,DIAL,8.66633510589599,8.73977820230826,8.51944821265951,8.66633510589599,473071
2021-08-11,HNB,107.850779776419,108.680399454127,107.850779776419,108.472999572753,134602
2021-08-11,JKH,133.684206269477,134.910666877454,134.910666877454,134.665374755859,325730
2021-08-11,LIOC,16.4487304712636,16.7760680727035,16.4487304712636,16.5305652618408,74459
2021-08-11,NDB,64.5962219238281,65.0156734474562,64.5123301872585,64.5962219238281,46935
2021-08-12,COMB,64.4294833240075,64.8930052528214,63.811451926218,64.043212890625,200632
2021-08-12,DIAL,8.73977729339518,8.73977729339518,8.51944732666015,8.51944732666015,560613
2021-08-12,HNB,108.473004771772,108.887811271805,107.850784945614,108.680404663085,718785
2021-08-12,JKH,134.910676917251,134.910676917251,132.212463378906,132.212463378906,598001
2021-08-12,LIOC,16.4487304610567,16.4487304610567,16.2032260894775,16.2032260894775,147301
2021-08-12,NDB,65.3512437361228,65.3512437361228,64.1767665232999,64.2606582641601,21760
2021-08-13,COMB,64.5839767456054,64.89299563777,64.5067252616202,64.5839767456054,66092
2021-08-13,DIAL,8.59289169311523,8.66633549322189,8.51944859342056,8.59289169311523,196474
2021-08-13,HNB,109.095215697529,109.510028906666,107.85078278752,108.058189392089,14747
2021-08-13,JKH,132.457785153522,132.457785153522,130.986031985149,131.721908569335,116654
2021-08-13,LIOC,16.2850608800039,16.6123984812408,16.1213928598199,16.2032260894775,46450
2021-08-13,NDB,64.5962225186848,64.5962225186848,63.6734134079215,63.7573051452636,35131
2021-08-16,COMB,64.5067291259765,64.8929995252662,64.8929995252662,64.5067291259765,17971
2021-08-16,DIAL,8.51944859342056,8.59289169311523,8.59289169311523,8.59289169311523,19820
2021-08-16,HNB,109.095222473144,109.510035708045,109.510035708045,109.095222473144,16007
2021-08-16,JKH,130.495406010465,131.967158709831,131.967158709831,130.004821777343,95121
2021-08-16,LIOC,16.2850608800039,17.2670752445832,17.2670752445832,16.2032260894775,9498
2021-08-16,NDB,63.7573051452636,63.7573051452636,63.7573051452636,63.7573051452636,0
2021-08-17,COMB,64.8930024190198,66.051807190451,66.051807190451,65.2792663574218,360779
2021-08-17,DIAL,8.59289130907177,8.66633510589599,8.66633510589599,8.66633510589599,216476
2021-08-17,HNB,109.510031097962,109.510031097962,109.510031097962,108.680404663085,80106
2021-08-17,JKH,130.495391845703,131.476560205445,131.476560205445,130.495391845703,665786
2021-08-17,LIOC,16.203226092029,16.3668956731076,16.3668956731076,16.2850608825683,60152
2021-08-17,NDB,64.1767654418945,64.1767654418945,64.1767654418945,64.1767654418945,75252
2021-08-18,COMB,65.8200367837893,65.8972882647531,65.8972882647531,65.66552734375,132509
2021-08-18,DIAL,8.59289169311523,8.66633549322189,8.66633549322189,8.59289169311523,50568
2021-08-18,HNB,109.510032653808,110.339652383066,110.339652383066,109.510032653808,66697
2021-08-18,JKH,129.759547959512,131.476593017578,131.476593017578,131.476593017578,291772
2021-08-18,LIOC,16.2850608800039,16.6942332717672,16.6942332717672,16.2032260894775,117549
2021-08-18,NDB,64.5123280130391,64.5962197467813,64.5962197467813,64.4284362792968,10516
2021-08-19,COMB,65.6655283039635,66.1290501527479,66.1290501527479,65.9745407104492,190954
2021-08-19,DIAL,8.59289169311523,8.59289169311523,8.59289169311523,8.59289169311523,281285
2021-08-19,HNB,109.510036314679,109.924842834472,109.924842834472,109.924842834472,374654
2021-08-19,JKH,131.476560205445,131.476560205445,131.476560205445,130.495391845703,130378
2021-08-19,LIOC,16.3668956731076,16.3668956731076,16.3668956731076,16.2850608825683,91808
2021-08-19,NDB,64.2606538960893,64.5962208367202,64.5962208367202,64.5123291015625,20748
2021-08-20,COMB,65.9745502646595,65.9745502646595,65.2792673907945,65.4337768554687,138569
2021-08-20,DIAL,8.59289041543453,8.6663342046208,8.44600353747389,8.51944732666015,378764
2021-08-20,HNB,110.132244244315,110.132244244315,109.51003113535,109.71743774414,63279
2021-08-20,JKH,129.759529660782,130.495406010465,129.514237544221,130.004821777343,700614
2021-08-20,LIOC,16.6942336270509,16.6942336270509,15.9577236183765,16.0395584106445,64017
2021-08-20,NDB,64.4284351893542,64.5962186540003,64.1767599923852,64.3445434570312,8973
2021-08-23,COMB,65.5110217604972,66.051801593416,65.2792608258497,65.5882797241211,340449
2021-08-23,DIAL,8.51944770633876,8.59289079838621,8.37256012142002,8.44600391387939,845633
2021-08-23,HNB,110.339649769319,113.035915504889,110.132243162567,112.621109008789,1625925
2021-08-23,JKH,130.495420282537,130.495420282537,129.023667422207,129.514251708984,421943
2021-08-23,LIOC,16.1213928648718,16.6942332769986,15.9577232837676,16.3668956756591,272965
2021-08-23,NDB,64.5123275368487,65.0995625094901,64.1767606043567,65.0156707763671,103108
2021-08-24,COMB,65.5110227014888,66.3608149667732,65.2792617635123,65.8972930908203,192963
2021-08-24,DIAL,8.37256050109863,8.44600429688852,8.29911740572068,8.37256050109863,476399
2021-08-24,HNB,112.828508240368,112.828508240368,110.339649126061,111.79148864746,128378
2021-08-24,JKH,129.268959565596,132.212465286254,128.042498848655,129.514251708984,627935
2021-08-24,LIOC,16.3668956756591,16.6123984864465,16.203226094555,16.3668956756591,372958
2021-08-24,NDB,65.0156718641062,65.3512388022124,65.0156718641062,65.0995635986328,49800
2021-08-25,COMB,65.6655283039635,66.4380625592335,65.6655283039635,65.9745407104492,150276
2021-08-25,DIAL,8.37256114300082,8.44600494442146,8.29911804199218,8.29911804199218,450974
2021-08-25,HNB,111.998893737792,112.413706968147,111.169273994489,111.998893737792,99693
2021-08-25,JKH,131.476616374607,132.212492958793,130.004863206234,131.721908569335,532662
2021-08-25,LIOC,16.4487304712636,16.6942332821264,16.3668956806864,16.5305652618408,142751
2021-08-25,NDB,65.1834597219301,65.4351349424549,64.5962246999257,64.8478927612304,43731
2021-08-26,COMB,65.9745458064643,69.2191989985788,65.8200428303432,68.0603942871093,864194
2021-08-26,DIAL,8.37256114300082,8.37256114300082,8.22567424057154,8.29911804199218,881562
2021-08-26,HNB,111.998889447221,120.91732653635,111.998889447221,118.221054077148,1814973
2021-08-26,JKH,132.212469471034,132.212469471034,130.250132261817,131.476593017578,852151
2021-08-26,LIOC,16.776069636001,17.1852420661474,16.3668972058546,16.8579044342041,716976
2021-08-26,NDB,64.5962214969868,68.7068879248544,64.2606545529259,67.0290603637695,295862
2021-08-27,COMB,68.3694124312626,68.3694124312626,66.5153312160736,67.5968780517578,390725
2021-08-27,DIAL,8.29911714938732,8.29911714938732,8.07878646923489,8.15223026275634,2312849
2021-08-27,HNB,118.221055812096,119.050682253198,114.902563482497,115.109970092773,151532
2021-08-27,JKH,131.476565047957,131.476565047957,128.778351959286,129.268936157226,987009
2021-08-27,LIOC,17.0215724646043,17.3489116573178,16.530566797272,16.9397392272949,883114
2021-08-27,NDB,67.112951502633,68.3713203724452,65.5190228509653,66.3579330444336,173853
2021-08-30,COMB,67.5968672793081,67.5968672793081,65.6655283992739,65.8200378417968,487093
2021-08-30,DIAL,8.22567413830547,8.29911793881301,7.93190033709927,8.00534343719482,1884130
2021-08-30,HNB,114.902565289848,115.317378516924,113.243325816356,114.072952270507,69014
2021-08-30,JKH,128.533064685105,129.02364890146,127.797188360572,128.04248046875,2038920
2021-08-30,LIOC,16.9397392324071,17.1034072679443,16.776069636001,16.8579044342041,479555
2021-08-30,NDB,66.2740445588004,66.3579362981827,64.2606571320657,64.7640075683593,132806
2021-08-31,COMB,65.8200351635684,67.365103613482,65.6655257273325,67.2105941772461,922959
2021-08-31,DIAL,8.07878723770237,8.07878723770237,7.93190033709927,8.00534343719482,3130795
2021-08-31,HNB,114.072952270507,114.072952270507,114.072952270507,114.072952270507,0
2021-08-31,JKH,128.04248046875,128.04248046875,128.04248046875,128.04248046875,0
2021-08-31,LIOC,16.8579044342041,16.8579044342041,16.8579044342041,16.8579044342041,0
2021-08-31,NDB,65.4351321303041,65.4351321303041,63.8411962947019,64.5962219238281,43146
2021-09-01,COMB,65.8200501256864,66.5153330296316,65.5110311829688,66.206314086914,1171913
2021-09-01,DIAL,8.00534210798832,8.07878589630127,7.93189902008725,8.07878589630127,1270184
2021-09-01,HNB,114.487765484047,114.487765484047,111.998892839291,113.035919189453,5477063
2021-09-01,JKH,128.042481575303,129.514234237088,127.551897354708,128.533065795898,513319
2021-09-01,LIOC,16.694234481353,17.3489112921303,16.694234481353,17.1852416992187,728348
2021-09-01,NDB,64.1767665232999,65.435135476983,63.841199559859,64.2606582641601,109010
2021-09-02,COMB,66.0518110936681,66.5925845262546,65.6655406543276,66.206314086914,1177209
2021-09-02,DIAL,8.00534343719482,8.07878723770237,8.00534343719482,8.00534343719482,3364494
2021-09-02,HNB,113.658134515131,115.317373922517,112.828508094032,114.695167541503,6345489
2021-09-02,JKH,129.268969680757,131.721891306578,129.023677518175,130.74072265625,298504
2021-09-02,LIOC,17.1852416992187,17.4307445277171,16.9397388707203,17.1852416992187,719428
2021-09-02,NDB,64.1767632409802,65.4351321303041,63.9250880312715,64.5962219238281,183072
2021-09-03,COMB,66.0518007747679,66.4380646756517,65.6655303957722,66.2835617065429,914353
2021-09-03,DIAL,8.07878723770237,8.07878723770237,8.00534343719482,8.00534343719482,2663555
2021-09-03,HNB,113.243325816356,115.317378516924,111.998892852533,114.072952270507,586739
2021-09-03,JKH,130.986026262555,131.47661063058,128.533104422433,128.778396606445,299663
2021-09-03,LIOC,17.1852416992187,17.1852416992187,17.1852416992187,17.1852416992187,0
2021-09-03,NDB,65.4351316037851,66.1901500676163,64.1767627245866,65.7706985473632,84565
2021-09-06,COMB,66.4380646756517,66.4380646756517,65.6655303957722,66.2835617065429,914353
2021-09-06,DIAL,8.07878723770237,8.07878723770237,8.00534343719482,8.00534343719482,2663555
2021-09-06,HNB,114.072952270507,115.317378516924,111.998892852533,114.072952270507,586739
2021-09-06,JKH,129.514273158482,131.47661063058,128.533104422433,128.778396606445,299663
2021-09-06,LIOC,17.7580833502694,17.6762485554877,17.1852413476663,17.4307441711425,637597
2021-09-06,NDB,65.4351316037851,66.1901500676163,64.1767627245866,65.7706985473632,84565
2021-09-07,COMB,65.974539745717,66.0517977047925,65.66552734375,65.66552734375,708180
2021-09-07,DIAL,8.00534343719482,8.07878723770237,7.93190033709927,8.00534343719482,2751321
2021-09-07,HNB,112.62111871068,115.939604552382,112.62111871068,114.280364990234,149844
2021-09-07,JKH,128.287772576927,128.778356793283,127.797188360572,128.04248046875,376027
2021-09-07,LIOC,17.6762489102276,17.7580837066516,17.1034068961282,17.3489112854003,442141
2021-09-07,NDB,64.2606517247082,64.5962186540003,64.2606517247082,64.3445434570312,63879
2021-09-08,COMB,65.7427844778692,66.0518033845201,65.047501655073,65.2020111083984,432912
2021-09-08,DIAL,8.0053426403621,8.0053426403621,7.85845575437977,7.9318995475769,666813
2021-09-08,HNB,114.487760936229,116.147000343615,112.828508094032,114.695167541503,1877942
2021-09-08,JKH,128.287796020507,128.778380326513,126.570750949487,128.287796020507,428963
2021-09-08,LIOC,17.2670752526592,17.2670752526592,16.3668956781853,16.44873046875,293138
2021-09-08,NDB,64.5962236164393,64.5962236164393,63.7573062287615,63.8411979675293,52240
2021-09-09,COMB,65.1247548032238,65.2792577670078,64.8929938794361,64.9702453613281,646977
2021-09-09,DIAL,7.93190033709927,8.00534343719482,7.85845653659172,8.00534343719482,303097
2021-09-09,HNB,116.147005934159,119.050685112956,114.487766446908,117.598838806152,811758
2021-09-09,JKH,128.287772576927,128.778356793283,127.306604144216,128.04248046875,176703
2021-09-09,LIOC,16.7760674214283,17.5125773862928,16.7760674214283,17.2670745849609,246538
2021-09-09,NDB,63.8411947399544,65.4351305367389,63.7573030054279,65.0995635986328,21240
2021-09-10,COMB,65.6655367739364,66.051807190451,64.9702539110777,65.2792663574218,411249
2021-09-10,DIAL,8.0053426403621,8.0053426403621,7.9318995475769,7.9318995475769,363258
2021-09-10,HNB,116.9766188344,119.25806446813,116.146992469545,118.428451538085,1550185
2021-09-10,JKH,128.533065795898,129.023650016493,127.551897354708,128.533065795898,406650
2021-09-10,LIOC,17.185242060961,17.3489116573178,16.7760696309381,16.9397392272949,98945
2021-09-10,NDB,65.4351321303041,65.4351321303041,64.1767632409802,64.5962219238281,32955
2021-09-13,COMB,64.8930053769529,64.8930053769529,63.34793011858,63.8887100219726,342069
2021-09-13,DIAL,7.9318995475769,7.9318995475769,7.9318995475769,7.9318995475769,0
2021-09-13,HNB,118.428451538085,118.428451538085,118.428451538085,118.428451538085,0
2021-09-13,JKH,128.533065795898,128.533065795898,128.533065795898,128.533065795898,0
2021-09-13,LIOC,16.9397392272949,16.9397392272949,16.9397392272949,16.9397392272949,0
2021-09-13,NDB,64.5962219238281,64.5962219238281,64.5962219238281,64.5962219238281,0
2021-09-14,COMB,64.8930024954752,64.8930024954752,64.0432101693869,64.1204681396484,183933
2021-09-14,DIAL,7.9318995475769,8.0053426403621,7.85845575437977,7.9318995475769,272827
2021-09-14,HNB,115.939596563499,116.976629615142,115.109970122185,116.147003173828,254380
2021-09-14,JKH,127.06128872745,128.533041106533,126.57070460109,127.797164916992,73101
2021-09-14,LIOC,16.7760680701399,17.1034056715298,16.3668956781853,16.44873046875,109670
2021-09-14,NDB,64.5123307813427,64.5962225186848,63.505637092457,63.7573051452636,165214
2021-09-15,COMB,64.5067300556578,64.8930004605145,64.4294785659314,64.8157424926757,67234
2021-09-15,DIAL,7.93190033709927,8.07878723770237,7.93190033709927,8.00534343719482,57467
2021-09-15,HNB,116.147003173828,116.147003173828,116.147003173828,116.147003173828,0
2021-09-15,JKH,128.533078941932,128.533078941932,127.306618265005,127.55191040039,324390
2021-09-15,LIOC,17.1034056715298,17.1034056715298,16.3668956781853,16.44873046875,218068
2021-09-15,NDB,65.4351321303041,66.1901506002106,64.1767632409802,64.5962219238281,85633
2021-09-16,COMB,64.8157397770973,64.8929977416992,64.4294758665362,64.8929977416992,376725
2021-09-16,DIAL,8.07878723770237,8.07878723770237,7.93190033709927,8.00534343719482,130151
2021-09-16,HNB,115.317376732513,116.561816394485,115.317376732513,116.147003173828,144527
2021-09-16,JKH,127.55191040039,127.55191040039,127.55191040039,127.55191040039,0
2021-09-16,LIOC,16.44873046875,16.44873046875,16.44873046875,16.44873046875,0
2021-09-16,NDB,64.5962225186848,64.5962225186848,63.7573051452636,63.7573051452636,160149
2021-09-17,COMB,65.2792634464437,65.2792634464437,64.5067291259765,64.5067291259765,167553
2021-09-17,DIAL,8.0053426403621,8.0053426403621,7.9318995475769,7.9318995475769,543639
2021-09-17,HNB,115.939596563499,116.147003173828,115.317376732513,116.147003173828,66005
2021-09-17,JKH,128.042494671161,129.268955348088,127.55191040039,127.55191040039,4652759
2021-09-17,LIOC,16.44873046875,16.9397376512693,16.3668956781853,16.44873046875,103767
2021-09-17,NDB,64.4284390440006,65.0156740461756,63.6734134079215,63.7573051452636,109843
2021-09-21,COMB,64.5067243055386,64.7384852321711,64.0432024522738,64.2749633789062,147027
2021-09-21,DIAL,8.00534254213905,8.00534254213905,7.7850125660749,7.85845565795898,658088
2021-09-21,HNB,115.317375183105,115.317375183105,111.16926990189,115.317375183105,114668
2021-09-21,JKH,127.551896252394,128.04248046875,127.306604144216,128.04248046875,136645
2021-09-21,LIOC,16.939739242782,16.939739242782,16.2850624176254,16.6942348480224,10431
2021-09-21,NDB,65.0156740461756,65.0156740461756,63.6734134079215,63.7573051452636,118930
2021-09-22,COMB,64.4294805863566,64.5839835706544,64.0432101693869,64.1204681396484,128373
2021-09-22,DIAL,7.9318995475769,8.0053426403621,7.85845575437977,7.9318995475769,113554
2021-09-22,HNB,115.317376732513,116.354409784156,115.317376732513,116.147003173828,79672
2021-09-22,JKH,128.533036496702,131.476541149298,127.797160333553,129.023620605468,1064770
2021-09-22,LIOC,16.8579028581027,16.8579028581027,16.3668956756591,16.3668956756591,81360
2021-09-22,NDB,63.8411984841081,64.1767654418945,63.7573067446615,64.1767654418945,273407
2021-09-23,COMB,64.7384890209606,64.7384890209606,64.1204641658457,64.3522186279296,304241
2021-09-23,DIAL,8.00534254213905,8.00534254213905,7.85845565795898,7.85845565795898,302153
2021-09-23,HNB,115.317378244352,116.147004696543,115.317378244352,115.939598083496,136164
2021-09-23,JKH,132.212492958793,137.118336853368,131.476616374607,131.721908569335,517421
2021-09-23,LIOC,16.8579028607046,16.8579028607046,16.3668956781853,16.44873046875,1454
2021-09-23,NDB,64.0928737024479,64.4284406602343,63.8411984841081,64.1767654418945,67437
2021-09-24,COMB,64.6612368041177,65.0475007146788,64.506727353026,64.8929977416992,49589
2021-09-24,DIAL,7.93189945025497,8.00534254213905,7.85845565795898,7.85845565795898,220152
2021-09-24,HNB,116.147001395142,117.391427603246,116.147001395142,117.184020996093,113454
2021-09-24,JKH,132.457763671875,132.94834798177,131.476595052083,132.457763671875,330009
2021-09-24,LIOC,16.5305652618408,16.6123984915492,16.3668956806864,16.5305652618408,16537
2021-09-24,NDB,64.5123302170128,64.5962219536211,63.925088060755,64.0089797973632,35388
2021-09-27,COMB,64.5839815453842,65.6655347921156,64.5839815453842,64.8157424926757,10976
2021-09-27,DIAL,8.0053426403621,8.0053426403621,7.85845575437977,7.9318995475769,278179
2021-09-27,HNB,116.561817938399,117.184024342815,116.354411325323,116.97663116455,12335
2021-09-27,JKH,132.948334806105,134.910671851214,132.212458414189,133.438919067382,1250880
2021-09-27,LIOC,16.5305652618408,16.5305652618408,16.5305652618408,16.5305652618408,0
2021-09-27,NDB,63.9250869750976,64.1767621806481,63.6734117695471,63.9250869750976,51895
2021-09-28,COMB,64.8157445252137,64.8930024954752,64.1204681396484,64.1204681396484,439629
2021-09-28,DIAL,7.85845565795898,7.93189945025497,7.7850125660749,7.85845565795898,418278
2021-09-28,HNB,115.939596563499,116.147003173828,114.48776372601,116.147003173828,259427
2021-09-28,JKH,135.155955197999,136.873000000878,135.155955197999,136.382415771484,2376022
2021-09-28,LIOC,16.7760680701399,16.7760680701399,16.44873046875,16.44873046875,20711
2021-09-28,NDB,64.5123318776715,64.5962236164393,63.7573062287615,63.8411979675293,18741
2021-09-29,COMB,64.1204624055044,64.8929966922452,64.1204624055044,64.7384872436523,57587
2021-09-29,DIAL,7.93189945025497,8.00534254213905,7.7850125660749,7.85845565795898,562452
2021-09-29,HNB,116.147004696543,116.147004696543,115.732191470448,115.939598083496,23068
2021-09-29,JKH,136.87298662101,144.722333524007,136.87298662101,143.741165161132,3207849
2021-09-29,LIOC,16.8579044445288,16.8579044445288,16.4487320141318,16.6942348480224,80829
2021-09-29,NDB,63.9250902235547,64.1767654418945,63.6734150052149,64.1767654418945,59076
2021-09-30,COMB,64.7384929567915,65.6655367739364,64.5067320025052,65.2792663574218,213046
2021-09-30,DIAL,7.9318995475769,8.0053426403621,7.85845575437977,7.9318995475769,761615
2021-09-30,HNB,116.147004712247,119.258077038761,115.732191486096,116.97663116455,358593
2021-09-30,JKH,145.212917525302,150.118759333589,142.26941244033,146.929962158203,2865110
2021-09-30,LIOC,16.4487320040577,17.2670768643504,16.4487320040577,16.8579044342041,208849
2021-09-30,NDB,64.1767643576582,64.428439571746,63.841197405541,64.0928726196289,28251
2021-10-01,COMB,66.4380615877234,66.4380615877234,65.2792569827074,65.66552734375,320689
2021-10-01,DIAL,7.9318995475769,7.9318995475769,7.9318995475769,7.9318995475769,0
2021-10-01,HNB,116.97663116455,116.97663116455,116.97663116455,116.97663116455,0
2021-10-01,JKH,150.11876883776,155.024610956641,146.684679354544,147.66584777832,3095928
2021-10-01,LIOC,17.1034062125437,18.0035858154921,17.1034062125437,17.9217510223388,954287
2021-10-01,NDB,64.1767654418945,64.5123323996809,63.8411984841081,64.1767654418945,49415
2021-10-04,COMB,65.6655378134237,65.6655378134237,65.4337768554687,65.4337768554687,45191
2021-10-04,DIAL,7.9318995475769,7.9318995475769,7.85845575437977,7.9318995475769,763059
2021-10-04,HNB,117.806243896484,119.050683571922,116.147004430711,117.806243896484,99813
2021-10-04,JKH,149.137625096849,152.081130855339,147.175287924522,148.401748657226,908332
2021-10-04,LIOC,18.41275690905,19.9676116247516,17.9217497459683,19.4766044616699,1936509
2021-10-04,NDB,64.5962203506931,65.4351305367389,64.5962203506931,65.0995635986328,80299
2021-10-05,COMB,65.5882742482703,67.4423550925442,65.4337648120343,67.2105941772461,278153
2021-10-05,DIAL,7.9318995475769,8.0053426403621,7.85845575437977,7.9318995475769,2215450
2021-10-05,HNB,116.354412267436,119.88029784865,116.354412267436,119.46548461914,72034
2021-10-05,JKH,150.11876883776,150.11876883776,147.420555672376,147.66584777832,716745
2021-10-05,LIOC,19.5584406417939,19.6402754349466,18.0035858153677,18.0854206085205,306829
2021-10-05,NDB,65.0995662767626,64.596223008116,64.596223008116,64.6801147460937,256988
2021-10-06,COMB,67.2105941772461,67.2105941772461,67.2105941772461,67.2105941772461,0
2021-10-06,DIAL,7.9318995475769,7.9318995475769,7.9318995475769,7.9318995475769,0
2021-10-06,HNB,119.46548461914,119.46548461914,119.46548461914,119.46548461914,0
2021-10-06,JKH,147.66584777832,147.66584777832,147.66584777832,147.66584777832,0
2021-10-06,LIOC,18.4945945880331,18.4945945880331,18.0035873481816,18.3309249877929,198433
2021-10-06,NDB,64.5962198627503,66.6096071577392,64.5962198627503,66.2740402221679,882386
2021-10-07,COMB,69.914477199342,70.4552505362083,69.3736973843639,69.8372192382812,969700
2021-10-07,DIAL,8.22567335586587,8.22567335586587,8.15223026275634,8.15223026275634,957771
2021-10-07,HNB,125.272849699729,127.761715775828,125.272849699729,126.102462768554,577083
2021-10-07,JKH,149.628198321841,151.09995109222,148.401737679859,150.364074707031,672817
2021-10-07,LIOC,18.4945942167223,19.1492694828012,18.4945942167223,18.6582622528076,291830
2021-10-07,NDB,66.6096093703499,67.0290608945278,65.7706991627745,65.8545837402343,1023910
2021-10-08,COMB,69.528209738135,69.528209738135,68.7556754419794,69.4509582519531,506025
2021-10-08,DIAL,8.15223026275634,8.15223026275634,8.15223026275634,8.15223026275634,0
2021-10-08,HNB,126.102453871905,126.102453871905,118.635869605193,124.443214416503,349250
2021-10-08,JKH,150.118781506527,150.609365759816,149.382905126593,149.873489379882,462727
2021-10-08,LIOC,18.6582622528076,18.6582622528076,18.6582622528076,18.6582622528076,0
2021-10-08,NDB,65.8545837402343,65.8545837402343,65.8545837402343,65.8545837402343,0
2021-10-11,COMB,69.5282033302279,69.5282033302279,67.2105941772461,67.2105941772461,445536
2021-10-11,DIAL,8.15222963441397,8.22567272186279,8.07878584655329,8.22567272186279,912724
2021-10-11,HNB,124.443208537423,125.272834943335,122.783969160409,123.406188964843,96126
2021-10-11,JKH,149.628207290827,149.873499433926,147.175285859829,147.420578002929,379561
2021-10-11,LIOC,19.3947732319645,23.3228278192862,19.3947732319645,21.8498077392578,8939808
2021-10-11,NDB,65.7706979697089,65.7706979697089,64.1767621609315,64.5123291015625,658269
2021-10-12,COMB,67.2105927657319,68.7556676613082,67.2105927657319,68.4466552734375,13212
2021-10-12,DIAL,8.22567335586587,8.22567335586587,8.15223026275634,8.15223026275634,177598
2021-10-12,HNB,122.783975237595,124.23580808499,120.295109331484,123.61360168457,425680
2021-10-12,JKH,148.156454432228,148.156454432228,147.175285859829,147.420578002929,189682
2021-10-12,LIOC,21.8498077392578,21.8498077392578,21.8498077392578,21.8498077392578,0
2021-10-12,NDB,65.0995651840258,65.0995651840258,63.7573045581324,64.5962219238281,100353
2021-10-13,COMB,67.983150334145,67.983150334145,65.6655406543276,66.206314086914,903902
2021-10-13,DIAL,8.22567335586587,8.22567335586587,8.00534267571344,8.15223026275634,879840
2021-10-13,HNB,123.61360168457,123.61360168457,123.61360168457,123.61360168457,0
2021-10-13,JKH,147.175263953735,147.175263953735,143.250590248302,144.47705078125,653301
2021-10-13,LIOC,21.2769638547995,22.6681505773455,20.7041218958997,21.5224666595459,2541976
2021-10-13,NDB,64.9317817108867,64.9317817108867,64.1767632409802,64.5962219238281,71395
2021-10-14,COMB,66.8243350546474,66.8243350546474,66.2063037438766,66.2835617065429,109047
2021-10-14,DIAL,8.22567424057154,8.29911804199218,8.15223113956291,8.29911804199218,331681
2021-10-14,HNB,124.028395095698,125.065428101092,124.028395095698,124.235801696777,145036
2021-10-14,JKH,144.967613813039,147.175242449786,144.47702967154,145.212905883789,274290
2021-10-14,LIOC,21.9316387233903,22.3408110992809,21.7679707095553,22.0134735107421,1056486
2021-10-14,NDB,64.1767632409802,64.9317817108867,64.1767632409802,64.5962219238281,30600
2021-10-15,COMB,66.4380645751953,66.8243349536069,66.3608130907577,66.4380645751953,82921
2021-10-15,DIAL,8.29911804199218,8.29911804199218,8.22567424057154,8.29911804199218,180493
2021-10-15,HNB,124.028404536559,124.235811153425,123.198791503906,123.198791503906,17722
2021-10-15,JKH,145.212916544038,145.703500721552,142.75999565647,143.250579833984,669590
2021-10-15,LIOC,22.1771430854459,22.3408110992809,21.8498054969071,22.0134735107421,1005605
2021-10-15,NDB,65.6868073400128,65.6868073400128,64.4284384506889,64.5962219238281,85721
2021-10-18,COMB,67.2106046403427,67.2106046403427,66.1290578526543,66.9788436889648,47900
2021-10-18,DIAL,8.29911650972348,8.29911650972348,8.15222963441397,8.22567272186279,1555008
2021-10-18,HNB,124.235812369871,125.272845464356,123.613605947991,124.858032226562,164590
2021-10-18,JKH,143.250606113009,143.250606113009,139.325931972927,141.288269042968,415661
2021-10-18,LIOC,22.0953098643909,22.8318198810302,22.0134750712379,22.5044822692871,1468650
2021-10-18,NDB,65.6868095927134,65.6868095927134,64.1767654418945,64.1767654418945,97182
2021-10-21,COMB,67.2105982877699,67.9831390380859,67.2105982877699,67.9831390380859,403600
2021-10-21,DIAL,8.22567277251528,8.22567277251528,8.07878589630127,8.07878589630127,72606
2021-10-21,HNB,124.443209876371,126.102449271237,124.443209876371,125.0654296875,68516
2021-10-21,JKH,141.28824328207,141.28824328207,139.571198658851,140.061782836914,686402
2021-10-21,LIOC,22.5863205055213,23.0773277784201,22.5044856998933,22.7499885559082,1278507
2021-10-21,NDB,65.015676772682,65.0995685135422,64.1767665232999,64.2606582641601,38339
2021-10-22,COMB,67.9831438393159,68.7556781660794,67.2106030344402,68.2149047851562,106285
2021-10-22,DIAL,8.07878589630127,8.22567277251528,8.07878589630127,8.07878589630127,363306
2021-10-22,HNB,124.650625607665,125.68765870215,124.443218988768,124.858032226562,66006
2021-10-22,JKH,140.307071435978,140.307071435978,138.344734772538,138.590026855468,717334
2021-10-22,LIOC,23.3228274480001,23.3228274480001,21.6861378025264,21.931640625,1187530
2021-10-22,NDB,64.1767621806481,64.8478889028966,63.7573035047306,63.9250869750976,230574
2021-10-25,COMB,67.9831379833274,67.9831379833274,66.4380629847792,67.828628540039,725199
2021-10-25,DIAL,8.15222968461421,8.22567277251528,8.07878589630127,8.07878589630127,648330
2021-10-25,HNB,124.443214416503,124.858027639056,124.02840119395,124.443214416503,100509
2021-10-25,JKH,137.363573439577,142.024123252706,137.363573439577,138.344741821289,1289461
2021-10-25,LIOC,21.8498084982417,21.8498084982417,20.5404564033627,20.8677940368652,478341
2021-10-25,NDB,64.7640087093214,64.7640087093214,63.7573078189988,64.2606582641601,71432
2021-10-26,COMB,67.2105942669243,67.9831349710234,66.9015818721516,67.0560913085937,233739
2021-10-26,DIAL,8.07878646923489,8.22567335586587,8.07878646923489,8.15223026275634,218788
2021-10-26,HNB,124.443208373016,125.895041146633,124.443208373016,125.272834777832,302129
2021-10-26,JKH,138.344747403772,142.02412898366,138.344747403772,140.797668457031,289425
2021-10-26,LIOC,20.4586197309115,21.276964520148,20.4586197309115,20.7041225433349,427099
2021-10-26,NDB,64.0928704454646,64.5962208565657,63.7573035047306,63.9250869750976,173755
2021-10-27,COMB,67.0561007944148,67.983144587985,66.7470883559289,67.6741256713867,148409
2021-10-27,DIAL,8.15223026275634,8.22567335586587,8.07878646923489,8.15223026275634,179052
2021-10-27,HNB,124.858039592562,134.39869088543,124.858039592562,133.154251098632,1234298
2021-10-27,JKH,141.28823267487,143.005277169183,140.797648533638,142.024108886718,431092
2021-10-27,LIOC,20.8677944112254,21.1951320506002,19.722111892979,20.5404567718505,188056
2021-10-27,NDB,63.9250854049878,65.0995625094901,63.7573019387418,65.0156707763671,111682
2021-10-28,COMB,67.6741256713867,67.6741256713867,67.6741256713867,67.6741256713867,0
2021-10-28,DIAL,8.15222963441397,8.29911650972348,8.15222963441397,8.22567272186279,5469984
2021-10-28,HNB,133.154237602825,133.154237602825,129.835758710666,131.080184936523,42709
2021-10-28,JKH,142.269434741419,145.458232416658,142.269434741419,143.495895385742,428868
2021-10-28,LIOC,20.7041218958997,21.8498058136993,20.6222886682301,21.5224666595459,230643
2021-10-28,NDB,64.8478927069623,65.8545864289988,64.8478927069623,65.4351348876953,87076
2021-10-29,COMB,68.3694085817273,69.1419429177346,67.59687424572,68.6784210205078,218881
2021-10-29,DIAL,8.22567335586587,8.29911714938732,8.15223026275634,8.15223026275634,617405
2021-10-29,HNB,130.872779585036,133.361645495497,127.969113885174,132.739425659179,401551
2021-10-29,JKH,143.495893670408,146.684691307528,142.269433040746,146.194107055664,2312567
2021-10-29,LIOC,21.5224689255651,21.6861385198739,20.7859588729129,21.2769660949707,510146
2021-10-29,NDB,65.8545847593425,65.8545847593425,63.8411973663162,64.6801147460937,105879
2021-11-01,COMB,68.7556780556259,68.7556780556259,68.0603952192221,68.3694076538086,240632
2021-11-01,DIAL,8.22567335586587,8.22567335586587,8.07878646923489,8.15223026275634,288518
2021-11-01,HNB,133.361645495497,133.361645495497,129.420946735105,132.739425659179,279504
2021-11-01,JKH,145.703511314197,145.703511314197,144.23175867466,144.47705078125,435172
2021-11-01,LIOC,21.6861365691232,21.6861365691232,20.8677917929299,21.1132946014404,753370
2021-11-01,NDB,65.0995651840258,65.4351321303041,64.5962219238281,64.5962219238281,30934
2021-11-02,COMB,68.1376429569424,68.8329257550666,67.9831399872117,68.2921524047851,481171
2021-11-02,DIAL,8.15223026275634,8.22567335586587,8.07878646923489,8.15223026275634,558990
2021-11-02,HNB,132.739419609892,134.813472201621,131.494993428778,133.569046020507,280500
2021-11-02,JKH,144.231787109375,147.665877278645,144.231787109375,147.17529296875,701717
2021-11-02,LIOC,21.2769664689606,21.2769664689606,20.7859592382723,20.8677940368652,17858
2021-11-02,NDB,64.9317838879039,65.0156756272862,64.344548871448,64.7640075683593,86185
2021-11-03,COMB,68.7556789887872,69.5282133247945,68.3694085817273,68.6784210205078,219674
2021-11-03,DIAL,8.15223026275634,8.15223026275634,8.07878646923489,8.15223026275634,456863
2021-11-03,HNB,134.398661566744,136.472713990813,133.569035223193,134.81346130371,165666
2021-11-03,JKH,148.156461588541,148.892338053385,147.17529296875,147.17529296875,1510339
2021-11-03,LIOC,20.8677928285855,20.8677928285855,20.0494480117783,20.2131175994873,138212
2021-11-03,NDB,64.5962219238281,65.0156734474562,64.1767632409802,64.5962219238281,33221
2021-11-05,COMB,68.7556760571149,68.7556760571149,67.7513808153163,67.9058837890625,237939
2021-11-05,DIAL,8.15222968461421,8.15222968461421,8.07878589630127,8.07878589630127,804776
2021-11-05,HNB,134.81346130371,134.81346130371,134.81346130371,134.81346130371,0
2021-11-05,JKH,147.17529296875,148.156461588541,146.194124348958,147.17529296875,1516586
2021-11-05,LIOC,20.2131175994873,20.2131175994873,20.2131175994873,20.2131175994873,0
2021-11-05,NDB,64.5962219536211,64.5962219536211,63.925088060755,64.0089797973632,31589
2021-11-08,COMB,67.9058905079371,67.9831484805666,66.824343672253,67.5968780517578,122182
2021-11-08,DIAL,8.07878589630127,8.15222968461421,8.07878589630127,8.07878589630127,945533
2021-11-08,HNB,132.739432854846,137.302351698908,132.739432854846,136.680145263671,217808
2021-11-08,JKH,147.175267323726,147.175267323726,145.212930426076,145.948806762695,667849
2021-11-08,LIOC,20.3767859867581,20.8677931977014,19.2311035351365,19.8039455413818,188083
2021-11-08,NDB,64.0089814450648,64.5962236164393,63.7573062287615,63.8411979675293,76634
2021-11-09,COMB,66.9788438027519,66.9788438027519,66.5153283773212,66.8243408203125,74070
2021-11-09,DIAL,8.15222968461421,8.15222968461421,8.00534210798832,8.07878589630127,234039
2021-11-09,HNB,134.813479094812,141.865263641182,134.606085916364,140.206024169921,1584042
2021-11-09,JKH,145.458241728698,145.703533873266,143.250612427588,144.231781005859,678470
2021-11-09,LIOC,19.6402740478515,19.9676116364753,19.5584392604784,19.6402740478515,141799
2021-11-09,NDB,63.8411957338027,63.8411957338027,63.2539607421948,63.3378524780273,193932
2021-11-10,COMB,66.9788399266905,67.519619768271,66.5153245280834,66.9015884399414,65503
2021-11-10,DIAL,8.07878589630127,8.15222968461421,8.00534210798832,8.07878589630127,130862
2021-11-10,HNB,136.887539314861,141.03564453125,136.887539314861,141.03564453125,804865
2021-11-10,JKH,144.23173760079,145.703490025288,143.741153459291,145.212905883789,736055
2021-11-10,LIOC,19.3947709458481,20.9496256383516,19.312936159744,20.1312808990478,70890
2021-11-10,NDB,63.8411973930768,63.8411973930768,62.9183954341546,63.1700706481933,136577
2021-11-11,COMB,66.8243407067879,67.5968750520099,66.8243407067879,66.9788436889648,130378
2021-11-11,DIAL,8.07878646923489,8.29911714938732,8.07878646923489,8.15223026275634,534004
2021-11-11,HNB,139.376395168589,141.865261047379,135.228289848875,136.887542724609,150285
2021-11-11,JKH,144.231801112758,147.42059943668,144.231801112758,146.68472290039,795727
2021-11-11,LIOC,20.7859596111644,21.686139290097,20.1312843324147,20.5404567718505,213874
2021-11-11,NDB,63.3378519441637,63.5056354144145,62.9183932685367,63.0022850036621,171125
2021-11-12,COMB,66.9015883293476,67.9831415326086,65.6655321528438,65.8972930908203,454322
2021-11-12,DIAL,8.22567335586587,8.22567335586587,8.07878646923489,8.15223026275634,5016357
2021-11-12,HNB,135.85049423315,136.887527162589,134.606068152632,134.81346130371,231816
2021-11-12,JKH,146.488288955688,147.715159047444,145.752166900634,147.224411010742,354111
2021-11-12,LIOC,21.2769647336672,23.6501643340948,21.2769647336672,22.9954891204834,3313978
2021-11-12,NDB,63.7573034605711,63.7573034605711,62.8345015334113,63.0022850036621,70774
2021-11-15,COMB,64.1204634424649,65.8200414920252,63.9659539913732,64.8929977416992,646541
2021-11-15,DIAL,8.00534267571344,8.15223026275634,8.00534267571344,8.15223026275634,2469686
2021-11-15,HNB,131.080189823692,132.739429331634,124.44321835711,129.628356933593,171844
2021-11-15,JKH,144.27992530353,148.205909665531,142.80768116778,147.469787597656,626876
2021-11-15,LIOC,22.5044822691636,22.9136546740575,21.3587998476345,22.6681518554687,998754
2021-11-15,NDB,62.0794824813626,62.9183926653547,61.6600238097569,62.3311576843261,180059
2021-11-16,COMB,64.6612367004099,65.7427834219809,64.506727249566,65.0475006103515,417983
2021-11-16,DIAL,8.15223103820991,8.15223103820991,8.00534343719482,8.00534343719482,437849
2021-11-16,HNB,129.6283619742,132.324634676208,125.272849699729,126.102462768554,123630
2021-11-16,JKH,147.224411010742,147.469785029093,146.242914937337,147.224411010742,535935
2021-11-16,LIOC,22.0953083095296,22.4226458982377,21.6861359334272,22.1771430969238,260691
2021-11-16,NDB,62.9183948906313,62.9183948906313,61.8278094651043,61.9117012023925,52133
2021-11-17,COMB,65.6655320409335,65.6655320409335,64.1204634424649,64.8929977416992,203056
2021-11-17,DIAL,8.00534210798832,8.15222968461421,7.93189902008725,8.07878589630127,350576
2021-11-17,HNB,126.932084336429,130.872783205847,125.272844828487,129.628356933593,130036
2021-11-17,JKH,146.48827118786,147.960515119396,144.279905290555,146.979019165039,271306
2021-11-17,LIOC,22.4226465693185,22.4226465693185,21.2769641941168,21.4406337738037,144225
2021-11-17,NDB,61.8278088792903,62.0794840887703,61.1566821465633,61.2405738830566,153545
2021-11-19,COMB,65.1247644042329,66.2063112226145,64.8930034462779,65.4337768554687,285162
2021-11-19,DIAL,8.07878723770237,8.07878723770237,8.00534343719482,8.00534343719482,270445
2021-11-19,HNB,129.420941122812,129.420941122812,127.761701732727,128.798721313476,76339
2021-11-19,JKH,147.224396640814,152.377250523243,146.242900663209,151.641128540039,1087252
2021-11-19,LIOC,22.0953109447772,22.0953109447772,21.0314632643763,21.2769660949707,163285
2021-11-19,NDB,61.4083584433009,62.0794851879105,61.2405749673435,61.3244667053222,178537
2021-11-22,COMB,65.6655367739364,65.8972977282226,64.9702539110777,65.2792663574218,403901
2021-11-22,DIAL,8.07878589630127,8.07878589630127,8.00534210798832,8.07878589630127,168836
2021-11-22,HNB,128.591325034139,131.909817515539,128.591325034139,131.28759765625,100010
2021-11-22,JKH,152.377247913923,154.340239835519,148.696638060929,151.395751953125,814095
2021-11-22,LIOC,21.2769658346336,23.9775031816049,21.2769658346336,23.6501655578613,2395116
2021-11-22,NDB,61.3244656195499,61.3244656195499,60.5694399911099,61.2405738830566,99362
2021-11-23,COMB,65.0475034399673,65.2020128975325,64.5067300556578,64.8157424926757,302545
2021-11-23,DIAL,8.07878589630127,8.07878589630127,8.00534210798832,8.07878589630127,256304
2021-11-23,HNB,131.080178895639,132.739418265253,130.665365694534,131.909805297851,150384
2021-11-23,JKH,151.886505126953,154.094871114259,150.659635134005,151.886505126953,396589
2021-11-23,LIOC,23.9775023026321,24.3866747075293,21.8498070458614,22.4226474761962,293108
2021-11-23,NDB,61.2405744775696,61.2405744775696,60.3177653671844,60.4016571044921,226375
2021-11-24,COMB,64.7384910029493,64.8930004605145,64.5067300556578,64.8157424926757,109389
2021-11-24,DIAL,8.07878589630127,8.07878589630127,8.00534210798832,8.07878589630127,1517270
2021-11-24,HNB,131.494990548038,131.909803744258,127.761698651675,128.176498413085,125050
2021-11-24,JKH,152.13189687325,152.13189687325,150.168904655531,150.65965270996,303162
2021-11-24,LIOC,22.913655033818,22.913655033818,21.9316406223068,22.0953102111816,255570
2021-11-24,NDB,60.4016571044921,61.1566827402619,59.9822019975633,60.4016571044921,228265
2021-11-25,COMB,64.8929985810145,64.8929985810145,64.1204642717883,64.1977157592773,427170
2021-11-25,DIAL,8.00534353672163,8.37256114300082,8.00534353672163,8.29911804199218,2686943
2021-11-25,HNB,127.969119271946,129.835765424664,126.932086167763,127.554306030273,53919
2021-11-25,JKH,151.64113057622,151.64113057622,147.224398617689,148.942016601562,478083
2021-11-25,LIOC,22.1771443230346,23.3228267272891,22.095309531116,22.9954891204834,1006831
2021-11-25,NDB,60.4016570492256,60.4016570492256,59.5627468361355,60.0660972595214,133656
2021-11-26,COMB,64.1204660583449,64.1977175479863,63.3479252494817,63.8114471435546,171273
2021-11-26,DIAL,8.37255959717229,8.37255959717229,8.22567272186279,8.22567272186279,1163400
2021-11-26,HNB,128.591321079092,128.591321079092,126.102455153294,127.139488220214,332014
2021-11-26,JKH,149.187403157552,149.187403157552,147.224411010742,147.224411010742,823903
2021-11-26,LIOC,23.7319987733658,23.895668354771,22.9954887787799,23.1591567993164,630145
2021-11-26,NDB,59.9822030697489,59.9822030697489,58.7238377264689,59.5627479553222,422999
2021-11-29,COMB,63.5024366131734,63.7341975671672,62.8071537511921,63.2706756591796,484895
2021-11-29,DIAL,8.29911650972348,8.29911650972348,8.15222963441397,8.22567272186279,1827801
2021-11-29,HNB,126.517271742927,126.517271742927,124.650625607665,124.858032226562,37064
2021-11-29,JKH,145.26143391927,147.224426269531,143.789189656575,144.27993774414,316235
2021-11-29,LIOC,23.0773277531666,23.2409958033744,22.8318233365514,22.9136581420898,1090719
2021-11-29,NDB,59.5627468703358,59.8983138194524,59.3110752381082,59.4788551330566,171887
2021-11-30,COMB,63.5796820736273,63.5796820736273,61.7256010956775,61.8801040649414,1568647
2021-11-30,DIAL,8.22567272186279,8.29911650972348,8.15222963441397,8.22567272186279,768198
2021-11-30,HNB,126.309862314964,126.309862314964,120.502517419435,122.369163513183,441745
2021-11-30,JKH,145.016012412623,145.016012412623,139.372411252741,139.863159179687,3086015
2021-11-30,LIOC,23.6310267379729,23.9686125122825,22.7870614973311,23.7154235839843,544497
2021-11-30,NDB,59.5627462825627,59.9822013852094,58.7238360772694,58.8077278137207,360712
2021-12-01,COMB,61.802851874379,62.9616565211814,61.802851874379,62.4208831787109,222242
2021-12-01,DIAL,8.22567277251528,8.29911656082822,8.07878589630127,8.07878589630127,494054
2021-12-01,HNB,121.539534039032,125.687652786939,121.539534039032,122.783973693847,258145
2021-12-01,JKH,141.335416442555,145.261400232626,140.599294481917,142.562286376953,431267
2021-12-01,LIOC,23.6310264385965,23.6310264385965,22.7026643637045,22.8714580535888,915451
2021-12-01,NDB,58.7238350374854,60.401655418364,58.7238350374854,59.6466369628906,472116
2021-12-02,COMB,64.0432059929162,64.0432059929162,62.1891249554653,62.3436279296875,122996
2021-12-02,DIAL,8.07878646923489,8.22567335586587,8.07878646923489,8.15223026275634,363296
2021-12-02,HNB,122.783974961102,125.27284086161,122.783974961102,124.443214416503,347444
2021-12-02,JKH,142.807665554982,144.279909529775,142.316917563384,143.053039550781,134721
2021-12-02,LIOC,23.2090420717259,23.5466278162765,22.7870594886036,23.1246452331542,402851
2021-12-02,NDB,59.6466377541146,60.4016562196035,59.3110743894095,59.3949661254882,95957
2021-12-03,COMB,62.4981353763326,62.5753868609645,61.8028525803094,61.8801040649414,222026
2021-12-03,DIAL,8.15222963441397,8.22567272186279,8.15222963441397,8.22567272186279,2068997
2021-12-03,HNB,124.443208297856,125.687647904328,123.198782126194,124.235801696777,90333
2021-12-03,JKH,144.279932587722,144.525306622735,142.316940307617,142.316940307617,174000
2021-12-03,LIOC,22.7870595543466,26.1629202290647,22.449473808822,24.6437835693359,1174077
2021-12-03,NDB,60.4016589982843,60.4016589982843,59.2271853779818,59.3110771179199,68836
2021-12-06,COMB,61.8028565721981,62.9616613070847,61.5710956252208,62.7299003601074,32831
2021-12-06,DIAL,8.22567277251528,8.22567277251528,8.07878589630127,8.07878589630127,294749
2021-12-06,HNB,124.443208537423,124.443208537423,122.369155957453,123.406188964843,42113
2021-12-06,JKH,142.316940307617,144.279932587722,141.82619223759,142.316940307617,91480
2021-12-06,LIOC,26.1629214251488,27.59766292139,26.0785245824753,26.2473182678222,4496872
2021-12-06,NDB,59.562747910577,60.4016581388001,59.2271845352097,60.1499900817871,51195
2021-12-07,COMB,61.8801023601,62.9616555057091,61.7255993950928,62.1891212463378,355425
2021-12-07,DIAL,8.15222968461421,8.22567277251528,8.07878589630127,8.07878589630127,1079340
2021-12-07,HNB,122.783972129095,122.783972129095,121.954345703125,121.954345703125,161842
2021-12-07,JKH,142.56231434263,142.807688377643,141.580818202577,142.316940307617,442618
2021-12-07,LIOC,27.0068873922169,29.9607657007407,26.5849047767135,29.3699893951416,5081255
2021-12-07,NDB,60.1499895594852,60.317765876297,59.2271840209209,59.8144226074218,73320
2021-12-08,COMB,62.2663755507928,62.3436270367975,61.8028536785407,61.9573631286621,283856
2021-12-08,DIAL,8.07878589630127,8.15222968461421,8.07878589630127,8.07878589630127,282668
2021-12-08,HNB,122.369165349011,122.369165349011,118.635873105506,120.295112609863,164433
2021-12-08,JKH,142.316940307617,143.053062412656,141.82619223759,142.316940307617,1118430
2021-12-08,LIOC,30.8047305376663,34.7713677165479,30.8047305376663,33.9274024963378,8746507
2021-12-08,NDB,59.5627479553222,60.2338818657808,59.5627479553222,59.5627479553222,60431
2021-12-09,COMB,62.2663783383154,62.57539077428,61.7256049558494,61.8028564453125,404648
2021-12-09,DIAL,8.07878589630127,8.15222968461421,8.07878589630127,8.07878589630127,107288
2021-12-09,HNB,120.295111374524,120.295111374524,116.976632399889,118.635871887207,290637
2021-12-09,JKH,143.298408337591,143.298408337591,141.580790429435,142.562286376953,609801
2021-12-09,LIOC,33.9273992238386,34.4337770193327,32.2394689462294,32.5770530700683,2319026
2021-12-09,NDB,59.6466394080692,59.9822027820792,58.7238374448343,59.2271842956543,132171
2021-12-10,COMB,62.57539077428,62.57539077428,61.7256049558494,61.8028564453125,1062260
2021-12-10,DIAL,8.15223026275634,8.22567335586587,8.07878646923489,8.15223026275634,1695235
2021-12-10,HNB,118.428451341352,119.672877451757,117.806231568745,119.258064270019,159127
2021-12-10,JKH,142.807688377643,144.279932587722,141.335444167564,142.316940307617,733854
2021-12-10,LIOC,32.7458471247956,33.3366233727642,30.9735216003613,31.3111057281494,1126276
2021-12-10,NDB,59.9822033548068,60.2338821520347,58.6399462663406,58.9755096435546,322588
2021-12-13,COMB,61.8028554016949,61.8801068898535,61.4938429709484,61.6483459472656,660345
2021-12-13,DIAL,8.15223026275634,8.22567335586587,8.07878646923489,8.15223026275634,5720219
2021-12-13,HNB,118.635858129299,119.465471059344,118.221044946872,118.428451538085,1179911
2021-12-13,JKH,142.562304046418,142.562304046418,141.090059942669,141.33543395996,1202022
2021-12-13,LIOC,32.0706787340967,33.3366265788636,31.3111087394477,31.7330913543701,1118221
2021-12-13,NDB,58.7238363686606,59.5627465781167,58.7238363686606,59.1432914733886,106109
2021-12-14,COMB,61.7256078506812,61.8028593437672,61.4165889221118,61.4938468933105,200570
2021-12-14,DIAL,8.15222968461421,8.22567277251528,8.07878589630127,8.07878589630127,350757
2021-12-14,HNB,118.428462206611,118.635868816509,116.976629372138,118.013648986816,277956
2021-12-14,JKH,141.335400815217,141.826148734714,140.599278935971,141.090026855468,358084
2021-12-14,LIOC,32.0706727904829,40.5103235248205,32.0706727904829,38.484806060791,5572188
2021-12-14,NDB,59.5627460180359,60.4016562196035,59.2271826533308,59.3949661254882,113481
2021-12-15,COMB,61.4165860417725,62.111868881277,61.0303221163449,61.8028564453125,5723756
2021-12-15,DIAL,8.15222968461421,8.15222968461421,8.07878589630127,8.07878589630127,133161
2021-12-15,HNB,118.428460639007,119.465480239958,117.184020996093,117.184020996093,44401
2021-12-15,JKH,140.599309160336,141.335431197825,138.881691072862,139.617813110351,447366
2021-12-15,LIOC,39.666358245579,39.666358245579,34.6025678312498,36.3748931884765,3228849
2021-12-15,NDB,59.3110771179199,59.4788570181859,58.8916219978397,59.3110771179199,57309
2021-12-16,COMB,62.1891297654226,62.1891297654226,61.4165889221118,61.4938468933105,2790950
2021-12-16,DIAL,8.07878589630127,8.15222968461421,8.07878589630127,8.07878589630127,63534
2021-12-16,HNB,119.258073632806,119.258073632806,116.561814609447,117.184020996093,66831
2021-12-16,JKH,140.35393514784,140.844683172832,139.372439097855,139.617813110351,189123
2021-12-16,LIOC,36.3748990369629,37.1344690090272,33.7586081900247,34.6025733947753,1719161
2021-12-16,NDB,59.4788556427529,59.4788556427529,58.7238371599902,58.8916206359863,100854
2021-12-17,COMB,61.957360106001,61.957360106001,61.1848193711953,61.2620773315429,258390
2021-12-17,DIAL,8.07878589630127,8.15222968461421,8.07878589630127,8.07878589630127,721797
2021-12-17,HNB,116.561820678823,117.806246951724,116.147007442919,117.39143371582,205820
2021-12-17,JKH,140.353933184626,144.770665347779,140.353933184626,143.789169311523,188550
2021-12-17,LIOC,35.024556625721,37.1344696754633,34.0117977179504,36.2905044555664,3446005
2021-12-17,NDB,58.8916184612553,58.8916184612553,58.6399432565549,58.723834991455,185614
2021-12-20,COMB,61.1848239165439,61.2620818826309,60.7213020324707,60.7213020324707,278962
2021-12-20,DIAL,8.15223103820991,8.15223103820991,8.00534343719482,8.00534343719482,253492
2021-12-20,HNB,116.146998742541,116.146998742541,113.658132948365,113.865539550781,260103
2021-12-20,JKH,145.261400232626,145.261400232626,141.826164416314,142.562286376953,208321
2021-12-20,LIOC,37.5564489517139,41.7762746766256,36.7124838067316,39.8351554870605,5731987
2021-12-20,NDB,58.7238358086537,58.7238358086537,57.633250398995,57.8849220275878,143679
2021-12-21,COMB,60.721303880603,60.721303880603,60.1805304920958,60.2577819824218,456040
2021-12-21,DIAL,8.00534343719482,8.07878723770237,7.93190033709927,8.00534343719482,314079
2021-12-21,HNB,113.865546556983,114.07295317216,110.339654251185,111.998893737792,99858
2021-12-21,JKH,143.789166729266,144.279914738581,142.316922701322,143.543792724609,197230
2021-12-21,LIOC,43.0422213969561,43.2110150659365,38.8223957698036,41.4386863708496,8845307
2021-12-21,NDB,57.8849241943338,58.639946267594,56.9621222222679,57.1299057006835,93762
2021-12-22,COMB,60.2577829152306,60.2577829152306,59.4852485656738,59.4852485656738,321760
2021-12-22,DIAL,8.00534210798832,8.07878589630127,8.00534210798832,8.07878589630127,194926
2021-12-22,HNB,113.658132948365,114.487759358027,112.828506538703,113.865539550781,44114
2021-12-22,JKH,143.298402095553,148.451255595565,142.807654143171,147.715133666992,626079
2021-12-22,LIOC,43.0422234845426,57.8116138959052,42.2826535470267,54.9421310424804,17002564
2021-12-22,NDB,58.7238363433316,58.9755079742159,57.9688142914589,58.2204895019531,64133
2021-12-23,COMB,59.8715180526792,60.6440523902769,59.407996154498,60.2577819824218,314168
2021-12-23,DIAL,8.00534343719482,8.07878723770237,7.93190033709927,8.00534343719482,651901
2021-12-23,HNB,112.82851258928,114.487765497583,111.791492956401,114.072952270507,99461
2021-12-23,JKH,148.205894608474,149.923512592347,146.733650622297,148.942016601562,606614
2021-12-23,LIOC,60.934287103112,68.6143758564287,56.4612752421423,58.7399787902832,19555621
2021-12-23,NDB,58.220490062772,58.6399451713596,57.884923112214,57.9688148498535,51738
2021-12-24,COMB,60.2577772159989,60.2577772159989,59.6397523860518,59.9487648010253,195271
2021-12-24,DIAL,8.07878723770237,8.07878723770237,8.00534343719482,8.00534343719482,25670
2021-12-24,HNB,114.072946153196,114.902559128048,113.658132948365,113.865539550781,1292
2021-12-24,JKH,150.168873428902,150.168873428902,147.22438571461,147.715133666992,60536
2021-12-24,LIOC,59.0775618663667,66.4200562656093,58.9931666372034,61.7782478332519,5704234
2021-12-24,NDB,58.052705499723,58.3043807079257,57.8010302915203,57.8849220275878,33661
2021-12-27,COMB,60.1805257819302,60.25777726621,59.4852429890764,59.8715133666992,378618
2021-12-27,DIAL,8.00534210798832,8.07878589630127,8.00534210798832,8.07878589630127,289161
2021-12-27,HNB,113.658140564374,113.658140564374,111.584087836051,112.828514099121,58809
2021-12-27,JKH,147.22438571461,148.205881619374,146.733637762228,147.715133666992,182815
2021-12-27,LIOC,63.3817833073998,66.3356614176949,61.7782481883081,62.9598007202148,6605071
2021-12-27,NDB,57.801032455126,57.801032455126,57.0460139614757,57.1299057006835,118851
2021-12-28,COMB,60.1805286604226,61.7256037667041,59.948767718386,60.7213020324707,626676
2021-12-28,DIAL,8.07878589630127,8.15222968461421,8.00534210798832,8.07878589630127,635876
2021-12-28,HNB,111.998895854472,114.487768566232,111.998895854472,113.658142089843,2236
2021-12-28,JKH,148.20588684082,148.942008795327,147.469764886312,148.20588684082,197126
2021-12-28,LIOC,64.9853180570013,65.8292832265728,62.0314399635013,63.1285972595214,2096556
2021-12-28,NDB,57.129904616033,58.6399451542743,56.9621211408029,57.0460128784179,42004
2021-12-29,COMB,60.7985572814941,61.8028524927338,59.8715135547769,60.7985572814941,925783
2021-12-29,DIAL,8.15222968461421,8.22567277251528,8.00534210798832,8.07878589630127,1602007
2021-12-29,HNB,112.828510420152,114.487763296557,111.998890699355,112.413703918457,24233
2021-12-29,JKH,147.224390901477,148.451260825656,146.979016916641,148.20588684082,167848
2021-12-29,LIOC,63.9725624251573,64.9853180530034,60.7654922054058,61.7782478332519,2367790
2021-12-29,NDB,57.1299057006835,58.5560545283862,56.9621222222679,57.1299057006835,94033
2021-12-30,COMB,61.0303183991326,61.8028526810469,60.6440480191195,61.725601196289,498735
2021-12-30,DIAL,8.07878589630127,8.15222968461421,8.00534210798832,8.07878589630127,275848
2021-12-30,HNB,112.413706968147,113.658139941806,111.791493840021,111.998893737792,145126
2021-12-30,JKH,147.469787597656,148.205909665531,147.224413575031,147.469787597656,66278
2021-12-30,LIOC,62.4534274349996,62.4534274349996,57.389636021351,59.2463569641113,2557582
2021-12-30,NDB,57.1299027671819,59.1432900863459,57.1299027671819,58.723834991455,187949
2021-12-31,COMB,61.8028506634175,61.8028506634175,60.8758069641401,61.2620773315429,110669
2021-12-31,DIAL,8.00534343719482,8.07878723770237,8.00534343719482,8.00534343719482,419456
2021-12-31,HNB,113.658139941806,113.658139941806,111.584087224843,111.998893737792,87891
2021-12-31,JKH,148.205907084147,148.205907084147,146.733662974039,147.224411010742,243555
2021-12-31,LIOC,59.9215270358862,65.4073006377632,59.0775618663667,61.7782478332519,4061500
2021-12-31,NDB,58.7238385807139,58.7238385807139,57.4654696395188,57.8010330200195,76326
