Date,Ticker,Open,High,Low,Close,Volume
2023-01-02,COMB,43.2069640079434,43.463640615607,42.779174269642,42.8647308349609,45584
2023-01-02,DIAL,7.1163945198059,7.1163945198059,7.03267191196241,7.1163945198059,189465
2023-01-02,HNB,72.0485314725849,72.0485314725849,71.1557335006047,71.5128555297851,2206
2023-01-02,JKH,134.165053589317,135.639394837551,132.690712341083,133.182159423828,698453
2023-01-02,LIOC,180.794787507678,180.794787507678,175.579553252648,176.883361816406,314156
2023-01-02,NDB,29.5491695404052,30.3674538596457,29.2764074931435,29.5491695404052,3344
2023-01-03,COMB,43.4636387729724,44.5758948100849,43.4636387729724,44.2336616516113,23190
2023-01-03,DIAL,7.03267191196241,7.20011712764939,7.03267191196241,7.1163945198059,632242
2023-01-03,HNB,69.7272644042968,71.4235726844631,69.6379838999243,69.7272644042968,3772
2023-01-03,JKH,133.182149786698,137.359449687756,133.182149786698,135.393661499023,377982
2023-01-03,LIOC,175.579539741344,186.227308859321,173.841128456776,183.185089111328,2105277
2023-01-03,NDB,29.5491694280174,29.5491694280174,29.0945666251584,29.4582481384277,35342
2023-01-04,COMB,44.9181323904781,44.9181323904781,44.0625494100672,44.1481094360351,26806
2023-01-04,DIAL,7.28383893705492,7.28383893705492,7.03267191196241,7.1163945198059,170719
2023-01-04,HNB,71.4235740481224,71.4235740481224,69.548704723415,69.6379852294921,3247
2023-01-04,JKH,134.656517937725,137.113753666516,133.673623646209,136.130859375,138818
2023-01-04,LIOC,175.362252830139,178.839075686746,173.406539973297,176.666061401367,1124185
2023-01-04,NDB,29.0945662315971,29.0945662315971,28.6399634348875,29.0036449432373,11785
2023-01-05,COMB,44.0625453132686,44.0625453132686,43.206962412407,43.2925224304199,33339
2023-01-05,DIAL,7.11639450355376,7.28383892042038,7.11639450355376,7.20011711120605,175454
2023-01-05,HNB,71.3342944573481,71.3342944573481,69.0130296734413,69.102310180664,2231
2023-01-05,JKH,136.376574972401,136.376574972401,135.393680738366,135.639404296875,841019
2023-01-05,LIOC,176.448739361792,178.187150587032,173.406519717623,174.493026733398,652296
2023-01-05,NDB,29.0945660878175,29.0945660878175,28.5490420054441,28.8218040466308,286672
2023-01-09,COMB,43.6347567519607,44.404779655301,43.1214069977827,43.891429901123,20718
2023-01-09,DIAL,7.2001173937322,7.45128362966868,7.2001173937322,7.36756181716918,699554
2023-01-09,HNB,68.7451922445316,69.1023142946838,67.406005859375,67.406005859375,97923
2023-01-09,JKH,135.639414413199,135.639414413199,132.936455068008,133.427902221679,18925
2023-01-09,LIOC,174.058459997177,174.058459997177,165.149100621541,166.887512207031,588498
2023-01-09,NDB,28.8218039023906,29.0945659422123,28.6399631500244,28.6399631500244,74272
2023-01-10,COMB,43.5491979728771,44.6614575332237,43.5491979728771,43.6347579956054,25228
2023-01-10,DIAL,7.36756161037079,7.70245044784484,7.36756161037079,7.61872863769531,914251
2023-01-10,HNB,67.138162465478,69.637988343541,67.138162465478,67.4952774047851,939
2023-01-10,JKH,132.936447143554,133.919341392305,132.936447143554,132.936447143554,104227
2023-01-10,LIOC,165.149087532382,173.841144770928,164.931786101418,166.452896118164,665780
2023-01-10,NDB,28.63996354673,29.0945663452148,28.63996354673,29.0945663452148,49226
2023-01-11,COMB,43.6347555907645,44.490338491626,43.0358458322347,43.2925224304199,29400
2023-01-11,DIAL,7.70245046541413,7.70245046541413,7.45128343751669,7.53500604629516,983791
2023-01-11,HNB,70.5307746338592,70.5307746338592,67.2274385829504,68.7451858520507,4712
2023-01-11,JKH,133.182182592504,133.673629760742,133.182182592504,133.673629760742,132159
2023-01-11,LIOC,166.018303710278,166.887509488866,159.064657481575,161.020370483398,293477
2023-01-11,NDB,29.0945666251584,30.6402139678251,29.0945666251584,29.4582481384277,19197
2023-01-12,COMB,43.2069642633703,44.4047803758903,43.2069642633703,43.7203140258789,20200
2023-01-12,DIAL,7.53500602910781,7.61872863769531,7.53500602910781,7.61872863769531,1617461
2023-01-12,HNB,70.0843852048077,70.0843852048077,67.941681323857,68.3880767822265,3152
2023-01-12,JKH,133.673625798515,134.656520105857,133.427902221679,133.427902221679,575943
2023-01-12,LIOC,160.368468437405,165.149100287843,156.457042377956,157.326248168945,324443
2023-01-12,NDB,29.8219297651222,29.8219297651222,28.8218046885555,29.5491695404052,7123
2023-01-13,COMB,43.7203140258789,43.7203140258789,43.7203140258789,43.7203140258789,0
2023-01-13,DIAL,7.61872863769531,7.61872863769531,7.61872863769531,7.61872863769531,0
2023-01-13,HNB,68.3880767822265,68.3880767822265,68.3880767822265,68.3880767822265,0
2023-01-13,JKH,133.427902221679,133.427902221679,133.427902221679,133.427902221679,0
2023-01-13,LIOC,157.326248168945,157.326248168945,157.326248168945,157.326248168945,0
2023-01-13,NDB,29.5491695404052,29.5491695404052,29.5491695404052,29.5491695404052,0
2023-01-17,COMB,42.8647323189803,44.3192250824387,42.8647323189803,43.4636421203613,128816
2023-01-17,DIAL,7.53500632690359,7.7024507522583,7.53500632690359,7.7024507522583,987459
2023-01-17,HNB,67.941681323857,70.5307806631772,67.8524008119888,68.3880767822265,247368
2023-01-17,JKH,134.165054321289,135.147948492141,133.919330778576,134.165054321289,27360
2023-01-17,LIOC,153.84940938578,170.581619163612,153.84940938578,167.32209777832,494188
2023-01-17,NDB,29.2764075200474,29.9128510825465,28.8218047150417,29.6400890350341,39226
2023-01-18,COMB,44.062546033582,44.1481060529936,42.9502899722061,43.1214065551757,41041
2023-01-18,DIAL,7.7024507522583,7.7024507522583,7.53500632690359,7.7024507522583,477780
2023-01-18,HNB,68.3880727866846,68.7451877123217,67.4952748211356,68.6559143066406,60761
2023-01-18,JKH,134.165073541226,134.902244274969,134.165073541226,134.41079711914,12723
2023-01-18,LIOC,169.495111932817,169.495111932817,162.324164889506,164.062576293945,327829
2023-01-18,NDB,30.4583731825817,30.4583731825817,28.9127240188221,29.3673286437988,54058
2023-01-19,COMB,42.9502901463001,43.6347564809531,42.8647301265418,43.035846710205,66385
2023-01-19,DIAL,7.61872863769531,7.70245044784484,7.61872863769531,7.61872863769531,141580
2023-01-19,HNB,69.6379861074534,70.9771795135527,69.6379861074534,70.530776977539,25818
2023-01-19,JKH,135.639376075114,135.639376075114,133.673588016055,133.919311523437,861279
2023-01-19,LIOC,164.71446824581,166.452879520172,161.889549924972,163.410659790039,224866
2023-01-19,NDB,29.5491691436996,30.0037701196397,28.9127237677851,29.0945663452148,29043
2023-01-20,COMB,42.950289990235,45.0036889867326,42.950289990235,44.9181289672851,35129
2023-01-20,DIAL,7.61872893879995,7.78617336415465,7.61872893879995,7.7024507522583,624310
2023-01-20,HNB,69.6379908975142,74.9947577894065,68.7451928650464,74.1019668579101,789165
2023-01-20,JKH,133.919346618652,136.86802947998,133.673623046875,135.147964477539,492019
2023-01-20,LIOC,166.018286227563,172.320027458714,164.71447769698,167.973999023437,365185
2023-01-20,NDB,29.0945670323492,30.9129764466896,29.003645741487,30.003770828247,92241
2023-01-23,COMB,45.0892454316268,52.1905887929331,45.0892454316268,48.7682571411132,266222
2023-01-23,DIAL,7.70245073198248,7.78617334365844,7.70245073198248,7.78617334365844,435710
2023-01-23,HNB,75.88754849566,79.4587260788253,74.2805136125561,75.976821899414,192366
2023-01-23,JKH,135.639385022615,138.096620258532,135.147937975431,135.393661499023,59906
2023-01-23,LIOC,172.102713848527,173.841125099522,169.060494159285,170.581604003906,206067
2023-01-23,NDB,30.9129773319588,34.0042757941726,30.9129773319588,33.4587516784668,173980
2023-01-24,COMB,49.2816062338848,49.2816062338848,47.1426472519996,47.912670135498,83287
2023-01-24,DIAL,7.70245073198248,7.78617334365844,7.61872891874452,7.78617334365844,375571
2023-01-24,HNB,76.6017796748201,77.3160166241723,74.1019610035436,74.4590759277343,68739
2023-01-24,JKH,136.622279116981,137.113726164165,135.147937975431,135.393661499023,285274
2023-01-24,LIOC,171.233528645833,172.971940104166,165.149088541666,166.235595703125,141177
2023-01-24,NDB,34.0042752184986,34.0042752184986,32.0040250215597,32.6404685974121,91843
2023-01-25,COMB,47.9126719172134,48.34046511184,47.0570889838136,47.570442199707,26137
2023-01-25,DIAL,7.7024507522583,7.78617336415465,7.61872893879995,7.7024507522583,85915
2023-01-25,HNB,74.9947568546915,75.8875548760317,73.7448438853981,74.6376419067382,104613
2023-01-25,JKH,135.147957179857,136.62229853091,134.902233621348,135.639404296875,264927
2023-01-25,LIOC,170.581641149992,178.187192029292,169.495133881521,175.57957458496,1105634
2023-01-25,NDB,32.9132304536154,32.9132304536154,32.0040248299707,32.5495452880859,15090
2023-01-26,COMB,47.4848809407847,47.9126706684078,47.1426477763448,47.8271141052246,23898
2023-01-26,DIAL,7.70245073198248,7.78617334365844,7.70245073198248,7.78617334365844,329032
2023-01-26,HNB,74.9947523085768,74.9947523085768,74.1019614423281,74.9054718017578,46397
2023-01-26,JKH,135.639385022615,135.885108546206,134.656490928248,135.393661499023,298008
2023-01-26,LIOC,177.752567525577,180.577486080385,176.44875896182,176.883361816406,1314208
2023-01-26,NDB,32.0040247532507,32.6404683237673,32.0040247532507,32.2767868041992,16864
2023-01-27,COMB,47.8271170232199,49.3671663571597,47.0570906283232,48.0837936401367,106171
2023-01-27,DIAL,7.78617334365844,7.86989515689641,7.61872891874452,7.78617334365844,577282
2023-01-27,HNB,74.9947514227344,75.7982688736437,74.1912339718251,75.4411468505859,1117229
2023-01-27,JKH,134.656514631781,137.605197433937,134.656514631781,136.868026733398,500475
2023-01-27,LIOC,179.056378217321,185.140818253832,177.317966778317,182.967803955078,2027687
2023-01-27,NDB,32.7313886209187,34.5497999098785,32.7313886209187,33.4587516784668,142853
2023-01-30,COMB,46.2015048462085,48.597140453141,46.2015048462085,47.8271141052246,35252
2023-01-30,DIAL,7.786172698249,7.86989450454711,7.786172698249,7.86989450454711,659425
2023-01-30,HNB,75.7982698470928,76.6910607142616,74.9947523858642,75.8875503540039,79578
2023-01-30,JKH,134.165064239501,137.605194091796,134.165064239501,137.605194091796,898088
2023-01-30,LIOC,182.533210305606,182.533210305606,173.841152672006,181.012100219726,715691
2023-01-30,NDB,33.9133557752755,33.9133557752755,32.731388092041,32.731388092041,19495
2023-01-31,COMB,47.4848838378999,49.2816097887565,47.4848838378999,48.0837936401367,46800
2023-01-31,DIAL,7.86989450454711,7.95361710928316,7.786172698249,7.86989450454711,1146412
2023-01-31,HNB,75.4411478194486,76.7803412211726,75.4411478194486,75.8875503540039,526069
2023-01-31,JKH,137.60518610691,137.60518610691,136.622291920432,137.113739013671,898078
2023-01-31,LIOC,181.229379106001,183.402393243963,178.187159312855,179.273666381835,579385
2023-01-31,NDB,33.6405909354552,34.5497964899366,32.5495428120418,33.9133529663085,23578
2023-02-01,COMB,48.5971409253431,51.7627994550982,48.2549077575779,50.5649833679199,176739
2023-02-01,DIAL,7.86989449135159,8.03733970054293,7.86989449135159,7.95361709594726,1742014
2023-02-01,HNB,76.3339440404631,78.6552087631379,76.3339440404631,78.3873672485351,44311
2023-02-01,JKH,137.11374697004,137.605194091796,136.130852726527,137.605194091796,1711989
2023-02-01,LIOC,178.187171401132,180.794788543588,175.579554258677,176.666061401367,805140
2023-02-01,NDB,34.0042724934706,34.5497965562239,34.0042724934706,34.0951919555664,29272
2023-02-02,COMB,50.4794229203424,52.6183819286785,50.4794229203424,51.591682434082,363607
2023-02-02,DIAL,8.03733970054293,8.03733970054293,7.86989449135159,7.95361709594726,212046
2023-02-02,HNB,79.4587258805546,80.7086387416406,78.5659279365056,80.3515167236328,144089
2023-02-02,JKH,137.605188881478,141.045318603515,137.605188881478,141.045318603515,1661862
2023-02-02,LIOC,181.663989973187,182.533195666838,172.971933036671,174.275741577148,1360628
2023-02-02,NDB,34.0951929912536,35.8226846940843,34.004273526396,35.1862411499023,126677
2023-02-03,COMB,53.0461720488546,55.6129242601681,53.0461720488546,55.185131072998,259757
2023-02-03,DIAL,7.95361719131469,8.45595122803606,7.95361719131469,8.37222862243652,7859454
2023-02-03,HNB,80.6193614490023,84.815495620973,80.6193614490023,84.011978149414,27489
2023-02-03,JKH,141.045292987724,142.519634029408,141.045292987724,142.27391052246,4011934
2023-02-03,LIOC,174.710350535023,175.579556259078,171.885431931845,172.971939086914,522491
2023-02-03,NDB,35.459005017962,37.6410978026869,35.459005017962,37.4592552185058,412368
2023-02-06,COMB,55.5273658974888,55.6129259198176,51.3350077438654,52.9606170654296,108972
2023-02-06,DIAL,8.37222862243652,8.37222862243652,8.12106160407584,8.37222862243652,4376263
2023-02-06,HNB,84.6369350776872,84.6369350776872,82.4942312761875,83.0299072265625,69711
2023-02-06,JKH,142.519661290539,143.502555506335,142.273937736589,143.011108398437,2111385
2023-02-06,LIOC,172.971936050434,176.231457458419,172.971936050434,173.623840332031,434145
2023-02-06,NDB,37.2774113114757,37.2774113114757,35.5499232259614,35.9136047363281,78228
2023-02-07,COMB,53.0461706891399,53.901757041549,50.4794219994725,52.7039375305175,65837
2023-02-07,DIAL,8.37222880981934,8.37222880981934,8.12106178583717,8.20478439331054,112174
2023-02-07,HNB,83.0299044733294,83.9226953273594,80.3515177092978,82.2263870239257,279737
2023-02-07,JKH,142.765384844488,143.502555506335,142.273937736589,143.011108398437,4950481
2023-02-07,LIOC,173.406522286773,173.841125099522,170.364302597531,170.581604003906,218744
2023-02-07,NDB,35.9136039238394,35.9136039238394,34.5497973795458,35.0043983459472,51077
2023-02-08,COMB,52.7039411667002,53.0461743489341,50.5649855056653,52.7895011901855,36207
2023-02-08,DIAL,8.37222900500977,8.37222900500977,7.86989494533399,8.03734016418457,81122
2023-02-08,HNB,81.6907142827833,89.2794723433677,81.2443188383287,86.8689270019531,73649
2023-02-08,JKH,142.519667943318,142.519667943318,141.045326550801,141.53677368164,1318780
2023-02-08,LIOC,172.754636603548,173.406540892618,167.104799431608,169.929718017578,326565
2023-02-08,NDB,34.5497976348778,35.4590032194893,34.5497976348778,35.2771606445312,55666
2023-02-09,COMB,52.2761521280514,53.046175070627,51.3350091361772,52.6183853149414,35067
2023-02-09,DIAL,8.03733970054293,8.03733970054293,7.86989449135159,7.95361709594726,337823
2023-02-09,HNB,85.7082905506825,88.3866701922846,85.3511685311551,86.1546859741211,28451
2023-02-09,JKH,141.585820920739,142.077438354492,140.84839477011,142.077438354492,1404501
2023-02-09,LIOC,169.495105940042,171.233517283016,167.756694597067,168.625900268554,70663
2023-02-09,NDB,35.4590032194893,35.5499226844236,35.0043986046388,35.2771606445312,37132
2023-02-10,COMB,52.960614127411,53.0461706891399,51.7627980722328,52.7039375305175,44085
2023-02-10,DIAL,7.95361755475928,8.03734016418457,7.95361755475928,8.03734016418457,15805
2023-02-10,HNB,85.7082909966222,89.279468604653,85.440449480583,86.6010818481445,41315
2023-02-10,JKH,141.094187648607,141.585805027173,140.848378959324,141.33999633789,702120
2023-02-10,LIOC,169.495105718344,169.495105718344,164.279871696241,165.366378784179,339660
2023-02-10,NDB,35.0043983459472,35.459002957438,34.5497973795458,35.0043983459472,16025
2023-02-13,COMB,52.7039431267129,53.0461763216741,50.564987386132,51.4205703735351,21755
2023-02-13,DIAL,7.86989508748013,7.86989508748013,7.36756181716918,7.36756181716918,365798
2023-02-13,HNB,85.7082914379881,88.3866711073185,84.8154934808975,87.0474777221679,160134
2023-02-13,JKH,141.340004129612,141.340004129612,136.669638775764,138.636108398437,47412
2023-02-13,LIOC,165.149095825359,165.149095825359,159.064655452846,161.454971313476,524409
2023-02-13,NDB,35.4590052710311,35.4590052710311,32.8223078295804,33.0950698852539,37888
2023-02-14,COMB,51.3350078976775,52.7039406122107,49.6238420045109,50.1371917724609,34608
2023-02-14,DIAL,7.45128345489501,7.53500606386874,7.28383903538553,7.45128345489501,55138
2023-02-14,HNB,85.7082905506825,88.3866701922846,84.8154926028346,86.1546859741211,65422
2023-02-14,JKH,138.6361126491,139.127730069841,137.652877807617,137.652877807617,2280653
2023-02-14,LIOC,158.630036212483,159.716543309828,152.110993628408,155.153213500976,557262
2023-02-14,NDB,32.9132302652991,33.6405933020174,30.003770828247,30.003770828247,167231
2023-02-15,COMB,50.4794251302267,51.6772412596938,49.6238421806073,50.0516319274902,9028
2023-02-15,DIAL,7.45128343751669,7.53500604629516,7.28383901839773,7.53500604629516,41190
2023-02-15,HNB,84.9047761638251,87.4938824947098,84.9047761638251,86.4225234985351,44707
2023-02-15,JKH,137.652877807617,138.390303938729,136.915451676504,137.652877807617,755998
2023-02-15,LIOC,158.195444771174,159.933856252176,154.284018938919,156.022430419921,339277
2023-02-15,NDB,30.9129750196366,31.7312611319868,30.0037694431662,30.5492935180664,48682
2023-02-16,COMB,50.4794229203424,53.0461716568337,49.6238400081786,51.591682434082,36963
2023-02-16,DIAL,7.61872837321853,7.61872837321853,7.28383874893188,7.28383874893188,348693
2023-02-16,HNB,87.9402789166236,90.1722632400605,85.7082945931866,89.2794723510742,156266
2023-02-16,JKH,138.390303938729,138.390303938729,137.161260386875,137.652877807617,1535652
2023-02-16,LIOC,159.064655452846,167.756713127865,159.064655452846,161.454971313476,851815
2023-02-16,NDB,30.0037699471089,33.1859876956591,29.4582476855908,31.0948181152343,101213
2023-02-17,COMB,53.0461752925305,54.7573446899921,52.6183855350553,53.4739685058593,446685
2023-02-17,DIAL,7.53500576753738,7.53500576753738,7.28383874893188,7.28383874893188,101647
2023-02-17,HNB,90.1722619770424,95.0826331006024,89.7258665388017,94.1898422241211,435896
2023-02-17,JKH,137.652872283826,137.652872283826,136.669637481798,137.161254882812,305715
2023-02-17,LIOC,161.672261528459,166.887495771312,159.064644407032,160.585754394531,119992
2023-02-17,NDB,31.3675809400231,33.1859885237937,31.3675809400231,32.0040245056152,655116
2023-02-20,COMB,53.6450827615514,59.8908399040855,53.6450827615514,55.8695983886718,340984
2023-02-20,DIAL,7.53500624060617,7.53500624060617,7.2838392062317,7.36756181716918,61362
2023-02-20,HNB,97.3146296774439,107.135365346717,97.3146296774439,104.456985473632,213936
2023-02-20,JKH,137.652870952219,137.652870952219,135.440592669058,135.686401367187,734362
2023-02-20,LIOC,162.324164987539,169.495112035181,161.67226071048,167.32209777832,431471
2023-02-20,NDB,33.6405917723942,35.8226844284197,33.6405917723942,34.9134788513183,475450
2023-02-21,COMB,55.612924084281,56.4685070000617,53.9017582527196,55.2706909179687,354403
2023-02-21,DIAL,7.36756135461303,7.45128316185623,7.20011694168867,7.28383874893188,3967850
2023-02-21,HNB,103.56417755752,103.56417755752,98.6538066413722,102.67138671875,41433
2023-02-21,JKH,135.686426447088,136.178043934215,135.19480895996,135.19480895996,4601459
2023-02-21,LIOC,169.495111244001,176.014153984155,166.670192723268,174.058441162109,565742
2023-02-21,NDB,35.4590032194893,35.4590032194893,34.0951930200274,35.2771606445312,95563
2023-02-22,COMB,55.612924084281,59.0352592032573,54.7573411685003,55.2706909179687,100918
2023-02-22,DIAL,7.36756181716918,7.53500624060617,7.36756181716918,7.36756181716918,417863
2023-02-22,HNB,102.671393179901,106.688966409135,101.778595183976,102.001792907714,140154
2023-02-22,JKH,135.686426447088,136.669661421342,134.703191472833,135.19480895996,2243119
2023-02-22,LIOC,176.231458544291,180.57748711505,176.014157115753,176.666061401367,1068642
2023-02-22,NDB,36.2772873201752,38.0956985709068,35.4590048089087,37.2774124145507,636504
2023-02-23,COMB,54.7573435304678,56.4685094358407,54.6717835072724,55.6129264831543,144291
2023-02-23,DIAL,7.36756164435926,7.45128345489501,7.36756164435926,7.45128345489501,35975
2023-02-23,HNB,100.439401106391,101.778594541338,99.1002147724168,101.332199096679,54031
2023-02-23,JKH,135.686386850717,137.407047553535,135.686386850717,136.42381286621,528157
2023-02-23,LIOC,177.317963562011,178.40447069168,172.971935043334,173.84114074707,461653
2023-02-23,NDB,37.186490172448,38.6412197935682,37.186490172448,38.2775382995605,187401
2023-02-24,COMB,56.4685091374559,59.0352614378058,56.0407193913,56.5540657043457,603637
2023-02-24,DIAL,7.36756181716918,7.36756181716918,7.2838392062317,7.36756181716918,185296
2023-02-24,HNB,101.778594756492,102.448195025866,98.2074169897342,101.555397033691,64592
2023-02-24,JKH,137.407067832533,139.619346205508,135.194789459559,136.178024291992,550088
2023-02-24,LIOC,175.57954279902,175.57954279902,171.233514511915,172.537322998046,387720
2023-02-24,NDB,38.6412201243943,39.5504256897424,37.2774099538274,38.7321395874023,116317
2023-02-27,COMB,58.9497017265581,58.9497017265581,54.3295503261978,55.6129264831543,371718
2023-02-27,DIAL,7.36756164435926,7.45128345489501,7.36756164435926,7.45128345489501,28369
2023-02-27,HNB,99.9930068118,99.9930068118,95.3058332860648,96.1986312866211,8184
2023-02-27,JKH,135.686414855619,135.686414855619,132.98251890741,133.474136352539,327900
2023-02-27,LIOC,173.841147885797,177.317970843513,171.23353066751,172.320037841796,858349
2023-02-27,NDB,38.913985209213,39.0049046793488,37.2774128762318,37.7320175170898,48251
2023-02-28,COMB,55.6129264831543,56.4685094358407,55.5273664599588,55.6129264831543,366222
2023-02-28,DIAL,7.36756164435926,7.53500606386874,7.36756164435926,7.45128345489501,473563
2023-02-28,HNB,96.4218333719176,96.4218333719176,93.7434463500976,93.7434463500976,2023619
2023-02-28,JKH,133.22832703767,133.719944480613,132.245092151783,132.736709594726,991840
2023-02-28,LIOC,172.971927835483,173.841133502998,169.495105165423,172.102722167968,266962
2023-02-28,NDB,37.6410972764494,37.732016744724,36.3682064951566,36.8228111267089,80958
2023-03-01,COMB,55.5273664599588,56.0407196874243,55.3562498694215,55.6129264831543,157364
2023-03-01,DIAL,7.45128362966868,7.53500624060617,7.36756181716918,7.36756181716918,25249
2023-03-01,HNB,93.7434396849094,96.6450242354156,93.7434396849094,94.1898422241211,754805
2023-03-01,JKH,132.736701129996,135.686405599552,132.736701129996,134.703170776367,437659
2023-03-01,LIOC,172.537336224886,177.100666276174,171.885431931845,172.971939086914,843223
2023-03-01,NDB,37.2774126093026,37.7320172469053,37.0955736703332,37.3683357238769,96506
2023-03-02,COMB,56.3829495850713,57.3240890502929,55.5273632263559,57.3240890502929,2374214
2023-03-02,DIAL,7.45128345489501,7.53500606386874,7.45128345489501,7.45128345489501,700880
2023-03-02,HNB,96.4218276977943,102.224989768944,94.6362388219811,101.109001159667,392166
2023-03-02,JKH,135.686416042307,136.178033491735,133.719946244592,134.948989868164,138791
2023-03-02,LIOC,172.971919474024,173.841125099522,169.712398378408,170.581604003906,150088
2023-03-02,NDB,38.0956970960351,40.0050277418569,38.0956970960351,39.9141082763671,498791
2023-03-03,COMB,58.1796766339721,60.2330757660463,58.1796766339721,59.0352630615234,613094
2023-03-03,DIAL,7.53500602910781,7.70245044784484,7.36756161037079,7.61872863769531,788470
2023-03-03,HNB,101.332193359624,103.56417755752,100.662600230546,102.67138671875,134676
2023-03-03,JKH,135.686412344733,137.407073370844,133.965751318622,136.669647216796,379374
2023-03-03,LIOC,172.971942146368,173.841147885797,170.798927797796,172.320037841796,204242
2023-03-03,NDB,40.8233125434987,43.1872440852466,40.8233125434987,42.7326431274414,549674
2023-03-07,COMB,59.8908419002683,61.0886615029566,59.2063755306485,60.1475219726562,750016
2023-03-07,DIAL,7.702449743028,8.45595075605204,7.702449743028,8.28850555419921,3379796
2023-03-07,HNB,103.564184515568,114.947318181467,103.564184515568,114.054527282714,747831
2023-03-07,JKH,137.652877807617,137.898686517987,136.669642966134,137.652877807617,896615
2023-03-07,LIOC,172.971948033009,179.708292742837,172.971948033009,177.535278320312,967954
2023-03-07,NDB,43.6418498758658,49.9153658638669,43.6418498758658,48.6424751281738,1094318
2023-03-08,COMB,61.516451166764,61.516451166764,59.1208120994458,59.9763984680175,368058
2023-03-08,DIAL,8.45595185976926,9.29317478456075,8.45595185976926,9.12572956085205,5818759
2023-03-08,HNB,116.063314014941,122.536076440868,116.063314014941,120.527282714843,2231831
2023-03-08,JKH,137.898696899414,138.636123086041,137.652888170538,137.898696899414,1218278
2023-03-08,LIOC,178.18716719858,179.708277162471,171.233521649367,174.275741577148,314592
2023-03-08,NDB,50.0062861412061,50.4608871187681,48.1878749407791,49.5516815185546,1298287
2023-03-09,COMB,60.7464241628309,60.7464241628309,58.8641383192792,59.1208114624023,88792
2023-03-09,DIAL,9.12572878916303,9.12572878916303,8.45595114471791,8.95828437805175,4135752
2023-03-09,HNB,118.741690717614,118.741690717614,114.277722134143,117.848899841308,46504
2023-03-09,JKH,138.8819183885,140.602579324287,138.390300978275,140.110961914062,831867
2023-03-09,LIOC,173.841144810968,173.841144810968,171.885431931845,172.971939086914,329780
2023-03-09,NDB,49.5516800540858,49.5516800540858,46.3694623699317,47.7332725524902,288199
2023-03-10,COMB,59.0352583118705,59.0352583118705,56.4685061474308,57.3240890502929,69840
2023-03-10,DIAL,8.87456275543358,9.04200717001125,8.45595131977045,8.79084014892578,6645574
2023-03-10,HNB,117.84890367509,117.84890367509,114.277725851749,114.947319030761,46319
2023-03-10,JKH,140.602573770872,140.602573770872,138.881912903046,139.619338989257,1248207
2023-03-10,LIOC,172.971939067376,172.971939067376,169.27781474056,169.712417602539,497771
2023-03-10,NDB,48.0969560460378,48.0969560460378,45.0965771651572,45.5511817932128,192678
2023-03-13,COMB,57.3240902932728,57.8374400461212,55.1851312618111,57.0674171447753,194666
2023-03-13,DIAL,8.53967380523681,8.79084084624572,8.45595199052585,8.53967380523681,3535472
2023-03-13,HNB,114.277720856417,114.724116289578,110.70654318918,110.929740905761,133907
2023-03-13,JKH,139.619348748412,139.619348748412,138.144496472901,139.127731323242,233983
2023-03-13,LIOC,168.625910407217,168.625910407217,162.541470340977,163.193374633789,215460
2023-03-13,NDB,45.4602575951464,45.4602575951464,43.6418500616085,44.2782936096191,171679
2023-03-14,COMB,57.1529782531336,57.7518880736685,56.0407220947884,56.8963050842285,139062
2023-03-14,DIAL,8.45595179752459,8.70711803436279,8.45595179752459,8.70711803436279,2523111
2023-03-14,HNB,110.706544221862,117.848899622959,110.260141683565,117.625701904296,1713810
2023-03-14,JKH,137.898682289935,139.373534506939,137.652873587101,138.636108398437,590240
2023-03-14,LIOC,159.499245131311,162.324163641811,156.457025196926,157.760833740234,583187
2023-03-14,NDB,43.2781707901032,47.2786712155912,43.1872476749133,47.0968322753906,260431
2023-03-15,COMB,56.4685090268419,59.0352613221639,56.4685090268419,57.580768585205,173596
2023-03-15,DIAL,8.70711799543556,8.87456321716308,8.70711799543556,8.87456321716308,5515658
2023-03-15,HNB,110.706546923366,120.527282289039,110.706546923366,120.08088684082,232870
2023-03-15,JKH,139.619345770941,142.077432844373,137.652876112196,141.585815429687,933401
2023-03-15,LIOC,158.195424645896,163.410658425431,156.891616201013,160.368438720703,146625
2023-03-15,NDB,47.096828817525,49.0970788834099,47.096828817525,47.642349243164,56277
2023-03-16,COMB,58.693026874567,59.0352600457634,57.4096507546539,57.8374404907226,16247
2023-03-16,DIAL,8.87456275543358,8.95828456350344,8.79084014892578,8.79084014892578,8088179
2023-03-16,HNB,120.080878296288,120.080878296288,117.848894113043,119.188087463378,75110
2023-03-16,JKH,141.094203486987,142.569055788244,141.094203486987,142.077438354492,862697
2023-03-16,LIOC,161.672261528459,163.410672942743,159.933850114174,160.585754394531,134452
2023-03-16,NDB,48.1878760921818,48.1878760921818,46.0967064423047,46.2785453796386,48034
2023-03-17,COMB,57.3240909012781,60.7464260790864,57.3240909012781,59.7197265625,401960
2023-03-17,DIAL,8.79084014892578,8.87456275543358,8.79084014892578,8.79084014892578,79296
2023-03-17,HNB,116.956105528608,121.86648390603,116.956105528608,121.196876525878,193874
2023-03-17,JKH,142.077432844373,142.323241551717,141.585815429687,141.585815429687,126976
2023-03-17,LIOC,159.933837572319,166.887482684159,159.933837572319,166.670181274414,181941
2023-03-17,NDB,46.3694653631972,47.2786709952312,46.0057838394015,46.9149894714355,133563
2023-03-20,COMB,59.7197294388815,61.1742222186942,58.6074698477478,59.0352630615234,194608
2023-03-20,DIAL,8.79084084624572,8.95828527410566,8.53967380523681,8.53967380523681,1798406
2023-03-20,HNB,120.527282502336,123.205669398332,120.080887053327,120.304084777832,41707
2023-03-20,JKH,141.831619920401,143.060663420578,141.831619920401,142.569046020507,584216
2023-03-20,LIOC,169.495104692113,169.495104692113,163.410665036499,165.583679199218,280668
2023-03-20,NDB,47.2786712155912,48.1878768518629,46.1876266391189,47.0968322753906,98793
2023-03-21,COMB,59.8908401523608,59.8908401523608,58.1796742782515,58.6930274963378,46219
2023-03-21,DIAL,8.79084064560085,8.79084064560085,8.62339622156272,8.70711803436279,146960
2023-03-21,HNB,120.527281860057,120.527281860057,117.179301808388,119.634490966796,16412
2023-03-21,JKH,143.552285088433,143.552285088433,141.094198015001,141.585815429687,49166
2023-03-21,LIOC,166.887495771312,168.408605758811,159.281945833817,160.585754394531,111282
2023-03-21,NDB,47.2786693757242,47.2786693757242,43.8236895503794,45.0056571960449,33246
2023-03-22,COMB,58.6074675757886,58.9497007512007,57.3240914400663,57.6663246154785,13184
2023-03-22,DIAL,8.53967331149149,8.79084033797846,8.45595150162114,8.6233959197998,74795
2023-03-22,HNB,117.84890228942,120.527282074947,113.384926512246,119.857688903808,132742
2023-03-22,JKH,142.32322692871,142.814844292886,141.585800882448,142.32322692871,176727
2023-03-22,LIOC,156.674334768889,157.326239074446,152.111004629989,152.762908935546,651933
2023-03-22,NDB,45.4602568199705,46.3694623937807,43.1872447079899,43.550926208496,145897
2023-03-23,COMB,57.3240923885271,57.3240923885271,54.7573435304678,55.6129264831543,848766
2023-03-23,DIAL,8.70711772967015,8.87456294628678,8.6233959197998,8.6233959197998,3804743
2023-03-23,HNB,116.063314763419,116.063314763419,113.384927845428,114.947319030761,8546
2023-03-23,JKH,142.323241551717,142.56905025906,140.602580600314,141.585815429687,198086
2023-03-23,LIOC,152.98021673387,154.284025399216,146.895776295592,148.199584960937,615364
2023-03-23,NDB,44.0964524759793,45.460259082011,40.9142346318457,41.368839263916,70150
2023-03-24,COMB,55.6129267177762,58.1796755866642,55.6129267177762,56.4685096740722,123042
2023-03-24,DIAL,8.62339573434811,8.87456275543358,8.53967312784031,8.79084014892578,207247
2023-03-24,HNB,114.947320391314,116.063316137182,111.822537983663,115.840118408203,1299779
2023-03-24,JKH,140.848389307657,141.83162413703,140.602580600314,141.585815429687,160017
2023-03-24,LIOC,148.199584960937,151.241805180077,147.547680628264,148.199584960937,233834
2023-03-24,NDB,39.3685849912725,41.823439769973,39.3685849912725,40.9142341613769,40113
2023-03-27,COMB,57.3240939086144,57.3240939086144,55.7840445529407,56.2118377685546,285119
2023-03-27,DIAL,8.79084064560085,8.79084064560085,8.62339622156272,8.70711803436279,312593
2023-03-27,HNB,115.616909284881,115.616909284881,112.045731551885,112.492134094238,4533
2023-03-27,JKH,142.323240260074,142.323240260074,139.619344503837,140.110961914062,125252
2023-03-27,LIOC,152.110997250205,152.110997250205,144.288145963052,144.505447387695,298596
2023-03-27,NDB,41.0960725549805,42.6417217047353,39.1867418955934,40.27779006958,53790
2023-03-28,COMB,57.3240907428732,58.6074668629866,55.8695980371349,56.0407180786132,203414
2023-03-28,DIAL,8.70711754241797,8.79084014892578,8.62339573434811,8.79084014892578,600605
2023-03-28,HNB,112.492131798812,112.492131798812,108.02815617317,110.70654296875,24564
2023-03-28,JKH,139.619347490583,139.619347490583,136.669642966134,137.652877807617,235430
2023-03-28,LIOC,143.418950437589,143.418950437589,137.334510115994,142.332443237304,640373
2023-03-28,NDB,39.8231893443237,40.7323913015794,39.3685847206064,40.550552368164,72077
2023-03-29,COMB,56.4685075453788,57.7518836593702,55.8695977706219,56.9818572998046,49933
2023-03-29,DIAL,8.79084064560085,8.79084064560085,8.62339622156272,8.70711803436279,78486
2023-03-29,HNB,111.599334716796,114.27772153358,110.706543845182,111.599334716796,108884
2023-03-29,JKH,140.356769318276,140.356769318276,138.144490992769,138.636108398437,65861
2023-03-29,LIOC,143.636243769552,152.110999453384,143.636243769552,147.330368041992,507002
2023-03-29,NDB,40.7323920499997,42.6417227564799,40.7323920499997,41.368839263916,23227
2023-03-30,COMB,57.6663239141229,57.6663239141229,56.0407180786132,56.0407180786132,40562
2023-03-30,DIAL,8.62339573434811,8.79084014892578,8.62339573434811,8.79084014892578,4874573
2023-03-30,HNB,111.599335895473,114.054525020284,110.706545014429,112.268936157226,9329
2023-03-30,JKH,138.6361126491,140.110964911324,136.669642966134,137.652877807617,211131
2023-03-30,LIOC,147.330353179535,153.84939535562,147.330353179535,150.589874267578,716159
2023-03-30,NDB,42.0962001334963,42.0962001334963,38.7321398807395,39.0958213806152,1049879
2023-03-31,COMB,57.6172256469726,58.885530768953,56.6207026624548,57.6172256469726,82420
2023-03-31,DIAL,8.87456325683891,8.87456325683891,8.70711803436279,8.70711803436279,3587374
2023-03-31,HNB,120.996001254637,121.926739725827,117.273047369879,120.530632019042,380173
2023-03-31,JKH,137.652877807617,138.6361126491,137.407069097246,137.652877807617,243862
2023-03-31,LIOC,151.676403879771,151.676403879771,147.764977991754,149.068786621093,204120
2023-03-31,NDB,40.4596331525706,42.7326453499963,39.0958229180436,40.823314666748,634929
2023-04-03,COMB,57.1642604162803,57.1642604162803,54.6276536108402,55.3523979187011,104588
2023-04-03,DIAL,8.79084014892578,8.87456275543358,8.70711754241797,8.79084014892578,378298
2023-04-03,HNB,120.996002318367,121.461371558053,116.342309921506,117.273048400878,39060
2023-04-03,JKH,136.669647216796,137.65288208886,136.423838498781,136.669647216796,53977
2023-04-03,LIOC,149.937978034471,151.893690791443,147.9822652775,148.851470947265,114577
2023-04-03,NDB,41.3688382435666,41.8234392193348,40.0050280260834,40.27779006958,968607
2023-04-04,COMB,56.167739868164,56.983079409882,54.7182511893915,56.167739868164,37557
2023-04-04,DIAL,8.79084064560085,8.87456325683891,8.70711803436279,8.70711803436279,2230081
2023-04-04,HNB,117.273044586181,117.273044586181,115.411567687988,115.411567687988,31103
2023-04-04,JKH,137.652872283826,137.652872283826,136.423828781292,137.161254882812,307201
2023-04-04,LIOC,149.503374970848,149.503374970848,144.288140960237,145.59194946289,183532
2023-04-04,NDB,40.0050277125847,40.7323907261495,39.7322656712256,39.8231887817382,19239
2023-04-06,COMB,56.1677395528585,57.0736708359691,54.8088426281925,56.2583312988281,57387
2023-04-06,DIAL,8.79084014892578,8.79084014892578,8.70711754241797,8.79084014892578,1190823
2023-04-06,HNB,114.480832042922,117.505732076576,114.015462806975,116.807678222656,29846
2023-04-06,JKH,137.652856225366,137.652856225366,135.932195522548,136.42381286621,101915
2023-04-06,LIOC,147.547662442618,151.241786539119,144.288141180999,148.851470947265,149668
2023-04-06,NDB,39.9141083343811,41.368838009779,39.9141083343811,40.095947265625,62770
2023-04-10,COMB,56.1677390136718,57.7984146164464,54.8088421020507,56.6207046508789,7977
2023-04-10,DIAL,8.62339622156272,8.87456325683891,8.62339622156272,8.70711803436279,184721
2023-04-10,HNB,115.178883075714,116.342306137084,114.480829238891,115.411567687988,10513
2023-04-10,JKH,137.898679650348,137.898679650348,135.440592669058,135.686401367187,389349
2023-04-10,LIOC,148.416872133767,150.372584943729,145.809255053818,147.982269287109,132521
2023-04-10,NDB,40.005028277739,40.9142338800842,40.005028277739,40.550552368164,191679
2023-04-11,COMB,56.6207038031684,57.3454481206782,56.167738172743,57.0736694335937,83423
2023-04-11,DIAL,8.70711772967015,9.12572917433579,8.6233959197998,8.6233959197998,3398388
2023-04-11,HNB,115.411565765132,116.807673415517,113.78277350635,114.480827331542,221295
2023-04-11,JKH,135.686386850717,136.669621538041,135.194769507055,136.42381286621,175923
2023-04-11,LIOC,147.764973958333,157.543538411458,146.895768229166,156.45703125,621409
2023-04-11,NDB,40.0050280543199,40.9142336515873,40.0050280543199,40.3687095642089,4534
2023-04-12,COMB,57.526635064019,57.9796006944444,56.167738172743,57.0736694335937,37021
2023-04-12,DIAL,8.70711803436279,8.70711803436279,8.53967361032466,8.70711803436279,88905
2023-04-12,HNB,116.342308044433,117.971100357055,116.342308044433,116.342308044433,94109
2023-04-12,JKH,136.423852677778,136.669661421342,134.949000216397,135.19480895996,269651
2023-04-12,LIOC,156.457008618987,157.326214222425,153.84939180867,154.718597412109,181224
2023-04-12,NDB,40.0959477719932,40.9142339081928,40.005028305223,40.6414718627929,31622
2023-04-17,COMB,57.9796006944444,57.9796006944444,56.6207038031684,57.0736694335937,14516
2023-04-17,DIAL,8.62339573434811,8.79084014892578,8.62339573434811,8.79084014892578,6464569
2023-04-17,HNB,118.203781065902,118.203781065902,113.78277350635,114.480827331542,34595
2023-04-17,JKH,137.161277277412,137.161277277412,132.736719945882,132.982528686523,840076
2023-04-17,LIOC,154.501320374045,158.195444771174,153.849416068669,156.022430419921,727059
2023-04-17,NDB,40.9142338518492,41.3688384752528,40.0959477167765,40.4596328735351,559690
2023-04-18,COMB,57.9796017151285,57.9796017151285,54.355876607933,54.4464683532714,57955
2023-04-18,DIAL,8.70711780846326,9.12572925691703,8.70711780846326,9.04200744628906,12248853
2023-04-18,HNB,115.411574972728,116.342313480573,111.921305568311,113.317413330078,8873
2023-04-18,JKH,136.669649138274,136.669649138274,132.490900873254,132.736709594726,589486
2023-04-18,LIOC,156.457033333703,157.326239074446,152.111004629989,152.762908935546,117835
2023-04-18,NDB,40.3687097618007,40.9142338518492,40.3687097618007,40.4596328735351,107525
2023-04-19,COMB,55.2618076110866,55.2618076110866,54.3558763387737,54.6276550292968,35846
2023-04-19,DIAL,9.04200744628906,9.12572925691703,8.95828483722311,9.04200744628906,804436
2023-04-19,HNB,111.921296576491,115.644250308766,109.361765885553,110.757873535156,45080
2023-04-19,JKH,132.736701129996,136.178023011144,132.736701129996,134.703170776367,7627
2023-04-19,LIOC,152.110995452749,156.022421050105,150.807186920297,151.459091186523,49056
2023-04-19,NDB,40.9142341613769,42.2780407517263,40.9142341613769,40.9142341613769,430205
2023-04-20,COMB,54.355876607933,54.8088422463324,54.355876607933,54.4464683532714,100914
2023-04-20,DIAL,9.04200744628906,9.12572925691703,8.95828483722311,9.04200744628906,11098314
2023-04-20,HNB,110.757875922366,110.990560535648,109.827137469237,110.059822082519,3847
2023-04-20,JKH,134.703170776367,136.178023011144,133.965744658978,134.703170776367,775900
2023-04-20,LIOC,152.111006667372,153.849418172142,149.503389410217,152.328308105468,81942
2023-04-20,NDB,40.8233143852043,40.9142338518492,40.4596328735351,40.4596328735351,12053
2023-04-21,COMB,54.4464689847215,54.7182511355961,53.4499459510269,54.2652854919433,201431
2023-04-21,DIAL,9.12572956085205,9.2094521727064,9.0420077474357,9.12572956085205,8463064
2023-04-21,HNB,110.757875922366,110.757875922366,107.034922109849,110.059822082519,118611
2023-04-21,JKH,134.703172043342,136.178024291992,134.703172043342,136.178024291992,314791
2023-04-21,LIOC,152.980206263547,154.501316269009,149.720684823273,150.372589111328,51472
2023-04-21,NDB,40.9142341613769,41.3688387882197,40.0959480201136,40.9142341613769,23927
2023-04-24,COMB,54.3558762031562,54.3558762031562,52.544013663051,52.6346054077148,69080
2023-04-24,DIAL,9.04200725918599,9.29317428274854,9.04200725918599,9.20945167541503,5886665
2023-04-24,HNB,107.267615051269,108.896407470703,104.24271484375,104.708084106445,16392
2023-04-24,JKH,135.194794908701,136.915455934812,135.194794908701,136.669647216796,809832
2023-04-24,LIOC,152.328297753691,152.980202023678,147.547666440451,147.982269287109,158805
2023-04-24,NDB,40.9142335937002,40.9142335937002,40.1868705749511,40.1868705749511,61461
2023-04-25,COMB,52.5440142921351,53.812319467735,52.3628273447846,52.4534225463867,66469
2023-04-25,DIAL,9.20945167541503,9.29317428274854,8.95828465185249,9.20945167541503,8507725
2023-04-25,HNB,105.173444274231,107.500290386493,104.708075051779,105.87149810791,10741
2023-04-25,JKH,135.686406875775,136.669641708208,135.686406875775,136.178024291992,108904
2023-04-25,LIOC,147.982258994198,151.241780117418,146.026546320266,146.895751953125,139002
2023-04-25,NDB,40.1868709113384,40.8233144693436,40.0050283325843,40.7323913574218,61259
2023-04-26,COMB,52.3628270307867,53.3593535073119,52.1816400845228,52.5440139770507,136034
2023-04-26,DIAL,9.2094521727064,9.2094521727064,9.0420077474357,9.12572956085205,50652
2023-04-26,HNB,105.406127481875,108.431027387536,104.708073657491,107.034919738769,91768
2023-04-26,JKH,135.68641174206,136.669646609756,135.68641174206,135.932220458984,66110
2023-04-26,LIOC,147.982263020106,150.372578575497,146.026550292968,146.026550292968,189224
2023-04-26,NDB,40.8233138962683,40.8233138962683,40.005027770996,40.005027770996,121648
2023-04-27,COMB,52.5440153945419,52.5440153945419,51.3663053958349,51.7286758422851,32342
2023-04-27,DIAL,9.04200744628906,9.20945186598297,9.04200744628906,9.04200744628906,2809062
2023-04-27,HNB,109.827135036302,109.827135036302,104.242704441236,107.034919738769,1048603
2023-04-27,JKH,135.68641174206,135.932220458984,133.965750723592,135.932220458984,203100
2023-04-27,LIOC,145.809252893139,147.76496567412,143.41893727194,145.157348632812,287397
2023-04-27,NDB,39.9141077551935,40.0050272194961,39.095821641202,39.3685836791992,90275
2023-04-28,COMB,51.6380811736619,51.6380811736619,51.1851155493315,51.3663024902343,80219
2023-04-28,DIAL,9.04200725918599,9.29317428274854,9.04200725918599,9.20945167541503,8529606
2023-04-28,HNB,107.034923079746,107.500292310527,106.104184618183,106.802238464355,286705
2023-04-28,JKH,135.686401367187,136.178018763445,135.194783970929,135.686401367187,413380
2023-04-28,LIOC,147.113070706496,147.330372140331,142.549740595955,143.20164489746,427784
2023-04-28,NDB,39.2776645024812,40.0050275124064,39.1867413924235,39.7322654724121,11283
2023-05-02,COMB,50.7321503314458,50.8227420746962,48.4673221916491,49.1014747619628,122307
2023-05-02,DIAL,9.20945167541503,9.29317428274854,9.04200725918599,9.20945167541503,3173617
2023-05-02,HNB,104.708079424771,104.708079424771,101.450494731556,102.381233215332,161182
2023-05-02,JKH,135.686435375706,136.178052895183,132.736730258843,133.22834777832,200326
2023-05-02,LIOC,142.332431865188,145.157350360222,137.334499143204,138.203704833984,481308
2023-05-02,NDB,39.9141106212614,39.9141106212614,38.1866188049316,38.1866188049316,132746
2023-05-03,COMB,48.9202898133475,49.1014767630862,47.1990189746105,48.0143585205078,32462
2023-05-03,DIAL,9.20945167541503,9.46061869897758,9.12572906808153,9.20945167541503,1307898
2023-05-03,HNB,101.217804535575,107.500288955025,98.6582738461701,107.034919738769,49312
2023-05-03,JKH,133.228327629974,133.719945075103,132.736710184845,133.474136352539,728615
2023-05-03,LIOC,140.811326038988,140.811326038988,134.94418745403,137.334503173828,356494
2023-05-03,NDB,39.8459500336517,39.8459500336517,38.6993032814789,39.0815200805664,17948
2023-05-04,COMB,48.0143600207396,50.7321539841777,48.0143600207396,49.2826652526855,117566
2023-05-04,DIAL,9.29317428274854,9.29317428274854,9.20945167541503,9.20945167541503,487190
2023-05-04,HNB,107.034927940789,107.034927940789,105.173450933123,105.406135559082,6118
2023-05-04,JKH,135.194793087472,135.194793087472,133.96574951395,134.457366943359,841
2023-05-04,LIOC,138.203729510877,139.072935356858,135.813413434431,136.248016357421,138781
2023-05-04,NDB,38.5081927640247,40.1326086031709,38.5081927640247,38.9859619140625,14620
2023-05-08,COMB,48.7391046757699,52.3628299818622,48.7391046757699,51.0945281982421,70481
2023-05-08,DIAL,9.29317428274854,9.29317428274854,9.20945167541503,9.20945167541503,4831622
2023-05-08,HNB,107.034921180417,110.05982112682,107.034921180417,109.594451904296,382625
2023-05-08,JKH,134.457357876542,136.423827461574,134.457357876542,135.686401367187,48042
2023-05-08,LIOC,138.421007144066,138.421007144066,133.423074390042,134.72688293457,454812
2023-05-08,NDB,38.2215331968067,41.470364976571,38.2215331968067,41.1837005615234,26345
2023-05-09,COMB,51.6380841363482,52.5440154369859,51.2757102337516,51.8192710876464,108621
2023-05-09,DIAL,9.29317478456075,9.29317478456075,9.0420077474357,9.12572956085205,839987
2023-05-09,HNB,109.827135036302,110.05981964443,107.034919738769,107.034919738769,260020
2023-05-09,JKH,136.178004194379,136.669621538041,135.194769507055,136.42381286621,66142
2023-05-09,LIOC,137.334489527756,137.334489527756,131.250050118299,133.640365600585,66346
2023-05-09,NDB,41.0881465260515,41.7570240589818,41.0881465260515,41.27925491333,1368722
2023-05-10,COMB,51.6380805969238,51.9098592773159,50.7321493583813,51.6380805969238,17842
2023-05-10,DIAL,9.12572925691703,9.20945186598297,9.04200744628906,9.04200744628906,1225835
2023-05-10,HNB,107.965667724609,108.896406239476,107.965667724609,107.965667724609,88431
2023-05-10,JKH,135.686375668174,136.177992971319,134.703141061883,135.440567016601,33990
2023-05-10,LIOC,133.640373644758,133.640373644758,129.511646654107,131.901962280273,1129711
2023-05-10,NDB,41.7570257465292,41.8525781214854,41.0881481865672,41.1837005615234,13577
2023-05-11,COMB,52.0910484581241,55.8053653136663,50.7321515418252,54.5370635986328,391606
2023-05-11,DIAL,9.04200744628906,9.20945186598297,8.87456302659514,9.04200744628906,2778851
2023-05-11,HNB,108.431037902832,109.827145686988,107.965668641446,108.431037902832,645600
2023-05-11,JKH,134.94898075145,136.669641708208,134.703172043342,136.178024291992,97770
2023-05-11,LIOC,131.250050743752,134.72687328001,129.511639475623,130.163543701171,398565
2023-05-11,NDB,41.0881477607475,47.7769160008692,41.0881477607475,43.476993560791,29220
2023-05-12,COMB,54.5370653396563,54.5370653396563,53.4499470807417,53.6311340332031,194817
2023-05-12,DIAL,8.87456275543358,8.95828456350344,8.79084014892578,8.79084014892578,4643609
2023-05-12,HNB,109.827138414884,111.223246106599,108.43103072317,110.525192260742,576837
2023-05-12,JKH,135.686406875775,136.4238330001,135.686406875775,136.178024291992,59074
2023-05-12,LIOC,131.250056600075,131.250056600075,124.948315471926,125.600219726562,513557
2023-05-12,NDB,43.2858866974109,44.43253345097,43.1903343200683,43.1903343200683,14077
2023-05-15,COMB,52.9063875984115,54.2652845046461,52.5440137077408,52.7252006530761,244459
2023-05-15,DIAL,8.7908402503103,8.7908402503103,7.95361736932837,8.20478439331054,289405
2023-05-15,HNB,110.757879163398,114.015463844674,109.827140683033,113.550094604492,168946
2023-05-15,JKH,135.686402679771,137.407063583319,135.686402679771,137.161254882812,85324
2023-05-15,LIOC,124.948332951455,126.904045988956,121.254208325064,121.906112670898,406087
2023-05-15,NDB,43.2858862173597,44.8147497535128,42.5214562718279,44.2414245605468,56846
2023-05-16,COMB,52.5440139770507,53.4499452525171,51.6380827015843,52.5440139770507,1386574
2023-05-16,DIAL,8.6233961125961,8.6233961125961,8.12106204839129,8.45595169067382,56187
2023-05-16,HNB,114.015467802683,114.248152430852,109.827144495646,111.688621520996,194661
2023-05-16,JKH,137.407063583319,138.144489684839,136.669637481798,137.161254882812,908119
2023-05-16,LIOC,122.558002689906,124.296414075578,118.863878495352,121.68879699707,352086
2023-05-16,NDB,44.4325305456138,44.4325305456138,41.0881465260515,41.27925491333,28425
2023-05-17,COMB,52.5440139770507,52.9063878695787,50.8227431713232,52.5440139770507,316995
2023-05-17,DIAL,8.37222815512563,8.37222815512563,8.12106115078428,8.28850555419921,3219744
2023-05-17,HNB,109.827140808105,111.688617770954,109.827140808105,109.827140808105,130868
2023-05-17,JKH,137.161259124425,137.161259124425,135.932215583883,136.178024291992,118193
2023-05-17,LIOC,122.558017016732,125.165634400066,120.602303979231,121.906112670898,674665
2023-05-17,NDB,41.2792559891386,42.9992242292924,41.2792559891386,42.0436859130859,4805
2023-05-18,COMB,52.1816403974341,52.5440142921351,51.1851173707868,52.4534225463867,276168
2023-05-18,DIAL,8.2047837517107,8.37222815512563,8.12106115078428,8.28850555419921,164580
2023-05-18,HNB,108.89640232668,110.525194669173,108.89640232668,109.827140808105,12463
2023-05-18,JKH,136.17802794629,136.17802794629,132.982514655132,134.457366943359,343796
2023-05-18,LIOC,122.55801140473,125.16562866866,120.602298456782,121.471504211425,176283
2023-05-18,NDB,41.27925491333,42.5214539630068,41.27925491333,41.27925491333,2882
2023-05-19,COMB,51.6380856118145,51.6380856118145,50.0074099152437,51.0945281982421,234668
2023-05-19,DIAL,8.28850620234596,8.45595141729271,8.12106178583717,8.20478439331054,347591
2023-05-19,HNB,109.827137469237,111.688614375495,109.827137469237,110.059822082519,357017
2023-05-19,JKH,134.703179965361,134.703179965361,132.98251890741,133.474136352539,87358
2023-05-19,LIOC,122.557995340098,122.557995340098,119.298474187436,119.950378417968,100369
2023-05-19,NDB,41.279255228207,41.9481327662395,41.1836992112941,41.4703636169433,114494
2023-05-22,COMB,51.6380840648304,51.6380840648304,49.8262214660644,49.8262214660644,278304
2023-05-22,DIAL,8.20478439331054,8.37222880981934,8.12106178583717,8.20478439331054,37428
2023-05-22,HNB,110.292510048817,110.75787928953,108.89640232668,109.827140808105,284745
2023-05-22,JKH,133.228313068767,134.457356547261,133.228313068767,134.211547851562,50730
2023-05-22,LIOC,120.602288984659,120.602288984659,112.99673922887,113.648643493652,472309
2023-05-22,NDB,41.0881471041081,41.0881471041081,40.2281611718003,40.4192695617675,22461
2023-05-23,COMB,51.6380809083189,52.5440121523245,49.8262184203077,51.5474891662597,124023
2023-05-23,DIAL,8.20478439331054,8.28850620234596,8.12106178583717,8.20478439331054,55886
2023-05-23,HNB,109.129090611139,111.688621520996,107.965667470296,111.688621520996,1011500
2023-05-23,JKH,134.457376742581,135.686420405676,133.474141812105,133.965759277343,13339
2023-05-23,LIOC,117.560080161461,117.994683045607,112.127544109637,112.996749877929,458467
2023-05-23,NDB,40.9925953618995,41.5659168955261,39.6548402566514,40.8014869689941,23672
2023-05-24,COMB,50.2791885962853,53.359356487228,50.2791885962853,52.9969825744628,174054
2023-05-24,DIAL,8.28850601683698,8.37222862243652,8.20478420967538,8.37222862243652,131258
2023-05-24,HNB,108.198352098464,112.619360033671,108.198352098464,111.688621520996,1259816
2023-05-24,JKH,135.686401367187,135.686401367187,134.211549178413,135.686401367187,17151
2023-05-24,LIOC,113.214050179097,118.211983296408,112.127542979681,116.473571777343,1069500
2023-05-24,NDB,39.3681805063167,41.9481347644294,39.3681805063167,41.56591796875,15994
2023-05-25,COMB,52.9969793431524,52.9969793431524,51.6380824369177,52.7252006530761,149252
2023-05-25,DIAL,8.37222862243652,8.37222862243652,8.20478420967538,8.37222862243652,64134
2023-05-25,HNB,111.688621520996,111.688621520996,110.292513751983,111.688621520996,11737
2023-05-25,JKH,135.686386850717,137.407047553535,133.719917476069,136.42381286621,520962
2023-05-25,LIOC,116.473559524507,117.3427651926,114.73514818832,115.821655273437,124775
2023-05-25,NDB,41.0881477358074,41.0881477358074,40.13260941637,40.8014869689941,33155
2023-05-26,COMB,50.9133370408565,53.9029094805392,50.732150099331,53.3593521118164,90921
2023-05-26,DIAL,8.37222908049369,8.53967350241597,8.37222908049369,8.45595169067382,283735
2023-05-26,HNB,112.153985015616,112.619354248046,110.757877318327,112.619354248046,2160319
2023-05-26,JKH,137.652869591346,137.652869591346,133.965739155863,134.211547851562,72683
2023-05-26,LIOC,116.473562564489,117.125466832574,114.73515118293,115.16975402832,122442
2023-05-26,NDB,41.088150024414,41.9481360178446,39.9415032482031,41.088150024414,54944
2023-05-29,COMB,53.4499430740088,53.4499430740088,51.6380805969238,51.6380805969238,27590
2023-05-29,DIAL,8.37222862243652,8.6233956407972,8.37222862243652,8.37222862243652,7236924
2023-05-29,HNB,111.688617770954,111.688617770954,109.827140808105,109.827140808105,10757
2023-05-29,JKH,133.965764185961,135.68642537734,133.719955444335,133.719955444335,67797
2023-05-29,LIOC,115.604358235837,116.473563936859,108.868014052922,109.954521179199,426494
2023-05-29,NDB,41.0881502423522,41.0881502423522,39.7503950554955,39.8459510803222,22237
2023-05-30,COMB,51.9098595903499,51.9098595903499,51.2757070283753,51.5474891662597,14355
2023-05-30,DIAL,8.53967255854056,8.53967255854056,8.2047837517107,8.28850555419921,4291
2023-05-30,HNB,109.82714174166,110.292510986328,108.198349385321,110.292510986328,14540
2023-05-30,JKH,134.703179965361,134.703179965361,132.736710184845,133.474136352539,172523
2023-05-30,LIOC,108.650716652433,111.258333852091,96.4818363873607,109.085319519042,321230
2023-05-30,NDB,39.9415000979831,40.8014860235859,39.9415000979831,40.2281608581543,17284
2023-05-31,COMB,52.5440124223226,52.5440124223226,51.2757072918562,51.3663024902343,4438
2023-05-31,DIAL,8.37222908049369,8.53967350241597,8.37222908049369,8.45595169067382,8897
2023-05-31,HNB,110.292506695801,110.292506695801,108.896399016108,110.059822082519,61080
2023-05-31,JKH,136.669660343843,136.669660343843,133.47414670271,133.719955444335,265969
2023-05-31,LIOC,108.650718614893,114.083254545637,108.650718614893,111.910240173339,241248
2023-05-31,NDB,40.2281623885078,40.2281623885078,38.3170857212136,39.9415016174316,6596
2023-06-01,COMB,51.3663043181373,53.1781668799351,51.3663043181373,52.4534225463867,83039
2023-06-01,DIAL,8.45595199052585,8.62339641838579,8.37222937737688,8.53967380523681,730753
2023-06-01,HNB,110.292510447036,112.619356658999,110.292510447036,111.92130279541,54362
2023-06-01,JKH,133.76901466259,136.719801750735,133.76901466259,135.736206054687,3934856
2023-06-01,LIOC,114.735156740959,119.950391138275,113.43134814163,118.863883972167,506355
2023-06-01,NDB,39.9415020547464,42.0436871408045,39.9415020547464,41.56591796875,27010
2023-06-02,COMB,51.9098610828434,53.4499449331036,51.9098610828434,52.6346054077148,51203
2023-06-02,DIAL,8.45595199052585,8.62339641838579,8.45595199052585,8.53967380523681,1170665
2023-06-02,HNB,113.550089816169,113.550089816169,109.827136051704,111.223243713378,342273
2023-06-02,JKH,136.719779334774,136.719779334774,135.736183799991,136.227981567382,136158
2023-06-02,LIOC,119.950375320319,121.47148515228,115.604347229003,115.604347229003,290908
2023-06-02,NDB,42.0436871408045,42.0436871408045,40.1326104525862,41.56591796875,54263
2023-06-05,COMB,53.2687579879223,53.4499449331036,51.6380823929984,52.6346054077148,27749
2023-06-05,DIAL,8.53967380523681,8.62339641838579,8.45595199052585,8.53967380523681,466083
2023-06-05,HNB,111.688621520996,112.619360033671,111.688621520996,111.688621520996,29176
2023-06-05,JKH,136.227990995134,137.703384399414,135.736193193708,137.703384399414,1514200
2023-06-05,LIOC,118.211977567286,118.211977567286,112.562140404144,112.779441833496,264894
2023-06-05,NDB,42.7125639316135,42.7125639316135,40.7059312585318,40.9925956726074,14914
2023-06-06,COMB,52.5440139770507,52.634605722256,51.9098613930535,52.5440139770507,219525
2023-06-06,DIAL,8.62339641838579,8.62339641838579,8.45595199052585,8.53967380523681,31130
2023-06-06,HNB,112.619360033671,112.619360033671,111.688621520996,111.688621520996,23420
2023-06-06,JKH,137.703387920673,137.703387920673,137.21159010667,137.457489013671,686577
2023-06-06,LIOC,112.996741238116,116.038961194527,112.127535536284,113.214042663574,100362
2023-06-06,NDB,41.1837017964741,41.9481353994044,40.6103802393659,40.7059326171875,26468
2023-06-07,COMB,52.6346068632233,53.0875725107755,51.3663051235893,51.9098625183105,5099
2023-06-07,DIAL,8.6233959197998,8.6233959197998,8.53967331149149,8.6233959197998,164583
2023-06-07,HNB,111.688621520996,112.386675405502,110.059829123814,111.688621520996,17609
2023-06-07,JKH,136.965674707911,137.211573585304,136.473876953125,136.473876953125,102023
2023-06-07,LIOC,114.735157275017,114.735157275017,112.996745801153,113.865951538085,149758
2023-06-07,NDB,40.8970397915652,41.5659173515272,40.6103790216071,41.1837005615234,328
2023-06-08,COMB,51.8192682926303,53.4499438546523,51.8192682926303,53.3593521118164,13038
2023-06-08,DIAL,8.62339641838579,8.79084084624572,8.53967380523681,8.53967380523681,583736
2023-06-08,HNB,111.688613891601,116.342306137084,111.688613891601,115.411567687988,42711
2023-06-08,JKH,136.227994478665,137.703387920673,135.736196664663,137.457489013671,447460
2023-06-08,LIOC,113.214042663574,114.735152641779,112.779439812658,113.214042663574,173636
2023-06-08,NDB,41.3748095709102,42.0436871408045,41.0881487966954,41.56591796875,8635
2023-06-09,COMB,52.6346061043834,54.6276556160497,52.6346061043834,54.3558769226074,95851
2023-06-09,DIAL,8.6233959197998,8.70711772967015,8.53967331149149,8.6233959197998,21937
2023-06-09,HNB,115.411569580078,116.574992660522,112.8520388031,116.342308044433,23832
2023-06-09,JKH,137.4574854987,138.19518220084,137.211586597987,137.703384399414,3617953
2023-06-09,LIOC,112.996734976768,113.865940630435,111.258323669433,111.258323669433,981323
2023-06-09,NDB,42.5214575834052,42.5214575834052,41.088150024414,41.088150024414,20796
2023-06-12,COMB,53.5405343628847,56.0771445740418,53.5405343628847,55.9865493774414,93111
2023-06-12,DIAL,8.45595150162114,8.70711772967015,8.45595150162114,8.6233959197998,139008
2023-06-12,HNB,115.644255946232,121.461371436485,115.411571326622,120.996002197265,72041
2023-06-12,JKH,137.949279785156,138.686976468499,137.703380890708,137.949279785156,640636
2023-06-12,LIOC,112.996734976768,112.996734976768,109.954515188932,111.258323669433,256758
2023-06-12,NDB,42.5214567434014,44.9103026278621,41.0881492127249,43.1903343200683,69766
2023-06-13,COMB,55.9865504840245,56.0771456824155,54.6276536108402,55.3523979187011,73476
2023-06-13,DIAL,8.62339641838579,8.62339641838579,8.53967380523681,8.53967380523681,1565789
2023-06-13,HNB,121.461372763423,125.649695962162,121.228688141271,123.555534362792,632052
2023-06-13,JKH,139.178760197732,139.178760197732,137.949265849695,138.932861328125,98681
2023-06-13,LIOC,111.692931557077,112.127534403603,109.737218747712,110.171821594238,131089
2023-06-13,NDB,43.954762884911,45.8658395320811,43.954762884911,44.910301208496,138624
2023-06-14,COMB,55.3523990540599,60.6973949138934,55.2618073096642,58.8855323791503,165042
2023-06-14,DIAL,8.6233959197998,8.6233959197998,8.53967331149149,8.6233959197998,133713
2023-06-14,HNB,123.32283936675,126.115054597695,121.926731751278,125.882369995117,544647
2023-06-14,JKH,139.178768474168,139.670566242628,138.686970705708,139.424667358398,753745
2023-06-14,LIOC,109.95451777032,112.996737629578,109.519914933283,112.344833374023,445629
2023-06-14,NDB,45.770288057571,47.2991479473276,45.0058544676032,46.9169311523437,116926
2023-06-15,COMB,60.697396823088,60.697396823088,57.979602935487,60.063247680664,519902
2023-06-15,DIAL,8.62339641838579,8.62339641838579,8.45595199052585,8.53967380523681,1478804
2023-06-15,HNB,126.58043854428,127.743861692665,126.58043854428,127.511177062988,754650
2023-06-15,JKH,139.424685006464,139.424685006464,138.195190429687,138.195190429687,294842
2023-06-15,LIOC,112.562136385682,117.34276766075,112.562136385682,113.648643493652,409855
2023-06-15,NDB,47.2035938948557,48.7324537303202,46.8213771134449,47.0124855041503,302321
2023-06-16,COMB,59.79146194458,61.422140944115,58.8855307029955,59.79146194458,104658
2023-06-16,DIAL,8.53967350241597,8.6233961125961,8.37222908049369,8.45595169067382,1322461
2023-06-16,HNB,126.58043429359,127.511172781042,126.115065049863,127.278488159179,246887
2023-06-16,JKH,138.44106358891,139.670557936946,138.44106358891,138.932861328125,530039
2023-06-16,LIOC,115.169766400311,115.169766400311,111.258340371621,112.562149047851,111797
2023-06-16,NDB,46.8213787761425,47.7769171185127,46.4391619811586,46.9169311523437,15532
2023-06-19,COMB,57.9796011117788,58.8855323791503,57.9796011117788,58.8855323791503,197226
2023-06-19,DIAL,8.53967350241597,8.53967350241597,8.37222908049369,8.45595169067382,51432
2023-06-19,HNB,125.649688720703,126.580427155671,125.649688720703,125.649688720703,26743
2023-06-19,JKH,138.686962458517,139.424659067339,138.44106358891,138.932861328125,84812
2023-06-19,LIOC,114.735156784969,114.735156784969,108.650716652433,109.085319519042,181928
2023-06-19,NDB,47.1080387887288,47.1080387887288,46.0569480871394,46.3436088562011,5830
2023-06-20,COMB,57.9796028137207,58.885534107685,57.5266371667385,57.9796028137207,112606
2023-06-20,DIAL,8.45595122803606,8.79084005355835,8.28850601683698,8.37222862243652,15339999
2023-06-20,HNB,121.228681154604,127.511165590639,121.228681154604,125.649688720703,41321
2023-06-20,JKH,139.17879187076,140.654185424161,138.686994019627,139.91648864746,46120
2023-06-20,LIOC,108.650715120377,111.041030853025,107.346906538932,107.781509399414,418843
2023-06-20,NDB,45.8658415473514,46.0569499494833,44.9103031817815,45.0058555603027,17397
2023-06-21,COMB,58.7949420908794,60.2444307722307,58.0701942943501,59.9726486206054,1297322
2023-06-21,DIAL,8.6233961125961,8.6233961125961,8.37222908049369,8.45595169067382,1462431
2023-06-21,HNB,126.347744464874,127.511167526245,126.347744464874,126.580429077148,30953
2023-06-21,JKH,140.162376990685,141.391871525691,140.162376990685,140.654174804687,1691560
2023-06-21,LIOC,107.998812352518,110.389128118872,107.781510919213,109.085319519042,721583
2023-06-21,NDB,45.7702873180777,47.7769163465991,45.6747312983309,46.3436088562011,116355
2023-06-22,COMB,60.1538393430007,60.6973967374122,59.791465442824,59.8820571899414,187840
2023-06-22,DIAL,8.6233959197998,8.79084033797846,8.45595150162114,8.6233959197998,248177
2023-06-22,HNB,126.813120402093,127.045805026684,125.649697279138,126.11506652832,20175
2023-06-22,JKH,141.145984376704,142.375479014132,138.686995101848,140.900085449218,53763
2023-06-22,LIOC,110.389122009277,111.041026273111,109.737217745443,110.389122009277,211927
2023-06-22,NDB,46.8213764850644,47.7769147806779,46.4391597087832,46.6302680969238,2968
2023-06-23,COMB,59.7914640512039,60.697395324707,59.7914640512039,60.697395324707,458084
2023-06-23,DIAL,8.70711823309675,8.79084084624572,8.62339641838579,8.53967380523681,254364
2023-06-23,HNB,126.58043854428,127.045807803634,126.347753914603,127.511177062988,586142
2023-06-23,JKH,141.391858725712,142.375454264673,138.686970993568,142.621353149414,624195
2023-06-23,LIOC,110.389122009277,111.041026273111,109.954519166721,110.389122009277,596653
2023-06-23,NDB,46.5347178664941,47.7769169789283,46.8213786393497,46.7258262634277,48594
2023-06-26,COMB,59.7914658691287,63.324599325555,57.1642637137498,61.8751106262207,1159127
2023-06-26,DIAL,8.6233959197998,8.70711772967015,8.45595150162114,8.6233959197998,2148953
2023-06-26,HNB,125.882372446438,130.070695374416,123.78821098245,128.907272338867,92452
2023-06-26,JKH,143.604961688701,148.031142014723,143.604961688701,147.047546386718,836730
2023-06-26,LIOC,110.171825162585,112.344839465594,108.650715150478,111.041030883789,182649
2023-06-26,NDB,46.4391631737434,48.2546875289064,43.9547648778157,47.6813659667968,114287
2023-06-27,COMB,62.0562907347141,62.5092563605149,60.7879856001303,61.33154296875,369894
2023-06-27,DIAL,8.53967380523681,8.70711823309675,8.45595199052585,8.53967380523681,32892
2023-06-27,HNB,129.838005439772,130.303374634896,126.580421073899,128.209213256835,71364
2023-06-27,JKH,147.539352416992,148.277049179077,146.309857813517,147.539352416992,1364045
2023-06-27,LIOC,111.258334804613,116.038966378249,110.606430499118,115.387062072753,855730
2023-06-27,NDB,48.1591325225354,48.4457932879491,46.8213774238191,47.2035942077636,65971
2023-06-28,COMB,61.1503627379466,62.9622253375895,59.7914657882145,61.693920135498,616578
2023-06-28,DIAL,8.45595150162114,8.6233959197998,8.45595150162114,8.6233959197998,2441378
2023-06-28,HNB,126.813119298262,131.234127127009,126.813119298262,129.372650146484,696100
2023-06-28,JKH,147.539352416992,147.785251337687,147.293453496297,147.539352416992,2080641
2023-06-28,LIOC,115.604367182804,115.604367182804,112.34484555171,112.996749877929,531968
2023-06-28,NDB,47.7769165039062,48.5413464389508,46.8213781738281,47.7769165039062,316748
2023-07-04,COMB,68.3978104864092,74.0145815629945,68.3978104864092,73.2898406982421,7954254
2023-07-04,DIAL,8.70711803436279,8.79084064560085,8.62339622156272,8.70711803436279,8852279
2023-07-04,HNB,139.610773277585,152.873796738956,139.610773277585,146.358627319335,1500886
2023-07-04,JKH,148.522931850224,156.391696451561,147.539336275057,152.949111938476,646301
2023-07-04,LIOC,122.598193433253,125.83663627866,118.434481203445,124.217414855957,1256637
2023-07-04,NDB,51.5990686822268,55.8034386995551,51.5990686822268,54.847900390625,890326
2023-07-05,COMB,75.1922944244236,75.1922944244236,72.565092393518,73.6522140502929,4739256
2023-07-05,DIAL,8.87456302659514,9.12572925691703,8.70711780846326,9.04200744628906,4441128
2023-07-05,HNB,147.987403623519,147.987403623519,144.264450073242,144.264450073242,211574
2023-07-05,JKH,157.375304024174,158.358899674325,152.949123598494,156.391708374023,933666
2023-07-05,LIOC,125.605322451012,127.687178624233,122.59819686747,123.754783630371,623413
2023-07-05,NDB,55.4212219717181,58.0967285103004,55.4212219717181,57.5234069824218,585946
2023-07-06,COMB,73.652216549523,73.8334000426134,70.6626405315809,72.1121292114257,604131
2023-07-06,DIAL,9.04200698282636,9.04200698282636,8.79083996694047,8.95828437805175,1322756
2023-07-06,HNB,144.264463867187,146.591310058593,139.610771484375,145.42788696289,522530
2023-07-06,JKH,155.899898663977,155.899898663977,152.457314150893,152.949111938476,122112
2023-07-06,LIOC,123.523459963514,124.911364008048,120.285017192935,120.516334533691,474284
2023-07-06,NDB,57.3322982788085,58.0011758210792,56.3767599741617,57.3322982788085,245958
2023-07-07,COMB,72.0215307662778,72.4744963685815,70.7532256974863,71.840347290039,395794
2023-07-07,DIAL,8.95828483722311,9.12572925691703,8.87456302659514,9.04200744628906,1370472
2023-07-07,HNB,142.402983184765,144.264460089141,141.472244732576,143.56640625,24222
2023-07-07,JKH,153.195033214938,153.440932144657,151.473740706905,152.457336425781,666720
2023-07-07,LIOC,123.986100009049,123.986100009049,119.359752993786,119.822387695312,452399
2023-07-07,NDB,57.3323002548928,57.8100694236836,56.8545310861021,57.4278526306152,209868
2023-07-10,COMB,72.021539530177,72.2933216893134,70.6626425579095,71.115608215332,217191
2023-07-10,DIAL,9.04200725918599,9.29317428274854,9.04200725918599,9.20945167541503,3147918
2023-07-10,HNB,142.402973298103,144.729819267026,142.402973298103,144.264450073242,192719
2023-07-10,JKH,153.440915639904,154.916309059519,152.949117833366,154.67041015625,83779
2023-07-10,LIOC,120.285018920898,123.060827049842,119.822384232741,120.285018920898,413351
2023-07-10,NDB,57.2367474331308,57.8100689731761,56.854530643041,57.0456390380859,100381
2023-07-11,COMB,71.2967848983124,71.2967848983124,70.2096701890994,70.6626358032226,170853
2023-07-11,DIAL,9.20945167541503,9.20945167541503,9.04200725918599,9.20945167541503,3242201
2023-07-11,HNB,144.264461990331,145.195200454785,144.264461990331,144.497146606445,76372
2023-07-11,JKH,154.424508946175,156.391700142941,154.424508946175,155.89990234375,175437
2023-07-11,LIOC,121.210291714138,125.836638726128,119.822387610541,124.91136932373,1341991
2023-07-11,NDB,56.9500814989141,57.4278506512375,56.7589767540562,57.3322982788085,130579
2023-07-12,COMB,70.1190817872509,73.2898412370853,70.1190817872509,72.9274673461914,1157634
2023-07-12,DIAL,9.20945167541503,9.29317428274854,9.20945167541503,9.20945167541503,1788642
2023-07-12,HNB,144.264462848597,149.848893668543,144.264462848597,148.685470581054,89408
2023-07-12,JKH,154.424515929403,156.391707215128,154.424515929403,155.408111572265,1639648
2023-07-12,LIOC,123.986090868039,124.680042869166,122.135552198367,123.060821533203,1173104
2023-07-12,NDB,57.332299654601,58.765607145966,56.8545304908127,58.2878379821777,115791
2023-07-13,COMB,73.3804371613664,73.3804371613664,70.6626431924269,70.9344253540039,874786
2023-07-13,DIAL,9.29317428274854,9.29317428274854,9.12572906808153,9.20945167541503,2089586
2023-07-13,HNB,149.848893087796,154.735270036311,147.987416155028,154.037216186523,375744
2023-07-13,JKH,156.145804768301,156.883501483742,155.40810805286,155.654006958007,469636
2023-07-13,LIOC,123.986103166852,130.694306509835,123.523468453543,129.537719726562,2947895
2023-07-13,NDB,58.765607145966,59.1478239350325,58.2878379821777,58.2878379821777,54432
2023-07-14,COMB,72.4745019346509,73.380433208834,71.5685706604677,72.6556854248046,302121
2023-07-14,DIAL,9.2094521727064,9.2094521727064,9.12572956085205,9.12572956085205,439844
2023-07-14,HNB,153.571851053364,161.017758983224,153.571851053364,157.992858886718,710992
2023-07-14,JKH,155.408113957211,155.408113957211,153.440922641297,154.178619384765,210802
2023-07-14,LIOC,130.000346862163,136.477232470954,130.000346862163,134.626693725585,2082327
2023-07-14,NDB,58.1922850158774,59.6255924926716,57.4278514455157,59.1478233337402,97155
2023-07-17,COMB,72.9274681136453,77.9100901586769,72.8368763678952,76.5511932373046,2532825
2023-07-17,DIAL,9.20945167541503,9.29317428274854,9.12572906808153,9.20945167541503,1042956
2023-07-17,HNB,162.879231477676,163.809969943263,160.55238531371,161.483123779296,514160
2023-07-17,JKH,154.916313750834,156.391707215128,154.916313750834,155.408111572265,139145
2023-07-17,LIOC,135.089322047161,140.640938021702,135.089322047161,138.55908203125,1501058
2023-07-17,NDB,59.5300379813943,61.5366706867765,58.2878388657326,60.2944679260253,354862
2023-07-18,COMB,77.0041623760487,79.2689906812266,76.7323802147444,78.5442428588867,1560032
2023-07-18,DIAL,9.20945206374215,9.20945206374215,8.87456321716308,8.87456321716308,337491
2023-07-18,HNB,162.879234186097,167.532926591414,161.017757223971,166.602188110351,501771
2023-07-18,JKH,155.899901132735,156.391698928106,154.670406644306,154.916305541992,170025
2023-07-18,LIOC,138.790405902665,138.790405902665,134.164059039243,134.626693725585,576594
2023-07-18,NDB,60.2944686511701,62.109992980957,59.3389302976169,62.109992980957,749329
2023-07-19,COMB,78.8160135941941,81.2620250445037,77.6383002815523,80.7184677124023,1298182
2023-07-19,DIAL,8.87456284295694,9.46061869897758,8.87456284295694,9.20945167541503,672293
2023-07-19,HNB,167.532921788434,169.394398697195,165.671444879674,167.998291015625,539852
2023-07-19,JKH,155.408103337363,155.899901132735,154.670406644306,154.916305541992,364353
2023-07-19,LIOC,136.014599886807,136.014599886807,131.388252951882,132.313522338867,941333
2023-07-19,NDB,62.1099945954777,67.8432248658296,62.1099945954777,66.1232528686523,1676072
2023-07-20,COMB,79.7219543457031,80.7184773926829,79.2689886960116,79.7219543457031,671278
2023-07-20,DIAL,9.29317409731602,9.46061851020394,9.04200707876517,9.37689590454101,1005516
2023-07-20,HNB,168.463651614718,170.325128428141,165.671436394585,167.532913208007,599334
2023-07-20,JKH,154.916314898796,156.391708374023,154.916314898796,156.391708374023,521934
2023-07-20,LIOC,133.932751023625,136.939876694277,131.388260071536,134.395385742187,1250491
2023-07-20,NDB,65.9321423892077,68.6076525326673,65.9321423892077,67.2698974609375,1039743
2023-07-21,COMB,79.7219537132748,80.6278850054711,79.2689880671767,79.9031372070312,308229
2023-07-21,DIAL,9.20945149165309,9.46061851020394,9.20945149165309,9.37689590454101,135469
2023-07-21,HNB,166.369503490085,169.161718933275,164.042657287427,166.602188110351,138138
2023-07-21,JKH,156.391700142941,156.391700142941,155.162205644962,155.89990234375,879889
2023-07-21,LIOC,136.477224540387,137.402493859305,134.164051243093,136.708541870117,667309
2023-07-21,NDB,66.8876864385943,68.225441625402,64.6899452538259,67.3654556274414,253116
2023-07-24,COMB,79.3595776789984,82.0773714824689,79.3595776789984,81.3526306152343,973673
2023-07-24,DIAL,9.46061851020394,9.46061851020394,9.37689590454101,9.37689590454101,540440
2023-07-24,HNB,165.6714410862,166.602179519268,164.275333436597,166.136810302734,90229
2023-07-24,JKH,155.408115102825,155.654014019127,153.932721605013,155.162216186523,352313
2023-07-24,LIOC,135.089330137522,135.089330137522,128.149809753745,129.306396484375,1725394
2023-07-24,NDB,66.7921286528491,68.9898623695583,66.7921286528491,68.8943099975586,759547
2023-07-25,COMB,79.9031367482421,81.262033678734,79.3595793583868,80.4467010498046,1039988
2023-07-25,DIAL,9.37689609164408,9.37689609164408,9.12572906808153,9.20945167541503,1807928
2023-07-25,HNB,164.275341907693,166.602188110351,164.275341907693,166.602188110351,53128
2023-07-25,JKH,154.670415986259,156.391708374023,154.424517073721,156.391708374023,2287704
2023-07-25,LIOC,120.285013469155,123.060821472289,111.032320125374,115.889984130859,2627843
2023-07-25,NDB,68.7987582502694,69.7542965593009,68.1298843500188,69.2765274047851,1015035
2023-07-26,COMB,80.3561029386777,80.9902589909146,79.7219537981481,80.0843276977539,262156
2023-07-26,DIAL,9.12572956085205,9.2094521727064,9.0420077474357,9.12572956085205,770811
2023-07-26,HNB,166.602182388305,166.602182388305,163.111913204193,163.809967041015,76046
2023-07-26,JKH,152.457314318559,156.637595517616,152.457314318559,156.145797729492,475142
2023-07-26,LIOC,118.434471899224,120.28501052265,115.658663964086,119.359741210937,334924
2023-07-26,NDB,69.2765262028942,70.3276168665575,69.2765262028942,69.7542953491211,1168812
2023-07-27,COMB,79.3595799797559,84.2516103501719,79.3595799797559,83.8892364501953,940607
2023-07-27,DIAL,9.12572888599016,9.46061851020394,9.12572888599016,9.37689590454101,5034807
2023-07-27,HNB,162.879229039953,176.840305814807,162.879229039953,173.350036621093,314818
2023-07-27,JKH,156.391717145542,165.244078493403,156.391717145542,164.260482788085,2340927
2023-07-27,LIOC,119.359749156342,121.672922589604,116.583941036427,117.277893066406,404530
2023-07-27,NDB,70.1365154865594,72.6209137080081,69.2765295240866,72.0475921630859,1620362
2023-07-28,COMB,83.8892361341333,85.3387248168713,83.34567874207,83.9798278808593,806602
2023-07-28,DIAL,9.29317478456075,9.3768965979771,9.12572956085205,9.12572956085205,40018
2023-07-28,HNB,176.84031677246,179.167163045782,176.84031677246,176.84031677246,1152812
2023-07-28,JKH,165.735876346062,166.71947205138,163.768684935427,164.260482788085,1981549
2023-07-28,LIOC,119.359744134777,119.359744134777,114.733397462886,115.889984130859,447094
2023-07-28,NDB,71.6653759771512,75.1053125660187,71.1876068039702,72.4298095703125,723405
2023-07-31,COMB,84.2516101184001,84.7951675110161,83.3456788268044,84.161018371582,451754
2023-07-31,DIAL,9.20945167541503,9.29317428274854,9.12572906808153,9.20945167541503,1050922
2023-07-31,HNB,178.701782697876,181.49399805253,178.2364134721,180.795944213867,158836
2023-07-31,JKH,166.227663497811,166.227663497811,164.014573303313,164.998168945312,1337302
2023-07-31,LIOC,116.121307402166,122.135558383155,116.121307402166,121.210289001464,524035
2023-07-31,NDB,73.0986862182617,74.4364414110108,71.6653786453546,73.0986862182617,585078
2023-08-02,COMB,84.2516056080763,87.8753305804667,83.4362661069471,86.5164337158203,1661623
2023-08-02,DIAL,9.20945167541503,9.29317428274854,9.20945167541503,9.20945167541503,417478
2023-08-02,HNB,181.493998520246,186.147690789996,178.236413931421,182.890106201171,361540
2023-08-02,JKH,166.227662299661,168.194853569479,165.244066664751,167.21125793457,2123433
2023-08-02,LIOC,122.13555518617,124.217411240479,117.97184307755,119.591064453125,733443
2023-08-02,NDB,73.4808964041396,76.7297280678548,73.4808964041396,76.3475112915039,3871631
2023-08-03,COMB,86.9693994140625,91.2725728225708,86.8788076720142,90.5931243896484,2884844
2023-08-03,DIAL,9.29317436643063,9.71178580999169,9.20945175834324,9.62806320190429,5505612
2023-08-03,HNB,181.494012451171,189.405289916992,180.563273925781,186.147705078125,1759905
2023-08-03,JKH,167.21126360212,172.866938694545,167.21126360212,172.129241943359,2307213
2023-08-03,LIOC,120.28501958961,120.28501958961,115.196037991588,116.121307373046,913637
2023-08-03,NDB,76.6341735832245,78.831914728079,76.4430688272281,77.3030548095703,3386434
2023-08-04,COMB,90.5931260850694,92.1785057915581,90.5931260850694,91.7255401611328,1625961
2023-08-04,DIAL,9.6280631022854,10.2978415647406,9.37689607905993,10.2141189575195,6998710
2023-08-04,HNB,185.682322487902,187.77648401972,185.216953258609,187.078430175781,164399
2023-08-04,JKH,172.129233786014,181.965190002358,172.129233786014,181.227493286132,5703870
2023-08-04,LIOC,115.658665283698,116.121299944833,113.576809308591,114.039443969726,608186
2023-08-04,NDB,77.8763732910156,79.023016362051,77.3030517554979,77.8763732910156,2059552
2023-08-07,COMB,90.5931260850694,95.1227823893229,89.6871948242187,93.7638854980468,1488934
2023-08-07,DIAL,10.0466747283935,10.2978417562909,10.0466747283935,10.0466747283935,1233197
2023-08-07,HNB,186.147693161373,187.776485476535,184.984270079115,185.915008544921,95308
2023-08-07,JKH,181.965181197243,195.735519233791,181.965181197243,192.538833618164,2047299
2023-08-07,LIOC,114.733402540703,116.121306603696,109.644420976398,110.107055664062,1664746
2023-08-07,NDB,77.8763757392724,79.5963476900764,77.3030541857308,78.1630401611328,546859
2023-08-08,COMB,93.763890511649,96.7081672668457,91.4990622384207,95.1227874755859,1730366
2023-08-08,DIAL,10.0466747283935,10.2141191475125,10.0466747283935,10.0466747283935,1605636
2023-08-08,HNB,186.380389709472,186.61307434082,181.494012451171,186.147705078125,202093
2023-08-08,JKH,192.78474078262,196.719123247572,189.833953933907,196.227325439453,2181094
2023-08-08,LIOC,111.032328451833,116.583944874425,111.032328451833,114.733406066894,723463
2023-08-08,NDB,78.3541406582391,79.7874481093044,77.876371507884,79.214126586914,1791121
2023-08-09,COMB,95.1227815334613,95.1227815334613,93.537401841237,94.2168502807617,459283
2023-08-09,DIAL,10.0466742382625,10.1303968429565,10.0466742382625,10.1303968429565,877934
2023-08-09,HNB,186.845734435493,186.845734435493,183.122780822831,183.588150024414,13340
2023-08-09,JKH,195.735546657017,195.735546657017,191.80116380964,192.784759521484,1062451
2023-08-09,LIOC,114.964720275504,115.196037620123,112.882864173935,113.114181518554,141049
2023-08-09,NDB,79.4052358974534,81.1252078537161,79.4052358974534,79.7874526977539,649532
2023-08-10,COMB,95.1227874755859,97.3876157488141,94.6698218209402,95.1227874755859,511686
2023-08-10,DIAL,10.1303971487363,10.2978415647406,10.0466745415152,10.2141189575195,1719725
2023-08-10,HNB,185.216968080532,186.1477066136,184.751598813998,184.984283447265,175431
2023-08-10,JKH,193.768337525043,194.751933146997,190.817550659179,190.817550659179,390341
2023-08-10,LIOC,113.114180091017,113.114180091017,110.338371990624,111.263641357421,694174
2023-08-10,NDB,80.3607748614879,81.2207608461298,79.7874533017863,80.1696701049804,2051300
2023-08-11,COMB,95.5757488880342,95.5757488880342,92.6314722635213,93.310920715332,189379
2023-08-11,DIAL,10.2978422671187,10.2978422671187,9.87923079933702,9.96295261383056,1275993
2023-08-11,HNB,185.682333979774,185.682333979774,183.588172318348,185.216964721679,147078
2023-08-11,JKH,190.817562562632,190.817562562632,187.12907875021,187.866775512695,1402932
2023-08-11,LIOC,111.494952774047,112.420222091674,110.56968345642,111.032318115234,1366190
2023-08-11,NDB,80.1696658084169,80.7429873373922,79.5007846161301,79.9785537719726,527986
2023-08-14,COMB,92.4049838254476,92.4049838254476,86.0634653276227,87.9659194946289,424242
2023-08-14,DIAL,9.96295153109001,10.1303967387557,9.62806271263442,9.71178531646728,1433791
2023-08-14,HNB,184.286215910496,184.286215910496,174.746146652503,176.374938964843,554906
2023-08-14,JKH,187.374957224668,187.374957224668,176.555405888861,177.539001464843,7014390
2023-08-14,LIOC,111.957596513091,114.270769994767,110.107057727751,112.882865905761,294017
2023-08-14,NDB,79.9785559381522,79.9785559381522,75.1053118746044,76.1564025878906,474783
2023-08-15,COMB,86.0634723786384,87.7847432085527,83.8892359046261,84.2516098022461,347080
2023-08-15,DIAL,9.62806369975788,9.8792307385696,9.46061927336274,9.5443410873413,334091
2023-08-15,HNB,175.676890662341,176.374944532522,169.394405830707,169.627090454101,23295
2023-08-15,JKH,177.047218789859,183.932388409465,177.047218789859,180.735702514648,305355
2023-08-15,LIOC,112.882858499355,113.808127831317,110.107050503469,110.801002502441,189626
2023-08-15,NDB,73.6720078445502,76.6341753727402,71.3787142681459,71.8564834594726,286623
2023-08-16,COMB,84.2516107332881,87.8753359261178,83.7986450841845,87.6035537719726,1959053
2023-08-16,DIAL,9.37689643381204,10.0466749216067,9.29317462186144,9.87923049926757,15412283
2023-08-16,HNB,168.696353803064,171.255884688352,166.834876795582,170.557830810546,556500
2023-08-16,JKH,179.998003289842,191.309353223357,179.998003289842,188.358566284179,2871028
2023-08-16,LIOC,110.56969384302,112.188915300972,109.181789736204,109.644424438476,332844
2023-08-16,NDB,71.6653786453546,74.5319937911688,70.7098402634165,73.0986862182617,187013
2023-08-17,COMB,88.1471121828479,88.1471121828479,86.0634675716926,86.8788070678711,378220
2023-08-17,DIAL,9.96295153109001,9.96295153109001,9.71178531646728,9.71178531646728,123385
2023-08-17,HNB,170.79051879716,172.186626580243,170.092464905618,170.325149536132,473100
2023-08-17,JKH,189.83396800359,192.784755071004,188.358574469884,188.850372314453,1625730
2023-08-17,LIOC,109.644419256246,111.49495797787,108.256515215028,110.338371276855,619248
2023-08-17,NDB,73.5764493338669,77.3030501737478,73.4808969615989,75.4875259399414,821565
2023-08-18,COMB,86.9694024594527,86.9694024594527,84.3422003778153,84.795166015625,258047
2023-08-18,DIAL,9.87923022772852,9.87923022772852,9.5443405938169,9.62806320190429,388819
2023-08-18,HNB,170.325151068308,170.325151068308,167.532935477024,169.161727905273,168340
2023-08-18,JKH,188.35857579328,188.604474717292,184.91599085711,186.637283325195,223378
2023-08-18,LIOC,111.494951215841,111.957585868188,108.719143301753,109.181777954101,524194
2023-08-18,NDB,75.4875280615767,75.9652972265234,68.7987597523231,70.4231719970703,744300
2023-08-21,COMB,84.7045765528673,86.0634735029133,82.8021222051443,83.5268630981445,713074
2023-08-21,DIAL,9.62806320190429,9.71178580999169,9.5443405938169,9.62806320190429,7232060
2023-08-21,HNB,169.627077996647,172.186608666007,163.344593626401,167.300231933593,120888
2023-08-21,JKH,186.883158894328,189.833945613712,186.883158894328,189.342147827148,1045338
2023-08-21,LIOC,109.181788366751,109.181788366751,107.331249580874,107.793884277343,306005
2023-08-21,NDB,70.7098370285103,72.52536132917,70.2320678593988,70.8053894042968,192496
2023-08-22,COMB,82.5303364811568,82.8021186240948,80.8996643586498,81.5338134765625,383293
2023-08-22,DIAL,9.62806369975788,9.62806369975788,9.46061927336274,9.5443410873413,11761
2023-08-22,HNB,165.904128551483,166.602182388305,163.344597816467,163.809967041015,1494611
2023-08-22,JKH,188.850374754259,188.850374754259,182.948800543188,187.620880126953,1404497
2023-08-22,LIOC,110.107057415623,110.338374763135,103.630171685292,104.786758422851,438363
2023-08-22,NDB,70.232067577466,71.3787106626591,68.3209909086914,69.1809768676757,175599
2023-08-23,COMB,81.5338082570045,85.1575330684269,81.0808426555767,84.3421936035156,1706011
2023-08-23,DIAL,9.62806320190429,9.62806320190429,9.5443405938169,9.62806320190429,219127
2023-08-23,HNB,163.344612090098,169.39441253788,163.344612090098,169.161727905273,145173
2023-08-23,JKH,186.637283325195,186.883182249207,184.91599085711,186.637283325195,299444
2023-08-23,LIOC,105.480711831446,107.331250635507,102.936220975863,106.637298583984,1606610
2023-08-23,NDB,68.7987588681244,71.1876046621565,68.0343252979626,69.6587448120117,156627
2023-08-24,COMB,84.7045722404724,84.7045722404724,81.0808472248372,81.7149963378906,423958
2023-08-24,DIAL,9.7117855287548,9.7117855287548,9.29317409731602,9.37689590454101,90566
2023-08-24,HNB,169.161720036781,169.394404658564,162.87923524862,163.344604492187,371137
2023-08-24,JKH,186.637266873997,186.883165776334,184.424176752962,185.653671264648,247655
2023-08-24,LIOC,106.40597634787,106.40597634787,104.555437628777,105.249389648437,230688
2023-08-24,NDB,69.6587466573314,69.9454037861018,66.8876840048106,67.0787887573242,329128
2023-08-25,COMB,81.1714369707477,81.1714369707477,72.4744985295438,78.8160171508789,294307
2023-08-25,DIAL,9.29317455170324,9.54434078409686,9.29317455170324,9.46061897277832,388441
2023-08-25,HNB,162.646548754847,163.809971850376,161.94849489753,162.413864135742,464479
2023-08-25,JKH,185.899566399561,185.899566399561,179.014397273651,179.506195068359,1140412
2023-08-25,LIOC,106.40597634787,106.40597634787,104.555437628777,105.249389648437,387710
2023-08-25,NDB,66.9832351643545,68.416542652708,66.8876827898333,67.5565567016601,109834
2023-08-28,COMB,79.0877992850474,79.2689827666885,78.3630515350692,78.8160171508789,844341
2023-08-28,DIAL,9.5443410873413,9.62806369975788,9.46061927336274,9.5443410873413,79229
2023-08-28,HNB,163.111916094073,163.809969943263,161.2504391629,161.483123779296,885053
2023-08-28,JKH,179.998010590651,179.998010590651,177.539021374932,178.276718139648,530907
2023-08-28,LIOC,105.018077512757,106.174664269506,104.092808107359,104.555442810058,403664
2023-08-28,NDB,67.8432208328693,69.6587451019256,66.8876825112796,67.1743469238281,83059
2023-08-29,COMB,78.8160171508789,78.9066088916994,78.2724597942486,78.8160171508789,200701
2023-08-29,DIAL,9.71178631217446,9.71178631217446,9.46061927336274,9.5443410873413,223933
2023-08-29,HNB,161.715806491133,161.715806491133,159.38896035457,160.552383422851,47729
2023-08-29,JKH,178.030806308322,178.276705212063,176.555412885877,177.047210693359,518687
2023-08-29,LIOC,104.555439036556,108.256516524576,103.630169664551,107.09992980957,755922
2023-08-29,NDB,66.887681889837,68.0343249490198,66.409912733481,66.7921295166015,77756
2023-08-31,COMB,79.1783992535113,79.6313649163898,78.3630596779884,78.4536514282226,47446
2023-08-31,DIAL,9.62806320190429,9.62806320190429,9.5443405938169,9.62806320190429,317873
2023-08-31,HNB,159.388954590203,161.483116037374,157.294793143033,157.760162353515,29431
2023-08-31,JKH,177.047213040865,177.047213040865,175.080021784855,175.817718505859,475746
2023-08-31,LIOC,109.181784866202,110.80100625193,107.562563480475,108.256515502929,269290
2023-08-31,NDB,67.365450413107,67.365450413107,65.932142957509,66.409912109375,256404
2023-09-01,COMB,78.3630568584069,81.5338163844696,78.3630568584069,80.0843276977539,277325
2023-09-01,DIAL,9.71178600360991,9.71178600360991,9.37689636302179,9.46061897277832,6757
2023-09-01,HNB,157.992851734161,158.225536346435,154.502582550048,156.364059448242,961443
2023-09-01,JKH,176.801314133864,177.047213040865,174.342325063852,175.817718505859,171127
2023-09-01,LIOC,110.569695428405,115.658677226365,107.793887174972,114.502090454101,922553
2023-09-01,NDB,66.4099133256552,66.8876824862715,65.7410394168641,65.932144165039,180792
2023-09-04,COMB,81.5338083564845,85.0669414342735,81.4432166184297,84.5233840942382,583695
2023-09-04,DIAL,9.5443410873413,9.5443410873413,9.46061927336274,9.5443410873413,12920
2023-09-04,HNB,158.225528805754,161.483113222343,158.225528805754,160.087005615234,30691
2023-09-04,JKH,178.030843887737,184.424216734534,177.539045976444,183.932418823242,5986718
2023-09-04,LIOC,116.583940958239,117.971845017266,111.032324722132,112.188911437988,517624
2023-09-04,NDB,66.4099145065063,71.6653753667334,65.9321453373948,70.8053894042968,135533
2023-09-05,COMB,84.7045720552143,86.9694001850329,84.5233885695116,86.0634689331054,1447012
2023-09-05,DIAL,9.54434031742893,9.54434031742893,9.37689590454101,9.37689590454101,43736
2023-09-05,HNB,161.715798166063,168.463651614718,161.715798166063,167.532913208007,305721
2023-09-05,JKH,183.932392779445,188.604472275179,183.932392779445,187.866775512695,2040470
2023-09-05,LIOC,112.651539986322,115.42734795313,112.651539986322,114.039443969726,707358
2023-09-05,NDB,71.6653741594724,73.7675555520787,71.4742694111187,72.5253601074218,252277
2023-09-06,COMB,86.0634735029133,86.425847405267,83.3456796028213,83.5268630981445,283191
2023-09-06,DIAL,9.37689590454101,9.46061851020394,9.29317409731602,9.37689590454101,538631
2023-09-06,HNB,168.463661236951,168.463661236951,164.042653552556,164.74070739746,1106009
2023-09-06,JKH,187.620866041917,188.604461669921,184.670079157902,185.407775878906,64101
2023-09-06,LIOC,114.733401482913,114.733401482913,111.032324015722,111.263641357421,430133
2023-09-06,NDB,72.6209130718966,72.6209130718966,68.9898645022302,70.4231719970703,174990
2023-09-07,COMB,84.2516112229472,84.2516112229472,81.6244090605353,83.4362716674804,135448
2023-09-07,DIAL,9.29317474365234,9.46061916818595,9.20945213216654,9.29317474365234,414257
2023-09-07,HNB,164.740717461768,167.532933011968,163.809978945035,164.042663574218,189975
2023-09-07,JKH,186.637251203593,186.637251203593,181.965172451461,182.456970214843,1665410
2023-09-07,LIOC,111.032323297464,112.882862019089,110.107053936652,110.338371276855,316231
2023-09-07,NDB,70.5187313822885,71.1876052944873,69.8498501799108,70.0409622192382,134881
2023-09-08,COMB,83.4362708873918,84.2516104352355,83.4362708873918,84.0704269409179,132256
2023-09-08,DIAL,9.46061851020394,9.62806292309187,9.37689590454101,9.37689590454101,1135283
2023-09-08,HNB,164.973400578028,166.602192967374,163.111923561633,165.206085205078,62136
2023-09-08,JKH,182.948785644531,184.91597688802,182.948785644531,184.424179077148,84900
2023-09-08,LIOC,111.03232503939,111.03232503939,109.181786288734,110.107055664062,362758
2023-09-08,NDB,71.0920550599238,71.0920550599238,70.3276214599609,70.3276214599609,52798
2023-09-11,COMB,84.0704229023727,84.1610146451796,81.8961865164703,81.9867782592773,61359
2023-09-11,DIAL,9.46061897277832,9.62806339385339,9.29317455170324,9.46061897277832,121592
2023-09-11,HNB,166.369511413574,166.369511413574,162.413872680664,162.879241943359,12526
2023-09-11,JKH,184.424193009086,187.129081173219,184.424193009086,186.637283325195,341906
2023-09-11,LIOC,111.032318115234,111.726270103454,110.107048797607,111.032318115234,371371
2023-09-11,NDB,70.7098360921095,70.7098360921095,67.3654519526178,67.5565567016601,95175
2023-09-12,COMB,83.3456754541705,83.3456754541705,81.5338129442972,81.8961868286132,189696
2023-09-12,DIAL,9.62806339385339,9.62806339385339,9.37689636302179,9.46061897277832,42808
2023-09-12,HNB,161.94849489753,162.879233373953,159.156279468263,162.413864135742,54369
2023-09-12,JKH,184.915971059647,186.637263343447,184.17827436659,185.89956665039,116398
2023-09-12,LIOC,111.263637168422,111.494954501412,110.33836783646,110.801002502441,93190
2023-09-12,NDB,67.3654550259154,70.7098393179821,66.7921334624541,66.9832382202148,162559
2023-09-13,COMB,82.4397422081785,83.3456734412354,81.624402716086,82.892707824707,547373
2023-09-13,DIAL,9.37689590454101,9.54434031742893,9.37689590454101,9.37689590454101,433557
2023-09-13,HNB,161.948492017842,165.671445857333,161.01775355797,164.74070739746,630872
2023-09-13,JKH,186.391371506911,186.883169320913,185.161876971905,185.407775878906,861000
2023-09-13,LIOC,110.801009091463,112.88286521218,110.338374397971,111.957595825195,291216
2023-09-13,NDB,66.8876800537109,68.0343230814174,66.696575312486,66.8876800537109,481333
2023-09-14,COMB,82.4397489298944,84.2516115437383,82.4397489298944,83.3456802368164,73643
2023-09-14,DIAL,9.46061927336274,9.62806369975788,9.37689666094616,9.5443410873413,9446
2023-09-14,HNB,163.809970812851,165.904132371538,161.017755401268,165.671447753906,47586
2023-09-14,JKH,184.916002454255,188.358587606329,184.916002454255,186.883193969726,773201
2023-09-14,LIOC,113.345491409301,113.345491409301,111.032318115234,111.032318115234,236700
2023-09-14,NDB,67.8432202025489,69.085422925146,66.5054651067164,66.7921295166015,242521
2023-09-15,COMB,84.2516048917136,84.2516048917136,82.439742420924,82.6209259033203,130682
2023-09-15,DIAL,9.46061851020394,9.54434031742893,9.29317409731602,9.37689590454101,1793596
2023-09-15,HNB,165.671457519531,165.671457519531,162.646557312011,162.879241943359,22542
2023-09-15,JKH,187.374991848594,188.112688666895,186.883193969726,186.883193969726,131539
2023-09-15,LIOC,112.420222091674,112.420222091674,110.56968345642,111.032318115234,62764
2023-09-15,NDB,66.8876870887074,66.8876870887074,66.4099178952166,66.5054702758789,194948
2023-09-18,COMB,83.7986416286892,83.7986416286892,81.0808478461371,81.5338134765625,183641
2023-09-18,DIAL,9.46061916818595,9.54434098123376,9.29317474365234,9.29317474365234,43893
2023-09-18,HNB,162.64654686128,164.74070840885,161.017754546503,161.483123779296,65903
2023-09-18,JKH,187.866769687345,187.866769687345,185.899578381718,186.145477294921,96035
2023-09-18,LIOC,111.494959727054,112.420229102383,109.87573832023,110.107055664062,120955
2023-09-18,NDB,66.4099114780434,66.7921282539383,65.6454779262534,66.0276947021484,23615
2023-09-19,COMB,81.5338106263741,81.5338106263741,78.8160169388283,79.0877990722656,197486
2023-09-19,DIAL,9.54434098123376,9.54434098123376,9.12572952068073,9.29317474365234,151085
2023-09-19,HNB,162.879232518813,162.879232518813,157.294801689596,158.225540161132,189016
2023-09-19,JKH,186.637307335348,186.883206290994,183.44062091195,183.932418823242,182811
2023-09-19,LIOC,109.64441853497,111.957591921784,109.181783857607,109.413101196289,160530
2023-09-19,NDB,66.4099158118752,66.50546818954,64.9766082763671,64.9766082763671,43999
2023-09-20,COMB,80.1749182711826,81.080849551083,79.7219526312324,80.6278839111328,643824
2023-09-20,DIAL,9.37689655670015,9.46061916818595,9.20945213216654,9.29317474365234,61094
2023-09-20,HNB,153.571839459174,159.156269984962,153.571839459174,157.760162353515,418921
2023-09-20,JKH,183.932387157153,183.932387157153,181.965195850659,182.948791503906,148157
2023-09-20,LIOC,109.875734390751,110.569686397429,105.943339686239,107.562561035156,755686
2023-09-20,NDB,65.8365936376579,65.9321460144256,64.5943908691406,64.5943908691406,118201
2023-09-21,COMB,81.4432251968722,81.4432251968722,79.3595804436084,79.7219543457031,52475
2023-09-21,DIAL,9.37689655670015,9.54434098123376,9.20945213216654,9.29317474365234,27141
2023-09-21,HNB,157.527491130885,158.225545005911,156.364068005842,156.829437255859,210622
2023-09-21,JKH,183.932374264331,185.407767640783,182.456980887879,184.915969848632,970900
2023-09-21,LIOC,108.256514043393,108.256514043393,105.480705990998,106.405975341796,414859
2023-09-21,NDB,65.9321438506969,65.9321438506969,64.0210672173434,64.3077316284179,36195
2023-09-22,COMB,79.7219515684692,81.7149975929981,79.3595776789984,81.3526306152343,66034
2023-09-22,DIAL,9.2094521727064,9.29317478456075,9.0420077474357,9.12572956085205,265134
2023-09-22,HNB,155.433322883921,158.22553826507,154.502584423539,157.294799804687,143686
2023-09-22,JKH,185.899598211991,187.12909290916,184.916002454255,186.883193969726,431479
2023-09-22,LIOC,106.174658726001,108.256514779452,106.174658726001,107.331245422363,233329
2023-09-22,NDB,64.1166221838172,64.2121745613132,63.3521958736701,63.5433006286621,94926
2023-09-25,COMB,81.0808509728084,81.5338166207012,79.72195402913,79.8125457763671,45409
2023-09-25,DIAL,9.12572925691703,9.20945186598297,9.04200744628906,9.04200744628906,44224
2023-09-25,HNB,158.22553826507,159.156276725453,157.294799804687,157.294799804687,49398
2023-09-25,JKH,186.391381987726,188.112674433523,186.391381987726,187.866775512695,734118
2023-09-25,LIOC,106.405975341796,108.950466056492,105.480705990998,106.405975341796,145586
2023-09-25,NDB,63.5433019567418,64.7855047606897,63.3521971977557,64.4988403320312,380086
2023-09-26,COMB,80.1749196770228,80.6278853249156,79.5407705346558,79.8125457763671,135264
2023-09-26,DIAL,9.12572956085205,9.2094521727064,9.0420077474357,9.12572956085205,10719
2023-09-26,HNB,155.898692114113,158.22553826507,155.898692114113,157.294799804687,19275
2023-09-26,JKH,187.12905778761,189.58804672043,186.883158894328,189.342147827148,1552935
2023-09-26,LIOC,108.256514043393,108.256514043393,105.943340666397,106.405975341796,216574
2023-09-26,NDB,64.307734342535,64.9766082763671,64.307734342535,64.9766082763671,180485
2023-09-27,COMB,80.6278815978828,82.5303358487499,80.5372898548333,81.7149963378906,141202
2023-09-27,DIAL,9.2094521727064,9.2094521727064,9.0420077474357,9.12572956085205,115663
2023-09-27,HNB,158.923582609309,161.017744019974,156.829421198645,160.087005615234,21434
2023-09-27,JKH,189.342159563156,191.309350831344,189.342159563156,189.588058471679,1126392
2023-09-27,LIOC,106.868609028477,108.025195706275,106.405974357358,107.562561035156,290853
2023-09-27,NDB,65.4543725539016,66.6965752410689,64.9766034111724,65.6454772949218,95898
2023-10-02,COMB,81.5338169444691,81.5338169444691,79.5407708505094,79.7219543457031,100346
2023-10-02,DIAL,9.20945186598297,9.20945186598297,8.95828483722311,9.04200744628906,272899
2023-10-02,HNB,161.715814381041,161.715814381041,154.967960255789,156.829437255859,213014
2023-10-02,JKH,189.096261852995,189.096261852995,186.637272752176,187.374969482421,863265
2023-10-02,LIOC,106.868610017195,107.331244692595,105.480705990998,106.405975341796,678673
2023-10-02,NDB,65.9321451046814,65.9321451046814,63.7344040184538,63.829963684082,67521
2023-10-03,COMB,79.7219472340265,81.443217931648,78.997199494489,79.3595733642578,59184
2023-10-03,DIAL,8.95828483722311,9.12572925691703,8.95828483722311,9.04200744628906,22560
2023-10-03,HNB,156.364074430854,157.992866872842,152.641120277738,154.269912719726,53623
2023-10-03,JKH,187.866775512695,188.850371196007,186.883179829382,187.866775512695,1487107
2023-10-03,LIOC,106.40597634787,107.09992836753,105.01807230855,105.249389648437,169809
2023-10-03,NDB,63.7344033804878,64.4988369567879,61.2500051927806,62.2055435180664,37889
2023-10-04,COMB,78.9066086794051,79.5407646868565,78.0006774502232,79.0877990722656,96817
2023-10-04,DIAL,9.12572956085205,9.2094521727064,8.95828513558135,9.12572956085205,1916299
2023-10-04,HNB,152.641113648378,156.364067639802,152.641113648378,154.735275268554,5079
2023-10-04,JKH,187.866789727461,187.866789727461,183.194709878218,186.883193969726,888465
2023-10-04,LIOC,105.018077512757,106.405981620856,103.39885605331,104.555442810058,92178
2023-10-04,NDB,61.5366694675855,63.0655293265572,60.8677919123769,62.0144386291503,336609
2023-10-05,COMB,79.5407642762758,80.4466955007814,78.3630509197358,78.997200012207,69603
2023-10-05,DIAL,9.12572925691703,9.12572925691703,9.04200744628906,9.04200744628906,4769
2023-10-05,HNB,156.131384531656,156.131384531656,153.571853637695,153.571853637695,6188
2023-10-05,JKH,187.866767302585,188.358565122749,186.883171662258,187.374969482421,604689
2023-10-05,LIOC,105.480708007812,105.943342692057,103.861486612955,104.092803955078,80658
2023-10-05,NDB,63.0655308448579,64.4988383640592,62.5877616717908,63.1610832214355,45888
2023-10-06,COMB,79.7219567462567,79.7219567462567,78.0006858432574,78.6348419189453,24331
2023-10-06,DIAL,9.12572925691703,9.20945186598297,9.04200744628906,9.04200744628906,12167
2023-10-06,HNB,153.571846510695,153.571846510695,151.710369583293,151.943054199218,209737
2023-10-06,JKH,187.866767302585,187.866767302585,186.883171662258,187.374969482421,486280
2023-10-06,LIOC,105.480703762599,105.480703762599,103.630165100097,103.630165100097,133439
2023-10-06,NDB,62.4922090268451,63.9255165398912,61.4411183086471,61.5366706848144,15822
2023-10-09,COMB,78.1818719862167,78.8160211155672,75.6452616454007,76.6417846679687,341682
2023-10-09,DIAL,8.95828437805175,9.04200698282636,8.87456257171508,8.95828437805175,65751
2023-10-09,HNB,151.943057545855,151.943057545855,147.056680503798,151.710372924804,71779
2023-10-09,JKH,186.883172874906,186.883172874906,183.932385934776,185.161880493164,677380
2023-10-09,LIOC,104.092804590861,104.092804590861,99.2351403766208,99.9290924072265,471596
2023-10-09,NDB,61.6322221286961,61.6322221286961,57.332299654601,58.2878379821777,126557
2023-10-10,COMB,77.0041588777621,78.7254296938417,76.0982275968472,76.5511932373046,252894
2023-10-10,DIAL,8.95828502958885,9.12572945287838,8.87456321716308,8.87456321716308,12569
2023-10-10,HNB,148.452778450769,152.408416748046,148.452778450769,152.408416748046,106549
2023-10-10,JKH,184.91599085711,186.883182249207,184.91599085711,186.637283325195,306167
2023-10-10,LIOC,99.2351403766208,102.936217873184,99.2351403766208,99.9290924072265,203777
2023-10-10,NDB,61.0589016931458,61.1544540695937,58.2878390350815,59.0522689819335,18696
2023-10-11,COMB,76.9135611189472,77.8194923290368,75.1922904374356,75.6452560424804,270137
2023-10-11,DIAL,9.04200717001125,9.04200717001125,8.70711754241797,8.79084014892578,146433
2023-10-11,HNB,153.571840664153,153.571840664153,148.918148522815,149.150833129882,21213
2023-10-11,JKH,185.407775878906,186.883169320913,185.407775878906,185.407775878906,373891
2023-10-11,LIOC,101.085676919846,101.085676919846,96.4593301500592,97.1532821655273,308930
2023-10-11,NDB,58.7656059265136,59.2433750803877,58.2878367726395,58.7656059265136,170294
2023-10-12,COMB,75.6452625805815,77.0041595131668,74.8299230386888,76.3700103759765,63818
2023-10-12,DIAL,8.79084064560085,8.87456325683891,8.70711803436279,8.70711803436279,77587
2023-10-12,HNB,149.150829012801,153.571836425036,149.150829012801,152.64109802246,19811
2023-10-12,JKH,185.653685225242,188.112674433523,184.915988462757,187.866775512695,1260224
2023-10-12,LIOC,97.3846033189246,100.623046184637,97.3846033189246,99.6977767944336,134573
2023-10-12,NDB,58.478946685791,60.9633448925854,58.2878382902477,58.478946685791,145144
2023-10-13,COMB,76.5511941001528,77.0041597457159,76.0982284545898,76.0982284545898,47238
2023-10-13,DIAL,8.62339573434811,8.95828456350344,8.62339573434811,8.79084014892578,33173
2023-10-13,HNB,154.269893593824,155.433316622435,151.71036293088,152.408416748046,3760
2023-10-13,JKH,188.358575573856,190.571665887387,188.112676650131,189.83396911621,885563
2023-10-13,LIOC,99.9290869022397,99.9290869022397,95.3027402863952,95.5340576171875,203190
2023-10-13,NDB,60.8677915768753,60.9633439506258,58.2878373896279,59.1478233337402,185558
2023-10-16,COMB,76.0982271242241,76.0982271242241,72.7462841703399,72.8368759155273,291608
2023-10-16,DIAL,8.87456325683891,8.95828506963898,8.53967361032466,8.70711803436279,3108633
2023-10-16,HNB,155.433326861609,155.433326861609,151.710372924804,151.710372924804,3316
2023-10-16,JKH,190.079868039936,191.063463734839,189.342171268759,189.83396911621,1682249
2023-10-16,LIOC,95.3027402863952,99.0038175790708,95.3027402863952,95.5340576171875,162789
2023-10-16,NDB,60.1989146373311,60.1989146373311,58.0967295876445,58.2878379821777,61679
2023-10-17,COMB,72.746283633278,75.1017035492971,72.746283633278,73.1992492675781,249131
2023-10-17,DIAL,8.53967350241597,8.6233961125961,8.45595169067382,8.45595169067382,1603207
2023-10-17,HNB,152.641118467849,153.571856995092,151.710379940606,153.339172363281,4660
2023-10-17,JKH,189.833981242932,189.833981242932,186.883193969726,186.883193969726,1586316
2023-10-17,LIOC,97.6159130096435,97.6159130096435,92.0642971038818,92.5269317626953,902846
2023-10-17,NDB,58.2878371827782,58.2878371827782,56.3767605538346,56.472312927246,120291
2023-10-18,COMB,72.4745017105007,73.1992494922886,72.4745017105007,72.9274673461914,186428
2023-10-18,DIAL,8.6233956407972,8.6233956407972,8.28850601683698,8.37222862243652,280151
2023-10-18,HNB,151.71037441059,153.339166773894,149.383528177299,150.546951293945,24513
2023-10-18,JKH,186.883175181966,187.620871926105,186.39137735254,187.129074096679,338457
2023-10-18,LIOC,94.1461561631612,95.0714255112021,91.6016654560487,91.6941909790039,496876
2023-10-18,NDB,56.376760586953,60.1033614736179,56.376760586953,57.7145156860351,354479
2023-10-19,COMB,72.5650911667935,74.7393275318805,72.4744994248538,74.0145797729492,271914
2023-10-19,DIAL,8.37222815512563,8.45595075605204,8.28850555419921,8.28850555419921,175740
2023-10-19,HNB,150.546947950198,150.779632568359,149.848894095715,150.779632568359,21968
2023-10-19,JKH,186.145483066898,189.342169037664,186.145483066898,187.866775512695,448214
2023-10-19,LIOC,92.0643040050159,95.7653815529563,91.6016693115234,91.6016693115234,820403
2023-10-19,NDB,58.2878367726395,59.6255918615227,56.8545293110172,58.7656059265136,57774
2023-10-20,COMB,74.014586623603,79.0878075822763,74.014586623603,78.6348419189453,162190
2023-10-20,DIAL,8.28850555419921,8.62339515946698,8.2047837517107,8.28850555419921,370807
2023-10-20,HNB,149.383529255581,156.829437255859,149.383529255581,156.829437255859,28285
2023-10-20,JKH,189.833978710299,189.833978710299,187.62088828492,188.112686157226,508289
2023-10-20,LIOC,91.694199354863,95.0714341955567,91.4166227606423,92.4344177246093,187528
2023-10-20,NDB,59.1478249606106,62.0144399930455,58.383391369223,61.7277755737304,220715
2023-10-23,COMB,78.6348419189453,80.4467045722693,78.3630597562637,78.6348419189453,266261
2023-10-23,DIAL,8.28850620234596,8.28850620234596,8.20478439331054,8.20478439331054,306513
2023-10-23,HNB,156.829442144154,156.829442144154,154.735280453801,155.433334350585,20741
2023-10-23,JKH,188.112686157226,188.850382965686,187.866787221073,188.112686157226,402964
2023-10-23,LIOC,92.9895664215087,95.0714223861694,91.7867134848958,92.5269317626953,186953
2023-10-23,NDB,62.0144399930455,63.5432998856417,61.6322231973517,61.7277755737304,171141
2023-10-24,COMB,79.0878030305524,79.2689865207741,76.5511926972047,76.9135665893554,53452
2023-10-24,DIAL,8.28850670541944,8.28850670541944,8.12106227874755,8.12106227874755,327901
2023-10-24,HNB,154.967961398038,155.200646024761,153.571853637695,153.571853637695,2842
2023-10-24,JKH,188.112675547599,189.342170159022,188.112675547599,188.850372314453,1032264
2023-10-24,LIOC,92.5269386985085,93.4522080854936,91.3240856717298,91.6016693115234,53464
2023-10-24,NDB,61.632223559964,62.0144403579066,59.2433776855468,59.2433776855468,34382
2023-10-25,COMB,76.9135700900076,76.9135700900076,74.8299252990863,75.1017074584961,7095
2023-10-25,DIAL,8.28850670541944,8.28850670541944,8.03734046463061,8.12106227874755,297510
2023-10-25,HNB,153.571848412082,153.571848412082,152.641109936857,152.873794555664,1251
2023-10-25,JKH,188.850361746108,190.817553014297,188.850361746108,189.588058471679,1017039
2023-10-25,LIOC,92.3418826752103,92.4344081970803,89.0109074139322,90.2137603759765,209325
2023-10-25,NDB,59.2433747637672,59.2433747637672,57.3322981584844,58.5744972229003,50162
2023-10-26,COMB,74.739326690129,76.0982235390405,73.3804298412176,74.467544555664,44129
2023-10-26,DIAL,8.03733971401921,8.20478412505338,7.86989450454711,7.86989450454711,500536
2023-10-26,HNB,152.408417628819,152.408417628819,147.987410094548,149.150833129882,153228
2023-10-26,JKH,189.342161930572,189.342161930572,187.866768460983,188.358566284179,952723
2023-10-26,LIOC,90.6763969766439,91.6016663335484,86.9753195490258,88.0856399536132,345063
2023-10-26,NDB,58.2878373599373,59.7211448360013,57.3322990425613,57.9056205749511,25466
2023-10-27,COMB,73.8333941267248,76.0076304281354,73.3804285185854,75.2828826904296,140888
2023-10-27,DIAL,7.869895177613,8.12106221486405,7.61872893879995,7.7024507522583,649403
2023-10-27,HNB,149.383530356667,154.037222891142,149.383530356667,153.571853637695,2531
2023-10-27,JKH,188.35855225402,189.833945613712,188.35855225402,189.342147827148,600740
2023-10-27,LIOC,89.7511227372763,96.6906425365503,89.1959625651833,95.7653732299804,289704
2023-10-27,NDB,59.2433767699784,60.9633450439599,58.2878384349787,59.912254333496,1315
2023-10-30,COMB,75.645264865608,75.645264865608,74.2863678919744,75.1017074584961,27140
2023-10-30,DIAL,8.03734016418457,8.03734016418457,7.86989494533399,8.03734016418457,30446
2023-10-30,HNB,153.571853637695,155.898699904933,151.710376623905,153.571853637695,5474
2023-10-30,JKH,189.342147827148,189.342147827148,188.604451147302,189.342147827148,247388
2023-10-30,LIOC,98.7725070606578,103.398853995583,96.2280162464488,101.779632568359,590092
2023-10-30,NDB,60.9633459861093,61.632223559964,58.9567169096347,59.2433776855468,12615
2023-10-31,COMB,74.739326690129,75.3734757882716,73.9239871984408,74.467544555664,44765
2023-10-31,DIAL,7.95361710928316,7.95361710928316,7.86989450454711,7.86989450454711,10583142
2023-10-31,HNB,155.89868583388,155.89868583388,152.175732142324,152.408416748046,15571
2023-10-31,JKH,188.850353543563,189.342151339249,188.850353543563,189.096252441406,827150
2023-10-31,LIOC,101.548314865076,102.242266902878,97.1532852923283,98.7725067138671,195806
2023-10-31,NDB,58.8611608876043,60.1989160353137,58.8611608876043,59.2433776855468,41383
2023-11-01,COMB,75.4640799439265,76.279412583364,74.7393321403073,75.9170455932617,70039
2023-11-01,DIAL,7.95361755475928,8.12106197517188,7.95361755475928,8.03734016418457,12466
2023-11-01,HNB,153.339164206931,155.898695020704,153.339164206931,154.967956542968,53079
2023-11-01,JKH,188.850353543563,189.342151339249,188.850353543563,189.096252441406,457568
2023-11-01,LIOC,100.391725510817,105.943341668097,97.3846000922905,105.249389648437,1231020
2023-11-01,NDB,59.2433760119594,62.0144386060384,59.2433760119594,60.7722358703613,211943
2023-11-02,COMB,75.6452619563898,77.9100901586769,75.6452619563898,76.5511932373046,304888
2023-11-02,DIAL,8.03734046463061,8.2047848913025,8.03734046463061,8.12106227874755,100980
2023-11-02,HNB,153.571855476103,155.433332512177,153.571855476103,154.50259399414,61630
2023-11-02,JKH,189.096248933866,189.58804672043,188.850350040584,189.342147827148,914511
2023-11-02,LIOC,105.249393117875,107.331249245481,104.092806380316,104.786758422851,1113691
2023-11-02,NDB,62.0144376064483,64.6899404929813,62.0144376064483,63.9255142211914,169477
2023-11-03,COMB,76.913566500352,77.3665321370894,76.0982269718832,76.7323760986328,70637
2023-11-03,DIAL,8.12106178583717,8.20478439331054,8.12106178583717,8.20478439331054,71820
2023-11-03,HNB,154.502576227378,156.131368446643,150.779622583345,151.477676391601,112045
2023-11-03,JKH,189.588058471679,189.833957380203,189.342159563156,189.588058471679,812058
2023-11-03,LIOC,106.174659301347,106.174659301347,102.70489919346,103.167533874511,118313
2023-11-03,NDB,63.1610812432137,64.0210671858354,62.1099905534224,63.0655288696289,140836
2023-11-06,COMB,76.4606023533817,77.8194992900708,76.0076367078186,76.0982284545898,40550
2023-11-06,DIAL,8.20478439331054,8.28850620234596,8.12106178583717,8.20478439331054,10260
2023-11-06,HNB,151.244990418596,157.992843837272,151.244990418596,152.64109802246,13493
2023-11-06,JKH,189.58804672043,189.58804672043,189.096248933866,189.342147827148,2071577
2023-11-06,LIOC,105.480712215457,106.174664269506,102.704903999261,104.555442810058,204064
2023-11-06,NDB,64.8810532738432,64.8810532738432,61.1544523742515,63.2566337585449,34103
2023-11-07,COMB,76.9135662752785,77.9100892908432,76.0982267491957,77.0041580200195,202295
2023-11-07,DIAL,8.28850620234596,8.37222880981934,8.20478439331054,8.20478439331054,4038770
2023-11-07,HNB,152.873791673194,155.433322431801,152.641107058775,155.200637817382,38636
2023-11-07,JKH,189.588037498209,191.801127430094,189.342138616888,191.063430786132,3953307
2023-11-07,LIOC,104.555434431348,106.868607759475,103.398847767284,103.630165100097,220196
2023-11-07,NDB,64.0210693183553,64.9766076663904,63.0655309703201,64.5943908691406,45746
2023-11-08,COMB,77.0041624535991,80.5372959955764,77.0041624535991,78.7254333496093,440085
2023-11-08,DIAL,8.2047848913025,8.2047848913025,8.12106227874755,8.12106227874755,62623
2023-11-08,HNB,155.6659995396,162.879222238744,155.6659995396,158.923583984375,216096
2023-11-08,JKH,191.801136937634,194.751923659752,191.309339150615,192.538833618164,3599027
2023-11-08,LIOC,104.092801497286,105.48070551725,102.936214813983,103.398849487304,125145
2023-11-08,NDB,64.9766101196331,65.9321485037454,64.0210717355209,64.8810577392578,693815
2023-11-09,COMB,79.7219569917359,79.7219569917359,77.9100943328328,78.3630599975586,709199
2023-11-09,DIAL,8.2047848913025,8.2047848913025,8.03734046463061,8.12106227874755,1410528
2023-11-09,HNB,159.156282000759,162.646551342881,156.829435772678,157.992858886718,271270
2023-11-09,JKH,192.784726760535,194.506018963754,192.784726760535,194.014221191406,2207261
2023-11-09,LIOC,103.630170294943,103.630170294943,102.242266228493,102.936218261718,123770
2023-11-09,NDB,64.9766055340201,64.9766055340201,63.543298059005,64.3077316284179,122338
2023-11-10,COMB,78.5442366964619,78.8160188364428,77.4571219599524,77.9100875854492,835451
2023-11-10,DIAL,8.20478411129634,8.20478411129634,7.86989449135159,7.95361709594726,288688
2023-11-10,HNB,157.99286530546,162.413873318426,154.967965086063,155.433334350585,275575
2023-11-10,JKH,194.751952040619,194.751952040619,193.522457393897,193.768356323242,934960
2023-11-10,LIOC,102.704895229997,103.167529893195,99.0038179244118,100.623039245605,329830
2023-11-10,NDB,64.7854989393345,64.7854989393345,64.0210653917201,64.4032821655273,55010
2023-11-13,COMB,78.0912694009007,79.2689827666885,77.4571203034499,78.8160171508789,85238
2023-11-13,DIAL,8.03733971401921,8.03733971401921,7.786172698249,7.86989450454711,378939
2023-11-13,HNB,162.646557312011,162.879241943359,158.225549316406,162.879241943359,83399
2023-11-13,JKH,193.768342278888,193.768342278888,190.817555340631,191.555252075195,160581
2023-11-13,LIOC,99.6977785332258,101.316999994322,97.1532876657885,99.4664611816406,81132
2023-11-13,NDB,64.4032861156052,64.9766076663904,64.0210693183553,64.5943908691406,18850
2023-11-14,COMB,79.1783941297725,79.4501693628881,77.0041577063117,77.0947494506836,67953
2023-11-14,DIAL,8.20478452120899,8.20478452120899,7.45128343751669,7.53500604629516,5472890
2023-11-14,HNB,158.225540161132,162.879232518813,157.294801689596,158.225540161132,152779
2023-11-14,JKH,191.309338973404,191.309338973404,188.850350040584,189.342147827148,779384
2023-11-14,LIOC,99.929095884811,100.623047939566,99.2351438300554,99.4664611816406,67898
2023-11-14,NDB,64.7855034066474,64.7855034066474,63.5433006286621,63.5433006286621,117958
2023-11-15,COMB,78.363055246251,78.363055246251,75.19229578542,76.9135665893554,48845
2023-11-15,DIAL,7.53500602910781,7.78617305643233,7.45128342052031,7.61872863769531,1109302
2023-11-15,HNB,159.156278632668,159.156278632668,157.294801689596,158.225540161132,74986
2023-11-15,JKH,189.588069081306,189.83396800359,187.866776625315,188.850372314453,93389
2023-11-15,LIOC,99.466456287312,100.160408307921,97.3846002254846,98.0785522460937,86420
2023-11-15,NDB,65.0721554082371,65.7410365783265,63.7344003582369,64.0210647583007,269083
2023-11-16,COMB,76.5511932373046,77.8194984129269,74.7393306754749,76.5511932373046,97817
2023-11-16,DIAL,7.61872891874452,7.78617334365844,7.61872891874452,7.78617334365844,49701
2023-11-16,HNB,157.992851734161,157.992851734161,156.364059448242,156.364059448242,53398
2023-11-16,JKH,188.161552640289,188.161552640289,186.193850129018,186.685775756835,316012
2023-11-16,LIOC,99.6977746640298,99.6977746640298,96.2280145249105,96.9219665527343,99864
2023-11-16,NDB,63.8299650513292,63.8299650513292,63.256636205995,63.5433006286621,150050
2023-11-17,COMB,77.4571245182195,77.4571245182195,75.9170441053471,76.5511932373046,253390
2023-11-17,DIAL,7.70245046541413,7.70245046541413,7.53500604629516,7.53500604629516,592370
2023-11-17,HNB,157.294801260071,157.294801260071,155.66600893933,156.131378173828,1364
2023-11-17,JKH,187.915596269995,187.915596269995,186.439819335937,186.439819335937,82739
2023-11-17,LIOC,99.0038193637885,99.0038193637885,94.8401073344702,95.3027420043945,276474
2023-11-17,NDB,63.5432987910387,64.0210679548811,62.9699772524636,63.6388511657714,71171
2023-11-20,COMB,77.0041536997599,77.0041536997599,75.1016995201072,75.1922912597656,142711
2023-11-20,DIAL,7.70245044784484,7.78617305643233,7.61872863769531,7.61872863769531,12353
2023-11-20,HNB,156.364062791076,156.364062791076,155.433324322082,156.131378173828,3766
2023-11-20,JKH,186.931738570744,189.145403895924,185.947887315109,186.685775756835,100498
2023-11-20,LIOC,95.3027385766955,98.0785464964051,95.3027385766955,95.7653732299804,89758
2023-11-20,NDB,63.0655282865212,64.4988357475785,62.6833115055369,63.9255142211914,141011
2023-11-21,COMB,75.5546710622556,76.5511941001528,75.1922971634637,76.0982284545898,252339
2023-11-21,DIAL,7.7024507522583,7.78617336415465,7.53500632690359,7.7024507522583,25348
2023-11-21,HNB,156.131381521652,158.225543121793,155.898696899414,155.898696899414,67878
2023-11-21,JKH,185.947880955746,187.177694983231,185.455955344752,186.931732177734,166182
2023-11-21,LIOC,95.5340613559704,96.9219653950401,92.5269359379858,92.9895706176757,1116984
2023-11-21,NDB,63.4477455111085,63.4477455111085,62.6833119437951,62.8744239807128,32178
2023-11-22,COMB,74.9205135516832,77.004158245358,74.9205135516832,76.7323760986328,415563
2023-11-22,DIAL,7.7024507522583,7.7024507522583,7.61872893879995,7.7024507522583,5454
2023-11-22,HNB,157.294801260071,157.294801260071,155.433324322082,156.131378173828,4567
2023-11-22,JKH,185.947877358183,186.685765760398,183.980174952277,184.718063354492,498183
2023-11-22,LIOC,93.6835189708497,97.153278932733,93.4522016400575,95.5340576171875,163065
2023-11-22,NDB,63.9255174288252,63.9255174288252,62.8744266960109,63.5433006286621,165885
2023-11-23,COMB,77.1853415095014,77.4571236554314,76.0982267491957,77.0041580200195,212762
2023-11-23,DIAL,7.70245044784484,7.70245044784484,7.53500602910781,7.61872863769531,61104
2023-11-23,HNB,157.062120010603,157.062120010603,155.898696899414,155.898696899414,209
2023-11-23,JKH,186.931735026041,186.931735026041,183.980181315104,184.472106933593,20264
2023-11-23,LIOC,96.2280061652861,96.9219581328242,94.3774675851844,95.9966888427734,27808
2023-11-23,NDB,63.0655307088911,63.0655307088911,62.8744259561479,62.9699783325195,11642
2023-11-24,COMB,77.4571238820954,77.9100895188328,76.5511926086207,76.7323760986328,120311
2023-11-24,DIAL,7.7024507522583,7.7024507522583,7.53500632690359,7.7024507522583,99233
2023-11-24,HNB,158.225543121793,158.225543121793,154.735273788224,155.898696899414,7751
2023-11-24,JKH,185.947870944408,185.947870944408,183.488243021863,184.96401977539,117351
2023-11-24,LIOC,94.8401090524492,97.8472344614293,94.8401090524492,95.0714263916015,239134
2023-11-24,NDB,63.065530231332,63.5432993997512,62.7788658142089,62.7788658142089,32860
2023-11-27,COMB,77.004157796266,77.4571234303617,77.004157796266,77.2759399414062,300505
2023-11-27,DIAL,7.7024507522583,7.7024507522583,7.53500632690359,7.7024507522583,33207
2023-11-27,HNB,154.50259214459,155.433330651485,152.6411151308,153.571853637695,167924
2023-11-27,JKH,184.964040448588,184.964040448588,182.750375070879,182.996337890625,9912
2023-11-27,LIOC,95.3027429979029,96.2280123473971,93.9148389736616,94.1461563110351,117812
2023-11-27,NDB,62.5877609252929,62.5877609252929,62.1099917579243,62.5877609252929,43571
2023-11-28,COMB,77.3665310589907,77.4571228027343,76.5511915418836,77.4571228027343,67100
2023-11-28,DIAL,7.61872863769531,7.70245044784484,7.61872863769531,7.61872863769531,9244
2023-11-28,HNB,153.571836425036,153.571836425036,152.408413421816,152.64109802246,17911
2023-11-28,JKH,184.964038966017,185.947890237113,182.996336423825,184.226150512695,223260
2023-11-28,LIOC,94.3774746567455,95.0714266762804,92.5269359379858,92.9895706176757,185508
2023-11-28,NDB,62.109992980957,62.5877621577336,61.3455593820428,62.109992980957,20926
2023-11-29,COMB,77.4571221780364,77.9100878048085,77.2759386920103,77.6383056640625,274886
2023-11-29,DIAL,7.70245044784484,7.70245044784484,7.53500602910781,7.61872863769531,40591
2023-11-29,HNB,152.64109802246,154.269890226968,151.943044220528,152.64109802246,20128
2023-11-29,JKH,184.718095467493,184.718095467493,183.242318406501,183.48828125,401948
2023-11-29,LIOC,92.7582522867938,94.8401083231558,92.5269349494203,94.1461563110351,175112
2023-11-29,NDB,63.06553010013,64.0210684349805,62.1099917652796,63.829963684082,48535
2023-11-30,COMB,77.9100856130201,79.7219480691368,77.9100856130201,78.9066085815429,279189
2023-11-30,DIAL,7.70245046541413,7.70245046541413,7.45128343751669,7.53500604629516,614391
2023-11-30,HNB,152.641111803848,155.433327263674,152.175742560543,153.804534912109,780541
2023-11-30,JKH,185.94786698442,189.39134600265,183.980164688289,188.653457641601,4185356
2023-11-30,LIOC,95.3027429979029,95.3027429979029,93.4522042989145,94.1461563110351,336418
2023-11-30,NDB,64.307734342535,64.9766082763671,64.0210699193617,64.9766082763671,133238
2023-12-01,COMB,79.6313595172319,81.6244055340822,79.6313595172319,81.4432220458984,355311
2023-12-01,DIAL,7.70245046541413,7.70245046541413,7.45128343751669,7.53500604629516,135073
2023-12-01,HNB,157.992855543248,158.225540161132,157.294801689596,158.225540161132,197232
2023-12-01,JKH,188.407512570543,189.883289431409,188.407512570543,189.145401000976,231530
2023-12-01,LIOC,95.3027420043945,96.228011344243,93.6835206596596,95.3027420043945,182077
2023-12-01,NDB,64.9766070531891,67.8432220702415,64.0210687141716,66.6965789794921,553851
2023-12-04,COMB,82.2585674901066,83.7986479857014,81.7150031629955,82.3491592407226,92562
2023-12-04,DIAL,7.53500602910781,7.70245044784484,7.53500602910781,7.61872863769531,89512
2023-12-04,HNB,158.225540161132,160.087017104204,157.294801689596,158.225540161132,161588
2023-12-04,JKH,187.177680919503,189.883271576683,186.931718132486,188.653457641601,100703
2023-12-04,LIOC,95.9966961842663,98.3098695862968,95.9966961842663,98.0785522460937,487652
2023-12-04,NDB,67.7476671926355,68.320988716839,66.3143597370375,66.409912109375,206116
2023-12-05,COMB,82.4397449621753,82.8927105938356,80.7184741795248,81.2620315551757,212106
2023-12-05,DIAL,7.70245046541413,7.70245046541413,7.53500604629516,7.53500604629516,67590
2023-12-05,HNB,158.225540161132,158.225540161132,157.294801689596,158.225540161132,11391
2023-12-05,JKH,188.899434302137,190.129248327541,188.899434302137,189.88328552246,575528
2023-12-05,LIOC,97.3845995040166,98.0785515194847,96.4593301500592,97.1532821655273,225396
2023-12-05,NDB,66.4099133256552,66.4099133256552,64.8810534697191,65.932144165039,323272
2023-12-06,COMB,81.5338134765625,81.8961873632441,81.0808478461371,81.5338134765625,220567
2023-12-06,DIAL,7.61872863769531,7.61872863769531,7.53500602910781,7.61872863769531,220596
2023-12-06,HNB,157.52748630748,158.225540161132,157.294801689596,158.225540161132,23721
2023-12-06,JKH,190.129252241553,190.129252241553,188.899438190832,189.145401000976,725937
2023-12-06,LIOC,97.1532838953423,98.0785532657741,95.3027451544786,96.9219665527343,52142
2023-12-06,NDB,65.932144165039,66.3143609515678,65.072158217894,65.932144165039,174636
2023-12-07,COMB,81.5338107660892,83.3456732275579,81.5338107660892,83.1644897460937,207025
2023-12-07,DIAL,7.61872865507363,7.61872865507363,7.53500604629516,7.53500604629516,342210
2023-12-07,HNB,158.225545005911,158.225545005911,156.829437255859,156.829437255859,4861
2023-12-07,JKH,189.883293370976,189.883293370976,187.915590848997,188.407516479492,115510
2023-12-07,LIOC,96.9219633491293,97.1532806840915,95.3027420043945,95.3027420043945,33573
2023-12-07,NDB,65.4543774337272,66.4099157904239,65.4543774337272,66.2188110351562,75890
2023-12-08,COMB,83.3456771355662,85.1575396819915,83.3456771355662,85.0669479370117,235422
2023-12-08,DIAL,7.61872863769531,7.70245044784484,7.53500602910781,7.61872863769531,3151672
2023-12-08,HNB,156.829430574496,158.22553826507,156.829430574496,157.294799804687,99739
2023-12-08,JKH,189.883285843698,189.883285843698,186.193843761243,186.931732177734,232116
2023-12-08,LIOC,95.3027465248554,100.62304548134,95.0714291789213,98.7725067138671,459930
2023-12-08,NDB,66.7921347080451,67.8432254756889,65.6454842695596,66.5054702758789,198439
2023-12-11,COMB,85.1575387410462,85.6105043726475,84.8857565974025,85.3387222290039,350015
2023-12-11,DIAL,7.70245044784484,7.70245044784484,7.53500602910781,7.61872863769531,32356
2023-12-11,HNB,156.829437255859,158.225545005911,156.59675263085,156.829437255859,145790
2023-12-11,JKH,186.931726932525,188.899429321289,186.931726932525,188.899429321289,182335
2023-12-11,LIOC,99.9290855477709,101.085672186055,99.2351335648003,100.854354858398,162394
2023-12-11,NDB,66.8876837312241,67.8432220702415,66.5054669375813,66.6965789794921,193183
2023-12-12,COMB,85.8822854474027,86.1540606759568,85.429319821439,86.0634689331054,362550
2023-12-12,DIAL,7.61872863769531,7.70245044784484,7.53500602910781,7.61872863769531,17510
2023-12-12,HNB,157.294806505876,157.992860380902,156.59675263085,156.829437255859,197486
2023-12-12,JKH,188.899429321289,189.637317717075,188.899429321289,188.899429321289,283024
2023-12-12,LIOC,101.31699103278,105.943337655282,100.85435637053,102.704895019531,537134
2023-12-12,NDB,66.6965765165661,66.887681261241,66.1232477021839,66.409912109375,153311
2023-12-13,COMB,86.4258439838937,86.4258439838937,84.3421993116263,85.5199127197265,273412
2023-12-13,DIAL,7.61872865507363,7.61872865507363,7.53500604629516,7.53500604629516,209435
2023-12-13,HNB,157.294797897338,157.294797897338,155.666005611419,156.364059448242,441159
2023-12-13,JKH,189.637329101562,189.637329101562,189.145403474839,189.637329101562,223132
2023-12-13,LIOC,103.167529893195,103.167529893195,99.0038179244118,100.623039245605,157551
2023-12-13,NDB,66.8876824862715,67.1743468987127,65.1677105919815,65.932144165039,75800
2023-12-14,COMB,85.1575399082141,85.9728794386129,84.2516086325948,84.795166015625,96105
2023-12-14,DIAL,7.53500606386874,7.70245048337823,7.36756164435926,7.45128345489501,1109437
2023-12-14,HNB,156.82942867279,157.294797897338,153.804528713226,156.364059448242,13810
2023-12-14,JKH,189.637329101562,189.883291914923,188.161552221394,189.637329101562,170069
2023-12-14,LIOC,100.623047552782,101.779634306262,99.4664607993019,101.548316955566,48709
2023-12-14,NDB,65.7410366576536,65.7410366576536,65.1677078568342,65.2632675170898,43147
2023-12-15,COMB,85.0669479370117,85.6105053185979,84.2516084087788,85.0669479370117,304923
2023-12-15,DIAL,7.53500624060617,7.53500624060617,7.36756181716918,7.36756181716918,1135406
2023-12-15,HNB,156.13138824737,156.596757511892,154.50259582154,155.433334350585,18395
2023-12-15,JKH,189.883293370976,189.883293370976,187.915590848997,188.407516479492,79852
2023-12-15,LIOC,100.85435855641,100.85435855641,98.0785505227481,98.3098678588867,53434
2023-12-15,NDB,65.1677090601194,65.2632687221394,64.7854995727539,64.7854995727539,45296
2023-12-18,COMB,84.7045740453852,85.2481314269714,84.6139823004053,85.0669479370117,491469
2023-12-18,DIAL,7.53500604629516,7.53500604629516,7.45128343751669,7.53500604629516,554350
2023-12-18,HNB,155.433334049577,155.433334049577,153.339172363281,153.339172363281,67700
2023-12-18,JKH,187.423675537109,189.637340996209,186.685787050742,187.423675537109,155403
2023-12-18,LIOC,100.391724904378,100.391724904378,96.921964827038,97.1532821655273,288438
2023-12-18,NDB,64.7855001112803,64.7855001112803,62.301094681681,62.6833114624023,46885
2023-12-19,COMB,84.6139823004053,85.2481314269714,84.6139823004053,85.0669479370117,290798
2023-12-19,DIAL,7.53500624060617,7.53500624060617,7.36756181716918,7.36756181716918,1213364
2023-12-19,HNB,154.037215742546,154.037215742546,151.943054199218,151.943054199218,49703
2023-12-19,JKH,189.637336026395,189.637336026395,185.947893691251,186.439819335937,157012
2023-12-19,LIOC,97.1532838953423,99.003822636206,95.9966971823025,96.9219665527343,112377
2023-12-19,NDB,62.2055452233778,62.587762022006,61.8233284247496,61.918888092041,215997
2023-12-20,COMB,84.7951657014042,85.1575395926505,84.6139822116346,84.885757446289,118865
2023-12-20,DIAL,7.45128362966868,7.45128362966868,7.36756181716918,7.36756181716918,1155119
2023-12-20,HNB,152.641101353769,153.571839776657,151.943047536602,152.408416748046,671942
2023-12-20,JKH,185.947873467159,187.669613036299,184.47209669361,185.455947875976,78390
2023-12-20,LIOC,97.1532891346858,97.1532891346858,95.9967023592728,96.2280197143554,22458
2023-12-20,NDB,62.5877607762813,64.0210682749748,60.7722364865671,61.1544532775878,74195
2023-12-21,COMB,84.8857506339589,85.3387162337383,84.2516015589505,84.4327850341796,82579
2023-12-21,DIAL,7.45128362966868,7.53500624060617,7.2838392062317,7.36756181716918,431280
2023-12-21,HNB,153.571857292495,156.364072879631,153.571857292495,155.433334350585,134720
2023-12-21,JKH,186.931741040263,187.42366667458,185.455964137314,187.177703857421,146567
2023-12-21,LIOC,96.228011344243,96.228011344243,95.3027420043945,95.3027420043945,31777
2023-12-21,NDB,61.1544532775878,63.9255158997643,60.7722364865671,61.1544532775878,24211
2023-12-22,COMB,84.0704266247639,84.704575764198,83.8892362194204,84.161018371582,120088
2023-12-22,DIAL,7.36756181716918,7.53500624060617,7.2838392062317,7.36756181716918,183377
2023-12-22,HNB,154.50259214459,156.36406915838,152.6411151308,153.571853637695,259083
2023-12-22,JKH,186.931711832682,187.669600168863,185.947860717773,185.947860717773,144524
2023-12-22,LIOC,96.6906487976976,96.6906487976976,92.7582539901357,93.9148406982421,77399
2023-12-22,NDB,62.1099903786829,63.7344025955923,61.1544520651647,61.6322212219238,58272
2023-12-27,COMB,83.7080445261993,85.1575330684269,83.0738885371764,84.3421936035156,78872
2023-12-27,DIAL,7.36756164435926,7.45128345489501,7.28383903538553,7.45128345489501,36918
2023-12-27,HNB,153.804538264419,153.804538264419,152.6411151308,153.571853637695,7091
2023-12-27,JKH,185.701925511771,188.653479294739,184.472111435534,188.407516479492,130901
2023-12-27,LIOC,93.9148441730159,95.3027482740949,92.9895747722965,93.4522094726562,66407
2023-12-27,NDB,62.1099923694242,62.1099923694242,61.3455587780366,61.7277755737304,38837
2023-12-28,COMB,84.3421996210493,85.6105047778778,84.161016132234,85.4293212890625,645804
2023-12-28,DIAL,7.45128345489501,7.61872867284248,7.45128345489501,7.45128345489501,304967
2023-12-28,HNB,155.433325781836,155.433325781836,154.967956542968,154.967956542968,2031
2023-12-28,JKH,186.931739588007,188.899442109986,186.931739588007,188.407516479492,56412
2023-12-28,LIOC,93.4522094726562,95.3027482740949,92.9895747722965,93.4522094726562,76718
2023-12-28,NDB,62.1099916100502,62.1099916100502,61.0589009023774,61.1544532775878,62532
2023-12-29,COMB,85.6105024727227,86.6070254577887,85.6105024727227,86.5164337158203,383942
2023-12-29,DIAL,7.45128343751669,7.53500604629516,7.45128343751669,7.53500604629516,63559
2023-12-29,HNB,153.106473486039,158.225534909585,153.106473486039,157.527481079101,69026
2023-12-29,JKH,188.899439626963,188.899439626963,186.931737130849,187.915588378906,454168
2023-12-29,LIOC,95.3027489606072,95.3027489606072,93.9148448495304,94.3774795532226,162461
2023-12-29,NDB,61.6322218418627,62.1099910034275,61.6322218418627,62.0144386291503,111196
